scope,fold,subject_id,quantity,kind,recomputed,frozen,abs_diff,tolerance_abs,passed,target,seed,budget_nights
loso,1,User01,held_out_subject,exact,User01,User01,,0,True,,,
loso,1,User01,n_train_windows,exact,284970,284970,,0,True,,,
loso,1,User01,n_test_windows,exact,289437,289437,,0,True,,,
loso,1,User01,training_mean,float,28.442871179422394,28.442871179422394,0.0,1e-09,True,temperature,,
loso,1,User01,training_mean_table,float,28.442871179422394,28.442871179422394,0.0,1e-09,True,temperature,,
loso,1,User01,training_mean,float,48.806235744113415,48.806235744113415,0.0,1e-09,True,humidity,,
loso,1,User01,training_mean_table,float,48.806235744113415,48.806235744113415,0.0,1e-09,True,humidity,,
loso,1,User01,training_mean_prediction_keys,exact,ok,ok,,0,True,,,
loso,1,User01,training_mean_y_true,exact,,,,0,True,,,
loso,1,User01,training_mean_prediction_is_constant,exact,,,,0,True,,,
loso,1,User01,training_mean_mae,float,2.734975170432229,2.734975170432229,0.0,1e-09,True,temperature,,
loso,1,User01,training_mean_mae_summary,float,2.734975170432229,2.734975170432229,0.0,1e-09,True,temperature,,
loso,1,User01,training_mean_rmse,float,3.180678089712951,3.180678089712951,0.0,1e-09,True,temperature,,
loso,1,User01,training_mean_rmse_summary,float,3.180678089712951,3.180678089712951,0.0,1e-09,True,temperature,,
loso,1,User01,training_mean_bias,float,2.6371483450922977,2.6371483450922977,0.0,1e-09,True,temperature,,
loso,1,User01,training_mean_bias_summary,float,2.6371483450922977,2.6371483450922977,0.0,1e-09,True,temperature,,
loso,1,User01,training_mean_mae,float,23.057883807414225,23.057883807414225,0.0,1e-09,True,humidity,,
loso,1,User01,training_mean_mae_summary,float,23.057883807414225,23.057883807414225,0.0,1e-09,True,humidity,,
loso,1,User01,training_mean_rmse,float,24.666100333488156,24.666100333488156,0.0,1e-09,True,humidity,,
loso,1,User01,training_mean_rmse_summary,float,24.666100333488156,24.666100333488156,0.0,1e-09,True,humidity,,
loso,1,User01,training_mean_bias,float,22.23234574387157,22.23234574387157,0.0,1e-09,True,humidity,,
loso,1,User01,training_mean_bias_summary,float,22.23234574387157,22.23234574387157,0.0,1e-09,True,humidity,,
loso,1,User01,raw_tcn_prediction_keys,exact,ok,ok,,0,True,,0,
loso,1,User01,raw_tcn_y_true,exact,,,,0,True,,0,
loso,1,User01,raw_tcn_mae,float,2.8450700587071283,2.8450700587071283,0.0,1e-09,True,temperature,0,
loso,1,User01,raw_tcn_rmse,float,3.486923896172811,3.486923896172811,0.0,1e-09,True,temperature,0,
loso,1,User01,raw_tcn_bias,float,1.6353146651266548,1.6353146651266548,0.0,1e-09,True,temperature,0,
loso,1,User01,raw_tcn_n_windows,exact,289437,289437,,0,True,temperature,0,
loso,1,User01,raw_tcn_mae,float,18.94372128637778,18.94372128637778,0.0,1e-09,True,humidity,0,
loso,1,User01,raw_tcn_rmse,float,21.803930018860633,21.803930018860633,0.0,1e-09,True,humidity,0,
loso,1,User01,raw_tcn_bias,float,17.576232664876063,17.576232664876063,0.0,1e-09,True,humidity,0,
loso,1,User01,raw_tcn_n_windows,exact,289437,289437,,0,True,humidity,0,
loso,1,User01,raw_tcn_prediction_keys,exact,ok,ok,,0,True,,1,
loso,1,User01,raw_tcn_y_true,exact,,,,0,True,,1,
loso,1,User01,raw_tcn_mae,float,3.371819830265972,3.371819830265972,0.0,1e-09,True,temperature,1,
loso,1,User01,raw_tcn_rmse,float,4.121716789483223,4.121716789483223,0.0,1e-09,True,temperature,1,
loso,1,User01,raw_tcn_bias,float,2.082425067247689,2.082425067247689,0.0,1e-09,True,temperature,1,
loso,1,User01,raw_tcn_n_windows,exact,289437,289437,,0,True,temperature,1,
loso,1,User01,raw_tcn_mae,float,20.442290286952105,20.442290286952105,0.0,1e-09,True,humidity,1,
loso,1,User01,raw_tcn_rmse,float,23.326310670044492,23.326310670044492,0.0,1e-09,True,humidity,1,
loso,1,User01,raw_tcn_bias,float,19.20470109496414,19.20470109496414,0.0,1e-09,True,humidity,1,
loso,1,User01,raw_tcn_n_windows,exact,289437,289437,,0,True,humidity,1,
loso,1,User01,raw_tcn_prediction_keys,exact,ok,ok,,0,True,,2,
loso,1,User01,raw_tcn_y_true,exact,,,,0,True,,2,
loso,1,User01,raw_tcn_mae,float,3.1568907629090637,3.1568907629090637,0.0,1e-09,True,temperature,2,
loso,1,User01,raw_tcn_rmse,float,3.769635805505583,3.769635805505583,0.0,1e-09,True,temperature,2,
loso,1,User01,raw_tcn_bias,float,1.8550753736229544,1.8550753736229544,0.0,1e-09,True,temperature,2,
loso,1,User01,raw_tcn_n_windows,exact,289437,289437,,0,True,temperature,2,
loso,1,User01,raw_tcn_mae,float,21.468266517946144,21.468266517946144,0.0,1e-09,True,humidity,2,
loso,1,User01,raw_tcn_rmse,float,24.60036053594436,24.60036053594436,0.0,1e-09,True,humidity,2,
loso,1,User01,raw_tcn_bias,float,20.34903889726266,20.34903889726266,0.0,1e-09,True,humidity,2,
loso,1,User01,raw_tcn_n_windows,exact,289437,289437,,0,True,humidity,2,
loso,1,User01,raw_tcn_mae_seed_mean_summary,float,3.124593550627388,3.124593550627388,0.0,1e-09,True,temperature,,
loso,1,User01,raw_tcn_rmse_seed_mean_summary,float,3.7927588303872057,3.7927588303872057,0.0,1e-09,True,temperature,,
loso,1,User01,raw_tcn_bias_seed_mean_summary,float,1.8576050353324327,1.8576050353324327,0.0,1e-09,True,temperature,,
loso,1,User01,raw_tcn_mae_seed_mean_summary,float,20.284759363758678,20.284759363758678,0.0,1e-09,True,humidity,,
loso,1,User01,raw_tcn_rmse_seed_mean_summary,float,23.2435337416165,23.2435337416165,0.0,1e-09,True,humidity,,
loso,1,User01,raw_tcn_bias_seed_mean_summary,float,19.043324219034286,19.043324219034286,0.0,1e-09,True,humidity,,
loso,2,User02,held_out_subject,exact,User02,User02,,0,True,,,
loso,2,User02,n_train_windows,exact,430408,430408,,0,True,,,
loso,2,User02,n_test_windows,exact,143999,143999,,0,True,,,
loso,2,User02,training_mean,float,25.962930521737515,25.962930521737515,0.0,1e-09,True,temperature,,
loso,2,User02,training_mean_table,float,25.962930521737515,25.962930521737515,0.0,1e-09,True,temperature,,
loso,2,User02,training_mean,float,30.710851099421944,30.710851099421944,0.0,1e-09,True,humidity,,
loso,2,User02,training_mean_table,float,30.710851099421944,30.710851099421944,0.0,1e-09,True,humidity,,
loso,2,User02,training_mean_prediction_keys,exact,ok,ok,,0,True,,,
loso,2,User02,training_mean_y_true,exact,,,,0,True,,,
loso,2,User02,training_mean_prediction_is_constant,exact,,,,0,True,,,
loso,2,User02,training_mean_mae,float,4.591746941300422,4.591746941300422,0.0,1e-09,True,temperature,,
loso,2,User02,training_mean_mae_summary,float,4.591746941300422,4.591746941300422,0.0,1e-09,True,temperature,,
loso,2,User02,training_mean_rmse,float,4.9857234906260235,4.9857234906260235,0.0,1e-09,True,temperature,,
loso,2,User02,training_mean_rmse_summary,float,4.9857234906260235,4.9857234906260235,0.0,1e-09,True,temperature,,
loso,2,User02,training_mean_bias,float,-4.591746941300422,-4.591746941300422,0.0,1e-09,True,temperature,,
loso,2,User02,training_mean_bias_summary,float,-4.591746941300422,-4.591746941300422,0.0,1e-09,True,temperature,,
loso,2,User02,training_mean_mae,float,27.62948740904652,27.62948740904652,0.0,1e-09,True,humidity,,
loso,2,User02,training_mean_mae_summary,float,27.62948740904652,27.62948740904652,0.0,1e-09,True,humidity,,
loso,2,User02,training_mean_rmse,float,31.081750244801675,31.081750244801675,0.0,1e-09,True,humidity,,
loso,2,User02,training_mean_rmse_summary,float,31.081750244801675,31.081750244801675,0.0,1e-09,True,humidity,,
loso,2,User02,training_mean_bias,float,-27.494997552304806,-27.494997552304806,0.0,1e-09,True,humidity,,
loso,2,User02,training_mean_bias_summary,float,-27.494997552304806,-27.494997552304806,0.0,1e-09,True,humidity,,
loso,2,User02,raw_tcn_prediction_keys,exact,ok,ok,,0,True,,0,
loso,2,User02,raw_tcn_y_true,exact,,,,0,True,,0,
loso,2,User02,raw_tcn_mae,float,4.753325550353704,4.753325550353704,0.0,1e-09,True,temperature,0,
loso,2,User02,raw_tcn_rmse,float,5.195197016752094,5.195197016752094,0.0,1e-09,True,temperature,0,
loso,2,User02,raw_tcn_bias,float,-4.753325550353704,-4.753325550353704,0.0,1e-09,True,temperature,0,
loso,2,User02,raw_tcn_n_windows,exact,143999,143999,,0,True,temperature,0,
loso,2,User02,raw_tcn_mae,float,24.322879639648473,24.322879639648473,0.0,1e-09,True,humidity,0,
loso,2,User02,raw_tcn_rmse,float,28.738022730571075,28.738022730571075,0.0,1e-09,True,humidity,0,
loso,2,User02,raw_tcn_bias,float,-23.868927822057337,-23.868927822057337,0.0,1e-09,True,humidity,0,
loso,2,User02,raw_tcn_n_windows,exact,143999,143999,,0,True,humidity,0,
loso,2,User02,raw_tcn_prediction_keys,exact,ok,ok,,0,True,,1,
loso,2,User02,raw_tcn_y_true,exact,,,,0,True,,1,
loso,2,User02,raw_tcn_mae,float,4.836182893234956,4.836182893234956,0.0,1e-09,True,temperature,1,
loso,2,User02,raw_tcn_rmse,float,5.2732934132056775,5.2732934132056775,0.0,1e-09,True,temperature,1,
loso,2,User02,raw_tcn_bias,float,-4.836182893234956,-4.836182893234956,0.0,1e-09,True,temperature,1,
loso,2,User02,raw_tcn_n_windows,exact,143999,143999,,0,True,temperature,1,
loso,2,User02,raw_tcn_mae,float,24.25969404605863,24.25969404605863,0.0,1e-09,True,humidity,1,
loso,2,User02,raw_tcn_rmse,float,28.65142485042596,28.65142485042596,0.0,1e-09,True,humidity,1,
loso,2,User02,raw_tcn_bias,float,-23.814554319229828,-23.814554319229828,0.0,1e-09,True,humidity,1,
loso,2,User02,raw_tcn_n_windows,exact,143999,143999,,0,True,humidity,1,
loso,2,User02,raw_tcn_prediction_keys,exact,ok,ok,,0,True,,2,
loso,2,User02,raw_tcn_y_true,exact,,,,0,True,,2,
loso,2,User02,raw_tcn_mae,float,4.877933869264781,4.877933869264781,0.0,1e-09,True,temperature,2,
loso,2,User02,raw_tcn_rmse,float,5.304070584274466,5.304070584274466,0.0,1e-09,True,temperature,2,
loso,2,User02,raw_tcn_bias,float,-4.877933869264781,-4.877933869264781,0.0,1e-09,True,temperature,2,
loso,2,User02,raw_tcn_n_windows,exact,143999,143999,,0,True,temperature,2,
loso,2,User02,raw_tcn_mae,float,25.1911722388532,25.1911722388532,0.0,1e-09,True,humidity,2,
loso,2,User02,raw_tcn_rmse,float,29.554036016685036,29.554036016685036,0.0,1e-09,True,humidity,2,
loso,2,User02,raw_tcn_bias,float,-24.836123426626482,-24.836123426626482,0.0,1e-09,True,humidity,2,
loso,2,User02,raw_tcn_n_windows,exact,143999,143999,,0,True,humidity,2,
loso,2,User02,raw_tcn_mae_seed_mean_summary,float,4.822480770951146,4.822480770951146,0.0,1e-09,True,temperature,,
loso,2,User02,raw_tcn_rmse_seed_mean_summary,float,5.257520338077413,5.257520338077413,0.0,1e-09,True,temperature,,
loso,2,User02,raw_tcn_bias_seed_mean_summary,float,-4.822480770951146,-4.822480770951146,0.0,1e-09,True,temperature,,
loso,2,User02,raw_tcn_mae_seed_mean_summary,float,24.5912486415201,24.5912486415201,0.0,1e-09,True,humidity,,
loso,2,User02,raw_tcn_rmse_seed_mean_summary,float,28.98116119922736,28.98116119922736,0.0,1e-09,True,humidity,,
loso,2,User02,raw_tcn_bias_seed_mean_summary,float,-24.173201855971215,-24.173201855971215,0.0,1e-09,True,humidity,,
loso,3,User07,held_out_subject,exact,User07,User07,,0,True,,,
loso,3,User07,n_train_windows,exact,433436,433436,,0,True,,,
loso,3,User07,n_test_windows,exact,140971,140971,,0,True,,,
loso,3,User07,training_mean,float,27.38345222824131,27.38345222824131,0.0,1e-09,True,temperature,,
loso,3,User07,training_mean_table,float,27.38345222824131,27.38345222824131,0.0,1e-09,True,temperature,,
loso,3,User07,training_mean,float,37.08287036609788,37.08287036609788,0.0,1e-09,True,humidity,,
loso,3,User07,training_mean_table,float,37.08287036609788,37.08287036609788,0.0,1e-09,True,humidity,,
loso,3,User07,training_mean_prediction_keys,exact,ok,ok,,0,True,,,
loso,3,User07,training_mean_y_true,exact,,,,0,True,,,
loso,3,User07,training_mean_prediction_is_constant,exact,,,,0,True,,,
loso,3,User07,training_mean_mae,float,1.8151603533251963,1.8151603533251963,0.0,1e-09,True,temperature,,
loso,3,User07,training_mean_mae_summary,float,1.8151603533251963,1.8151603533251963,0.0,1e-09,True,temperature,,
loso,3,User07,training_mean_rmse,float,2.168557676765581,2.168557676765581,0.0,1e-09,True,temperature,,
loso,3,User07,training_mean_rmse_summary,float,2.168557676765581,2.168557676765581,0.0,1e-09,True,temperature,,
loso,3,User07,training_mean_bias,float,1.0977480763235399,1.0977480763235399,0.0,1e-09,True,temperature,,
loso,3,User07,training_mean_bias_summary,float,1.0977480763235399,1.0977480763235399,0.0,1e-09,True,temperature,,
loso,3,User07,training_mean_mae,float,7.993739161152008,7.993739161152008,0.0,1e-09,True,humidity,,
loso,3,User07,training_mean_mae_summary,float,7.993739161152008,7.993739161152008,0.0,1e-09,True,humidity,,
loso,3,User07,training_mean_rmse,float,9.611831804132422,9.611831804132422,0.0,1e-09,True,humidity,,
loso,3,User07,training_mean_rmse_summary,float,9.611831804132422,9.611831804132422,0.0,1e-09,True,humidity,,
loso,3,User07,training_mean_bias,float,-2.1218525911060846,-2.1218525911060846,0.0,1e-09,True,humidity,,
loso,3,User07,training_mean_bias_summary,float,-2.1218525911060846,-2.1218525911060846,0.0,1e-09,True,humidity,,
loso,3,User07,raw_tcn_prediction_keys,exact,ok,ok,,0,True,,0,
loso,3,User07,raw_tcn_y_true,exact,,,,0,True,,0,
loso,3,User07,raw_tcn_mae,float,1.8652832179110528,1.8652832179110528,0.0,1e-09,True,temperature,0,
loso,3,User07,raw_tcn_rmse,float,2.32354086008119,2.32354086008119,0.0,1e-09,True,temperature,0,
loso,3,User07,raw_tcn_bias,float,0.987036235415414,0.987036235415414,0.0,1e-09,True,temperature,0,
loso,3,User07,raw_tcn_n_windows,exact,140971,140971,,0,True,temperature,0,
loso,3,User07,raw_tcn_mae,float,9.796066850817262,9.796066850817262,0.0,1e-09,True,humidity,0,
loso,3,User07,raw_tcn_rmse,float,12.085972576138474,12.085972576138474,0.0,1e-09,True,humidity,0,
loso,3,User07,raw_tcn_bias,float,1.0533293448110084,1.0533293448110084,0.0,1e-09,True,humidity,0,
loso,3,User07,raw_tcn_n_windows,exact,140971,140971,,0,True,humidity,0,
loso,3,User07,raw_tcn_prediction_keys,exact,ok,ok,,0,True,,1,
loso,3,User07,raw_tcn_y_true,exact,,,,0,True,,1,
loso,3,User07,raw_tcn_mae,float,2.2499074806839525,2.2499074806839525,0.0,1e-09,True,temperature,1,
loso,3,User07,raw_tcn_rmse,float,2.773851190325846,2.773851190325846,0.0,1e-09,True,temperature,1,
loso,3,User07,raw_tcn_bias,float,1.7767200583051042,1.7767200583051042,0.0,1e-09,True,temperature,1,
loso,3,User07,raw_tcn_n_windows,exact,140971,140971,,0,True,temperature,1,
loso,3,User07,raw_tcn_mae,float,10.311602308710736,10.311602308710736,0.0,1e-09,True,humidity,1,
loso,3,User07,raw_tcn_rmse,float,12.715562564336876,12.715562564336876,0.0,1e-09,True,humidity,1,
loso,3,User07,raw_tcn_bias,float,4.550357601099634,4.550357601099634,0.0,1e-09,True,humidity,1,
loso,3,User07,raw_tcn_n_windows,exact,140971,140971,,0,True,humidity,1,
loso,3,User07,raw_tcn_prediction_keys,exact,ok,ok,,0,True,,2,
loso,3,User07,raw_tcn_y_true,exact,,,,0,True,,2,
loso,3,User07,raw_tcn_mae,float,2.019448363803811,2.019448363803811,0.0,1e-09,True,temperature,2,
loso,3,User07,raw_tcn_rmse,float,2.5005261602649687,2.5005261602649687,0.0,1e-09,True,temperature,2,
loso,3,User07,raw_tcn_bias,float,1.436736789406948,1.436736789406948,0.0,1e-09,True,temperature,2,
loso,3,User07,raw_tcn_n_windows,exact,140971,140971,,0,True,temperature,2,
loso,3,User07,raw_tcn_mae,float,9.807635363706833,9.807635363706833,0.0,1e-09,True,humidity,2,
loso,3,User07,raw_tcn_rmse,float,12.081934860629266,12.081934860629266,0.0,1e-09,True,humidity,2,
loso,3,User07,raw_tcn_bias,float,3.6806841042732987,3.6806841042732987,0.0,1e-09,True,humidity,2,
loso,3,User07,raw_tcn_n_windows,exact,140971,140971,,0,True,humidity,2,
loso,3,User07,raw_tcn_mae_seed_mean_summary,float,2.0448796874662722,2.0448796874662722,0.0,1e-09,True,temperature,,
loso,3,User07,raw_tcn_rmse_seed_mean_summary,float,2.5326394035573347,2.5326394035573347,0.0,1e-09,True,temperature,,
loso,3,User07,raw_tcn_bias_seed_mean_summary,float,1.4001643610424885,1.4001643610424885,0.0,1e-09,True,temperature,,
loso,3,User07,raw_tcn_mae_seed_mean_summary,float,9.97176817441161,9.97176817441161,0.0,1e-09,True,humidity,,
loso,3,User07,raw_tcn_rmse_seed_mean_summary,float,12.294490000368206,12.294490000368206,0.0,1e-09,True,humidity,,
loso,3,User07,raw_tcn_bias_seed_mean_summary,float,3.0947903500613134,3.0947903500613134,0.0,1e-09,True,humidity,,
loso,,,training_mean_mae_unweighted_mean,float,3.0472941550192822,3.0472941550192822,0.0,1e-09,True,temperature,,
loso,,,raw_tcn_mae_unweighted_mean,float,3.3306513363482693,3.3306513363482693,0.0,1e-09,True,temperature,,
loso,,,training_mean_rmse_unweighted_mean,float,3.4449864190348514,3.4449864190348514,0.0,1e-09,True,temperature,,
loso,,,raw_tcn_rmse_unweighted_mean,float,3.8609728573406508,3.8609728573406508,0.0,1e-09,True,temperature,,
loso,,,training_mean_bias_unweighted_mean,float,-0.2856168399615282,-0.2856168399615282,0.0,1e-09,True,temperature,,
loso,,,raw_tcn_bias_unweighted_mean,float,-0.521570458192075,-0.521570458192075,0.0,1e-09,True,temperature,,
loso,,,training_mean_mae_unweighted_mean,float,19.560370125870918,19.560370125870918,0.0,1e-09,True,humidity,,
loso,,,raw_tcn_mae_unweighted_mean,float,18.282592059896796,18.282592059896796,0.0,1e-09,True,humidity,,
loso,,,training_mean_rmse_unweighted_mean,float,21.78656079414075,21.78656079414075,0.0,1e-09,True,humidity,,
loso,,,raw_tcn_rmse_unweighted_mean,float,21.506394980404025,21.506394980404025,0.0,1e-09,True,humidity,,
loso,,,training_mean_bias_unweighted_mean,float,-2.461501466513107,-2.461501466513107,0.0,1e-09,True,humidity,,
loso,,,raw_tcn_bias_unweighted_mean,float,-0.6783624289585384,-0.6783624289585384,0.0,1e-09,True,humidity,,
rq2,1,User01,primary_windows_digest,exact,,,,0,True,,,
rq2,1,User01,primary_test_windows,exact,265852,265852,,0,True,,,
rq2,1,User01,primary_test_nights,exact,136,136,,0,True,,,
rq2,1,User01,primary_night_ordinals_ge_16,exact,,,,0,True,,,
rq2,1,User01,A_mae,float,2.8376755609663435,2.8376755609663435,0.0,1e-09,True,temperature,,
rq2,1,User01,A_rmse,float,3.2731400154870927,3.2731400154870927,0.0,1e-09,True,temperature,,
rq2,1,User01,A_bias,float,2.750376859274342,2.750376859274342,0.0,1e-09,True,temperature,,
rq2,1,User01,A_mae,float,23.72182675677627,23.72182675677627,0.0,1e-09,True,humidity,,
rq2,1,User01,A_rmse,float,25.222821288832197,25.222821288832197,0.0,1e-09,True,humidity,,
rq2,1,User01,A_bias,float,23.717035738095024,23.717035738095024,0.0,1e-09,True,humidity,,
rq2,1,User01,C_prediction_keys,exact,ok,ok,,0,True,,0,
rq2,1,User01,C_y_true,exact,,,,0,True,,0,
rq2,1,User01,C_prediction_keys,exact,ok,ok,,0,True,,1,
rq2,1,User01,C_y_true,exact,,,,0,True,,1,
rq2,1,User01,C_prediction_keys,exact,ok,ok,,0,True,,2,
rq2,1,User01,C_y_true,exact,,,,0,True,,2,
rq2,1,User01,adaptation_and_buffer_nights_equal_plan,exact,,,,0,True,,,1
rq2,1,User01,fit_windows:fit_windows_are_labelled_adaptation_windows,exact,ok,ok,,0,True,,,1
rq2,1,User01,fit_windows:fit_windows_in_the_earliest_b_nights,exact,ok,ok,,0,True,,,1
rq2,1,User01,fit_windows:no_fit_window_in_the_buffer_night,exact,ok,ok,,0,True,,,1
rq2,1,User01,fit_windows:no_fit_window_in_a_test_or_primary_night,exact,ok,ok,,0,True,,,1
rq2,1,User01,fit_windows:fit_rows_precede_buffer_and_test_rows,exact,ok,ok,,0,True,,,1
rq2,1,User01,adaptation_windows,exact,1087,1087,,0,True,,,1
rq2,1,User01,primary_targets_equal_b0,exact,,,,0,True,,,1
rq2,1,User01,B_adaptation_mean_as_A_plus_offset,float,27.782888684452622,27.782888684452647,2.4868995751603507e-14,1e-09,True,temperature,,1
rq2,1,User01,B_adaptation_mean_as_A_plus_offset,float,69.71757129714811,69.71757129714824,1.2789769243681803e-13,1e-09,True,humidity,,1
rq2,1,User01,B_mae,float,2.305443662818614,2.30544366281863,1.5987211554602254e-14,1e-09,True,temperature,,1
rq2,1,User01,B_rmse,float,2.7420104469653945,2.7420104469654136,1.9095836023552692e-14,1e-09,True,temperature,,1
rq2,1,User01,B_bias,float,2.09039436430457,2.0903943643045944,2.4424906541753444e-14,1e-09,True,temperature,,1
rq2,1,User01,B_fit_windows,exact,1087,1087,,0,True,temperature,,1
rq2,1,User01,B_mae,float,44.62837129112971,44.62837129112985,1.4210854715202004e-13,1e-09,True,humidity,,1
rq2,1,User01,B_rmse,float,45.44650100574544,45.446501005745574,1.3500311979441904e-13,1e-09,True,humidity,,1
rq2,1,User01,B_bias,float,44.62837129112971,44.62837129112985,1.4210854715202004e-13,1e-09,True,humidity,,1
rq2,1,User01,B_fit_windows,exact,1087,1087,,0,True,humidity,,1
rq2,1,User01,E_prediction_keys,exact,ok,ok,,0,True,,0,1
rq2,1,User01,E_y_true,exact,,,,0,True,,0,1
rq2,1,User01,E_prediction_keys,exact,ok,ok,,0,True,,1,1
rq2,1,User01,E_y_true,exact,,,,0,True,,1,1
rq2,1,User01,E_prediction_keys,exact,ok,ok,,0,True,,2,1
rq2,1,User01,E_y_true,exact,,,,0,True,,2,1
rq2,1,User01,adaptation_and_buffer_nights_equal_plan,exact,,,,0,True,,,3
rq2,1,User01,fit_windows:fit_windows_are_labelled_adaptation_windows,exact,ok,ok,,0,True,,,3
rq2,1,User01,fit_windows:fit_windows_in_the_earliest_b_nights,exact,ok,ok,,0,True,,,3
rq2,1,User01,fit_windows:no_fit_window_in_the_buffer_night,exact,ok,ok,,0,True,,,3
rq2,1,User01,fit_windows:no_fit_window_in_a_test_or_primary_night,exact,ok,ok,,0,True,,,3
rq2,1,User01,fit_windows:fit_rows_precede_buffer_and_test_rows,exact,ok,ok,,0,True,,,3
rq2,1,User01,adaptation_windows,exact,3050,3050,,0,True,,,3
rq2,1,User01,primary_targets_equal_b0,exact,,,,0,True,,,3
rq2,1,User01,B_adaptation_mean_as_A_plus_offset,float,27.72622950819672,27.72622950819673,1.0658141036401503e-14,1e-09,True,temperature,,3
rq2,1,User01,B_adaptation_mean_as_A_plus_offset,float,69.24459016393443,69.24459016393352,9.094947017729282e-13,1e-09,True,humidity,,3
rq2,1,User01,B_mae,float,2.2685891546214667,2.268589154621473,6.217248937900877e-15,1e-09,True,temperature,,3
rq2,1,User01,B_rmse,float,2.6990649321678806,2.699064932167888,7.549516567451064e-15,1e-09,True,temperature,,3
rq2,1,User01,B_bias,float,2.0337351880486683,2.033735188048679,1.0658141036401503e-14,1e-09,True,temperature,,3
rq2,1,User01,B_fit_windows,exact,3050,3050,,0,True,temperature,,3
rq2,1,User01,B_mae,float,44.155390157916045,44.15539015791513,9.166001291305292e-13,1e-09,True,humidity,,3
rq2,1,User01,B_rmse,float,44.98212322205433,44.98212322205344,8.881784197001252e-13,1e-09,True,humidity,,3
rq2,1,User01,B_bias,float,44.155390157916045,44.15539015791513,9.166001291305292e-13,1e-09,True,humidity,,3
rq2,1,User01,B_fit_windows,exact,3050,3050,,0,True,humidity,,3
rq2,1,User01,E_prediction_keys,exact,ok,ok,,0,True,,0,3
rq2,1,User01,E_y_true,exact,,,,0,True,,0,3
rq2,1,User01,E_prediction_keys,exact,ok,ok,,0,True,,1,3
rq2,1,User01,E_y_true,exact,,,,0,True,,1,3
rq2,1,User01,E_prediction_keys,exact,ok,ok,,0,True,,2,3
rq2,1,User01,E_y_true,exact,,,,0,True,,2,3
rq2,1,User01,adaptation_and_buffer_nights_equal_plan,exact,,,,0,True,,,7
rq2,1,User01,fit_windows:fit_windows_are_labelled_adaptation_windows,exact,ok,ok,,0,True,,,7
rq2,1,User01,fit_windows:fit_windows_in_the_earliest_b_nights,exact,ok,ok,,0,True,,,7
rq2,1,User01,fit_windows:no_fit_window_in_the_buffer_night,exact,ok,ok,,0,True,,,7
rq2,1,User01,fit_windows:no_fit_window_in_a_test_or_primary_night,exact,ok,ok,,0,True,,,7
rq2,1,User01,fit_windows:fit_rows_precede_buffer_and_test_rows,exact,ok,ok,,0,True,,,7
rq2,1,User01,adaptation_windows,exact,7675,7675,,0,True,,,7
rq2,1,User01,primary_targets_equal_b0,exact,,,,0,True,,,7
rq2,1,User01,B_adaptation_mean_as_A_plus_offset,float,27.562214983713353,27.562214983713247,1.0658141036401503e-13,1e-09,True,temperature,,7
rq2,1,User01,B_adaptation_mean_as_A_plus_offset,float,60.61315960912052,60.613159609122974,2.4513724383723456e-12,1e-09,True,humidity,,7
rq2,1,User01,B_mae,float,2.1619043237350684,2.161904323734999,6.927791673660977e-14,1e-09,True,temperature,,7
rq2,1,User01,B_rmse,float,2.5777370022393913,2.577737002239314,7.72715225139109e-14,1e-09,True,temperature,,7
rq2,1,User01,B_bias,float,1.8697206635653008,1.8697206635651946,1.0613732115416497e-13,1e-09,True,temperature,,7
rq2,1,User01,B_fit_windows,exact,7675,7675,,0,True,temperature,,7
rq2,1,User01,B_mae,float,35.52395960310214,35.52395960310459,2.4513724383723456e-12,1e-09,True,humidity,,7
rq2,1,User01,B_rmse,float,36.54647227091997,36.54647227092235,2.3803181647963356e-12,1e-09,True,humidity,,7
rq2,1,User01,B_bias,float,35.52395960310214,35.52395960310459,2.4513724383723456e-12,1e-09,True,humidity,,7
rq2,1,User01,B_fit_windows,exact,7675,7675,,0,True,humidity,,7
rq2,1,User01,E_prediction_keys,exact,ok,ok,,0,True,,0,7
rq2,1,User01,E_y_true,exact,,,,0,True,,0,7
rq2,1,User01,E_prediction_keys,exact,ok,ok,,0,True,,1,7
rq2,1,User01,E_y_true,exact,,,,0,True,,1,7
rq2,1,User01,E_prediction_keys,exact,ok,ok,,0,True,,2,7
rq2,1,User01,E_y_true,exact,,,,0,True,,2,7
rq2,1,User01,adaptation_and_buffer_nights_equal_plan,exact,,,,0,True,,,14
rq2,1,User01,fit_windows:fit_windows_are_labelled_adaptation_windows,exact,ok,ok,,0,True,,,14
rq2,1,User01,fit_windows:fit_windows_in_the_earliest_b_nights,exact,ok,ok,,0,True,,,14
rq2,1,User01,fit_windows:no_fit_window_in_the_buffer_night,exact,ok,ok,,0,True,,,14
rq2,1,User01,fit_windows:no_fit_window_in_a_test_or_primary_night,exact,ok,ok,,0,True,,,14
rq2,1,User01,fit_windows:fit_rows_precede_buffer_and_test_rows,exact,ok,ok,,0,True,,,14
rq2,1,User01,adaptation_windows,exact,21418,21418,,0,True,,,14
rq2,1,User01,primary_targets_equal_b0,exact,,,,0,True,,,14
rq2,1,User01,B_adaptation_mean_as_A_plus_offset,float,27.114716593519468,27.114716593520036,5.684341886080801e-13,1e-09,True,temperature,,14
rq2,1,User01,B_adaptation_mean_as_A_plus_offset,float,44.14268372397049,44.1426837239717,1.2079226507921703e-12,1e-09,True,humidity,,14
rq2,1,User01,B_mae,float,1.8708246755749345,1.870824675575304,3.694822225952521e-13,1e-09,True,temperature,,14
rq2,1,User01,B_rmse,float,2.2741127693728846,2.27411276937324,3.552713678800501e-13,1e-09,True,temperature,,14
rq2,1,User01,B_bias,float,1.4222222733714156,1.422222273371984,5.684341886080801e-13,1e-09,True,temperature,,14
rq2,1,User01,B_fit_windows,exact,21418,21418,,0,True,temperature,,14
rq2,1,User01,B_mae,float,19.094125299779343,19.094125299780526,1.1830536550405668e-12,1e-09,True,humidity,,14
rq2,1,User01,B_rmse,float,20.898042285260974,20.89804228526208,1.1048939541069558e-12,1e-09,True,humidity,,14
rq2,1,User01,B_bias,float,19.05348371795211,19.05348371795331,1.2008172234345693e-12,1e-09,True,humidity,,14
rq2,1,User01,B_fit_windows,exact,21418,21418,,0,True,humidity,,14
rq2,1,User01,E_prediction_keys,exact,ok,ok,,0,True,,0,14
rq2,1,User01,E_y_true,exact,,,,0,True,,0,14
rq2,1,User01,E_prediction_keys,exact,ok,ok,,0,True,,1,14
rq2,1,User01,E_y_true,exact,,,,0,True,,1,14
rq2,1,User01,E_prediction_keys,exact,ok,ok,,0,True,,2,14
rq2,1,User01,E_y_true,exact,,,,0,True,,2,14
rq2,1,User01,S_prediction_keys,exact,ok,ok,,0,True,,0,
rq2,1,User01,S_y_true,exact,,,,0,True,,0,
rq2,1,User01,S_prediction_keys,exact,ok,ok,,0,True,,1,
rq2,1,User01,S_y_true,exact,,,,0,True,,1,
rq2,1,User01,S_prediction_keys,exact,ok,ok,,0,True,,2,
rq2,1,User01,S_y_true,exact,,,,0,True,,2,
rq2,1,User01,C_mae_vs_p8,float,2.8132957138884467,2.8132957138884467,0.0,1e-09,True,temperature,0,0
rq2,1,User01,C_mae_vs_p5,float,2.8132957138884467,2.8132957138884467,0.0,1e-09,True,temperature,0,0
rq2,1,User01,C_rmse_vs_p8,float,3.4545021794818416,3.4545021794818416,0.0,1e-09,True,temperature,0,0
rq2,1,User01,C_rmse_vs_p5,float,3.4545021794818416,3.4545021794818416,0.0,1e-09,True,temperature,0,0
rq2,1,User01,C_bias_vs_p8,float,1.6826814709666877,1.6826814709666877,0.0,1e-09,True,temperature,0,0
rq2,1,User01,C_bias_vs_p5,float,1.6826814709666877,1.6826814709666877,0.0,1e-09,True,temperature,0,0
rq2,1,User01,C_mae_vs_p8,float,19.267175499700787,19.267175499700787,0.0,1e-09,True,humidity,0,0
rq2,1,User01,C_mae_vs_p5,float,19.267175499700787,19.267175499700787,0.0,1e-09,True,humidity,0,0
rq2,1,User01,C_rmse_vs_p8,float,22.05854497838365,22.05854497838365,0.0,1e-09,True,humidity,0,0
rq2,1,User01,C_rmse_vs_p5,float,22.05854497838365,22.05854497838365,0.0,1e-09,True,humidity,0,0
rq2,1,User01,C_bias_vs_p8,float,19.05009962503423,19.05009962503423,0.0,1e-09,True,humidity,0,0
rq2,1,User01,C_bias_vs_p5,float,19.05009962503423,19.05009962503423,0.0,1e-09,True,humidity,0,0
rq2,1,User01,C_mae_vs_p8,float,3.3145944897849513,3.3145944897849513,0.0,1e-09,True,temperature,1,0
rq2,1,User01,C_mae_vs_p5,float,3.3145944897849513,3.3145944897849513,0.0,1e-09,True,temperature,1,0
rq2,1,User01,C_rmse_vs_p8,float,4.060256763133392,4.060256763133392,0.0,1e-09,True,temperature,1,0
rq2,1,User01,C_rmse_vs_p5,float,4.060256763133392,4.060256763133392,0.0,1e-09,True,temperature,1,0
rq2,1,User01,C_bias_vs_p8,float,2.107141077360308,2.107141077360308,0.0,1e-09,True,temperature,1,0
rq2,1,User01,C_bias_vs_p5,float,2.107141077360308,2.107141077360308,0.0,1e-09,True,temperature,1,0
rq2,1,User01,C_mae_vs_p8,float,20.841676912869673,20.841676912869673,0.0,1e-09,True,humidity,1,0
rq2,1,User01,C_mae_vs_p5,float,20.841676912869673,20.841676912869673,0.0,1e-09,True,humidity,1,0
rq2,1,User01,C_rmse_vs_p8,float,23.68754700953557,23.68754700953557,0.0,1e-09,True,humidity,1,0
rq2,1,User01,C_rmse_vs_p5,float,23.68754700953557,23.68754700953557,0.0,1e-09,True,humidity,1,0
rq2,1,User01,C_bias_vs_p8,float,20.58105552757318,20.58105552757318,0.0,1e-09,True,humidity,1,0
rq2,1,User01,C_bias_vs_p5,float,20.58105552757318,20.58105552757318,0.0,1e-09,True,humidity,1,0
rq2,1,User01,C_mae_vs_p8,float,3.149111626976526,3.149111626976526,0.0,1e-09,True,temperature,2,0
rq2,1,User01,C_mae_vs_p5,float,3.149111626976526,3.149111626976526,0.0,1e-09,True,temperature,2,0
rq2,1,User01,C_rmse_vs_p8,float,3.7650727463194635,3.7650727463194635,0.0,1e-09,True,temperature,2,0
rq2,1,User01,C_rmse_vs_p5,float,3.7650727463194635,3.7650727463194635,0.0,1e-09,True,temperature,2,0
rq2,1,User01,C_bias_vs_p8,float,1.918255546112007,1.918255546112007,0.0,1e-09,True,temperature,2,0
rq2,1,User01,C_bias_vs_p5,float,1.918255546112007,1.918255546112007,0.0,1e-09,True,temperature,2,0
rq2,1,User01,C_mae_vs_p8,float,21.929375091538763,21.929375091538763,0.0,1e-09,True,humidity,2,0
rq2,1,User01,C_mae_vs_p5,float,21.929375091538763,21.929375091538763,0.0,1e-09,True,humidity,2,0
rq2,1,User01,C_rmse_vs_p8,float,25.017800938053398,25.017800938053398,0.0,1e-09,True,humidity,2,0
rq2,1,User01,C_rmse_vs_p5,float,25.017800938053398,25.017800938053398,0.0,1e-09,True,humidity,2,0
rq2,1,User01,C_bias_vs_p8,float,21.68217146537588,21.68217146537588,0.0,1e-09,True,humidity,2,0
rq2,1,User01,C_bias_vs_p5,float,21.68217146537588,21.68217146537588,0.0,1e-09,True,humidity,2,0
rq2,1,User01,E_mae_vs_p8,float,2.8186030413563867,2.8186030413563867,0.0,1e-09,True,temperature,0,1
rq2,1,User01,E_mae_vs_p5,float,2.8186030413563867,2.8186030413563867,0.0,1e-09,True,temperature,0,1
rq2,1,User01,E_rmse_vs_p8,float,3.3800514402621937,3.3800514402621937,0.0,1e-09,True,temperature,0,1
rq2,1,User01,E_rmse_vs_p5,float,3.3800514402621937,3.3800514402621937,0.0,1e-09,True,temperature,0,1
rq2,1,User01,E_bias_vs_p8,float,2.343849543452121,2.343849543452121,0.0,1e-09,True,temperature,0,1
rq2,1,User01,E_bias_vs_p5,float,2.343849543452121,2.343849543452121,0.0,1e-09,True,temperature,0,1
rq2,1,User01,E_mae_vs_p8,float,25.203912986262054,25.203912986262054,0.0,1e-09,True,humidity,0,1
rq2,1,User01,E_mae_vs_p5,float,25.203912986262054,25.203912986262054,0.0,1e-09,True,humidity,0,1
rq2,1,User01,E_rmse_vs_p8,float,27.870417965917003,27.870417965917003,0.0,1e-09,True,humidity,0,1
rq2,1,User01,E_rmse_vs_p5,float,27.870417965917003,27.870417965917003,0.0,1e-09,True,humidity,0,1
rq2,1,User01,E_bias_vs_p8,float,25.170210976932264,25.170210976932264,0.0,1e-09,True,humidity,0,1
rq2,1,User01,E_bias_vs_p5,float,25.170210976932264,25.170210976932264,0.0,1e-09,True,humidity,0,1
rq2,1,User01,E_mae_vs_p8,float,3.442643043126967,3.442643043126967,0.0,1e-09,True,temperature,1,1
rq2,1,User01,E_mae_vs_p5,float,3.442643043126967,3.442643043126967,0.0,1e-09,True,temperature,1,1
rq2,1,User01,E_rmse_vs_p8,float,4.047149462387312,4.047149462387312,0.0,1e-09,True,temperature,1,1
rq2,1,User01,E_rmse_vs_p5,float,4.047149462387312,4.047149462387312,0.0,1e-09,True,temperature,1,1
rq2,1,User01,E_bias_vs_p8,float,3.0878759747723104,3.0878759747723104,0.0,1e-09,True,temperature,1,1
rq2,1,User01,E_bias_vs_p5,float,3.0878759747723104,3.0878759747723104,0.0,1e-09,True,temperature,1,1
rq2,1,User01,E_mae_vs_p8,float,29.216494217473198,29.216494217473198,0.0,1e-09,True,humidity,1,1
rq2,1,User01,E_mae_vs_p5,float,29.216494217473198,29.216494217473198,0.0,1e-09,True,humidity,1,1
rq2,1,User01,E_rmse_vs_p8,float,31.665818600239362,31.665818600239362,0.0,1e-09,True,humidity,1,1
rq2,1,User01,E_rmse_vs_p5,float,31.665818600239362,31.665818600239362,0.0,1e-09,True,humidity,1,1
rq2,1,User01,E_bias_vs_p8,float,29.19784636999411,29.19784636999411,0.0,1e-09,True,humidity,1,1
rq2,1,User01,E_bias_vs_p5,float,29.19784636999411,29.19784636999411,0.0,1e-09,True,humidity,1,1
rq2,1,User01,E_mae_vs_p8,float,3.1723153194994818,3.1723153194994818,0.0,1e-09,True,temperature,2,1
rq2,1,User01,E_mae_vs_p5,float,3.1723153194994818,3.1723153194994818,0.0,1e-09,True,temperature,2,1
rq2,1,User01,E_rmse_vs_p8,float,3.7222108143709796,3.7222108143709796,0.0,1e-09,True,temperature,2,1
rq2,1,User01,E_rmse_vs_p5,float,3.7222108143709796,3.7222108143709796,0.0,1e-09,True,temperature,2,1
rq2,1,User01,E_bias_vs_p8,float,2.708408485407997,2.708408485407997,0.0,1e-09,True,temperature,2,1
rq2,1,User01,E_bias_vs_p5,float,2.708408485407997,2.708408485407997,0.0,1e-09,True,temperature,2,1
rq2,1,User01,E_mae_vs_p8,float,29.074082516128374,29.074082516128374,0.0,1e-09,True,humidity,2,1
rq2,1,User01,E_mae_vs_p5,float,29.074082516128374,29.074082516128374,0.0,1e-09,True,humidity,2,1
rq2,1,User01,E_rmse_vs_p8,float,31.72604931636408,31.72604931636408,0.0,1e-09,True,humidity,2,1
rq2,1,User01,E_rmse_vs_p5,float,31.72604931636408,31.72604931636408,0.0,1e-09,True,humidity,2,1
rq2,1,User01,E_bias_vs_p8,float,29.055219186914435,29.055219186914435,0.0,1e-09,True,humidity,2,1
rq2,1,User01,E_bias_vs_p5,float,29.055219186914435,29.055219186914435,0.0,1e-09,True,humidity,2,1
rq2,1,User01,E_mae_vs_p8,float,2.795496356198685,2.795496356198685,0.0,1e-09,True,temperature,0,3
rq2,1,User01,E_mae_vs_p5,float,2.795496356198685,2.795496356198685,0.0,1e-09,True,temperature,0,3
rq2,1,User01,E_rmse_vs_p8,float,3.3006697959527713,3.3006697959527713,0.0,1e-09,True,temperature,0,3
rq2,1,User01,E_rmse_vs_p5,float,3.3006697959527713,3.3006697959527713,0.0,1e-09,True,temperature,0,3
rq2,1,User01,E_bias_vs_p8,float,2.5437829746466343,2.5437829746466343,0.0,1e-09,True,temperature,0,3
rq2,1,User01,E_bias_vs_p5,float,2.5437829746466343,2.5437829746466343,0.0,1e-09,True,temperature,0,3
rq2,1,User01,E_mae_vs_p8,float,33.03066884306808,33.03066884306808,0.0,1e-09,True,humidity,0,3
rq2,1,User01,E_mae_vs_p5,float,33.03066884306808,33.03066884306808,0.0,1e-09,True,humidity,0,3
rq2,1,User01,E_rmse_vs_p8,float,35.34485716801323,35.34485716801323,0.0,1e-09,True,humidity,0,3
rq2,1,User01,E_rmse_vs_p5,float,35.34485716801323,35.34485716801323,0.0,1e-09,True,humidity,0,3
rq2,1,User01,E_bias_vs_p8,float,33.02841506596303,33.02841506596303,0.0,1e-09,True,humidity,0,3
rq2,1,User01,E_bias_vs_p5,float,33.02841506596303,33.02841506596303,0.0,1e-09,True,humidity,0,3
rq2,1,User01,E_mae_vs_p8,float,2.802724119075196,2.802724119075196,0.0,1e-09,True,temperature,1,3
rq2,1,User01,E_mae_vs_p5,float,2.802724119075196,2.802724119075196,0.0,1e-09,True,temperature,1,3
rq2,1,User01,E_rmse_vs_p8,float,3.301718420192938,3.301718420192938,0.0,1e-09,True,temperature,1,3
rq2,1,User01,E_rmse_vs_p5,float,3.301718420192938,3.301718420192938,0.0,1e-09,True,temperature,1,3
rq2,1,User01,E_bias_vs_p8,float,2.5230764791658844,2.5230764791658844,0.0,1e-09,True,temperature,1,3
rq2,1,User01,E_bias_vs_p5,float,2.5230764791658844,2.5230764791658844,0.0,1e-09,True,temperature,1,3
rq2,1,User01,E_mae_vs_p8,float,34.063584038663954,34.063584038663954,0.0,1e-09,True,humidity,1,3
rq2,1,User01,E_mae_vs_p5,float,34.063584038663954,34.063584038663954,0.0,1e-09,True,humidity,1,3
rq2,1,User01,E_rmse_vs_p8,float,36.14844571520185,36.14844571520185,0.0,1e-09,True,humidity,1,3
rq2,1,User01,E_rmse_vs_p5,float,36.14844571520185,36.14844571520185,0.0,1e-09,True,humidity,1,3
rq2,1,User01,E_bias_vs_p8,float,34.059174201558626,34.059174201558626,0.0,1e-09,True,humidity,1,3
rq2,1,User01,E_bias_vs_p5,float,34.059174201558626,34.059174201558626,0.0,1e-09,True,humidity,1,3
rq2,1,User01,E_mae_vs_p8,float,2.965733073402239,2.965733073402239,0.0,1e-09,True,temperature,2,3
rq2,1,User01,E_mae_vs_p5,float,2.965733073402239,2.965733073402239,0.0,1e-09,True,temperature,2,3
rq2,1,User01,E_rmse_vs_p8,float,3.5279541512792063,3.5279541512792063,0.0,1e-09,True,temperature,2,3
rq2,1,User01,E_rmse_vs_p5,float,3.5279541512792063,3.5279541512792063,0.0,1e-09,True,temperature,2,3
rq2,1,User01,E_bias_vs_p8,float,2.7399916891069123,2.7399916891069123,0.0,1e-09,True,temperature,2,3
rq2,1,User01,E_bias_vs_p5,float,2.7399916891069123,2.7399916891069123,0.0,1e-09,True,temperature,2,3
rq2,1,User01,E_mae_vs_p8,float,35.46670444547784,35.46670444547784,0.0,1e-09,True,humidity,2,3
rq2,1,User01,E_mae_vs_p5,float,35.46670444547784,35.46670444547784,0.0,1e-09,True,humidity,2,3
rq2,1,User01,E_rmse_vs_p8,float,37.65081010621787,37.65081010621787,0.0,1e-09,True,humidity,2,3
rq2,1,User01,E_rmse_vs_p5,float,37.65081010621787,37.65081010621787,0.0,1e-09,True,humidity,2,3
rq2,1,User01,E_bias_vs_p8,float,35.46464474737688,35.46464474737688,0.0,1e-09,True,humidity,2,3
rq2,1,User01,E_bias_vs_p5,float,35.46464474737688,35.46464474737688,0.0,1e-09,True,humidity,2,3
rq2,1,User01,E_mae_vs_p8,float,2.248300813498881,2.248300813498881,0.0,1e-09,True,temperature,0,7
rq2,1,User01,E_mae_vs_p5,float,2.248300813498881,2.248300813498881,0.0,1e-09,True,temperature,0,7
rq2,1,User01,E_rmse_vs_p8,float,2.711582455515873,2.711582455515873,0.0,1e-09,True,temperature,0,7
rq2,1,User01,E_rmse_vs_p5,float,2.711582455515873,2.711582455515873,0.0,1e-09,True,temperature,0,7
rq2,1,User01,E_bias_vs_p8,float,1.8326239391312753,1.8326239391312753,0.0,1e-09,True,temperature,0,7
rq2,1,User01,E_bias_vs_p5,float,1.8326239391312753,1.8326239391312753,0.0,1e-09,True,temperature,0,7
rq2,1,User01,E_mae_vs_p8,float,29.762046793452583,29.762046793452583,0.0,1e-09,True,humidity,0,7
rq2,1,User01,E_mae_vs_p5,float,29.762046793452583,29.762046793452583,0.0,1e-09,True,humidity,0,7
rq2,1,User01,E_rmse_vs_p8,float,31.815996000158904,31.815996000158904,0.0,1e-09,True,humidity,0,7
rq2,1,User01,E_rmse_vs_p5,float,31.815996000158904,31.815996000158904,0.0,1e-09,True,humidity,0,7
rq2,1,User01,E_bias_vs_p8,float,29.756230087218153,29.756230087218153,0.0,1e-09,True,humidity,0,7
rq2,1,User01,E_bias_vs_p5,float,29.756230087218153,29.756230087218153,0.0,1e-09,True,humidity,0,7
rq2,1,User01,E_mae_vs_p8,float,2.2491326007428256,2.2491326007428256,0.0,1e-09,True,temperature,1,7
rq2,1,User01,E_mae_vs_p5,float,2.2491326007428256,2.2491326007428256,0.0,1e-09,True,temperature,1,7
rq2,1,User01,E_rmse_vs_p8,float,2.709980766870717,2.709980766870717,0.0,1e-09,True,temperature,1,7
rq2,1,User01,E_rmse_vs_p5,float,2.709980766870717,2.709980766870717,0.0,1e-09,True,temperature,1,7
rq2,1,User01,E_bias_vs_p8,float,1.8918381023207163,1.8918381023207163,0.0,1e-09,True,temperature,1,7
rq2,1,User01,E_bias_vs_p5,float,1.8918381023207163,1.8918381023207163,0.0,1e-09,True,temperature,1,7
rq2,1,User01,E_mae_vs_p8,float,29.55680087309718,29.55680087309718,0.0,1e-09,True,humidity,1,7
rq2,1,User01,E_mae_vs_p5,float,29.55680087309718,29.55680087309718,0.0,1e-09,True,humidity,1,7
rq2,1,User01,E_rmse_vs_p8,float,31.947503549317414,31.947503549317414,0.0,1e-09,True,humidity,1,7
rq2,1,User01,E_rmse_vs_p5,float,31.947503549317414,31.947503549317414,0.0,1e-09,True,humidity,1,7
rq2,1,User01,E_bias_vs_p8,float,29.53882393435267,29.53882393435267,0.0,1e-09,True,humidity,1,7
rq2,1,User01,E_bias_vs_p5,float,29.53882393435267,29.53882393435267,0.0,1e-09,True,humidity,1,7
rq2,1,User01,E_mae_vs_p8,float,2.417872631520781,2.417872631520781,0.0,1e-09,True,temperature,2,7
rq2,1,User01,E_mae_vs_p5,float,2.417872631520781,2.417872631520781,0.0,1e-09,True,temperature,2,7
rq2,1,User01,E_rmse_vs_p8,float,2.9270599910720945,2.9270599910720945,0.0,1e-09,True,temperature,2,7
rq2,1,User01,E_rmse_vs_p5,float,2.9270599910720945,2.9270599910720945,0.0,1e-09,True,temperature,2,7
rq2,1,User01,E_bias_vs_p8,float,2.1094962384281235,2.1094962384281235,0.0,1e-09,True,temperature,2,7
rq2,1,User01,E_bias_vs_p5,float,2.1094962384281235,2.1094962384281235,0.0,1e-09,True,temperature,2,7
rq2,1,User01,E_mae_vs_p8,float,30.51757207394241,30.51757207394241,0.0,1e-09,True,humidity,2,7
rq2,1,User01,E_mae_vs_p5,float,30.51757207394241,30.51757207394241,0.0,1e-09,True,humidity,2,7
rq2,1,User01,E_rmse_vs_p8,float,32.63480420322787,32.63480420322787,0.0,1e-09,True,humidity,2,7
rq2,1,User01,E_rmse_vs_p5,float,32.63480420322787,32.63480420322787,0.0,1e-09,True,humidity,2,7
rq2,1,User01,E_bias_vs_p8,float,30.506503164061233,30.506503164061233,0.0,1e-09,True,humidity,2,7
rq2,1,User01,E_bias_vs_p5,float,30.506503164061233,30.506503164061233,0.0,1e-09,True,humidity,2,7
rq2,1,User01,E_mae_vs_p8,float,1.7116959553467817,1.7116959553467817,0.0,1e-09,True,temperature,0,14
rq2,1,User01,E_mae_vs_p5,float,1.7116959553467817,1.7116959553467817,0.0,1e-09,True,temperature,0,14
rq2,1,User01,E_rmse_vs_p8,float,2.0811377201902577,2.0811377201902577,0.0,1e-09,True,temperature,0,14
rq2,1,User01,E_rmse_vs_p5,float,2.0811377201902577,2.0811377201902577,0.0,1e-09,True,temperature,0,14
rq2,1,User01,E_bias_vs_p8,float,1.1132614060977635,1.1132614060977635,0.0,1e-09,True,temperature,0,14
rq2,1,User01,E_bias_vs_p5,float,1.1132614060977635,1.1132614060977635,0.0,1e-09,True,temperature,0,14
rq2,1,User01,E_mae_vs_p8,float,15.786125678465487,15.786125678465487,0.0,1e-09,True,humidity,0,14
rq2,1,User01,E_mae_vs_p5,float,15.786125678465487,15.786125678465487,0.0,1e-09,True,humidity,0,14
rq2,1,User01,E_rmse_vs_p8,float,19.044896228737795,19.044896228737795,0.0,1e-09,True,humidity,0,14
rq2,1,User01,E_rmse_vs_p5,float,19.044896228737795,19.044896228737795,0.0,1e-09,True,humidity,0,14
rq2,1,User01,E_bias_vs_p8,float,15.189618698706337,15.189618698706337,0.0,1e-09,True,humidity,0,14
rq2,1,User01,E_bias_vs_p5,float,15.189618698706337,15.189618698706337,0.0,1e-09,True,humidity,0,14
rq2,1,User01,E_mae_vs_p8,float,1.8080890003611516,1.8080890003611516,0.0,1e-09,True,temperature,1,14
rq2,1,User01,E_mae_vs_p5,float,1.8080890003611516,1.8080890003611516,0.0,1e-09,True,temperature,1,14
rq2,1,User01,E_rmse_vs_p8,float,2.1965460533956476,2.1965460533956476,0.0,1e-09,True,temperature,1,14
rq2,1,User01,E_rmse_vs_p5,float,2.1965460533956476,2.1965460533956476,0.0,1e-09,True,temperature,1,14
rq2,1,User01,E_bias_vs_p8,float,1.269098534476052,1.269098534476052,0.0,1e-09,True,temperature,1,14
rq2,1,User01,E_bias_vs_p5,float,1.269098534476052,1.269098534476052,0.0,1e-09,True,temperature,1,14
rq2,1,User01,E_mae_vs_p8,float,16.515323596853243,16.515323596853243,0.0,1e-09,True,humidity,1,14
rq2,1,User01,E_mae_vs_p5,float,16.515323596853243,16.515323596853243,0.0,1e-09,True,humidity,1,14
rq2,1,User01,E_rmse_vs_p8,float,19.435739087339467,19.435739087339467,0.0,1e-09,True,humidity,1,14
rq2,1,User01,E_rmse_vs_p5,float,19.435739087339467,19.435739087339467,0.0,1e-09,True,humidity,1,14
rq2,1,User01,E_bias_vs_p8,float,16.15697050928776,16.15697050928776,0.0,1e-09,True,humidity,1,14
rq2,1,User01,E_bias_vs_p5,float,16.15697050928776,16.15697050928776,0.0,1e-09,True,humidity,1,14
rq2,1,User01,E_mae_vs_p8,float,1.739556205288495,1.739556205288495,0.0,1e-09,True,temperature,2,14
rq2,1,User01,E_mae_vs_p5,float,1.739556205288495,1.739556205288495,0.0,1e-09,True,temperature,2,14
rq2,1,User01,E_rmse_vs_p8,float,2.113098941759874,2.113098941759874,0.0,1e-09,True,temperature,2,14
rq2,1,User01,E_rmse_vs_p5,float,2.113098941759874,2.113098941759874,0.0,1e-09,True,temperature,2,14
rq2,1,User01,E_bias_vs_p8,float,1.1728618664244004,1.1728618664244004,0.0,1e-09,True,temperature,2,14
rq2,1,User01,E_bias_vs_p5,float,1.1728618664244004,1.1728618664244004,0.0,1e-09,True,temperature,2,14
rq2,1,User01,E_mae_vs_p8,float,15.78284313086788,15.78284313086788,0.0,1e-09,True,humidity,2,14
rq2,1,User01,E_mae_vs_p5,float,15.78284313086788,15.78284313086788,0.0,1e-09,True,humidity,2,14
rq2,1,User01,E_rmse_vs_p8,float,19.040774101684192,19.040774101684192,0.0,1e-09,True,humidity,2,14
rq2,1,User01,E_rmse_vs_p5,float,19.040774101684192,19.040774101684192,0.0,1e-09,True,humidity,2,14
rq2,1,User01,E_bias_vs_p8,float,15.005017912334242,15.005017912334242,0.0,1e-09,True,humidity,2,14
rq2,1,User01,E_bias_vs_p5,float,15.005017912334242,15.005017912334242,0.0,1e-09,True,humidity,2,14
rq2,1,User01,S_mae_vs_p8,float,1.7689328863158995,1.7689328863158995,0.0,1e-09,True,temperature,0,14
rq2,1,User01,S_rmse_vs_p8,float,2.1448027049123364,2.1448027049123364,0.0,1e-09,True,temperature,0,14
rq2,1,User01,S_bias_vs_p8,float,1.2197980130643433,1.2197980130643433,0.0,1e-09,True,temperature,0,14
rq2,1,User01,S_mae_vs_p8,float,15.889639143219139,15.889639143219139,0.0,1e-09,True,humidity,0,14
rq2,1,User01,S_rmse_vs_p8,float,18.98790636891007,18.98790636891007,0.0,1e-09,True,humidity,0,14
rq2,1,User01,S_bias_vs_p8,float,15.432831863558558,15.432831863558558,0.0,1e-09,True,humidity,0,14
rq2,1,User01,S_mae_vs_p8,float,1.7908058920733234,1.7908058920733234,0.0,1e-09,True,temperature,1,14
rq2,1,User01,S_rmse_vs_p8,float,2.1720398492325463,2.1720398492325463,0.0,1e-09,True,temperature,1,14
rq2,1,User01,S_bias_vs_p8,float,1.2724095796519361,1.2724095796519361,0.0,1e-09,True,temperature,1,14
rq2,1,User01,S_mae_vs_p8,float,15.407136965636143,15.407136965636143,0.0,1e-09,True,humidity,1,14
rq2,1,User01,S_rmse_vs_p8,float,18.585535070563818,18.585535070563818,0.0,1e-09,True,humidity,1,14
rq2,1,User01,S_bias_vs_p8,float,14.82154407002788,14.82154407002788,0.0,1e-09,True,humidity,1,14
rq2,1,User01,S_mae_vs_p8,float,1.7798105461329075,1.7798105461329075,0.0,1e-09,True,temperature,2,14
rq2,1,User01,S_rmse_vs_p8,float,2.1547910786608595,2.1547910786608595,0.0,1e-09,True,temperature,2,14
rq2,1,User01,S_bias_vs_p8,float,1.2581662273369763,1.2581662273369763,0.0,1e-09,True,temperature,2,14
rq2,1,User01,S_mae_vs_p8,float,15.980597813404904,15.980597813404904,0.0,1e-09,True,humidity,2,14
rq2,1,User01,S_rmse_vs_p8,float,19.131577886162358,19.131577886162358,0.0,1e-09,True,humidity,2,14
rq2,1,User01,S_bias_vs_p8,float,15.48196044748463,15.48196044748463,0.0,1e-09,True,humidity,2,14
rq2,2,User02,primary_windows_digest,exact,,,,0,True,,,
rq2,2,User02,primary_test_windows,exact,95839,95839,,0,True,,,
rq2,2,User02,primary_test_nights,exact,36,36,,0,True,,,
rq2,2,User02,primary_night_ordinals_ge_16,exact,,,,0,True,,,
rq2,2,User02,A_mae,float,4.854795038838032,4.854795038838032,0.0,1e-09,True,temperature,,
rq2,2,User02,A_rmse,float,5.146049409486777,5.146049409486777,0.0,1e-09,True,temperature,,
rq2,2,User02,A_bias,float,-4.854795038838032,-4.854795038838032,0.0,1e-09,True,temperature,,
rq2,2,User02,A_mae,float,25.052381038652857,25.052381038652857,0.0,1e-09,True,humidity,,
rq2,2,User02,A_rmse,float,28.405965402484995,28.405965402484995,0.0,1e-09,True,humidity,,
rq2,2,User02,A_bias,float,-24.85030876242971,-24.85030876242971,0.0,1e-09,True,humidity,,
rq2,2,User02,C_prediction_keys,exact,ok,ok,,0,True,,0,
rq2,2,User02,C_y_true,exact,,,,0,True,,0,
rq2,2,User02,C_prediction_keys,exact,ok,ok,,0,True,,1,
rq2,2,User02,C_y_true,exact,,,,0,True,,1,
rq2,2,User02,C_prediction_keys,exact,ok,ok,,0,True,,2,
rq2,2,User02,C_y_true,exact,,,,0,True,,2,
rq2,2,User02,adaptation_and_buffer_nights_equal_plan,exact,,,,0,True,,,1
rq2,2,User02,fit_windows:fit_windows_are_labelled_adaptation_windows,exact,ok,ok,,0,True,,,1
rq2,2,User02,fit_windows:fit_windows_in_the_earliest_b_nights,exact,ok,ok,,0,True,,,1
rq2,2,User02,fit_windows:no_fit_window_in_the_buffer_night,exact,ok,ok,,0,True,,,1
rq2,2,User02,fit_windows:no_fit_window_in_a_test_or_primary_night,exact,ok,ok,,0,True,,,1
rq2,2,User02,fit_windows:fit_rows_precede_buffer_and_test_rows,exact,ok,ok,,0,True,,,1
rq2,2,User02,adaptation_windows,exact,3505,3505,,0,True,,,1
rq2,2,User02,primary_targets_equal_b0,exact,,,,0,True,,,1
rq2,2,User02,B_adaptation_mean_as_A_plus_offset,float,28.91241084165478,28.912410841654832,5.3290705182007514e-14,1e-09,True,temperature,,1
rq2,2,User02,B_adaptation_mean_as_A_plus_offset,float,64.91754636233952,64.91754636234171,2.1884716261411086e-12,1e-09,True,humidity,,1
rq2,2,User02,B_mae,float,1.9797695907004282,1.9797695907003794,4.884981308350689e-14,1e-09,True,temperature,,1
rq2,2,User02,B_rmse,float,2.557931553792819,2.55793155379278,3.907985046680551e-14,1e-09,True,temperature,,1
rq2,2,User02,B_bias,float,-1.9053147189207695,-1.905314718920716,5.3512749786932545e-14,1e-09,True,temperature,,1
rq2,2,User02,B_fit_windows,exact,3505,3505,,0,True,temperature,,1
rq2,2,User02,B_mae,float,13.718377422049306,13.718377422050171,8.65085780787922e-13,1e-09,True,humidity,,1
rq2,2,User02,B_rmse,float,16.64040243520558,16.64040243520681,1.2292389328649733e-12,1e-09,True,humidity,,1
rq2,2,User02,B_bias,float,9.356386500487874,9.356386500490062,2.1884716261411086e-12,1e-09,True,humidity,,1
rq2,2,User02,B_fit_windows,exact,3505,3505,,0,True,humidity,,1
rq2,2,User02,E_prediction_keys,exact,ok,ok,,0,True,,0,1
rq2,2,User02,E_y_true,exact,,,,0,True,,0,1
rq2,2,User02,E_prediction_keys,exact,ok,ok,,0,True,,1,1
rq2,2,User02,E_y_true,exact,,,,0,True,,1,1
rq2,2,User02,E_prediction_keys,exact,ok,ok,,0,True,,2,1
rq2,2,User02,E_y_true,exact,,,,0,True,,2,1
rq2,2,User02,adaptation_and_buffer_nights_equal_plan,exact,,,,0,True,,,3
rq2,2,User02,fit_windows:fit_windows_are_labelled_adaptation_windows,exact,ok,ok,,0,True,,,3
rq2,2,User02,fit_windows:fit_windows_in_the_earliest_b_nights,exact,ok,ok,,0,True,,,3
rq2,2,User02,fit_windows:no_fit_window_in_the_buffer_night,exact,ok,ok,,0,True,,,3
rq2,2,User02,fit_windows:no_fit_window_in_a_test_or_primary_night,exact,ok,ok,,0,True,,,3
rq2,2,User02,fit_windows:fit_rows_precede_buffer_and_test_rows,exact,ok,ok,,0,True,,,3
rq2,2,User02,adaptation_windows,exact,10353,10353,,0,True,,,3
rq2,2,User02,primary_targets_equal_b0,exact,,,,0,True,,,3
rq2,2,User02,B_adaptation_mean_as_A_plus_offset,float,29.2070897324447,29.207089732444345,3.552713678800501e-13,1e-09,True,temperature,,3
rq2,2,User02,B_adaptation_mean_as_A_plus_offset,float,68.50806529508355,68.50806529508834,4.789058039023075e-12,1e-09,True,humidity,,3
rq2,2,User02,B_mae,float,1.8081720877055234,1.8081720877056795,1.56097357262297e-13,1e-09,True,temperature,,3
rq2,2,User02,B_rmse,float,2.3466864781243277,2.346686478124572,2.4424906541753444e-13,1e-09,True,temperature,,3
rq2,2,User02,B_bias,float,-1.6106358281308482,-1.6106358281312037,3.554934124849751e-13,1e-09,True,temperature,,3
rq2,2,User02,B_fit_windows,exact,10353,10353,,0,True,temperature,,3
rq2,2,User02,B_mae,float,15.534438863669196,15.534438863672138,2.9416469260468148e-12,1e-09,True,humidity,,3
rq2,2,User02,B_rmse,float,18.89400394718213,18.894003947185414,3.282707439211663e-12,1e-09,True,humidity,,3
rq2,2,User02,B_bias,float,12.946905433231908,12.946905433236692,4.7837289685048745e-12,1e-09,True,humidity,,3
rq2,2,User02,B_fit_windows,exact,10353,10353,,0,True,humidity,,3
rq2,2,User02,E_prediction_keys,exact,ok,ok,,0,True,,0,3
rq2,2,User02,E_y_true,exact,,,,0,True,,0,3
rq2,2,User02,E_prediction_keys,exact,ok,ok,,0,True,,1,3
rq2,2,User02,E_y_true,exact,,,,0,True,,1,3
rq2,2,User02,E_prediction_keys,exact,ok,ok,,0,True,,2,3
rq2,2,User02,E_y_true,exact,,,,0,True,,2,3
rq2,2,User02,adaptation_and_buffer_nights_equal_plan,exact,,,,0,True,,,7
rq2,2,User02,fit_windows:fit_windows_are_labelled_adaptation_windows,exact,ok,ok,,0,True,,,7
rq2,2,User02,fit_windows:fit_windows_in_the_earliest_b_nights,exact,ok,ok,,0,True,,,7
rq2,2,User02,fit_windows:no_fit_window_in_the_buffer_night,exact,ok,ok,,0,True,,,7
rq2,2,User02,fit_windows:no_fit_window_in_a_test_or_primary_night,exact,ok,ok,,0,True,,,7
rq2,2,User02,fit_windows:fit_rows_precede_buffer_and_test_rows,exact,ok,ok,,0,True,,,7
rq2,2,User02,adaptation_windows,exact,23058,23058,,0,True,,,7
rq2,2,User02,primary_targets_equal_b0,exact,,,,0,True,,,7
rq2,2,User02,B_adaptation_mean_as_A_plus_offset,float,29.201058201058203,29.201058201057457,7.460698725481052e-13,1e-09,True,temperature,,7
rq2,2,User02,B_adaptation_mean_as_A_plus_offset,float,70.26680544713332,70.2668054471265,6.821210263296962e-12,1e-09,True,humidity,,7
rq2,2,User02,B_mae,float,1.8108262031821327,1.810826203182461,3.2818192607919627e-13,1e-09,True,temperature,,7
rq2,2,User02,B_rmse,float,2.3508302803651318,2.3508302803656447,5.129230373768223e-13,1e-09,True,temperature,,7
rq2,2,User02,B_bias,float,-1.616667359517346,-1.616667359518092,7.460698725481052e-13,1e-09,True,temperature,,7
rq2,2,User02,B_fit_windows,exact,23058,23058,,0,True,temperature,,7
rq2,2,User02,B_mae,float,16.692969025232205,16.692969025227423,4.781952611665474e-12,1e-09,True,humidity,,7
rq2,2,User02,B_rmse,float,20.139936368792192,20.139936368787215,4.977351863999502e-12,1e-09,True,humidity,,7
rq2,2,User02,B_bias,float,14.705645585281676,14.705645585274855,6.821210263296962e-12,1e-09,True,humidity,,7
rq2,2,User02,B_fit_windows,exact,23058,23058,,0,True,humidity,,7
rq2,2,User02,E_prediction_keys,exact,ok,ok,,0,True,,0,7
rq2,2,User02,E_y_true,exact,,,,0,True,,0,7
rq2,2,User02,E_prediction_keys,exact,ok,ok,,0,True,,1,7
rq2,2,User02,E_y_true,exact,,,,0,True,,1,7
rq2,2,User02,E_prediction_keys,exact,ok,ok,,0,True,,2,7
rq2,2,User02,E_y_true,exact,,,,0,True,,2,7
rq2,2,User02,adaptation_and_buffer_nights_equal_plan,exact,,,,0,True,,,14
rq2,2,User02,fit_windows:fit_windows_are_labelled_adaptation_windows,exact,ok,ok,,0,True,,,14
rq2,2,User02,fit_windows:fit_windows_in_the_earliest_b_nights,exact,ok,ok,,0,True,,,14
rq2,2,User02,fit_windows:no_fit_window_in_the_buffer_night,exact,ok,ok,,0,True,,,14
rq2,2,User02,fit_windows:no_fit_window_in_a_test_or_primary_night,exact,ok,ok,,0,True,,,14
rq2,2,User02,fit_windows:fit_rows_precede_buffer_and_test_rows,exact,ok,ok,,0,True,,,14
rq2,2,User02,adaptation_windows,exact,44800,44800,,0,True,,,14
rq2,2,User02,primary_targets_equal_b0,exact,,,,0,True,,,14
rq2,2,User02,B_adaptation_mean_as_A_plus_offset,float,29.93984375,29.939843750001064,1.0622613899613498e-12,1e-09,True,temperature,,14
rq2,2,User02,B_adaptation_mean_as_A_plus_offset,float,64.17069196428571,64.17069196430761,2.1898927116126288e-11,1e-09,True,humidity,,14
rq2,2,User02,B_mae,float,1.48573096058233,1.4857309605818627,4.671818487622659e-13,1e-09,True,temperature,,14
rq2,2,User02,B_rmse,float,1.919235819041584,1.9192358190410976,4.862776847858186e-13,1e-09,True,temperature,,14
rq2,2,User02,B_bias,float,-0.8778818105755472,-0.877881810574485,1.0621503676588873e-12,1e-09,True,temperature,,14
rq2,2,User02,B_fit_windows,exact,44800,44800,,0,True,temperature,,14
rq2,2,User02,B_mae,float,13.423178270840754,13.423178270849409,8.65441052155802e-12,1e-09,True,humidity,,14
rq2,2,User02,B_rmse,float,16.232223134306857,16.23222313431847,1.1613821015998838e-11,1e-09,True,humidity,,14
rq2,2,User02,B_bias,float,8.609532102434065,8.609532102455958,2.1893598045608087e-11,1e-09,True,humidity,,14
rq2,2,User02,B_fit_windows,exact,44800,44800,,0,True,humidity,,14
rq2,2,User02,E_prediction_keys,exact,ok,ok,,0,True,,0,14
rq2,2,User02,E_y_true,exact,,,,0,True,,0,14
rq2,2,User02,E_prediction_keys,exact,ok,ok,,0,True,,1,14
rq2,2,User02,E_y_true,exact,,,,0,True,,1,14
rq2,2,User02,E_prediction_keys,exact,ok,ok,,0,True,,2,14
rq2,2,User02,E_y_true,exact,,,,0,True,,2,14
rq2,2,User02,S_prediction_keys,exact,ok,ok,,0,True,,0,
rq2,2,User02,S_y_true,exact,,,,0,True,,0,
rq2,2,User02,S_prediction_keys,exact,ok,ok,,0,True,,1,
rq2,2,User02,S_y_true,exact,,,,0,True,,1,
rq2,2,User02,S_prediction_keys,exact,ok,ok,,0,True,,2,
rq2,2,User02,S_y_true,exact,,,,0,True,,2,
rq2,2,User02,C_mae_vs_p8,float,4.98890344884399,4.98890344884399,0.0,1e-09,True,temperature,0,0
rq2,2,User02,C_mae_vs_p5,float,4.98890344884399,4.98890344884399,0.0,1e-09,True,temperature,0,0
rq2,2,User02,C_rmse_vs_p8,float,5.322680213385161,5.322680213385161,0.0,1e-09,True,temperature,0,0
rq2,2,User02,C_rmse_vs_p5,float,5.322680213385161,5.322680213385161,0.0,1e-09,True,temperature,0,0
rq2,2,User02,C_bias_vs_p8,float,-4.98890344884399,-4.98890344884399,0.0,1e-09,True,temperature,0,0
rq2,2,User02,C_bias_vs_p5,float,-4.98890344884399,-4.98890344884399,0.0,1e-09,True,temperature,0,0
rq2,2,User02,C_mae_vs_p8,float,21.71618773265025,21.71618773265025,0.0,1e-09,True,humidity,0,0
rq2,2,User02,C_mae_vs_p5,float,21.71618773265025,21.71618773265025,0.0,1e-09,True,humidity,0,0
rq2,2,User02,C_rmse_vs_p8,float,25.87397339191383,25.87397339191383,0.0,1e-09,True,humidity,0,0
rq2,2,User02,C_rmse_vs_p5,float,25.87397339191383,25.87397339191383,0.0,1e-09,True,humidity,0,0
rq2,2,User02,C_bias_vs_p8,float,-21.042309363907663,-21.042309363907663,0.0,1e-09,True,humidity,0,0
rq2,2,User02,C_bias_vs_p5,float,-21.042309363907663,-21.042309363907663,0.0,1e-09,True,humidity,0,0
rq2,2,User02,C_mae_vs_p8,float,5.068392105822567,5.068392105822567,0.0,1e-09,True,temperature,1,0
rq2,2,User02,C_mae_vs_p5,float,5.068392105822567,5.068392105822567,0.0,1e-09,True,temperature,1,0
rq2,2,User02,C_rmse_vs_p8,float,5.397573899035204,5.397573899035204,0.0,1e-09,True,temperature,1,0
rq2,2,User02,C_rmse_vs_p5,float,5.397573899035204,5.397573899035204,0.0,1e-09,True,temperature,1,0
rq2,2,User02,C_bias_vs_p8,float,-5.068392105822567,-5.068392105822567,0.0,1e-09,True,temperature,1,0
rq2,2,User02,C_bias_vs_p5,float,-5.068392105822567,-5.068392105822567,0.0,1e-09,True,temperature,1,0
rq2,2,User02,C_mae_vs_p8,float,21.6751157584665,21.6751157584665,0.0,1e-09,True,humidity,1,0
rq2,2,User02,C_mae_vs_p5,float,21.6751157584665,21.6751157584665,0.0,1e-09,True,humidity,1,0
rq2,2,User02,C_rmse_vs_p8,float,25.8342973126049,25.8342973126049,0.0,1e-09,True,humidity,1,0
rq2,2,User02,C_rmse_vs_p5,float,25.8342973126049,25.8342973126049,0.0,1e-09,True,humidity,1,0
rq2,2,User02,C_bias_vs_p8,float,-21.014560583977453,-21.014560583977453,0.0,1e-09,True,humidity,1,0
rq2,2,User02,C_bias_vs_p5,float,-21.014560583977453,-21.014560583977453,0.0,1e-09,True,humidity,1,0
rq2,2,User02,C_mae_vs_p8,float,5.12389265921062,5.12389265921062,0.0,1e-09,True,temperature,2,0
rq2,2,User02,C_mae_vs_p5,float,5.12389265921062,5.12389265921062,0.0,1e-09,True,temperature,2,0
rq2,2,User02,C_rmse_vs_p8,float,5.446748355860931,5.446748355860931,0.0,1e-09,True,temperature,2,0
rq2,2,User02,C_rmse_vs_p5,float,5.446748355860931,5.446748355860931,0.0,1e-09,True,temperature,2,0
rq2,2,User02,C_bias_vs_p8,float,-5.12389265921062,-5.12389265921062,0.0,1e-09,True,temperature,2,0
rq2,2,User02,C_bias_vs_p5,float,-5.12389265921062,-5.12389265921062,0.0,1e-09,True,temperature,2,0
rq2,2,User02,C_mae_vs_p8,float,22.561445093247787,22.561445093247787,0.0,1e-09,True,humidity,2,0
rq2,2,User02,C_mae_vs_p5,float,22.561445093247787,22.561445093247787,0.0,1e-09,True,humidity,2,0
rq2,2,User02,C_rmse_vs_p8,float,26.707564907934568,26.707564907934568,0.0,1e-09,True,humidity,2,0
rq2,2,User02,C_rmse_vs_p5,float,26.707564907934568,26.707564907934568,0.0,1e-09,True,humidity,2,0
rq2,2,User02,C_bias_vs_p8,float,-22.034037641931707,-22.034037641931707,0.0,1e-09,True,humidity,2,0
rq2,2,User02,C_bias_vs_p5,float,-22.034037641931707,-22.034037641931707,0.0,1e-09,True,humidity,2,0
rq2,2,User02,E_mae_vs_p8,float,4.347667656194878,4.347667656194878,0.0,1e-09,True,temperature,0,1
rq2,2,User02,E_mae_vs_p5,float,4.347667656194878,4.347667656194878,0.0,1e-09,True,temperature,0,1
rq2,2,User02,E_rmse_vs_p8,float,4.71978541110746,4.71978541110746,0.0,1e-09,True,temperature,0,1
rq2,2,User02,E_rmse_vs_p5,float,4.71978541110746,4.71978541110746,0.0,1e-09,True,temperature,0,1
rq2,2,User02,E_bias_vs_p8,float,-4.347667656194878,-4.347667656194878,0.0,1e-09,True,temperature,0,1
rq2,2,User02,E_bias_vs_p5,float,-4.347667656194878,-4.347667656194878,0.0,1e-09,True,temperature,0,1
rq2,2,User02,E_mae_vs_p8,float,17.217987817918416,17.217987817918416,0.0,1e-09,True,humidity,0,1
rq2,2,User02,E_mae_vs_p5,float,17.217987817918416,17.217987817918416,0.0,1e-09,True,humidity,0,1
rq2,2,User02,E_rmse_vs_p8,float,21.200787122461925,21.200787122461925,0.0,1e-09,True,humidity,0,1
rq2,2,User02,E_rmse_vs_p5,float,21.200787122461925,21.200787122461925,0.0,1e-09,True,humidity,0,1
rq2,2,User02,E_bias_vs_p8,float,-15.206236613858875,-15.206236613858875,0.0,1e-09,True,humidity,0,1
rq2,2,User02,E_bias_vs_p5,float,-15.206236613858875,-15.206236613858875,0.0,1e-09,True,humidity,0,1
rq2,2,User02,E_mae_vs_p8,float,4.306003026325849,4.306003026325849,0.0,1e-09,True,temperature,1,1
rq2,2,User02,E_mae_vs_p5,float,4.306003026325849,4.306003026325849,0.0,1e-09,True,temperature,1,1
rq2,2,User02,E_rmse_vs_p8,float,4.696777056594705,4.696777056594705,0.0,1e-09,True,temperature,1,1
rq2,2,User02,E_rmse_vs_p5,float,4.696777056594705,4.696777056594705,0.0,1e-09,True,temperature,1,1
rq2,2,User02,E_bias_vs_p8,float,-4.306000568692451,-4.306000568692451,0.0,1e-09,True,temperature,1,1
rq2,2,User02,E_bias_vs_p5,float,-4.306000568692451,-4.306000568692451,0.0,1e-09,True,temperature,1,1
rq2,2,User02,E_mae_vs_p8,float,16.873888159285094,16.873888159285094,0.0,1e-09,True,humidity,1,1
rq2,2,User02,E_mae_vs_p5,float,16.873888159285094,16.873888159285094,0.0,1e-09,True,humidity,1,1
rq2,2,User02,E_rmse_vs_p8,float,20.77200800288267,20.77200800288267,0.0,1e-09,True,humidity,1,1
rq2,2,User02,E_rmse_vs_p5,float,20.77200800288267,20.77200800288267,0.0,1e-09,True,humidity,1,1
rq2,2,User02,E_bias_vs_p8,float,-14.85112919246311,-14.85112919246311,0.0,1e-09,True,humidity,1,1
rq2,2,User02,E_bias_vs_p5,float,-14.85112919246311,-14.85112919246311,0.0,1e-09,True,humidity,1,1
rq2,2,User02,E_mae_vs_p8,float,4.362827837457076,4.362827837457076,0.0,1e-09,True,temperature,2,1
rq2,2,User02,E_mae_vs_p5,float,4.362827837457076,4.362827837457076,0.0,1e-09,True,temperature,2,1
rq2,2,User02,E_rmse_vs_p8,float,4.763961817409627,4.763961817409627,0.0,1e-09,True,temperature,2,1
rq2,2,User02,E_rmse_vs_p5,float,4.763961817409627,4.763961817409627,0.0,1e-09,True,temperature,2,1
rq2,2,User02,E_bias_vs_p8,float,-4.362805193243741,-4.362805193243741,0.0,1e-09,True,temperature,2,1
rq2,2,User02,E_bias_vs_p5,float,-4.362805193243741,-4.362805193243741,0.0,1e-09,True,temperature,2,1
rq2,2,User02,E_mae_vs_p8,float,17.775256198050663,17.775256198050663,0.0,1e-09,True,humidity,2,1
rq2,2,User02,E_mae_vs_p5,float,17.775256198050663,17.775256198050663,0.0,1e-09,True,humidity,2,1
rq2,2,User02,E_rmse_vs_p8,float,21.925050800742365,21.925050800742365,0.0,1e-09,True,humidity,2,1
rq2,2,User02,E_rmse_vs_p5,float,21.925050800742365,21.925050800742365,0.0,1e-09,True,humidity,2,1
rq2,2,User02,E_bias_vs_p8,float,-15.889994624410681,-15.889994624410681,0.0,1e-09,True,humidity,2,1
rq2,2,User02,E_bias_vs_p5,float,-15.889994624410681,-15.889994624410681,0.0,1e-09,True,humidity,2,1
rq2,2,User02,E_mae_vs_p8,float,3.0195965075118463,3.0195965075118463,0.0,1e-09,True,temperature,0,3
rq2,2,User02,E_mae_vs_p5,float,3.0195965075118463,3.0195965075118463,0.0,1e-09,True,temperature,0,3
rq2,2,User02,E_rmse_vs_p8,float,3.515629526386996,3.515629526386996,0.0,1e-09,True,temperature,0,3
rq2,2,User02,E_rmse_vs_p5,float,3.515629526386996,3.515629526386996,0.0,1e-09,True,temperature,0,3
rq2,2,User02,E_bias_vs_p8,float,-3.016444142363801,-3.016444142363801,0.0,1e-09,True,temperature,0,3
rq2,2,User02,E_bias_vs_p5,float,-3.016444142363801,-3.016444142363801,0.0,1e-09,True,temperature,0,3
rq2,2,User02,E_mae_vs_p8,float,12.027385201105936,12.027385201105936,0.0,1e-09,True,humidity,0,3
rq2,2,User02,E_mae_vs_p5,float,12.027385201105936,12.027385201105936,0.0,1e-09,True,humidity,0,3
rq2,2,User02,E_rmse_vs_p8,float,14.66365583889657,14.66365583889657,0.0,1e-09,True,humidity,0,3
rq2,2,User02,E_rmse_vs_p5,float,14.66365583889657,14.66365583889657,0.0,1e-09,True,humidity,0,3
rq2,2,User02,E_bias_vs_p8,float,-2.4294239688497665,-2.4294239688497665,0.0,1e-09,True,humidity,0,3
rq2,2,User02,E_bias_vs_p5,float,-2.4294239688497665,-2.4294239688497665,0.0,1e-09,True,humidity,0,3
rq2,2,User02,E_mae_vs_p8,float,2.857064327900412,2.857064327900412,0.0,1e-09,True,temperature,1,3
rq2,2,User02,E_mae_vs_p5,float,2.857064327900412,2.857064327900412,0.0,1e-09,True,temperature,1,3
rq2,2,User02,E_rmse_vs_p8,float,3.411876896785952,3.411876896785952,0.0,1e-09,True,temperature,1,3
rq2,2,User02,E_rmse_vs_p5,float,3.411876896785952,3.411876896785952,0.0,1e-09,True,temperature,1,3
rq2,2,User02,E_bias_vs_p8,float,-2.838500300714198,-2.838500300714198,0.0,1e-09,True,temperature,1,3
rq2,2,User02,E_bias_vs_p5,float,-2.838500300714198,-2.838500300714198,0.0,1e-09,True,temperature,1,3
rq2,2,User02,E_mae_vs_p8,float,12.440337548568163,12.440337548568163,0.0,1e-09,True,humidity,1,3
rq2,2,User02,E_mae_vs_p5,float,12.440337548568163,12.440337548568163,0.0,1e-09,True,humidity,1,3
rq2,2,User02,E_rmse_vs_p8,float,15.04752704251949,15.04752704251949,0.0,1e-09,True,humidity,1,3
rq2,2,User02,E_rmse_vs_p5,float,15.04752704251949,15.04752704251949,0.0,1e-09,True,humidity,1,3
rq2,2,User02,E_bias_vs_p8,float,-2.467983892720686,-2.467983892720686,0.0,1e-09,True,humidity,1,3
rq2,2,User02,E_bias_vs_p5,float,-2.467983892720686,-2.467983892720686,0.0,1e-09,True,humidity,1,3
rq2,2,User02,E_mae_vs_p8,float,2.3985679439920364,2.3985679439920364,0.0,1e-09,True,temperature,2,3
rq2,2,User02,E_mae_vs_p5,float,2.3985679439920364,2.3985679439920364,0.0,1e-09,True,temperature,2,3
rq2,2,User02,E_rmse_vs_p8,float,3.0580212146061174,3.0580212146061174,0.0,1e-09,True,temperature,2,3
rq2,2,User02,E_rmse_vs_p5,float,3.0580212146061174,3.0580212146061174,0.0,1e-09,True,temperature,2,3
rq2,2,User02,E_bias_vs_p8,float,-2.2694865126772843,-2.2694865126772843,0.0,1e-09,True,temperature,2,3
rq2,2,User02,E_bias_vs_p5,float,-2.2694865126772843,-2.2694865126772843,0.0,1e-09,True,temperature,2,3
rq2,2,User02,E_mae_vs_p8,float,13.635921379946982,13.635921379946982,0.0,1e-09,True,humidity,2,3
rq2,2,User02,E_mae_vs_p5,float,13.635921379946982,13.635921379946982,0.0,1e-09,True,humidity,2,3
rq2,2,User02,E_rmse_vs_p8,float,16.09288513487783,16.09288513487783,0.0,1e-09,True,humidity,2,3
rq2,2,User02,E_rmse_vs_p5,float,16.09288513487783,16.09288513487783,0.0,1e-09,True,humidity,2,3
rq2,2,User02,E_bias_vs_p8,float,1.9571795672480967,1.9571795672480967,0.0,1e-09,True,humidity,2,3
rq2,2,User02,E_bias_vs_p5,float,1.9571795672480967,1.9571795672480967,0.0,1e-09,True,humidity,2,3
rq2,2,User02,E_mae_vs_p8,float,1.9118088241160787,1.9118088241160787,0.0,1e-09,True,temperature,0,7
rq2,2,User02,E_mae_vs_p5,float,1.9118088241160787,1.9118088241160787,0.0,1e-09,True,temperature,0,7
rq2,2,User02,E_rmse_vs_p8,float,2.4756620328716794,2.4756620328716794,0.0,1e-09,True,temperature,0,7
rq2,2,User02,E_rmse_vs_p5,float,2.4756620328716794,2.4756620328716794,0.0,1e-09,True,temperature,0,7
rq2,2,User02,E_bias_vs_p8,float,-1.7805330723251116,-1.7805330723251116,0.0,1e-09,True,temperature,0,7
rq2,2,User02,E_bias_vs_p5,float,-1.7805330723251116,-1.7805330723251116,0.0,1e-09,True,temperature,0,7
rq2,2,User02,E_mae_vs_p8,float,14.94022798351683,14.94022798351683,0.0,1e-09,True,humidity,0,7
rq2,2,User02,E_mae_vs_p5,float,14.94022798351683,14.94022798351683,0.0,1e-09,True,humidity,0,7
rq2,2,User02,E_rmse_vs_p8,float,18.383868258388638,18.383868258388638,0.0,1e-09,True,humidity,0,7
rq2,2,User02,E_rmse_vs_p5,float,18.383868258388638,18.383868258388638,0.0,1e-09,True,humidity,0,7
rq2,2,User02,E_bias_vs_p8,float,12.03207130637518,12.03207130637518,0.0,1e-09,True,humidity,0,7
rq2,2,User02,E_bias_vs_p5,float,12.03207130637518,12.03207130637518,0.0,1e-09,True,humidity,0,7
rq2,2,User02,E_mae_vs_p8,float,1.9747725289186193,1.9747725289186193,0.0,1e-09,True,temperature,1,7
rq2,2,User02,E_mae_vs_p5,float,1.9747725289186193,1.9747725289186193,0.0,1e-09,True,temperature,1,7
rq2,2,User02,E_rmse_vs_p8,float,2.54834322649514,2.54834322649514,0.0,1e-09,True,temperature,1,7
rq2,2,User02,E_rmse_vs_p5,float,2.54834322649514,2.54834322649514,0.0,1e-09,True,temperature,1,7
rq2,2,User02,E_bias_vs_p8,float,-1.8192191698822753,-1.8192191698822753,0.0,1e-09,True,temperature,1,7
rq2,2,User02,E_bias_vs_p5,float,-1.8192191698822753,-1.8192191698822753,0.0,1e-09,True,temperature,1,7
rq2,2,User02,E_mae_vs_p8,float,14.804560917985707,14.804560917985707,0.0,1e-09,True,humidity,1,7
rq2,2,User02,E_mae_vs_p5,float,14.804560917985707,14.804560917985707,0.0,1e-09,True,humidity,1,7
rq2,2,User02,E_rmse_vs_p8,float,18.131039153883865,18.131039153883865,0.0,1e-09,True,humidity,1,7
rq2,2,User02,E_rmse_vs_p5,float,18.131039153883865,18.131039153883865,0.0,1e-09,True,humidity,1,7
rq2,2,User02,E_bias_vs_p8,float,11.238277622697629,11.238277622697629,0.0,1e-09,True,humidity,1,7
rq2,2,User02,E_bias_vs_p5,float,11.238277622697629,11.238277622697629,0.0,1e-09,True,humidity,1,7
rq2,2,User02,E_mae_vs_p8,float,1.9861256120198576,1.9861256120198576,0.0,1e-09,True,temperature,2,7
rq2,2,User02,E_mae_vs_p5,float,1.9861256120198576,1.9861256120198576,0.0,1e-09,True,temperature,2,7
rq2,2,User02,E_rmse_vs_p8,float,2.5544896440031453,2.5544896440031453,0.0,1e-09,True,temperature,2,7
rq2,2,User02,E_rmse_vs_p5,float,2.5544896440031453,2.5544896440031453,0.0,1e-09,True,temperature,2,7
rq2,2,User02,E_bias_vs_p8,float,-1.7653457426387191,-1.7653457426387191,0.0,1e-09,True,temperature,2,7
rq2,2,User02,E_bias_vs_p5,float,-1.7653457426387191,-1.7653457426387191,0.0,1e-09,True,temperature,2,7
rq2,2,User02,E_mae_vs_p8,float,15.21502108153374,15.21502108153374,0.0,1e-09,True,humidity,2,7
rq2,2,User02,E_mae_vs_p5,float,15.21502108153374,15.21502108153374,0.0,1e-09,True,humidity,2,7
rq2,2,User02,E_rmse_vs_p8,float,18.503512826278914,18.503512826278914,0.0,1e-09,True,humidity,2,7
rq2,2,User02,E_rmse_vs_p5,float,18.503512826278914,18.503512826278914,0.0,1e-09,True,humidity,2,7
rq2,2,User02,E_bias_vs_p8,float,10.922582707204521,10.922582707204521,0.0,1e-09,True,humidity,2,7
rq2,2,User02,E_bias_vs_p5,float,10.922582707204521,10.922582707204521,0.0,1e-09,True,humidity,2,7
rq2,2,User02,E_mae_vs_p8,float,1.5226666791438146,1.5226666791438146,0.0,1e-09,True,temperature,0,14
rq2,2,User02,E_mae_vs_p5,float,1.5226666791438146,1.5226666791438146,0.0,1e-09,True,temperature,0,14
rq2,2,User02,E_rmse_vs_p8,float,2.003643109856889,2.003643109856889,0.0,1e-09,True,temperature,0,14
rq2,2,User02,E_rmse_vs_p5,float,2.003643109856889,2.003643109856889,0.0,1e-09,True,temperature,0,14
rq2,2,User02,E_bias_vs_p8,float,-1.193293720100571,-1.193293720100571,0.0,1e-09,True,temperature,0,14
rq2,2,User02,E_bias_vs_p5,float,-1.193293720100571,-1.193293720100571,0.0,1e-09,True,temperature,0,14
rq2,2,User02,E_mae_vs_p8,float,12.075163270105271,12.075163270105271,0.0,1e-09,True,humidity,0,14
rq2,2,User02,E_mae_vs_p5,float,12.075163270105271,12.075163270105271,0.0,1e-09,True,humidity,0,14
rq2,2,User02,E_rmse_vs_p8,float,14.907534010651554,14.907534010651554,0.0,1e-09,True,humidity,0,14
rq2,2,User02,E_rmse_vs_p5,float,14.907534010651554,14.907534010651554,0.0,1e-09,True,humidity,0,14
rq2,2,User02,E_bias_vs_p8,float,6.401734711607257,6.401734711607257,0.0,1e-09,True,humidity,0,14
rq2,2,User02,E_bias_vs_p5,float,6.401734711607257,6.401734711607257,0.0,1e-09,True,humidity,0,14
rq2,2,User02,E_mae_vs_p8,float,1.5410766037352455,1.5410766037352455,0.0,1e-09,True,temperature,1,14
rq2,2,User02,E_mae_vs_p5,float,1.5410766037352455,1.5410766037352455,0.0,1e-09,True,temperature,1,14
rq2,2,User02,E_rmse_vs_p8,float,2.031401584927107,2.031401584927107,0.0,1e-09,True,temperature,1,14
rq2,2,User02,E_rmse_vs_p5,float,2.031401584927107,2.031401584927107,0.0,1e-09,True,temperature,1,14
rq2,2,User02,E_bias_vs_p8,float,-1.2138547015680259,-1.2138547015680259,0.0,1e-09,True,temperature,1,14
rq2,2,User02,E_bias_vs_p5,float,-1.2138547015680259,-1.2138547015680259,0.0,1e-09,True,temperature,1,14
rq2,2,User02,E_mae_vs_p8,float,12.40276466484662,12.40276466484662,0.0,1e-09,True,humidity,1,14
rq2,2,User02,E_mae_vs_p5,float,12.40276466484662,12.40276466484662,0.0,1e-09,True,humidity,1,14
rq2,2,User02,E_rmse_vs_p8,float,15.196545996607838,15.196545996607838,0.0,1e-09,True,humidity,1,14
rq2,2,User02,E_rmse_vs_p5,float,15.196545996607838,15.196545996607838,0.0,1e-09,True,humidity,1,14
rq2,2,User02,E_bias_vs_p8,float,6.733922635829467,6.733922635829467,0.0,1e-09,True,humidity,1,14
rq2,2,User02,E_bias_vs_p5,float,6.733922635829467,6.733922635829467,0.0,1e-09,True,humidity,1,14
rq2,2,User02,E_mae_vs_p8,float,1.5874599250980341,1.5874599250980341,0.0,1e-09,True,temperature,2,14
rq2,2,User02,E_mae_vs_p5,float,1.5874599250980341,1.5874599250980341,0.0,1e-09,True,temperature,2,14
rq2,2,User02,E_rmse_vs_p8,float,2.0722897027855236,2.0722897027855236,0.0,1e-09,True,temperature,2,14
rq2,2,User02,E_rmse_vs_p5,float,2.0722897027855236,2.0722897027855236,0.0,1e-09,True,temperature,2,14
rq2,2,User02,E_bias_vs_p8,float,-1.2286099336422696,-1.2286099336422696,0.0,1e-09,True,temperature,2,14
rq2,2,User02,E_bias_vs_p5,float,-1.2286099336422696,-1.2286099336422696,0.0,1e-09,True,temperature,2,14
rq2,2,User02,E_mae_vs_p8,float,12.225079376383027,12.225079376383027,0.0,1e-09,True,humidity,2,14
rq2,2,User02,E_mae_vs_p5,float,12.225079376383027,12.225079376383027,0.0,1e-09,True,humidity,2,14
rq2,2,User02,E_rmse_vs_p8,float,15.046708384380677,15.046708384380677,0.0,1e-09,True,humidity,2,14
rq2,2,User02,E_rmse_vs_p5,float,15.046708384380677,15.046708384380677,0.0,1e-09,True,humidity,2,14
rq2,2,User02,E_bias_vs_p8,float,6.158740960760746,6.158740960760746,0.0,1e-09,True,humidity,2,14
rq2,2,User02,E_bias_vs_p5,float,6.158740960760746,6.158740960760746,0.0,1e-09,True,humidity,2,14
rq2,2,User02,S_mae_vs_p8,float,1.5131779556067952,1.5131779556067952,0.0,1e-09,True,temperature,0,14
rq2,2,User02,S_rmse_vs_p8,float,1.9950405698063478,1.9950405698063478,0.0,1e-09,True,temperature,0,14
rq2,2,User02,S_bias_vs_p8,float,-1.2117556790756072,-1.2117556790756072,0.0,1e-09,True,temperature,0,14
rq2,2,User02,S_mae_vs_p8,float,11.877076928382701,11.877076928382701,0.0,1e-09,True,humidity,0,14
rq2,2,User02,S_rmse_vs_p8,float,14.625989727690353,14.625989727690353,0.0,1e-09,True,humidity,0,14
rq2,2,User02,S_bias_vs_p8,float,5.921778407301518,5.921778407301518,0.0,1e-09,True,humidity,0,14
rq2,2,User02,S_mae_vs_p8,float,1.6064926536474589,1.6064926536474589,0.0,1e-09,True,temperature,1,14
rq2,2,User02,S_rmse_vs_p8,float,2.1046156748376297,2.1046156748376297,0.0,1e-09,True,temperature,1,14
rq2,2,User02,S_bias_vs_p8,float,-1.3473285166560287,-1.3473285166560287,0.0,1e-09,True,temperature,1,14
rq2,2,User02,S_mae_vs_p8,float,11.3946222723021,11.3946222723021,0.0,1e-09,True,humidity,1,14
rq2,2,User02,S_rmse_vs_p8,float,14.054570194912966,14.054570194912966,0.0,1e-09,True,humidity,1,14
rq2,2,User02,S_bias_vs_p8,float,4.438343404348216,4.438343404348216,0.0,1e-09,True,humidity,1,14
rq2,2,User02,S_mae_vs_p8,float,1.578390981315206,1.578390981315206,0.0,1e-09,True,temperature,2,14
rq2,2,User02,S_rmse_vs_p8,float,2.0702650221245844,2.0702650221245844,0.0,1e-09,True,temperature,2,14
rq2,2,User02,S_bias_vs_p8,float,-1.311703251171544,-1.311703251171544,0.0,1e-09,True,temperature,2,14
rq2,2,User02,S_mae_vs_p8,float,11.381332949712757,11.381332949712757,0.0,1e-09,True,humidity,2,14
rq2,2,User02,S_rmse_vs_p8,float,14.063761647988791,14.063761647988791,0.0,1e-09,True,humidity,2,14
rq2,2,User02,S_bias_vs_p8,float,4.500051633892918,4.500051633892918,0.0,1e-09,True,humidity,2,14
rq2,3,User07,primary_windows_digest,exact,,,,0,True,,,
rq2,3,User07,primary_test_windows,exact,114838,114838,,0,True,,,
rq2,3,User07,primary_test_nights,exact,85,85,,0,True,,,
rq2,3,User07,primary_night_ordinals_ge_16,exact,,,,0,True,,,
rq2,3,User07,A_mae,float,1.5889514045308701,1.5889514045308701,0.0,1e-09,True,temperature,,
rq2,3,User07,A_rmse,float,1.9467161598143001,1.9467161598143001,0.0,1e-09,True,temperature,,
rq2,3,User07,A_bias,float,0.7092590169349485,0.7092590169349485,0.0,1e-09,True,temperature,,
rq2,3,User07,A_mae,float,8.387674311928837,8.387674311928837,0.0,1e-09,True,humidity,,
rq2,3,User07,A_rmse,float,9.971502532712394,9.971502532712394,0.0,1e-09,True,humidity,,
rq2,3,User07,A_bias,float,-2.1516425999934827,-2.1516425999934827,0.0,1e-09,True,humidity,,
rq2,3,User07,C_prediction_keys,exact,ok,ok,,0,True,,0,
rq2,3,User07,C_y_true,exact,,,,0,True,,0,
rq2,3,User07,C_prediction_keys,exact,ok,ok,,0,True,,1,
rq2,3,User07,C_y_true,exact,,,,0,True,,1,
rq2,3,User07,C_prediction_keys,exact,ok,ok,,0,True,,2,
rq2,3,User07,C_y_true,exact,,,,0,True,,2,
rq2,3,User07,adaptation_and_buffer_nights_equal_plan,exact,,,,0,True,,,1
rq2,3,User07,fit_windows:fit_windows_are_labelled_adaptation_windows,exact,ok,ok,,0,True,,,1
rq2,3,User07,fit_windows:fit_windows_in_the_earliest_b_nights,exact,ok,ok,,0,True,,,1
rq2,3,User07,fit_windows:no_fit_window_in_the_buffer_night,exact,ok,ok,,0,True,,,1
rq2,3,User07,fit_windows:no_fit_window_in_a_test_or_primary_night,exact,ok,ok,,0,True,,,1
rq2,3,User07,fit_windows:fit_rows_precede_buffer_and_test_rows,exact,ok,ok,,0,True,,,1
rq2,3,User07,adaptation_windows,exact,2075,2075,,0,True,,,1
rq2,3,User07,primary_targets_equal_b0,exact,,,,0,True,,,1
rq2,3,User07,B_adaptation_mean_as_A_plus_offset,float,24.452530120481928,24.452530120481878,4.973799150320701e-14,1e-09,True,temperature,,1
rq2,3,User07,B_adaptation_mean_as_A_plus_offset,float,37.694939759036146,37.69493975903614,7.105427357601002e-15,1e-09,True,humidity,,1
rq2,3,User07,B_mae,float,2.407764278521635,2.407764278521666,3.108624468950438e-14,1e-09,True,temperature,,1
rq2,3,User07,B_rmse,float,2.86748013818931,2.867480138189349,3.907985046680551e-14,1e-09,True,temperature,,1
rq2,3,User07,B_bias,float,-2.221663090824434,-2.2216630908244834,4.929390229335695e-14,1e-09,True,temperature,,1
rq2,3,User07,B_fit_windows,exact,2075,2075,,0,True,temperature,,1
rq2,3,User07,B_mae,float,8.336912814007034,8.336912814007034,0.0,1e-09,True,humidity,,1
rq2,3,User07,B_rmse,float,9.857564736874178,9.85756473687418,1.7763568394002505e-15,1e-09,True,humidity,,1
rq2,3,User07,B_bias,float,-1.539573207055218,-1.539573207055223,5.10702591327572e-15,1e-09,True,humidity,,1
rq2,3,User07,B_fit_windows,exact,2075,2075,,0,True,humidity,,1
rq2,3,User07,E_prediction_keys,exact,ok,ok,,0,True,,0,1
rq2,3,User07,E_y_true,exact,,,,0,True,,0,1
rq2,3,User07,E_prediction_keys,exact,ok,ok,,0,True,,1,1
rq2,3,User07,E_y_true,exact,,,,0,True,,1,1
rq2,3,User07,E_prediction_keys,exact,ok,ok,,0,True,,2,1
rq2,3,User07,E_y_true,exact,,,,0,True,,2,1
rq2,3,User07,adaptation_and_buffer_nights_equal_plan,exact,,,,0,True,,,3
rq2,3,User07,fit_windows:fit_windows_are_labelled_adaptation_windows,exact,ok,ok,,0,True,,,3
rq2,3,User07,fit_windows:fit_windows_in_the_earliest_b_nights,exact,ok,ok,,0,True,,,3
rq2,3,User07,fit_windows:no_fit_window_in_the_buffer_night,exact,ok,ok,,0,True,,,3
rq2,3,User07,fit_windows:no_fit_window_in_a_test_or_primary_night,exact,ok,ok,,0,True,,,3
rq2,3,User07,fit_windows:fit_rows_precede_buffer_and_test_rows,exact,ok,ok,,0,True,,,3
rq2,3,User07,adaptation_windows,exact,5775,5775,,0,True,,,3
rq2,3,User07,primary_targets_equal_b0,exact,,,,0,True,,,3
rq2,3,User07,B_adaptation_mean_as_A_plus_offset,float,24.38943722943723,24.389437229437178,5.3290705182007514e-14,1e-09,True,temperature,,3
rq2,3,User07,B_adaptation_mean_as_A_plus_offset,float,38.15341991341991,38.15341991341995,4.263256414560601e-14,1e-09,True,humidity,,3
rq2,3,User07,B_mae,float,2.4483633160931597,2.448363316093195,3.5083047578154947e-14,1e-09,True,temperature,,3
rq2,3,User07,B_rmse,float,2.916635964680094,2.916635964680136,4.218847493575595e-14,1e-09,True,temperature,,3
rq2,3,User07,B_bias,float,-2.28475598186913,-2.284755981869184,5.3734794391857577e-14,1e-09,True,temperature,,3
rq2,3,User07,B_fit_windows,exact,5775,5775,,0,True,temperature,,3
rq2,3,User07,B_mae,float,8.306725909165172,8.30672590916517,1.7763568394002505e-15,1e-09,True,humidity,,3
rq2,3,User07,B_rmse,float,9.796430935310955,9.79643093531095,5.329070518200751e-15,1e-09,True,humidity,,3
rq2,3,User07,B_bias,float,-1.0810930526714555,-1.0810930526714106,4.4853010194856324e-14,1e-09,True,humidity,,3
rq2,3,User07,B_fit_windows,exact,5775,5775,,0,True,humidity,,3
rq2,3,User07,E_prediction_keys,exact,ok,ok,,0,True,,0,3
rq2,3,User07,E_y_true,exact,,,,0,True,,0,3
rq2,3,User07,E_prediction_keys,exact,ok,ok,,0,True,,1,3
rq2,3,User07,E_y_true,exact,,,,0,True,,1,3
rq2,3,User07,E_prediction_keys,exact,ok,ok,,0,True,,2,3
rq2,3,User07,E_y_true,exact,,,,0,True,,2,3
rq2,3,User07,adaptation_and_buffer_nights_equal_plan,exact,,,,0,True,,,7
rq2,3,User07,fit_windows:fit_windows_are_labelled_adaptation_windows,exact,ok,ok,,0,True,,,7
rq2,3,User07,fit_windows:fit_windows_in_the_earliest_b_nights,exact,ok,ok,,0,True,,,7
rq2,3,User07,fit_windows:no_fit_window_in_the_buffer_night,exact,ok,ok,,0,True,,,7
rq2,3,User07,fit_windows:no_fit_window_in_a_test_or_primary_night,exact,ok,ok,,0,True,,,7
rq2,3,User07,fit_windows:fit_rows_precede_buffer_and_test_rows,exact,ok,ok,,0,True,,,7
rq2,3,User07,adaptation_windows,exact,12405,12405,,0,True,,,7
rq2,3,User07,primary_targets_equal_b0,exact,,,,0,True,,,7
rq2,3,User07,B_adaptation_mean_as_A_plus_offset,float,24.51608222490931,24.516082224909255,5.684341886080802e-14,1e-09,True,temperature,,7
rq2,3,User07,B_adaptation_mean_as_A_plus_offset,float,37.13696090286175,37.136960902861865,1.1368683772161603e-13,1e-09,True,humidity,,7
rq2,3,User07,B_mae,float,2.36686974614763,2.366869746147666,3.6415315207705135e-14,1e-09,True,temperature,,7
rq2,3,User07,B_rmse,float,2.818527715561132,2.818527715561176,4.39648317751562e-14,1e-09,True,temperature,,7
rq2,3,User07,B_bias,float,-2.1581109863970505,-2.1581109863971073,5.684341886080802e-14,1e-09,True,temperature,,7
rq2,3,User07,B_fit_windows,exact,12405,12405,,0,True,temperature,,7
rq2,3,User07,B_mae,float,8.38318835543239,8.38318835543238,1.0658141036401503e-14,1e-09,True,humidity,,7
rq2,3,User07,B_rmse,float,9.959970960788077,9.959970960788054,2.3092638912203256e-14,1e-09,True,humidity,,7
rq2,3,User07,B_bias,float,-2.097552063229613,-2.0975520632294993,1.1368683772161603e-13,1e-09,True,humidity,,7
rq2,3,User07,B_fit_windows,exact,12405,12405,,0,True,humidity,,7
rq2,3,User07,E_prediction_keys,exact,ok,ok,,0,True,,0,7
rq2,3,User07,E_y_true,exact,,,,0,True,,0,7
rq2,3,User07,E_prediction_keys,exact,ok,ok,,0,True,,1,7
rq2,3,User07,E_y_true,exact,,,,0,True,,1,7
rq2,3,User07,E_prediction_keys,exact,ok,ok,,0,True,,2,7
rq2,3,User07,E_y_true,exact,,,,0,True,,2,7
rq2,3,User07,adaptation_and_buffer_nights_equal_plan,exact,,,,0,True,,,14
rq2,3,User07,fit_windows:fit_windows_are_labelled_adaptation_windows,exact,ok,ok,,0,True,,,14
rq2,3,User07,fit_windows:fit_windows_in_the_earliest_b_nights,exact,ok,ok,,0,True,,,14
rq2,3,User07,fit_windows:no_fit_window_in_the_buffer_night,exact,ok,ok,,0,True,,,14
rq2,3,User07,fit_windows:no_fit_window_in_a_test_or_primary_night,exact,ok,ok,,0,True,,,14
rq2,3,User07,fit_windows:fit_rows_precede_buffer_and_test_rows,exact,ok,ok,,0,True,,,14
rq2,3,User07,adaptation_windows,exact,23932,23932,,0,True,,,14
rq2,3,User07,primary_targets_equal_b0,exact,,,,0,True,,,14
rq2,3,User07,B_adaptation_mean_as_A_plus_offset,float,24.579224469329766,24.579224469329713,5.3290705182007514e-14,1e-09,True,temperature,,14
rq2,3,User07,B_adaptation_mean_as_A_plus_offset,float,39.63713855925121,39.63713855925171,4.973799150320701e-13,1e-09,True,humidity,,14
rq2,3,User07,B_mae,float,2.3262389506470647,2.326238950647099,3.419486915845482e-14,1e-09,True,temperature,,14
rq2,3,User07,B_rmse,float,2.7704782048660133,2.7704782048660532,3.9968028886505635e-14,1e-09,True,temperature,,14
rq2,3,User07,B_bias,float,-2.094968741976596,-2.0949687419766487,5.284661597215745e-14,1e-09,True,temperature,,14
rq2,3,User07,B_fit_windows,exact,23932,23932,,0,True,temperature,,14
rq2,3,User07,B_mae,float,8.285407330790484,8.28540733079049,5.329070518200751e-15,1e-09,True,humidity,,14
rq2,3,User07,B_rmse,float,9.744916841618009,9.744916841618029,1.9539925233402755e-14,1e-09,True,humidity,,14
rq2,3,User07,B_bias,float,0.4026255931598488,0.4026255931603458,4.969913369734513e-13,1e-09,True,humidity,,14
rq2,3,User07,B_fit_windows,exact,23932,23932,,0,True,humidity,,14
rq2,3,User07,E_prediction_keys,exact,ok,ok,,0,True,,0,14
rq2,3,User07,E_y_true,exact,,,,0,True,,0,14
rq2,3,User07,E_prediction_keys,exact,ok,ok,,0,True,,1,14
rq2,3,User07,E_y_true,exact,,,,0,True,,1,14
rq2,3,User07,E_prediction_keys,exact,ok,ok,,0,True,,2,14
rq2,3,User07,E_y_true,exact,,,,0,True,,2,14
rq2,3,User07,S_prediction_keys,exact,ok,ok,,0,True,,0,
rq2,3,User07,S_y_true,exact,,,,0,True,,0,
rq2,3,User07,S_prediction_keys,exact,ok,ok,,0,True,,1,
rq2,3,User07,S_y_true,exact,,,,0,True,,1,
rq2,3,User07,S_prediction_keys,exact,ok,ok,,0,True,,2,
rq2,3,User07,S_y_true,exact,,,,0,True,,2,
rq2,3,User07,C_mae_vs_p8,float,1.7562015963313184,1.7562015963313184,0.0,1e-09,True,temperature,0,0
rq2,3,User07,C_mae_vs_p5,float,1.7562015963313184,1.7562015963313184,0.0,1e-09,True,temperature,0,0
rq2,3,User07,C_rmse_vs_p8,float,2.2092449698601406,2.2092449698601406,0.0,1e-09,True,temperature,0,0
rq2,3,User07,C_rmse_vs_p5,float,2.2092449698601406,2.2092449698601406,0.0,1e-09,True,temperature,0,0
rq2,3,User07,C_bias_vs_p8,float,0.7129450696090569,0.7129450696090569,0.0,1e-09,True,temperature,0,0
rq2,3,User07,C_bias_vs_p5,float,0.7129450696090569,0.7129450696090569,0.0,1e-09,True,temperature,0,0
rq2,3,User07,C_mae_vs_p8,float,10.048856284104133,10.048856284104133,0.0,1e-09,True,humidity,0,0
rq2,3,User07,C_mae_vs_p5,float,10.048856284104133,10.048856284104133,0.0,1e-09,True,humidity,0,0
rq2,3,User07,C_rmse_vs_p8,float,12.348376454975675,12.348376454975675,0.0,1e-09,True,humidity,0,0
rq2,3,User07,C_rmse_vs_p5,float,12.348376454975675,12.348376454975675,0.0,1e-09,True,humidity,0,0
rq2,3,User07,C_bias_vs_p8,float,1.6681151640022924,1.6681151640022924,0.0,1e-09,True,humidity,0,0
rq2,3,User07,C_bias_vs_p5,float,1.6681151640022924,1.6681151640022924,0.0,1e-09,True,humidity,0,0
rq2,3,User07,C_mae_vs_p8,float,2.0721988865085224,2.0721988865085224,0.0,1e-09,True,temperature,1,0
rq2,3,User07,C_mae_vs_p5,float,2.0721988865085224,2.0721988865085224,0.0,1e-09,True,temperature,1,0
rq2,3,User07,C_rmse_vs_p8,float,2.5890151059256916,2.5890151059256916,0.0,1e-09,True,temperature,1,0
rq2,3,User07,C_rmse_vs_p5,float,2.5890151059256916,2.5890151059256916,0.0,1e-09,True,temperature,1,0
rq2,3,User07,C_bias_vs_p8,float,1.5135865865834388,1.5135865865834388,0.0,1e-09,True,temperature,1,0
rq2,3,User07,C_bias_vs_p5,float,1.5135865865834388,1.5135865865834388,0.0,1e-09,True,temperature,1,0
rq2,3,User07,C_mae_vs_p8,float,10.598154099870527,10.598154099870527,0.0,1e-09,True,humidity,1,0
rq2,3,User07,C_mae_vs_p5,float,10.598154099870527,10.598154099870527,0.0,1e-09,True,humidity,1,0
rq2,3,User07,C_rmse_vs_p8,float,13.031151204804658,13.031151204804658,0.0,1e-09,True,humidity,1,0
rq2,3,User07,C_rmse_vs_p5,float,13.031151204804658,13.031151204804658,0.0,1e-09,True,humidity,1,0
rq2,3,User07,C_bias_vs_p8,float,5.195951336499712,5.195951336499712,0.0,1e-09,True,humidity,1,0
rq2,3,User07,C_bias_vs_p5,float,5.195951336499712,5.195951336499712,0.0,1e-09,True,humidity,1,0
rq2,3,User07,C_mae_vs_p8,float,1.846649484018802,1.846649484018802,0.0,1e-09,True,temperature,2,0
rq2,3,User07,C_mae_vs_p5,float,1.846649484018802,1.846649484018802,0.0,1e-09,True,temperature,2,0
rq2,3,User07,C_rmse_vs_p8,float,2.322265712224688,2.322265712224688,0.0,1e-09,True,temperature,2,0
rq2,3,User07,C_rmse_vs_p5,float,2.322265712224688,2.322265712224688,0.0,1e-09,True,temperature,2,0
rq2,3,User07,C_bias_vs_p8,float,1.1518735233804258,1.1518735233804258,0.0,1e-09,True,temperature,2,0
rq2,3,User07,C_bias_vs_p5,float,1.1518735233804258,1.1518735233804258,0.0,1e-09,True,temperature,2,0
rq2,3,User07,C_mae_vs_p8,float,10.095223727349257,10.095223727349257,0.0,1e-09,True,humidity,2,0
rq2,3,User07,C_mae_vs_p5,float,10.095223727349257,10.095223727349257,0.0,1e-09,True,humidity,2,0
rq2,3,User07,C_rmse_vs_p8,float,12.382248704367147,12.382248704367147,0.0,1e-09,True,humidity,2,0
rq2,3,User07,C_rmse_vs_p5,float,12.382248704367147,12.382248704367147,0.0,1e-09,True,humidity,2,0
rq2,3,User07,C_bias_vs_p8,float,4.23989732719785,4.23989732719785,0.0,1e-09,True,humidity,2,0
rq2,3,User07,C_bias_vs_p5,float,4.23989732719785,4.23989732719785,0.0,1e-09,True,humidity,2,0
rq2,3,User07,E_mae_vs_p8,float,2.1744711945793944,2.1744711945793944,0.0,1e-09,True,temperature,0,1
rq2,3,User07,E_mae_vs_p5,float,2.1744711945793944,2.1744711945793944,0.0,1e-09,True,temperature,0,1
rq2,3,User07,E_rmse_vs_p8,float,2.610384116777302,2.610384116777302,0.0,1e-09,True,temperature,0,1
rq2,3,User07,E_rmse_vs_p5,float,2.610384116777302,2.610384116777302,0.0,1e-09,True,temperature,0,1
rq2,3,User07,E_bias_vs_p8,float,-1.8455396914838489,-1.8455396914838489,0.0,1e-09,True,temperature,0,1
rq2,3,User07,E_bias_vs_p5,float,-1.8455396914838489,-1.8455396914838489,0.0,1e-09,True,temperature,0,1
rq2,3,User07,E_mae_vs_p8,float,8.568559703982464,8.568559703982464,0.0,1e-09,True,humidity,0,1
rq2,3,User07,E_mae_vs_p5,float,8.568559703982464,8.568559703982464,0.0,1e-09,True,humidity,0,1
rq2,3,User07,E_rmse_vs_p8,float,10.339905020626869,10.339905020626869,0.0,1e-09,True,humidity,0,1
rq2,3,User07,E_rmse_vs_p5,float,10.339905020626869,10.339905020626869,0.0,1e-09,True,humidity,0,1
rq2,3,User07,E_bias_vs_p8,float,-2.8065900293165424,-2.8065900293165424,0.0,1e-09,True,humidity,0,1
rq2,3,User07,E_bias_vs_p5,float,-2.8065900293165424,-2.8065900293165424,0.0,1e-09,True,humidity,0,1
rq2,3,User07,E_mae_vs_p8,float,2.163906915965549,2.163906915965549,0.0,1e-09,True,temperature,1,1
rq2,3,User07,E_mae_vs_p5,float,2.163906915965549,2.163906915965549,0.0,1e-09,True,temperature,1,1
rq2,3,User07,E_rmse_vs_p8,float,2.5946465627596336,2.5946465627596336,0.0,1e-09,True,temperature,1,1
rq2,3,User07,E_rmse_vs_p5,float,2.5946465627596336,2.5946465627596336,0.0,1e-09,True,temperature,1,1
rq2,3,User07,E_bias_vs_p8,float,-1.8153357293076857,-1.8153357293076857,0.0,1e-09,True,temperature,1,1
rq2,3,User07,E_bias_vs_p5,float,-1.8153357293076857,-1.8153357293076857,0.0,1e-09,True,temperature,1,1
rq2,3,User07,E_mae_vs_p8,float,8.48879843193236,8.48879843193236,0.0,1e-09,True,humidity,1,1
rq2,3,User07,E_mae_vs_p5,float,8.48879843193236,8.48879843193236,0.0,1e-09,True,humidity,1,1
rq2,3,User07,E_rmse_vs_p8,float,10.225754900233442,10.225754900233442,0.0,1e-09,True,humidity,1,1
rq2,3,User07,E_rmse_vs_p5,float,10.225754900233442,10.225754900233442,0.0,1e-09,True,humidity,1,1
rq2,3,User07,E_bias_vs_p8,float,-2.149162084894495,-2.149162084894495,0.0,1e-09,True,humidity,1,1
rq2,3,User07,E_bias_vs_p5,float,-2.149162084894495,-2.149162084894495,0.0,1e-09,True,humidity,1,1
rq2,3,User07,E_mae_vs_p8,float,2.152760054182992,2.152760054182992,0.0,1e-09,True,temperature,2,1
rq2,3,User07,E_mae_vs_p5,float,2.152760054182992,2.152760054182992,0.0,1e-09,True,temperature,2,1
rq2,3,User07,E_rmse_vs_p8,float,2.58282437376848,2.58282437376848,0.0,1e-09,True,temperature,2,1
rq2,3,User07,E_rmse_vs_p5,float,2.58282437376848,2.58282437376848,0.0,1e-09,True,temperature,2,1
rq2,3,User07,E_bias_vs_p8,float,-1.8012329228152293,-1.8012329228152293,0.0,1e-09,True,temperature,2,1
rq2,3,User07,E_bias_vs_p5,float,-1.8012329228152293,-1.8012329228152293,0.0,1e-09,True,temperature,2,1
rq2,3,User07,E_mae_vs_p8,float,8.614547039514408,8.614547039514408,0.0,1e-09,True,humidity,2,1
rq2,3,User07,E_mae_vs_p5,float,8.614547039514408,8.614547039514408,0.0,1e-09,True,humidity,2,1
rq2,3,User07,E_rmse_vs_p8,float,10.416378455468735,10.416378455468735,0.0,1e-09,True,humidity,2,1
rq2,3,User07,E_rmse_vs_p5,float,10.416378455468735,10.416378455468735,0.0,1e-09,True,humidity,2,1
rq2,3,User07,E_bias_vs_p8,float,-2.5432497002569154,-2.5432497002569154,0.0,1e-09,True,humidity,2,1
rq2,3,User07,E_bias_vs_p5,float,-2.5432497002569154,-2.5432497002569154,0.0,1e-09,True,humidity,2,1
rq2,3,User07,E_mae_vs_p8,float,2.36232086003273,2.36232086003273,0.0,1e-09,True,temperature,0,3
rq2,3,User07,E_mae_vs_p5,float,2.36232086003273,2.36232086003273,0.0,1e-09,True,temperature,0,3
rq2,3,User07,E_rmse_vs_p8,float,2.8251087822042087,2.8251087822042087,0.0,1e-09,True,temperature,0,3
rq2,3,User07,E_rmse_vs_p5,float,2.8251087822042087,2.8251087822042087,0.0,1e-09,True,temperature,0,3
rq2,3,User07,E_bias_vs_p8,float,-2.148806341305024,-2.148806341305024,0.0,1e-09,True,temperature,0,3
rq2,3,User07,E_bias_vs_p5,float,-2.148806341305024,-2.148806341305024,0.0,1e-09,True,temperature,0,3
rq2,3,User07,E_mae_vs_p8,float,8.315330506179714,8.315330506179714,0.0,1e-09,True,humidity,0,3
rq2,3,User07,E_mae_vs_p5,float,8.315330506179714,8.315330506179714,0.0,1e-09,True,humidity,0,3
rq2,3,User07,E_rmse_vs_p8,float,9.827376240811283,9.827376240811283,0.0,1e-09,True,humidity,0,3
rq2,3,User07,E_rmse_vs_p5,float,9.827376240811283,9.827376240811283,0.0,1e-09,True,humidity,0,3
rq2,3,User07,E_bias_vs_p8,float,-1.149330145521471,-1.149330145521471,0.0,1e-09,True,humidity,0,3
rq2,3,User07,E_bias_vs_p5,float,-1.149330145521471,-1.149330145521471,0.0,1e-09,True,humidity,0,3
rq2,3,User07,E_mae_vs_p8,float,2.363086424342429,2.363086424342429,0.0,1e-09,True,temperature,1,3
rq2,3,User07,E_mae_vs_p5,float,2.363086424342429,2.363086424342429,0.0,1e-09,True,temperature,1,3
rq2,3,User07,E_rmse_vs_p8,float,2.8298074992393416,2.8298074992393416,0.0,1e-09,True,temperature,1,3
rq2,3,User07,E_rmse_vs_p5,float,2.8298074992393416,2.8298074992393416,0.0,1e-09,True,temperature,1,3
rq2,3,User07,E_bias_vs_p8,float,-2.147791118192485,-2.147791118192485,0.0,1e-09,True,temperature,1,3
rq2,3,User07,E_bias_vs_p5,float,-2.147791118192485,-2.147791118192485,0.0,1e-09,True,temperature,1,3
rq2,3,User07,E_mae_vs_p8,float,8.324309527043399,8.324309527043399,0.0,1e-09,True,humidity,1,3
rq2,3,User07,E_mae_vs_p5,float,8.324309527043399,8.324309527043399,0.0,1e-09,True,humidity,1,3
rq2,3,User07,E_rmse_vs_p8,float,9.85067029087431,9.85067029087431,0.0,1e-09,True,humidity,1,3
rq2,3,User07,E_rmse_vs_p5,float,9.85067029087431,9.85067029087431,0.0,1e-09,True,humidity,1,3
rq2,3,User07,E_bias_vs_p8,float,-0.8331096331674248,-0.8331096331674248,0.0,1e-09,True,humidity,1,3
rq2,3,User07,E_bias_vs_p5,float,-0.8331096331674248,-0.8331096331674248,0.0,1e-09,True,humidity,1,3
rq2,3,User07,E_mae_vs_p8,float,2.369650537792372,2.369650537792372,0.0,1e-09,True,temperature,2,3
rq2,3,User07,E_mae_vs_p5,float,2.369650537792372,2.369650537792372,0.0,1e-09,True,temperature,2,3
rq2,3,User07,E_rmse_vs_p8,float,2.834655689090698,2.834655689090698,0.0,1e-09,True,temperature,2,3
rq2,3,User07,E_rmse_vs_p5,float,2.834655689090698,2.834655689090698,0.0,1e-09,True,temperature,2,3
rq2,3,User07,E_bias_vs_p8,float,-2.154417076844642,-2.154417076844642,0.0,1e-09,True,temperature,2,3
rq2,3,User07,E_bias_vs_p5,float,-2.154417076844642,-2.154417076844642,0.0,1e-09,True,temperature,2,3
rq2,3,User07,E_mae_vs_p8,float,8.39904360197067,8.39904360197067,0.0,1e-09,True,humidity,2,3
rq2,3,User07,E_mae_vs_p5,float,8.39904360197067,8.39904360197067,0.0,1e-09,True,humidity,2,3
rq2,3,User07,E_rmse_vs_p8,float,9.9787412556773,9.9787412556773,0.0,1e-09,True,humidity,2,3
rq2,3,User07,E_rmse_vs_p5,float,9.9787412556773,9.9787412556773,0.0,1e-09,True,humidity,2,3
rq2,3,User07,E_bias_vs_p8,float,-1.2443371434540897,-1.2443371434540897,0.0,1e-09,True,humidity,2,3
rq2,3,User07,E_bias_vs_p5,float,-1.2443371434540897,-1.2443371434540897,0.0,1e-09,True,humidity,2,3
rq2,3,User07,E_mae_vs_p8,float,2.337220094208298,2.337220094208298,0.0,1e-09,True,temperature,0,7
rq2,3,User07,E_mae_vs_p5,float,2.337220094208298,2.337220094208298,0.0,1e-09,True,temperature,0,7
rq2,3,User07,E_rmse_vs_p8,float,2.7950785572076966,2.7950785572076966,0.0,1e-09,True,temperature,0,7
rq2,3,User07,E_rmse_vs_p5,float,2.7950785572076966,2.7950785572076966,0.0,1e-09,True,temperature,0,7
rq2,3,User07,E_bias_vs_p8,float,-2.094301437033227,-2.094301437033227,0.0,1e-09,True,temperature,0,7
rq2,3,User07,E_bias_vs_p5,float,-2.094301437033227,-2.094301437033227,0.0,1e-09,True,temperature,0,7
rq2,3,User07,E_mae_vs_p8,float,8.368535892089293,8.368535892089293,0.0,1e-09,True,humidity,0,7
rq2,3,User07,E_mae_vs_p5,float,8.368535892089293,8.368535892089293,0.0,1e-09,True,humidity,0,7
rq2,3,User07,E_rmse_vs_p8,float,9.94211622163857,9.94211622163857,0.0,1e-09,True,humidity,0,7
rq2,3,User07,E_rmse_vs_p5,float,9.94211622163857,9.94211622163857,0.0,1e-09,True,humidity,0,7
rq2,3,User07,E_bias_vs_p8,float,-1.8794456948290712,-1.8794456948290712,0.0,1e-09,True,humidity,0,7
rq2,3,User07,E_bias_vs_p5,float,-1.8794456948290712,-1.8794456948290712,0.0,1e-09,True,humidity,0,7
rq2,3,User07,E_mae_vs_p8,float,2.3224716151570908,2.3224716151570908,0.0,1e-09,True,temperature,1,7
rq2,3,User07,E_mae_vs_p5,float,2.3224716151570908,2.3224716151570908,0.0,1e-09,True,temperature,1,7
rq2,3,User07,E_rmse_vs_p8,float,2.7812509997133223,2.7812509997133223,0.0,1e-09,True,temperature,1,7
rq2,3,User07,E_rmse_vs_p5,float,2.7812509997133223,2.7812509997133223,0.0,1e-09,True,temperature,1,7
rq2,3,User07,E_bias_vs_p8,float,-2.0678608080619765,-2.0678608080619765,0.0,1e-09,True,temperature,1,7
rq2,3,User07,E_bias_vs_p5,float,-2.0678608080619765,-2.0678608080619765,0.0,1e-09,True,temperature,1,7
rq2,3,User07,E_mae_vs_p8,float,8.362498517246268,8.362498517246268,0.0,1e-09,True,humidity,1,7
rq2,3,User07,E_mae_vs_p5,float,8.362498517246268,8.362498517246268,0.0,1e-09,True,humidity,1,7
rq2,3,User07,E_rmse_vs_p8,float,9.934172850574619,9.934172850574619,0.0,1e-09,True,humidity,1,7
rq2,3,User07,E_rmse_vs_p5,float,9.934172850574619,9.934172850574619,0.0,1e-09,True,humidity,1,7
rq2,3,User07,E_bias_vs_p8,float,-1.7036521017313542,-1.7036521017313542,0.0,1e-09,True,humidity,1,7
rq2,3,User07,E_bias_vs_p5,float,-1.7036521017313542,-1.7036521017313542,0.0,1e-09,True,humidity,1,7
rq2,3,User07,E_mae_vs_p8,float,2.3398834072533448,2.3398834072533448,0.0,1e-09,True,temperature,2,7
rq2,3,User07,E_mae_vs_p5,float,2.3398834072533448,2.3398834072533448,0.0,1e-09,True,temperature,2,7
rq2,3,User07,E_rmse_vs_p8,float,2.800545992938858,2.800545992938858,0.0,1e-09,True,temperature,2,7
rq2,3,User07,E_rmse_vs_p5,float,2.800545992938858,2.800545992938858,0.0,1e-09,True,temperature,2,7
rq2,3,User07,E_bias_vs_p8,float,-2.101383358176396,-2.101383358176396,0.0,1e-09,True,temperature,2,7
rq2,3,User07,E_bias_vs_p5,float,-2.101383358176396,-2.101383358176396,0.0,1e-09,True,temperature,2,7
rq2,3,User07,E_mae_vs_p8,float,8.421029891647864,8.421029891647864,0.0,1e-09,True,humidity,2,7
rq2,3,User07,E_mae_vs_p5,float,8.421029891647864,8.421029891647864,0.0,1e-09,True,humidity,2,7
rq2,3,User07,E_rmse_vs_p8,float,10.036201232257076,10.036201232257076,0.0,1e-09,True,humidity,2,7
rq2,3,User07,E_rmse_vs_p5,float,10.036201232257076,10.036201232257076,0.0,1e-09,True,humidity,2,7
rq2,3,User07,E_bias_vs_p8,float,-1.917330882290115,-1.917330882290115,0.0,1e-09,True,humidity,2,7
rq2,3,User07,E_bias_vs_p5,float,-1.917330882290115,-1.917330882290115,0.0,1e-09,True,humidity,2,7
rq2,3,User07,E_mae_vs_p8,float,2.3700851062857415,2.3700851062857415,0.0,1e-09,True,temperature,0,14
rq2,3,User07,E_mae_vs_p5,float,2.3700851062857415,2.3700851062857415,0.0,1e-09,True,temperature,0,14
rq2,3,User07,E_rmse_vs_p8,float,2.835600859266719,2.835600859266719,0.0,1e-09,True,temperature,0,14
rq2,3,User07,E_rmse_vs_p5,float,2.835600859266719,2.835600859266719,0.0,1e-09,True,temperature,0,14
rq2,3,User07,E_bias_vs_p8,float,-2.1455506961654613,-2.1455506961654613,0.0,1e-09,True,temperature,0,14
rq2,3,User07,E_bias_vs_p5,float,-2.1455506961654613,-2.1455506961654613,0.0,1e-09,True,temperature,0,14
rq2,3,User07,E_mae_vs_p8,float,8.262391425874716,8.262391425874716,0.0,1e-09,True,humidity,0,14
rq2,3,User07,E_mae_vs_p5,float,8.262391425874716,8.262391425874716,0.0,1e-09,True,humidity,0,14
rq2,3,User07,E_rmse_vs_p8,float,9.712740241020402,9.712740241020402,0.0,1e-09,True,humidity,0,14
rq2,3,User07,E_rmse_vs_p5,float,9.712740241020402,9.712740241020402,0.0,1e-09,True,humidity,0,14
rq2,3,User07,E_bias_vs_p8,float,0.53616243774828,0.53616243774828,0.0,1e-09,True,humidity,0,14
rq2,3,User07,E_bias_vs_p5,float,0.53616243774828,0.53616243774828,0.0,1e-09,True,humidity,0,14
rq2,3,User07,E_mae_vs_p8,float,2.3555002854855314,2.3555002854855314,0.0,1e-09,True,temperature,1,14
rq2,3,User07,E_mae_vs_p5,float,2.3555002854855314,2.3555002854855314,0.0,1e-09,True,temperature,1,14
rq2,3,User07,E_rmse_vs_p8,float,2.8204933836930333,2.8204933836930333,0.0,1e-09,True,temperature,1,14
rq2,3,User07,E_rmse_vs_p5,float,2.8204933836930333,2.8204933836930333,0.0,1e-09,True,temperature,1,14
rq2,3,User07,E_bias_vs_p8,float,-2.1237288961130054,-2.1237288961130054,0.0,1e-09,True,temperature,1,14
rq2,3,User07,E_bias_vs_p5,float,-2.1237288961130054,-2.1237288961130054,0.0,1e-09,True,temperature,1,14
rq2,3,User07,E_mae_vs_p8,float,8.27668847448586,8.27668847448586,0.0,1e-09,True,humidity,1,14
rq2,3,User07,E_mae_vs_p5,float,8.27668847448586,8.27668847448586,0.0,1e-09,True,humidity,1,14
rq2,3,User07,E_rmse_vs_p8,float,9.73244732404373,9.73244732404373,0.0,1e-09,True,humidity,1,14
rq2,3,User07,E_rmse_vs_p5,float,9.73244732404373,9.73244732404373,0.0,1e-09,True,humidity,1,14
rq2,3,User07,E_bias_vs_p8,float,0.8119817552558691,0.8119817552558691,0.0,1e-09,True,humidity,1,14
rq2,3,User07,E_bias_vs_p5,float,0.8119817552558691,0.8119817552558691,0.0,1e-09,True,humidity,1,14
rq2,3,User07,E_mae_vs_p8,float,2.367409231133333,2.367409231133333,0.0,1e-09,True,temperature,2,14
rq2,3,User07,E_mae_vs_p5,float,2.367409231133333,2.367409231133333,0.0,1e-09,True,temperature,2,14
rq2,3,User07,E_rmse_vs_p8,float,2.8348505011832295,2.8348505011832295,0.0,1e-09,True,temperature,2,14
rq2,3,User07,E_rmse_vs_p5,float,2.8348505011832295,2.8348505011832295,0.0,1e-09,True,temperature,2,14
rq2,3,User07,E_bias_vs_p8,float,-2.1456731483036116,-2.1456731483036116,0.0,1e-09,True,temperature,2,14
rq2,3,User07,E_bias_vs_p5,float,-2.1456731483036116,-2.1456731483036116,0.0,1e-09,True,temperature,2,14
rq2,3,User07,E_mae_vs_p8,float,8.286771727695735,8.286771727695735,0.0,1e-09,True,humidity,2,14
rq2,3,User07,E_mae_vs_p5,float,8.286771727695735,8.286771727695735,0.0,1e-09,True,humidity,2,14
rq2,3,User07,E_rmse_vs_p8,float,9.74374599444042,9.74374599444042,0.0,1e-09,True,humidity,2,14
rq2,3,User07,E_rmse_vs_p5,float,9.74374599444042,9.74374599444042,0.0,1e-09,True,humidity,2,14
rq2,3,User07,E_bias_vs_p8,float,0.6887398587660117,0.6887398587660117,0.0,1e-09,True,humidity,2,14
rq2,3,User07,E_bias_vs_p5,float,0.6887398587660117,0.6887398587660117,0.0,1e-09,True,humidity,2,14
rq2,3,User07,S_mae_vs_p8,float,2.3704269258436153,2.3704269258436153,0.0,1e-09,True,temperature,0,14
rq2,3,User07,S_rmse_vs_p8,float,2.8364249867171285,2.8364249867171285,0.0,1e-09,True,temperature,0,14
rq2,3,User07,S_bias_vs_p8,float,-2.1489598856808927,-2.1489598856808927,0.0,1e-09,True,temperature,0,14
rq2,3,User07,S_mae_vs_p8,float,8.279459974532147,8.279459974532147,0.0,1e-09,True,humidity,0,14
rq2,3,User07,S_rmse_vs_p8,float,9.721281571690836,9.721281571690836,0.0,1e-09,True,humidity,0,14
rq2,3,User07,S_bias_vs_p8,float,0.49901968892708903,0.49901968892708903,0.0,1e-09,True,humidity,0,14
rq2,3,User07,S_mae_vs_p8,float,2.322638114215958,2.322638114215958,0.0,1e-09,True,temperature,1,14
rq2,3,User07,S_rmse_vs_p8,float,2.7795400513672712,2.7795400513672712,0.0,1e-09,True,temperature,1,14
rq2,3,User07,S_bias_vs_p8,float,-2.075218031913511,-2.075218031913511,0.0,1e-09,True,temperature,1,14
rq2,3,User07,S_mae_vs_p8,float,8.264629810205488,8.264629810205488,0.0,1e-09,True,humidity,1,14
rq2,3,User07,S_rmse_vs_p8,float,9.702987222273808,9.702987222273808,0.0,1e-09,True,humidity,1,14
rq2,3,User07,S_bias_vs_p8,float,0.28795838465451995,0.28795838465451995,0.0,1e-09,True,humidity,1,14
rq2,3,User07,S_mae_vs_p8,float,2.390661548108788,2.390661548108788,0.0,1e-09,True,temperature,2,14
rq2,3,User07,S_rmse_vs_p8,float,2.858178871310329,2.858178871310329,0.0,1e-09,True,temperature,2,14
rq2,3,User07,S_bias_vs_p8,float,-2.1828491831508936,-2.1828491831508936,0.0,1e-09,True,temperature,2,14
rq2,3,User07,S_mae_vs_p8,float,8.282389275947079,8.282389275947079,0.0,1e-09,True,humidity,2,14
rq2,3,User07,S_rmse_vs_p8,float,9.725272332099552,9.725272332099552,0.0,1e-09,True,humidity,2,14
rq2,3,User07,S_bias_vs_p8,float,0.602040453599317,0.602040453599317,0.0,1e-09,True,humidity,2,14
counts,,User01,mae_B_vs_interpretation,float,2.305443662818614,2.30544366281863,1.5987211554602254e-14,1e-09,True,temperature,,1
counts,,User01,mae_E_vs_interpretation,float,3.1445204679942784,3.1445204679942784,0.0,1e-09,True,temperature,,1
counts,,User01,case_A_B_le_E_flag,exact,,,,0,True,temperature,,1
counts,,User01,mae_B_vs_interpretation,float,2.2685891546214667,2.268589154621473,6.217248937900877e-15,1e-09,True,temperature,,3
counts,,User01,mae_E_vs_interpretation,float,2.8546511828920402,2.8546511828920402,0.0,1e-09,True,temperature,,3
counts,,User01,case_A_B_le_E_flag,exact,,,,0,True,temperature,,3
counts,,User01,mae_B_vs_interpretation,float,2.1619043237350684,2.161904323734999,6.927791673660977e-14,1e-09,True,temperature,,7
counts,,User01,mae_E_vs_interpretation,float,2.3051020152541626,2.3051020152541626,0.0,1e-09,True,temperature,,7
counts,,User01,case_A_B_le_E_flag,exact,,,,0,True,temperature,,7
counts,,User01,mae_B_vs_interpretation,float,1.8708246755749345,1.870824675575304,3.694822225952521e-13,1e-09,True,temperature,,14
counts,,User01,mae_E_vs_interpretation,float,1.7531137203321425,1.7531137203321425,0.0,1e-09,True,temperature,,14
counts,,User01,case_A_B_le_E_flag,exact,,,,0,True,temperature,,14
counts,,User01,mae_B_vs_interpretation,float,44.62837129112971,44.62837129112985,1.4210854715202004e-13,1e-09,True,humidity,,1
counts,,User01,mae_E_vs_interpretation,float,27.831496573287875,27.831496573287875,0.0,1e-09,True,humidity,,1
counts,,User01,case_A_B_le_E_flag,exact,,,,0,True,humidity,,1
counts,,User01,mae_B_vs_interpretation,float,44.155390157916045,44.15539015791513,9.166001291305292e-13,1e-09,True,humidity,,3
counts,,User01,mae_E_vs_interpretation,float,34.18698577573662,34.18698577573662,0.0,1e-09,True,humidity,,3
counts,,User01,case_A_B_le_E_flag,exact,,,,0,True,humidity,,3
counts,,User01,mae_B_vs_interpretation,float,35.52395960310214,35.52395960310459,2.4513724383723456e-12,1e-09,True,humidity,,7
counts,,User01,mae_E_vs_interpretation,float,29.945473246830726,29.945473246830726,0.0,1e-09,True,humidity,,7
counts,,User01,case_A_B_le_E_flag,exact,,,,0,True,humidity,,7
counts,,User01,mae_B_vs_interpretation,float,19.094125299779343,19.094125299780526,1.1830536550405668e-12,1e-09,True,humidity,,14
counts,,User01,mae_E_vs_interpretation,float,16.02809746872887,16.02809746872887,0.0,1e-09,True,humidity,,14
counts,,User01,case_A_B_le_E_flag,exact,,,,0,True,humidity,,14
counts,,User02,mae_B_vs_interpretation,float,1.9797695907004282,1.9797695907003794,4.884981308350689e-14,1e-09,True,temperature,,1
counts,,User02,mae_E_vs_interpretation,float,4.338832839992601,4.338832839992601,0.0,1e-09,True,temperature,,1
counts,,User02,case_A_B_le_E_flag,exact,,,,0,True,temperature,,1
counts,,User02,mae_B_vs_interpretation,float,1.8081720877055234,1.8081720877056795,1.56097357262297e-13,1e-09,True,temperature,,3
counts,,User02,mae_E_vs_interpretation,float,2.7584095931347647,2.7584095931347647,0.0,1e-09,True,temperature,,3
counts,,User02,case_A_B_le_E_flag,exact,,,,0,True,temperature,,3
counts,,User02,mae_B_vs_interpretation,float,1.8108262031821327,1.810826203182461,3.2818192607919627e-13,1e-09,True,temperature,,7
counts,,User02,mae_E_vs_interpretation,float,1.9575689883515184,1.9575689883515184,0.0,1e-09,True,temperature,,7
counts,,User02,case_A_B_le_E_flag,exact,,,,0,True,temperature,,7
counts,,User02,mae_B_vs_interpretation,float,1.48573096058233,1.4857309605818627,4.671818487622659e-13,1e-09,True,temperature,,14
counts,,User02,mae_E_vs_interpretation,float,1.550401069325698,1.550401069325698,0.0,1e-09,True,temperature,,14
counts,,User02,case_A_B_le_E_flag,exact,,,,0,True,temperature,,14
counts,,User02,mae_B_vs_interpretation,float,13.718377422049306,13.718377422050171,8.65085780787922e-13,1e-09,True,humidity,,1
counts,,User02,mae_E_vs_interpretation,float,17.28904405841806,17.28904405841806,0.0,1e-09,True,humidity,,1
counts,,User02,case_A_B_le_E_flag,exact,,,,0,True,humidity,,1
counts,,User02,mae_B_vs_interpretation,float,15.534438863669196,15.534438863672138,2.9416469260468148e-12,1e-09,True,humidity,,3
counts,,User02,mae_E_vs_interpretation,float,12.701214709873694,12.701214709873694,0.0,1e-09,True,humidity,,3
counts,,User02,case_A_B_le_E_flag,exact,,,,0,True,humidity,,3
counts,,User02,mae_B_vs_interpretation,float,16.692969025232205,16.692969025227423,4.781952611665474e-12,1e-09,True,humidity,,7
counts,,User02,mae_E_vs_interpretation,float,14.98660332767876,14.98660332767876,0.0,1e-09,True,humidity,,7
counts,,User02,case_A_B_le_E_flag,exact,,,,0,True,humidity,,7
counts,,User02,mae_B_vs_interpretation,float,13.423178270840754,13.423178270849409,8.65441052155802e-12,1e-09,True,humidity,,14
counts,,User02,mae_E_vs_interpretation,float,12.234335770444973,12.234335770444973,0.0,1e-09,True,humidity,,14
counts,,User02,case_A_B_le_E_flag,exact,,,,0,True,humidity,,14
counts,,User07,mae_B_vs_interpretation,float,2.407764278521635,2.407764278521666,3.108624468950438e-14,1e-09,True,temperature,,1
counts,,User07,mae_E_vs_interpretation,float,2.1637127215759784,2.1637127215759784,0.0,1e-09,True,temperature,,1
counts,,User07,case_A_B_le_E_flag,exact,,,,0,True,temperature,,1
counts,,User07,mae_B_vs_interpretation,float,2.4483633160931597,2.448363316093195,3.5083047578154947e-14,1e-09,True,temperature,,3
counts,,User07,mae_E_vs_interpretation,float,2.3650192740558436,2.3650192740558436,0.0,1e-09,True,temperature,,3
counts,,User07,case_A_B_le_E_flag,exact,,,,0,True,temperature,,3
counts,,User07,mae_B_vs_interpretation,float,2.36686974614763,2.366869746147666,3.6415315207705135e-14,1e-09,True,temperature,,7
counts,,User07,mae_E_vs_interpretation,float,2.3331917055395777,2.3331917055395777,0.0,1e-09,True,temperature,,7
counts,,User07,case_A_B_le_E_flag,exact,,,,0,True,temperature,,7
counts,,User07,mae_B_vs_interpretation,float,2.3262389506470647,2.326238950647099,3.419486915845482e-14,1e-09,True,temperature,,14
counts,,User07,mae_E_vs_interpretation,float,2.3643315409682018,2.3643315409682018,0.0,1e-09,True,temperature,,14
counts,,User07,case_A_B_le_E_flag,exact,,,,0,True,temperature,,14
counts,,User07,mae_B_vs_interpretation,float,8.336912814007034,8.336912814007034,0.0,1e-09,True,humidity,,1
counts,,User07,mae_E_vs_interpretation,float,8.557301725143077,8.557301725143077,0.0,1e-09,True,humidity,,1
counts,,User07,case_A_B_le_E_flag,exact,,,,0,True,humidity,,1
counts,,User07,mae_B_vs_interpretation,float,8.306725909165172,8.30672590916517,1.7763568394002505e-15,1e-09,True,humidity,,3
counts,,User07,mae_E_vs_interpretation,float,8.346227878397928,8.346227878397928,0.0,1e-09,True,humidity,,3
counts,,User07,case_A_B_le_E_flag,exact,,,,0,True,humidity,,3
counts,,User07,mae_B_vs_interpretation,float,8.38318835543239,8.38318835543238,1.0658141036401503e-14,1e-09,True,humidity,,7
counts,,User07,mae_E_vs_interpretation,float,8.384021433661141,8.384021433661141,0.0,1e-09,True,humidity,,7
counts,,User07,case_A_B_le_E_flag,exact,,,,0,True,humidity,,7
counts,,User07,mae_B_vs_interpretation,float,8.285407330790484,8.28540733079049,5.329070518200751e-15,1e-09,True,humidity,,14
counts,,User07,mae_E_vs_interpretation,float,8.27528387601877,8.27528387601877,0.0,1e-09,True,humidity,,14
counts,,User07,case_A_B_le_E_flag,exact,,,,0,True,humidity,,14
counts,,,B_le_E_total_equals_frozen,exact,12,12,,0,True,,,
