subject_id,fold,budget_nights,seed,night_id,night_ordinal,primary_test,target,mae,rmse,bias,n_windows
User01,1,0,0,2025-08-25,1,0,temperature,3.275383339101945,3.7302786282650127,-2.6920902934811255,1087
User01,1,0,0,2025-08-26,2,0,temperature,2.8684501073862734,3.156255821135647,-2.685969838917688,859
User01,1,0,0,2025-08-28,3,0,temperature,3.797999392216051,4.380146502675417,1.6434529594046068,1104
User01,1,0,0,2025-08-29,4,0,temperature,4.716652959671037,5.11020481691503,2.796539983059724,809
User01,1,0,0,2025-08-30,5,0,temperature,3.7375252624930138,3.9351800977711493,1.7415567996212544,987
User01,1,0,0,2025-08-31,6,0,temperature,2.912068506394301,3.630239372273977,2.3643375454975586,837
User01,1,0,0,2025-11-05,7,0,temperature,3.130299573614946,3.823206744555735,0.037921269705757224,1992
User01,1,0,0,2025-11-06,8,0,temperature,3.2493167238263725,3.776286594374477,1.3011341334744186,2038
User01,1,0,0,2025-11-07,9,0,temperature,3.6054134419100716,4.307225302272444,1.9634235887271259,1810
User01,1,0,0,2025-11-08,10,0,temperature,2.945759613612348,3.618800686358277,1.8323438316799296,1949
User01,1,0,0,2025-11-09,11,0,temperature,3.6709134083607378,4.520650611285208,2.6194069615811206,2050
User01,1,0,0,2025-11-10,12,0,temperature,2.5452025099486124,3.112085548105363,-0.2759527319250109,2171
User01,1,0,0,2025-11-11,13,0,temperature,2.902868543472436,3.4491818840035027,2.0561794237884725,2213
User01,1,0,0,2025-11-12,14,0,temperature,2.8936471611000343,3.4928218006206704,1.2325805329707702,1512
User01,1,0,0,2025-11-13,15,0,temperature,2.9597646483938944,3.6777267363503556,1.106729798543426,2167
User01,1,0,0,2025-11-14,16,1,temperature,2.8679140816932547,3.5730518607776713,1.8391584714926827,1863
User01,1,0,0,2025-11-15,17,1,temperature,3.7505235006067053,4.48170486685559,2.603918477391149,2153
User01,1,0,0,2025-11-16,18,1,temperature,3.742876514553395,4.456394972525952,2.272182925915291,2210
User01,1,0,0,2025-11-17,19,1,temperature,3.136200719767771,3.662281135022393,-0.40478006950149775,2052
User01,1,0,0,2025-11-18,20,1,temperature,2.9894601212634235,3.5410854022509883,-0.03098576433948227,1933
User01,1,0,0,2025-11-19,21,1,temperature,3.405456657178494,4.186865668552249,2.0337113017301136,2279
User01,1,0,0,2025-11-20,22,1,temperature,4.148022988296152,4.837531392567105,3.05010623025122,2039
User01,1,0,0,2025-11-21,23,1,temperature,3.709649419142062,4.5012978693281225,1.927618394934122,680
User01,1,0,0,2025-11-22,24,1,temperature,3.41389006359257,4.119676684890139,2.1888175795924765,745
User01,1,0,0,2025-11-23,25,1,temperature,3.0081177151086584,3.696229711886416,0.7244018871266246,684
User01,1,0,0,2025-11-24,26,1,temperature,3.6370729143358247,4.443419276893386,3.1415109172729214,767
User01,1,0,0,2025-11-25,27,1,temperature,4.0674910969497855,4.936958611666115,3.3786875236184586,794
User01,1,0,0,2025-11-26,28,1,temperature,4.281240924489287,4.873064409418138,2.672346020131205,1001
User01,1,0,0,2025-11-27,29,1,temperature,4.507838966735552,5.165413763711859,4.019251540672886,1400
User01,1,0,0,2025-11-28,30,1,temperature,3.6009374834001924,4.277767075050023,1.6061444340454352,1648
User01,1,0,0,2025-11-29,31,1,temperature,3.7821891884812766,4.584980795604696,2.933127573031024,1914
User01,1,0,0,2025-11-30,32,1,temperature,3.2263170176813105,3.8494013898764523,1.8598224767738325,1531
User01,1,0,0,2025-12-01,33,1,temperature,2.8335869546066497,3.560585367477619,1.389175594483828,1612
User01,1,0,0,2025-12-02,34,1,temperature,2.877943801049624,3.5495619695534453,1.4403576069405577,1643
User01,1,0,0,2025-12-03,35,1,temperature,2.815963876230739,3.384824555320654,0.9311702087238871,1408
User01,1,0,0,2025-12-04,36,1,temperature,2.7617706125359818,3.451946367400409,1.6201607822179127,1659
User01,1,0,0,2025-12-05,37,1,temperature,3.068793613832352,3.7137718979092327,1.4415261888823239,2025
User01,1,0,0,2025-12-06,38,1,temperature,3.2799611464434415,3.9861937687380826,2.4999006718181613,2252
User01,1,0,0,2025-12-07,39,1,temperature,4.074108012733731,4.8199983525371755,3.268921330779386,1818
User01,1,0,0,2025-12-08,40,1,temperature,2.8416505230175577,3.614486562845174,2.1834363806150043,1745
User01,1,0,0,2025-12-09,41,1,temperature,3.4304660909404734,4.174946455548753,2.8475438610992163,2059
User01,1,0,0,2025-12-10,42,1,temperature,3.4085737883367,4.098803004594664,2.2619809452786206,1970
User01,1,0,0,2025-12-11,43,1,temperature,3.3116866476694446,4.018095356062389,2.603679290656121,2140
User01,1,0,0,2025-12-12,44,1,temperature,3.3340986158636454,4.016494407823408,2.835031963079329,2299
User01,1,0,0,2025-12-13,45,1,temperature,3.443540987727789,4.10027024770467,1.74739987246195,1708
User01,1,0,0,2025-12-14,46,1,temperature,3.5388769479267186,4.337314683310858,2.5199066010941014,1741
User01,1,0,0,2025-12-15,47,1,temperature,3.605849107447112,4.258228888347903,3.097051313782868,1953
User01,1,0,0,2025-12-16,48,1,temperature,3.467140706216999,4.335099604864374,2.0230730660357956,2264
User01,1,0,0,2025-12-17,49,1,temperature,3.046268494435522,3.9596347111484365,2.3546124566431823,2118
User01,1,0,0,2025-12-18,50,1,temperature,3.0006692568839886,3.7427254461012827,2.0684545824378855,2223
User01,1,0,0,2025-12-19,51,1,temperature,2.3771487626255166,3.261190827840986,1.3278820577043218,2599
User01,1,0,0,2025-12-20,52,1,temperature,2.573992857549642,3.2534011204230913,0.6320666057799349,2063
User01,1,0,0,2025-12-21,53,1,temperature,2.876193400686652,3.83144186234783,1.7168317389553556,1822
User01,1,0,0,2025-12-22,54,1,temperature,3.415195043329139,4.269435267476188,2.569957351292188,1837
User01,1,0,0,2025-12-23,55,1,temperature,3.3991790010853205,4.39112406474073,3.2084212576086917,1996
User01,1,0,0,2025-12-24,56,1,temperature,3.9546062568409655,4.615583625360282,3.668364657136842,1928
User01,1,0,0,2025-12-25,57,1,temperature,3.010428262680762,3.4593980968105793,-2.60950293927072,1699
User01,1,0,0,2025-12-26,58,1,temperature,2.996438431515856,3.266914068046236,-2.6557425051401804,1490
User01,1,0,0,2025-12-27,59,1,temperature,1.5246729203707519,1.9473864473300888,-0.417776133992558,903
User01,1,0,0,2025-12-28,60,1,temperature,3.1271062038747015,4.324522521214231,2.207677450142135,1356
User01,1,0,0,2025-12-29,61,1,temperature,2.3508197302109006,2.9864975752509424,0.7713873592899623,930
User01,1,0,0,2025-12-30,62,1,temperature,2.8292630634043947,3.460138509473662,0.6006317109906408,905
User01,1,0,0,2025-12-31,63,1,temperature,2.482540037217561,3.1231003652591847,-1.3320479122682325,1023
User01,1,0,0,2026-01-01,64,1,temperature,2.505262666060732,3.266269133192675,0.9225689752954317,878
User01,1,0,0,2026-01-02,65,1,temperature,3.019697676331535,3.9096525726992666,1.1441015166267534,1021
User01,1,0,0,2026-01-03,66,1,temperature,3.2757634921185463,4.108188023277113,2.4585250866738444,2609
User01,1,0,0,2026-01-04,67,1,temperature,2.583144867985496,3.1497901403731037,-0.8405136977062956,2249
User01,1,0,0,2026-01-05,68,1,temperature,2.738668715625451,3.2413744679519056,-1.415953358949386,2065
User01,1,0,0,2026-01-06,69,1,temperature,2.2569380377698485,3.0993130024685156,1.419630367356592,1538
User01,1,0,0,2026-01-07,70,1,temperature,2.7157869050116843,3.2969325441116513,-0.943417327695316,2193
User01,1,0,0,2026-01-08,71,1,temperature,2.5774480811067595,3.3275932577517557,0.9591730752482126,2311
User01,1,0,0,2026-01-09,72,1,temperature,2.4839648702693435,3.027704229655339,0.5028410594194566,2265
User01,1,0,0,2026-01-10,73,1,temperature,2.8625454995506012,3.858756425502415,1.5205200566765391,2236
User01,1,0,0,2026-01-11,74,1,temperature,3.743036553030002,4.398058225004385,-1.4976467351123663,2089
User01,1,0,0,2026-01-12,75,1,temperature,2.953585358204673,3.5241189986538988,-1.529427867396774,2087
User01,1,0,0,2026-01-13,76,1,temperature,3.03186274112131,3.6344134403317296,-1.8695531071347393,2152
User01,1,0,0,2026-01-14,77,1,temperature,2.7872992704492763,3.691668115990194,1.6333171820279548,1986
User01,1,0,0,2026-01-15,78,1,temperature,2.5076233404761528,3.2565376729076676,1.7164394430382095,2137
User01,1,0,0,2026-01-16,79,1,temperature,3.372470878694938,4.35236977947794,2.696741041239225,2176
User01,1,0,0,2026-01-17,80,1,temperature,3.6256602974832726,4.586650190168402,2.997601760171724,2387
User01,1,0,0,2026-01-18,81,1,temperature,1.9136828790420901,2.4737975692575493,0.5410260038625443,2326
User01,1,0,0,2026-01-20,82,1,temperature,2.603055950118358,3.0550029125606346,-0.9554849711070676,2010
User01,1,0,0,2026-01-21,83,1,temperature,3.7870124303700523,4.175990234229433,-2.301237814347512,2036
User01,1,0,0,2026-01-22,84,1,temperature,3.3523152497481608,3.849316355208182,-1.6356900274717157,1995
User01,1,0,0,2026-01-23,85,1,temperature,2.5329484051037334,3.0374034354799857,-0.09044092982228008,2204
User01,1,0,0,2026-01-24,86,1,temperature,2.4036089441883286,2.836953549000061,-1.0047067584876155,2467
User01,1,0,0,2026-01-25,87,1,temperature,1.4863453510600577,1.7955711050537246,-0.6239285274551504,2317
User01,1,0,0,2026-01-26,88,1,temperature,1.524178860933679,1.8869719651920909,0.04461978478177047,2093
User01,1,0,0,2026-01-27,89,1,temperature,1.4429972030948894,1.7781986367013272,-0.5164086024889593,2130
User01,1,0,0,2026-01-28,90,1,temperature,1.5800518753665804,1.967876809022962,0.13198889302852357,2051
User01,1,0,0,2026-01-29,91,1,temperature,2.036093931434156,2.4143379708899393,-1.1892737490248646,2076
User01,1,0,0,2026-01-30,92,1,temperature,1.4566569526390123,1.8917654025249182,0.6653189380703952,2267
User01,1,0,0,2026-01-31,93,1,temperature,1.4531829001717504,1.9067890364376436,0.5012875566156836,2464
User01,1,0,0,2026-02-02,94,1,temperature,2.005558986180714,2.5175319488642693,1.7328357578296896,2197
User01,1,0,0,2026-02-03,95,1,temperature,1.743326810989483,2.3028934089650086,1.4454981965316807,2300
User01,1,0,0,2026-02-04,96,1,temperature,2.2471567684565295,2.6343350766851246,2.050870073192029,2182
User01,1,0,0,2026-02-05,97,1,temperature,1.4889628825782137,2.0104542297208083,0.6320786662989508,2108
User01,1,0,0,2026-02-06,98,1,temperature,1.346485037890877,1.7220207920778026,0.7745479015349519,2436
User01,1,0,0,2026-02-07,99,1,temperature,2.0623174118730585,2.4954721556283164,-0.34224766584015065,2571
User01,1,0,0,2026-02-08,100,1,temperature,1.6038953930701019,2.052957752794871,-0.7800886536497036,2147
User01,1,0,0,2026-02-10,101,1,temperature,2.6768715420122335,3.0140835681315052,2.5504408219866357,1923
User01,1,0,0,2026-02-11,102,1,temperature,1.8909518276072144,2.42559469530086,1.6072002620648795,2119
User01,1,0,0,2026-02-12,103,1,temperature,2.1046915049265427,2.636624059952692,1.936401065127357,2293
User01,1,0,0,2026-02-13,104,1,temperature,2.547118212049216,3.079672702336329,2.2099896376284662,2453
User01,1,0,0,2026-02-14,105,1,temperature,3.1722147408992143,3.5949401998776995,3.1558072345225012,1960
User01,1,0,0,2026-02-15,106,1,temperature,2.8745848213897727,3.2603024913005814,2.783368383401352,2121
User01,1,0,0,2026-02-16,107,1,temperature,3.0622011535450375,3.467549380226211,2.9608069768150305,1936
User01,1,0,0,2026-02-17,108,1,temperature,2.362184613867084,2.85214253224823,2.258469073513913,2464
User01,1,0,0,2026-02-18,109,1,temperature,2.52816690979351,3.045748733985807,2.4087126225284416,2048
User01,1,0,0,2026-02-19,110,1,temperature,3.3231659667344426,3.729997971355688,3.3092148032520052,2107
User01,1,0,0,2026-02-20,111,1,temperature,2.633644745053771,3.0473804358012764,2.5301778006806077,2302
User01,1,0,0,2026-02-21,112,1,temperature,2.93182908458901,3.49433919397316,2.8551272373529413,2820
User01,1,0,0,2026-02-22,113,1,temperature,3.318530509549567,3.6513612677999907,3.3164206379986894,2373
User01,1,0,0,2026-02-23,114,1,temperature,2.2126220561661207,2.733730850501424,1.8743671242933395,2083
User01,1,0,0,2026-02-24,115,1,temperature,2.567192266638482,3.1249754177345683,2.205544713666717,1207
User01,1,0,0,2026-02-25,116,1,temperature,2.7968288361448987,3.3697863738467073,2.465757627832721,2099
User01,1,0,0,2026-02-26,117,1,temperature,2.6117147813608117,3.084288088859244,2.5183136325923097,2079
User01,1,0,0,2026-02-27,118,1,temperature,2.5332294909145987,2.97934910234173,2.3127089014957023,2151
User01,1,0,0,2026-02-28,119,1,temperature,3.0043384031803844,3.297121958064407,2.974548814818565,2194
User01,1,0,0,2026-03-01,120,1,temperature,3.006864712633843,3.653358643854245,2.6420132423030362,2443
User01,1,0,0,2026-03-02,121,1,temperature,2.94971429101572,3.264923441404414,2.936804811275885,2213
User01,1,0,0,2026-03-03,122,1,temperature,3.2726032491413313,3.697824353236827,3.247538539863529,2023
User01,1,0,0,2026-03-04,123,1,temperature,2.256747510845267,2.7684151391598655,1.9726677564851718,2026
User01,1,0,0,2026-03-05,124,1,temperature,1.7374162763594994,2.1457789719749947,1.5658058033553854,1574
User01,1,0,0,2026-03-06,125,1,temperature,2.428196422499133,2.780636682788141,2.40159555269942,2284
User01,1,0,0,2026-03-07,126,1,temperature,2.6852312639408535,3.1192654498493417,2.6669682186925265,2179
User01,1,0,0,2026-03-08,127,1,temperature,1.5326545357292638,1.9856819256293083,0.8831977143238056,2170
User01,1,0,0,2026-03-09,128,1,temperature,1.7348832941603538,2.1427966935582057,0.913086641470791,2207
User01,1,0,0,2026-03-10,129,1,temperature,2.5437346652458945,2.979927138858316,2.372578247683296,1973
User01,1,0,0,2026-03-11,130,1,temperature,2.5288123295181886,3.0989714355526954,2.1721774429842475,2264
User01,1,0,0,2026-03-12,131,1,temperature,4.123981114288541,4.380548207300959,3.55670569959721,2192
User01,1,0,0,2026-03-13,132,1,temperature,2.7479093156611136,3.131066944370005,2.487347460588949,2280
User01,1,0,0,2026-03-14,133,1,temperature,2.3764966551359743,2.8850598188388314,2.302381591509453,2131
User01,1,0,0,2026-03-15,134,1,temperature,2.4895147533743507,2.8612224663604446,2.446469484291578,2218
User01,1,0,0,2026-03-16,135,1,temperature,2.2970183596324625,2.8196016998096414,2.2207471511746277,2087
User01,1,0,0,2026-03-17,136,1,temperature,3.5013325281633967,3.719941334595332,3.4946381171419536,1903
User01,1,0,0,2026-03-18,137,1,temperature,3.062454083576685,3.4902363923720605,2.914986843146483,2062
User01,1,0,0,2026-03-19,138,1,temperature,4.730506495176599,4.949297272768718,4.730506495176599,1764
User01,1,0,0,2026-03-20,139,1,temperature,3.7236721121503273,4.102772721919806,3.6575377293438924,2085
User01,1,0,0,2026-03-21,140,1,temperature,2.6363689203033753,2.965819200226801,2.631319380542442,2246
User01,1,0,0,2026-03-22,141,1,temperature,2.451281487328558,2.9148969654792998,2.280763096973849,1747
User01,1,0,0,2026-03-23,142,1,temperature,3.47249102481381,3.799071154580365,3.4541721445471945,1957
User01,1,0,0,2026-03-24,143,1,temperature,4.5166584785123005,4.7230810390989895,4.5166584785123005,1934
User01,1,0,0,2026-03-25,144,1,temperature,3.0795158519591093,3.472408172251742,3.0597831586903315,1786
User01,1,0,0,2026-03-26,145,1,temperature,2.9797739248092245,3.327517911215422,2.9025566290609617,1939
User01,1,0,0,2026-03-27,146,1,temperature,2.6976250022219936,3.0795819654487686,2.5979676854764704,2191
User01,1,0,0,2026-03-28,147,1,temperature,2.605220139226308,2.845359857873218,2.531554050858053,2010
User01,1,0,0,2026-03-29,148,1,temperature,3.010391849303564,3.5868131363791567,2.9893263788365863,1755
User01,1,0,0,2026-03-30,149,1,temperature,2.743077007098267,2.986031586736209,2.717374962931894,2029
User01,1,0,0,2026-03-31,150,1,temperature,2.681888790580357,2.905435710698657,2.650611049756732,1790
User01,1,0,0,2026-04-01,151,1,temperature,2.482608621299323,2.809353749092488,2.3916495690494064,2021
User01,1,0,0,2025-08-25,1,0,humidity,32.53484261693329,33.531006744021454,-32.53484261693329,1087
User01,1,0,0,2025-08-26,2,0,humidity,30.62709353962739,31.40676899850267,-30.62709353962739,859
User01,1,0,0,2025-08-28,3,0,humidity,24.333155674797723,26.052734017203807,-24.205114220357135,1104
User01,1,0,0,2025-08-29,4,0,humidity,24.172247282555418,24.94068949649105,-24.172247282555418,809
User01,1,0,0,2025-08-30,5,0,humidity,27.10286345594729,27.670425608529097,-27.10286345594729,987
User01,1,0,0,2025-08-31,6,0,humidity,18.05028748856368,19.68102315778985,-18.05028748856368,837
User01,1,0,0,2025-11-05,7,0,humidity,8.12895793297462,9.81868164236437,4.688898048462837,1992
User01,1,0,0,2025-11-06,8,0,humidity,9.016532411208793,10.923583114541385,7.793368028610394,2038
User01,1,0,0,2025-11-07,9,0,humidity,6.181368588806355,7.9137299725703,0.29585895541621743,1810
User01,1,0,0,2025-11-08,10,0,humidity,5.097315990198883,6.632201543789634,-1.4570808911468562,1949
User01,1,0,0,2025-11-09,11,0,humidity,10.801724318091143,12.57865279757059,9.737902509392205,2050
User01,1,0,0,2025-11-10,12,0,humidity,26.74212205754804,27.902730658771674,26.74212205754804,2171
User01,1,0,0,2025-11-11,13,0,humidity,14.143828580438354,15.459442655756588,13.46465376961351,2213
User01,1,0,0,2025-11-12,14,0,humidity,12.433008020088966,13.946271149325947,11.49012831507852,1512
User01,1,0,0,2025-11-13,15,0,humidity,11.469171706109393,13.061781191575768,11.262761260286371,2167
User01,1,0,0,2025-11-14,16,1,humidity,13.588047725218422,15.165002190790828,13.495361844007308,1863
User01,1,0,0,2025-11-15,17,1,humidity,11.905231356041222,13.731630130171007,11.680070596565429,2153
User01,1,0,0,2025-11-16,18,1,humidity,11.818379146192274,13.696316372680712,10.936718898090819,2210
User01,1,0,0,2025-11-17,19,1,humidity,30.435082492492025,31.26165725873986,30.435082492492025,2052
User01,1,0,0,2025-11-18,20,1,humidity,34.05414485489497,34.745539753573965,34.05414485489497,1933
User01,1,0,0,2025-11-19,21,1,humidity,18.900583210987413,20.400763254540664,18.833568842515213,2279
User01,1,0,0,2025-11-20,22,1,humidity,17.423532552954885,18.764256580371747,17.416201181041426,2039
User01,1,0,0,2025-11-21,23,1,humidity,17.075528137384666,18.828677585595536,17.051596901002167,680
User01,1,0,0,2025-11-22,24,1,humidity,13.057870113304388,14.559309968680417,12.378638620887527,745
User01,1,0,0,2025-11-23,25,1,humidity,9.935763750641241,11.695796180538023,6.94072528472635,684
User01,1,0,0,2025-11-24,26,1,humidity,8.864400849618832,9.988106234275676,7.944814403267792,767
User01,1,0,0,2025-11-25,27,1,humidity,11.547453281125032,13.07785033730368,10.880802744564338,794
User01,1,0,0,2025-11-26,28,1,humidity,12.284182606218273,13.995916749225234,12.092126330310062,1001
User01,1,0,0,2025-11-27,29,1,humidity,16.089769993588177,17.282685234388637,16.073821516352137,1400
User01,1,0,0,2025-11-28,30,1,humidity,24.53063389338449,25.54576668816903,24.53063389338449,1648
User01,1,0,0,2025-11-29,31,1,humidity,15.079127804182074,17.011220899912804,14.964516574244177,1914
User01,1,0,0,2025-11-30,32,1,humidity,11.171207159564394,12.82389204702949,10.696188781969939,1531
User01,1,0,0,2025-12-01,33,1,humidity,23.663119596692283,24.705317159271498,23.663119596692283,1612
User01,1,0,0,2025-12-02,34,1,humidity,35.00764910530499,35.84121441084618,35.00764910530499,1643
User01,1,0,0,2025-12-03,35,1,humidity,35.686561549930474,36.666090787359074,35.686561549930474,1408
User01,1,0,0,2025-12-04,36,1,humidity,31.838761916638912,32.80693609840202,31.838761916638912,1659
User01,1,0,0,2025-12-05,37,1,humidity,27.98662707233102,28.936980518471366,27.98662707233102,2025
User01,1,0,0,2025-12-06,38,1,humidity,18.383555320279818,19.712918322742112,17.994008661030634,2252
User01,1,0,0,2025-12-07,39,1,humidity,10.663770117385047,11.953079383252232,7.7193752041543275,1818
User01,1,0,0,2025-12-08,40,1,humidity,22.676938569934553,24.378942551126897,22.648576267556766,1745
User01,1,0,0,2025-12-09,41,1,humidity,21.458034621951658,22.699165353775772,21.457780598375628,2059
User01,1,0,0,2025-12-10,42,1,humidity,14.614287955727816,16.14058705859437,14.15841034609105,1970
User01,1,0,0,2025-12-11,43,1,humidity,23.069389540857074,24.274586473322753,23.06549304931676,2140
User01,1,0,0,2025-12-12,44,1,humidity,18.644651984075463,19.700068386151298,18.644651984075463,2299
User01,1,0,0,2025-12-13,45,1,humidity,17.458671546152534,18.98694770510575,17.372181136930923,1708
User01,1,0,0,2025-12-14,46,1,humidity,19.067858170409167,20.380038888711642,19.067858170409167,1741
User01,1,0,0,2025-12-15,47,1,humidity,16.075853330988323,17.45435624602741,15.924687287164609,1953
User01,1,0,0,2025-12-16,48,1,humidity,11.2676776996949,13.119744550902213,10.89067351668077,2264
User01,1,0,0,2025-12-17,49,1,humidity,15.770795245890294,17.530175024866413,15.735723005819414,2118
User01,1,0,0,2025-12-18,50,1,humidity,18.337320844134315,20.112337779065133,18.33409023556986,2223
User01,1,0,0,2025-12-19,51,1,humidity,15.297137328667697,17.629243526444146,15.234584189946036,2599
User01,1,0,0,2025-12-20,52,1,humidity,11.862217325234347,14.683937663630202,10.53750451667469,2063
User01,1,0,0,2025-12-21,53,1,humidity,21.903774459235308,23.300735106897186,21.903774459235308,1822
User01,1,0,0,2025-12-22,54,1,humidity,23.238733355570286,24.75787093194525,23.238733355570286,1837
User01,1,0,0,2025-12-23,55,1,humidity,21.356169044077554,23.117893484113708,21.356169044077554,1996
User01,1,0,0,2025-12-24,56,1,humidity,23.062879484178673,23.973730236950452,23.062879484178673,1928
User01,1,0,0,2025-12-25,57,1,humidity,15.066454933890146,16.234353728789426,15.066454933890146,1699
User01,1,0,0,2025-12-26,58,1,humidity,22.54070879721131,23.12996271961054,22.54070879721131,1490
User01,1,0,0,2025-12-27,59,1,humidity,9.552590000008644,11.359815539465817,9.552590000008644,903
User01,1,0,0,2025-12-28,60,1,humidity,12.815699391989423,15.665542529782648,12.742129623338796,1356
User01,1,0,0,2025-12-29,61,1,humidity,10.750439064871856,12.362659997701998,10.085430570978437,930
User01,1,0,0,2025-12-30,62,1,humidity,21.864306047999406,22.704519949402236,21.864306047999406,905
User01,1,0,0,2025-12-31,63,1,humidity,26.73265862567857,27.731318440721832,26.73265862567857,1023
User01,1,0,0,2026-01-01,64,1,humidity,27.97135944705286,29.07673567149458,27.97135944705286,878
User01,1,0,0,2026-01-02,65,1,humidity,23.412537943557208,24.67232119712828,23.412537943557208,1021
User01,1,0,0,2026-01-03,66,1,humidity,27.03765290118861,28.252177767603854,27.03765290118861,2609
User01,1,0,0,2026-01-04,67,1,humidity,27.37144335910684,28.336467545053992,27.37144335910684,2249
User01,1,0,0,2026-01-05,68,1,humidity,26.815372562135522,27.813469215513848,26.815372562135522,2065
User01,1,0,0,2026-01-06,69,1,humidity,26.507662529621477,27.547178053168345,26.507662529621477,1538
User01,1,0,0,2026-01-07,70,1,humidity,29.91441606038645,30.744699201042813,29.91441606038645,2193
User01,1,0,0,2026-01-08,71,1,humidity,34.7830031787387,35.31822178638511,34.7830031787387,2311
User01,1,0,0,2026-01-09,72,1,humidity,23.576176659696817,24.502813574230103,23.576176659696817,2265
User01,1,0,0,2026-01-10,73,1,humidity,28.175707928977893,28.920968737702097,28.175707928977893,2236
User01,1,0,0,2026-01-11,74,1,humidity,33.8032243720027,34.38645465889696,33.8032243720027,2089
User01,1,0,0,2026-01-12,75,1,humidity,29.658951789453738,30.244727947259626,29.658951789453738,2087
User01,1,0,0,2026-01-13,76,1,humidity,31.89073357696475,32.7277246877168,31.89073357696475,2152
User01,1,0,0,2026-01-14,77,1,humidity,16.413386931165512,17.999689329441985,16.398950419731033,1986
User01,1,0,0,2026-01-15,78,1,humidity,12.617152906898005,14.665207538970446,12.008128173157075,2137
User01,1,0,0,2026-01-16,79,1,humidity,13.968260705796734,15.231290372377623,13.915900452507744,2176
User01,1,0,0,2026-01-17,80,1,humidity,19.481804793437362,20.886519914582227,19.481804793437362,2387
User01,1,0,0,2026-01-18,81,1,humidity,14.820097737259946,15.96796553804792,14.81779686287191,2326
User01,1,0,0,2026-01-20,82,1,humidity,29.57622150744326,30.05877434598393,29.57622150744326,2010
User01,1,0,0,2026-01-21,83,1,humidity,31.344090844227523,32.02574994136178,31.344090844227523,2036
User01,1,0,0,2026-01-22,84,1,humidity,30.685350289325687,31.59520011357952,30.685350289325687,1995
User01,1,0,0,2026-01-23,85,1,humidity,24.497297710942103,25.547379208880823,24.497297710942103,2204
User01,1,0,0,2026-01-24,86,1,humidity,26.088389069071024,27.090583002830762,26.088389069071024,2467
User01,1,0,0,2026-01-25,87,1,humidity,28.47149658523585,29.365165444490504,28.47149658523585,2317
User01,1,0,0,2026-01-26,88,1,humidity,29.28541160202756,30.276002639250088,29.28541160202756,2093
User01,1,0,0,2026-01-27,89,1,humidity,32.85797720017385,33.42379889222573,32.85797720017385,2130
User01,1,0,0,2026-01-28,90,1,humidity,32.38828760822545,33.226883085417235,32.38828760822545,2051
User01,1,0,0,2026-01-29,91,1,humidity,33.72287291861047,34.54980221374134,33.72287291861047,2076
User01,1,0,0,2026-01-30,92,1,humidity,32.73480737436654,33.68674673575418,32.73480737436654,2267
User01,1,0,0,2026-01-31,93,1,humidity,31.31877944164342,32.42788881870808,31.31877944164342,2464
User01,1,0,0,2026-02-02,94,1,humidity,20.115668512743913,21.218434731113838,20.115668512743913,2197
User01,1,0,0,2026-02-03,95,1,humidity,18.962746461380966,20.286167197987126,18.962746461380966,2300
User01,1,0,0,2026-02-04,96,1,humidity,11.243476619981582,13.56473726470059,11.188882230630062,2182
User01,1,0,0,2026-02-05,97,1,humidity,22.280216935523352,23.60168219615688,22.280216935523352,2108
User01,1,0,0,2026-02-06,98,1,humidity,27.038000915642534,27.74358681796689,27.038000915642534,2436
User01,1,0,0,2026-02-07,99,1,humidity,30.873659072813464,31.556615006050908,30.873659072813464,2571
User01,1,0,0,2026-02-08,100,1,humidity,28.605772949237195,29.149575382126564,28.605772949237195,2147
User01,1,0,0,2026-02-10,101,1,humidity,17.285544813957,18.859824681820594,17.285544813957,1923
User01,1,0,0,2026-02-11,102,1,humidity,21.41168537541323,22.38111815654103,21.41168537541323,2119
User01,1,0,0,2026-02-12,103,1,humidity,18.89168502554425,20.751982288849135,18.89168502554425,2293
User01,1,0,0,2026-02-13,104,1,humidity,10.154165712180314,13.284819065112476,10.033986560700072,2453
User01,1,0,0,2026-02-14,105,1,humidity,7.271109317129732,10.008320889997094,2.0223909789668126,1960
User01,1,0,0,2026-02-15,106,1,humidity,14.204951875629428,17.463189832648077,14.201756550612455,2121
User01,1,0,0,2026-02-16,107,1,humidity,18.854898889751215,20.182135888739147,18.854898889751215,1936
User01,1,0,0,2026-02-17,108,1,humidity,21.642845070970377,23.135879593871532,21.642845070970377,2464
User01,1,0,0,2026-02-18,109,1,humidity,17.591547317614786,19.476163336444316,17.591547317614786,2048
User01,1,0,0,2026-02-19,110,1,humidity,17.535481019990087,19.966456257321465,17.535481019990087,2107
User01,1,0,0,2026-02-20,111,1,humidity,14.006889703783028,15.368541675924982,14.006889703783028,2302
User01,1,0,0,2026-02-21,112,1,humidity,12.45668434364329,15.187606433787693,12.41572065412126,2820
User01,1,0,0,2026-02-22,113,1,humidity,16.167116665741503,18.191184509849702,16.167116665741503,2373
User01,1,0,0,2026-02-23,114,1,humidity,22.3794936416884,23.43077306661366,22.3794936416884,2083
User01,1,0,0,2026-02-24,115,1,humidity,23.238519436347744,24.86500906943159,23.238519436347744,1207
User01,1,0,0,2026-02-25,116,1,humidity,15.562734017379338,17.53658271443973,15.562734017379338,2099
User01,1,0,0,2026-02-26,117,1,humidity,10.999623078426518,13.131359501285434,10.999623078426518,2079
User01,1,0,0,2026-02-27,118,1,humidity,8.574024270991774,10.185629284639198,7.845283537384697,2151
User01,1,0,0,2026-02-28,119,1,humidity,9.37428754261776,11.957384315022807,9.260318043953394,2194
User01,1,0,0,2026-03-01,120,1,humidity,7.079608477847124,10.373121601002582,5.459230401879331,2443
User01,1,0,0,2026-03-02,121,1,humidity,22.39973671288172,23.905277802502436,22.39973671288172,2213
User01,1,0,0,2026-03-03,122,1,humidity,12.103276415105736,13.96571700729383,12.103168679160525,2023
User01,1,0,0,2026-03-04,123,1,humidity,12.68151721643644,16.260782010219113,12.669710472195675,2026
User01,1,0,0,2026-03-05,124,1,humidity,22.905522161591485,23.553560734431755,22.905522161591485,1574
User01,1,0,0,2026-03-06,125,1,humidity,18.972083893187687,19.43810855326154,18.972083893187687,2284
User01,1,0,0,2026-03-07,126,1,humidity,21.24351988026794,22.30020300892409,21.24351988026794,2179
User01,1,0,0,2026-03-08,127,1,humidity,26.99647338943802,28.247190963464902,26.99647338943802,2170
User01,1,0,0,2026-03-09,128,1,humidity,15.777185079199151,16.383360330112087,15.777185079199151,2207
User01,1,0,0,2026-03-10,129,1,humidity,21.77802957270182,23.174810487121924,21.77802957270182,1973
User01,1,0,0,2026-03-11,130,1,humidity,18.5393196800045,19.59872829067095,18.5393196800045,2264
User01,1,0,0,2026-03-12,131,1,humidity,12.931719833106314,17.37598020414866,12.712839472153254,2192
User01,1,0,0,2026-03-13,132,1,humidity,14.097466604859974,15.241202681274125,14.097466604859974,2280
User01,1,0,0,2026-03-14,133,1,humidity,14.223208019593834,16.353335007041206,14.222300840685968,2131
User01,1,0,0,2026-03-15,134,1,humidity,14.398805350647535,16.441157496489105,14.398805350647535,2218
User01,1,0,0,2026-03-16,135,1,humidity,17.213246089908818,18.674580163131004,17.213246089908818,2087
User01,1,0,0,2026-03-17,136,1,humidity,13.83567099804561,15.435640858376978,13.83567099804561,1903
User01,1,0,0,2026-03-18,137,1,humidity,14.803898719596992,15.995466596470466,14.803898719596992,2062
User01,1,0,0,2026-03-19,138,1,humidity,14.291817963739007,16.032370113698157,14.291817963739007,1764
User01,1,0,0,2026-03-20,139,1,humidity,10.50846897466966,12.255708544533261,10.490583363726236,2085
User01,1,0,0,2026-03-21,140,1,humidity,15.530882961633395,19.377973811760086,15.530524897142936,2246
User01,1,0,0,2026-03-22,141,1,humidity,12.016130369759221,13.610342422334476,12.016130369759221,1747
User01,1,0,0,2026-03-23,142,1,humidity,5.543735555674636,7.46336163879024,3.4751874027064322,1957
User01,1,0,0,2026-03-24,143,1,humidity,7.512940915526406,10.290610640258796,5.695568695845686,1934
User01,1,0,0,2026-03-25,144,1,humidity,10.897382579101249,13.662693395646398,10.878168847062048,1786
User01,1,0,0,2026-03-26,145,1,humidity,9.550827492538785,11.847489468960381,9.538626276103994,1939
User01,1,0,0,2026-03-27,146,1,humidity,6.722578333992431,9.096945450269565,6.470238774254073,2191
User01,1,0,0,2026-03-28,147,1,humidity,6.850767532848798,9.783674987806597,6.062091481583374,2010
User01,1,0,0,2026-03-29,148,1,humidity,11.450300380468043,14.339633211046399,11.380366442757099,1755
User01,1,0,0,2026-03-30,149,1,humidity,5.69448754594923,7.809236491581912,4.789213962576283,2029
User01,1,0,0,2026-03-31,150,1,humidity,4.744723483528705,6.6366150668414505,1.165404523971916,1790
User01,1,0,0,2026-04-01,151,1,humidity,7.959832560213534,11.099227763340526,7.4290662264536875,2021
User01,1,0,1,2025-08-25,1,0,temperature,4.085817009013403,4.713346150005236,-2.620731742793055,1087
User01,1,0,1,2025-08-26,2,0,temperature,3.367092343373681,3.9708175649790283,-3.058590941993757,859
User01,1,0,1,2025-08-28,3,0,temperature,4.878747640811865,5.525080208158857,2.9165779783149635,1104
User01,1,0,1,2025-08-29,4,0,temperature,5.3245333107518436,6.014931253264785,4.732878175387117,809
User01,1,0,1,2025-08-30,5,0,temperature,4.722960771768168,5.082724848710887,2.912944371518401,987
User01,1,0,1,2025-08-31,6,0,temperature,4.378035030043164,4.994825087388546,4.33844267784933,837
User01,1,0,1,2025-11-05,7,0,temperature,4.097181069449987,4.838647617064484,-0.19910035047511812,1992
User01,1,0,1,2025-11-06,8,0,temperature,4.1429227129413615,4.723519761840078,1.675879531418383,2038
User01,1,0,1,2025-11-07,9,0,temperature,4.451024916913351,5.272182677586772,2.4588269594864816,1810
User01,1,0,1,2025-11-08,10,0,temperature,3.5695074103751887,4.381738678445662,2.6615618641872,1949
User01,1,0,1,2025-11-09,11,0,temperature,4.6710599076360975,5.579498076220062,3.458957910290845,2050
User01,1,0,1,2025-11-10,12,0,temperature,3.129213098766512,3.8525323448046573,0.48855337573800617,2171
User01,1,0,1,2025-11-11,13,0,temperature,3.6881047443516906,4.298401531415707,2.912551420934144,2213
User01,1,0,1,2025-11-12,14,0,temperature,3.687487917619351,4.345213741130628,2.055076992142619,1512
User01,1,0,1,2025-11-13,15,0,temperature,3.534806578851688,4.402665865406943,1.8934679777771348,2167
User01,1,0,1,2025-11-14,16,1,temperature,3.6582712419191163,4.467553919518734,2.652150335280218,1863
User01,1,0,1,2025-11-15,17,1,temperature,4.664519323226055,5.492249954046695,3.9053179605140027,2153
User01,1,0,1,2025-11-16,18,1,temperature,4.756939445624271,5.499771647497799,3.5138463460322304,2210
User01,1,0,1,2025-11-17,19,1,temperature,3.6906516098818622,4.462168839003719,0.33900613870989466,2052
User01,1,0,1,2025-11-18,20,1,temperature,3.174743777843656,3.8927417984141535,1.1514056538311024,1933
User01,1,0,1,2025-11-19,21,1,temperature,4.405276078909364,5.23142456664716,3.159948019578606,2279
User01,1,0,1,2025-11-20,22,1,temperature,5.105226455516463,5.851775778548785,4.012268366524461,2039
User01,1,0,1,2025-11-21,23,1,temperature,4.79794631457804,5.582957621075643,3.0633804959390627,680
User01,1,0,1,2025-11-22,24,1,temperature,4.460701417838134,5.162901584591899,3.0526577804293638,745
User01,1,0,1,2025-11-23,25,1,temperature,3.9421301662190795,4.788167608754438,1.1151515394126525,684
User01,1,0,1,2025-11-24,26,1,temperature,4.765168144079463,5.516960073694488,4.299608413782033,767
User01,1,0,1,2025-11-25,27,1,temperature,5.106411601948532,6.024606609865712,4.70520012215154,794
User01,1,0,1,2025-11-26,28,1,temperature,5.281633679404773,5.933948005930558,3.644746869108252,1001
User01,1,0,1,2025-11-27,29,1,temperature,5.681563615650857,6.38742140316237,5.292466854465531,1400
User01,1,0,1,2025-11-28,30,1,temperature,4.015182270924405,4.9440399105145225,2.8318882694181404,1648
User01,1,0,1,2025-11-29,31,1,temperature,5.003683561332022,5.7538059897186065,3.927384557193118,1914
User01,1,0,1,2025-11-30,32,1,temperature,4.032373011934082,4.798006196599918,2.2729771347080234,1531
User01,1,0,1,2025-12-01,33,1,temperature,3.7279596999775224,4.505870709507955,2.419953927312615,1612
User01,1,0,1,2025-12-02,34,1,temperature,3.6255194355001175,4.4154026096774555,2.36536799661174,1643
User01,1,0,1,2025-12-03,35,1,temperature,3.5448783435199895,4.236410449224286,1.8001776490942105,1408
User01,1,0,1,2025-12-04,36,1,temperature,3.693827646922569,4.43079648117689,2.7368553292140008,1659
User01,1,0,1,2025-12-05,37,1,temperature,3.712139322966881,4.512084573432332,2.4044427873981524,2025
User01,1,0,1,2025-12-06,38,1,temperature,4.321197111593352,4.996904057954111,3.612414483934352,2252
User01,1,0,1,2025-12-07,39,1,temperature,5.105434004948797,5.861614157404754,3.9886849033250247,1818
User01,1,0,1,2025-12-08,40,1,temperature,3.6057103905542687,4.3945462675758415,2.726870424487228,1745
User01,1,0,1,2025-12-09,41,1,temperature,4.486369524850073,5.259703156142451,4.068832404195449,2059
User01,1,0,1,2025-12-10,42,1,temperature,4.219797773606805,4.976908994115738,2.878157943738479,1970
User01,1,0,1,2025-12-11,43,1,temperature,4.318237838428339,4.99763564263849,3.6294853161080236,2140
User01,1,0,1,2025-12-12,44,1,temperature,4.369056379124556,5.147076257716331,3.861865324985145,2299
User01,1,0,1,2025-12-13,45,1,temperature,4.345086751060686,5.1247180369648815,2.0740566905474407,1708
User01,1,0,1,2025-12-14,46,1,temperature,4.554626122152577,5.335492254489331,3.60624774047944,1741
User01,1,0,1,2025-12-15,47,1,temperature,4.5684876052325185,5.282027022433974,3.9117016444897423,1953
User01,1,0,1,2025-12-16,48,1,temperature,4.591770452430874,5.437064615142764,2.8609416143668045,2264
User01,1,0,1,2025-12-17,49,1,temperature,4.2030667251915474,4.98707935928755,3.1076654393817877,2118
User01,1,0,1,2025-12-18,50,1,temperature,4.256265036396088,5.008656525542699,2.8712429822200414,2223
User01,1,0,1,2025-12-19,51,1,temperature,3.5856557675956564,4.363500710526082,1.6882579064548648,2599
User01,1,0,1,2025-12-20,52,1,temperature,3.53366208869397,4.27595591250547,0.467879008001014,2063
User01,1,0,1,2025-12-21,53,1,temperature,4.00673456358003,4.87576242565688,2.285312465047099,1822
User01,1,0,1,2025-12-22,54,1,temperature,4.468227270642418,5.430371197941281,3.2350251581434657,1837
User01,1,0,1,2025-12-23,55,1,temperature,4.221986130264994,5.385345864091481,3.6265086723966355,1996
User01,1,0,1,2025-12-24,56,1,temperature,4.806615227457439,5.453451400943097,4.258847797292659,1928
User01,1,0,1,2025-12-25,57,1,temperature,4.227021440899215,5.044076838854515,-3.988420786050971,1699
User01,1,0,1,2025-12-26,58,1,temperature,3.9551692890507257,4.310502572653564,-3.772711342738347,1490
User01,1,0,1,2025-12-27,59,1,temperature,2.3745714293577556,2.689077039687769,-1.8525435552661083,903
User01,1,0,1,2025-12-28,60,1,temperature,3.719373039164002,4.944270237309353,2.0175546993419933,1356
User01,1,0,1,2025-12-29,61,1,temperature,3.447068853977228,4.065941851425271,1.0973024746722602,930
User01,1,0,1,2025-12-30,62,1,temperature,3.8425164817293456,4.591692132688494,0.3115842525035671,905
User01,1,0,1,2025-12-31,63,1,temperature,3.2355432007700218,3.9113696851424207,-1.200442533842928,1023
User01,1,0,1,2026-01-01,64,1,temperature,3.3624387388862,4.122790469877624,1.3870577459338254,878
User01,1,0,1,2026-01-02,65,1,temperature,4.032482286890798,4.924787283314065,1.1790537562289833,1021
User01,1,0,1,2026-01-03,66,1,temperature,4.588940438409753,5.40296750072456,3.334523042475116,2609
User01,1,0,1,2026-01-04,67,1,temperature,2.875901410270593,3.4936336084433717,0.4078138357446919,2249
User01,1,0,1,2026-01-05,68,1,temperature,2.8949460814462418,3.486845420579561,-0.3557039813593339,2065
User01,1,0,1,2026-01-06,69,1,temperature,3.2277040628363163,3.9420010473145837,2.3865487900280122,1538
User01,1,0,1,2026-01-07,70,1,temperature,3.12848799788943,3.9138974385840855,-0.7473291550757958,2193
User01,1,0,1,2026-01-08,71,1,temperature,3.1506684620328445,3.978941598610363,1.5402432763601979,2311
User01,1,0,1,2026-01-09,72,1,temperature,3.115854734211632,3.790415921063314,0.9752227463932492,2265
User01,1,0,1,2026-01-10,73,1,temperature,4.186104375430917,5.10584757316962,2.0138840501107746,2236
User01,1,0,1,2026-01-11,74,1,temperature,4.099698610848652,4.978790782826352,-0.790749933469644,2089
User01,1,0,1,2026-01-12,75,1,temperature,3.311173032493746,4.087786918442137,-0.8890213306996533,2087
User01,1,0,1,2026-01-13,76,1,temperature,3.5153284604961006,4.240240922967198,-1.8600428804192473,2152
User01,1,0,1,2026-01-14,77,1,temperature,3.4191692446320063,4.406217361188823,1.8918673612849732,1986
User01,1,0,1,2026-01-15,78,1,temperature,3.0926288991864714,3.888523017458781,2.1583559668571968,2137
User01,1,0,1,2026-01-16,79,1,temperature,4.160683042393295,5.193827379566737,3.1924614183153337,2176
User01,1,0,1,2026-01-17,80,1,temperature,4.52877967290404,5.483270250291642,3.38350435384504,2387
User01,1,0,1,2026-01-18,81,1,temperature,2.8841474736020274,3.3666568935464363,0.5103448129193098,2326
User01,1,0,1,2026-01-20,82,1,temperature,3.2776335386695408,4.02237784272132,-0.9182364782107758,2010
User01,1,0,1,2026-01-21,83,1,temperature,3.539635440914157,4.223156040189463,-1.3406544199079622,2036
User01,1,0,1,2026-01-22,84,1,temperature,3.7262729869498283,4.439726004631876,-0.9131609401308424,1995
User01,1,0,1,2026-01-23,85,1,temperature,3.44283821049246,4.075123003501504,0.20993578716052116,2204
User01,1,0,1,2026-01-24,86,1,temperature,2.7396506571660004,3.323005751734944,-0.7232576570821125,2467
User01,1,0,1,2026-01-25,87,1,temperature,1.5547270592882845,1.8678476602942848,-0.4913237936465698,2317
User01,1,0,1,2026-01-26,88,1,temperature,1.711793072440815,2.1171581877231183,0.3863626300150555,2093
User01,1,0,1,2026-01-27,89,1,temperature,1.5240213028957794,1.9098102239002699,-0.10420333088424984,2130
User01,1,0,1,2026-01-28,90,1,temperature,1.7137905683717005,2.177670838983554,0.3893488090848277,2051
User01,1,0,1,2026-01-29,91,1,temperature,1.8829677672309884,2.2539731456451775,-0.992130046895937,2076
User01,1,0,1,2026-01-30,92,1,temperature,1.6522485897106471,2.133791070862865,1.017187014935123,2267
User01,1,0,1,2026-01-31,93,1,temperature,1.7512226076859736,2.198543972294341,0.9132691681064619,2464
User01,1,0,1,2026-02-02,94,1,temperature,2.1274451776874086,2.7043575053986704,1.7326689508908628,2197
User01,1,0,1,2026-02-03,95,1,temperature,1.9253967465200121,2.57460966969037,1.5869792083187935,2300
User01,1,0,1,2026-02-04,96,1,temperature,2.753495735030298,3.1483977995057812,2.5699651320921006,2182
User01,1,0,1,2026-02-05,97,1,temperature,1.6017843707603419,2.1418923496841527,0.7120364896036835,2108
User01,1,0,1,2026-02-06,98,1,temperature,1.501942975118661,1.939355374585486,0.8995142469341977,2436
User01,1,0,1,2026-02-07,99,1,temperature,2.211906568887937,2.6790558231161263,-0.06737062105861602,2571
User01,1,0,1,2026-02-08,100,1,temperature,1.4679494460529146,1.8851900364663492,-0.5020160804826728,2147
User01,1,0,1,2026-02-10,101,1,temperature,3.0343189192705493,3.366258471875995,2.9826932359626013,1923
User01,1,0,1,2026-02-11,102,1,temperature,2.209980741821474,2.7716534317235677,1.9396377527686492,2119
User01,1,0,1,2026-02-12,103,1,temperature,2.5573121083491075,3.1060348576718666,2.3499581685194624,2293
User01,1,0,1,2026-02-13,104,1,temperature,2.759894413955977,3.3366635575777988,2.5209510986055412,2453
User01,1,0,1,2026-02-14,105,1,temperature,3.5373242327379795,4.004260311979632,3.513444054577797,1960
User01,1,0,1,2026-02-15,106,1,temperature,3.221658502895241,3.624720638797139,3.0843727747525356,2121
User01,1,0,1,2026-02-16,107,1,temperature,3.355431879747696,3.8116819275677956,3.289204676793304,1936
User01,1,0,1,2026-02-17,108,1,temperature,2.6545203102956023,3.2141591567622747,2.536434383863607,2464
User01,1,0,1,2026-02-18,109,1,temperature,2.6543232970073256,3.181446498396246,2.534742319179061,2048
User01,1,0,1,2026-02-19,110,1,temperature,3.5495492539835873,4.020233225584077,3.5373073362091882,2107
User01,1,0,1,2026-02-20,111,1,temperature,2.7329573089703474,3.2180435349526855,2.652109276911408,2302
User01,1,0,1,2026-02-21,112,1,temperature,3.2146428134759204,3.8337518280308256,3.111245570653385,2820
User01,1,0,1,2026-02-22,113,1,temperature,3.5122779722717503,3.889180792806609,3.5090122093449647,2373
User01,1,0,1,2026-02-23,114,1,temperature,2.426241549678789,3.0562336925197657,2.169863703641292,2083
User01,1,0,1,2026-02-24,115,1,temperature,2.523007156618049,3.2531668858863823,2.4262879976920853,1207
User01,1,0,1,2026-02-25,116,1,temperature,3.0746245187037715,3.6787000735422173,2.5432394250304617,2099
User01,1,0,1,2026-02-26,117,1,temperature,2.822199942841054,3.4064786896034636,2.7238638390263765,2079
User01,1,0,1,2026-02-27,118,1,temperature,2.731540713362765,3.2427265617885674,2.5700298862519873,2151
User01,1,0,1,2026-02-28,119,1,temperature,3.2186353468499362,3.540815250281305,3.1804372917329133,2194
User01,1,0,1,2026-03-01,120,1,temperature,3.2481093929429954,3.9860167489402665,2.9634103700894796,2443
User01,1,0,1,2026-03-02,121,1,temperature,3.2596331315247147,3.6224683827831976,3.253914460778943,2213
User01,1,0,1,2026-03-03,122,1,temperature,3.3735217929885577,3.768617854080316,3.3613283534546587,2023
User01,1,0,1,2026-03-04,123,1,temperature,2.4137717016748628,2.983144915469161,2.211441240125599,2026
User01,1,0,1,2026-03-05,124,1,temperature,1.7570231043459201,2.164798025101273,1.4995889925267836,1574
User01,1,0,1,2026-03-06,125,1,temperature,2.544336409369062,2.925713824703449,2.4956293457306318,2284
User01,1,0,1,2026-03-07,126,1,temperature,2.8943364709262505,3.382124607731581,2.8774697433955865,2179
User01,1,0,1,2026-03-08,127,1,temperature,1.671074478850682,2.1404233901037992,1.0171368913865022,2170
User01,1,0,1,2026-03-09,128,1,temperature,1.9756488988660879,2.461372366906103,1.3695985956902625,2207
User01,1,0,1,2026-03-10,129,1,temperature,2.729127955547553,3.2257294889669557,2.6066337530166526,1973
User01,1,0,1,2026-03-11,130,1,temperature,2.6831061006896033,3.2962095070757242,2.343701495652807,2264
User01,1,0,1,2026-03-12,131,1,temperature,4.281354065649076,4.643982630413335,3.7830312739174388,2192
User01,1,0,1,2026-03-13,132,1,temperature,2.9342139952031148,3.355995358910031,2.728421243920877,2280
User01,1,0,1,2026-03-14,133,1,temperature,2.6326511703391398,3.2345522437812417,2.569664943357707,2131
User01,1,0,1,2026-03-15,134,1,temperature,2.7253168140854926,3.14495668439442,2.6838478923383406,2218
User01,1,0,1,2026-03-16,135,1,temperature,2.555419619113195,3.1315383497670015,2.486546550849707,2087
User01,1,0,1,2026-03-17,136,1,temperature,3.7504276324309056,3.997583224881653,3.746921320760055,1903
User01,1,0,1,2026-03-18,137,1,temperature,3.3173246597269777,3.761006977057955,3.146431327059963,2062
User01,1,0,1,2026-03-19,138,1,temperature,4.9921142552466335,5.245394488496913,4.9917578282004795,1764
User01,1,0,1,2026-03-20,139,1,temperature,3.9594619771720883,4.353236143698677,3.8714633469291644,2085
User01,1,0,1,2026-03-21,140,1,temperature,2.9347195991516957,3.2334670152334803,2.934667750739934,2246
User01,1,0,1,2026-03-22,141,1,temperature,2.8539796745347896,3.3065327451256996,2.6493201867045983,1747
User01,1,0,1,2026-03-23,142,1,temperature,3.5924158695587716,3.9698534961132705,3.554346889424792,1957
User01,1,0,1,2026-03-24,143,1,temperature,4.81666440194983,5.074753777986313,4.81666440194983,1934
User01,1,0,1,2026-03-25,144,1,temperature,3.244052033440964,3.6606960126273442,3.220495182657018,1786
User01,1,0,1,2026-03-26,145,1,temperature,3.158061595103446,3.5649477884097593,3.07897267949894,1939
User01,1,0,1,2026-03-27,146,1,temperature,3.0060786513948132,3.4093801902775565,2.852489754202097,2191
User01,1,0,1,2026-03-28,147,1,temperature,2.7534879026352574,2.9939978420833233,2.678390430686828,2010
User01,1,0,1,2026-03-29,148,1,temperature,3.0930752930459002,3.73682057165964,3.065348068426055,1755
User01,1,0,1,2026-03-30,149,1,temperature,2.8842548801084953,3.1615873699092605,2.8588756203039747,2029
User01,1,0,1,2026-03-31,150,1,temperature,2.8023731360888533,3.090945526012908,2.7264830151960684,1790
User01,1,0,1,2026-04-01,151,1,temperature,2.5964725435436034,2.9417409485813653,2.4894793381334805,2021
User01,1,0,1,2025-08-25,1,0,humidity,31.046926864338477,32.56339068736575,-31.046926864338477,1087
User01,1,0,1,2025-08-26,2,0,humidity,28.615154962513564,30.135727220006643,-28.605317233678466,859
User01,1,0,1,2025-08-28,3,0,humidity,21.421562395444322,23.593482610540136,-21.035761024636376,1104
User01,1,0,1,2025-08-29,4,0,humidity,18.690109033429312,19.534289896486648,-18.690109033429312,809
User01,1,0,1,2025-08-30,5,0,humidity,22.50357754091573,23.015394176466565,-22.50357754091573,987
User01,1,0,1,2025-08-31,6,0,humidity,15.62955536582525,16.3277123047343,-15.62955536582525,837
User01,1,0,1,2025-11-05,7,0,humidity,9.221838648032161,11.228950468512405,7.062513487181242,1992
User01,1,0,1,2025-11-06,8,0,humidity,12.518709606412527,13.87692882388125,11.460052523270292,2038
User01,1,0,1,2025-11-07,9,0,humidity,7.815443570506233,9.02576314770943,3.61913065789794,1810
User01,1,0,1,2025-11-08,10,0,humidity,5.0916397567936,6.289782089695694,1.4165954010964787,1949
User01,1,0,1,2025-11-09,11,0,humidity,13.293296162732792,15.032408835555024,13.06343201582036,2050
User01,1,0,1,2025-11-10,12,0,humidity,28.082183473972965,29.177521501459033,28.082183473972965,2171
User01,1,0,1,2025-11-11,13,0,humidity,16.270102910368177,17.4185132902643,16.072002179434133,2213
User01,1,0,1,2025-11-12,14,0,humidity,14.041867721957885,15.611392596483782,13.67388307946997,1512
User01,1,0,1,2025-11-13,15,0,humidity,13.915677368758415,15.136030429743016,13.045052208233447,2167
User01,1,0,1,2025-11-14,16,1,humidity,17.055496690064494,18.06333481255123,17.053979699457027,1863
User01,1,0,1,2025-11-15,17,1,humidity,15.765024072749489,16.737176791437854,15.755789675650155,2153
User01,1,0,1,2025-11-16,18,1,humidity,14.908255928209446,16.3703875893086,14.611890314870328,2210
User01,1,0,1,2025-11-17,19,1,humidity,34.469333582175786,35.002246195404275,34.469333582175786,2052
User01,1,0,1,2025-11-18,20,1,humidity,36.88267694953744,37.37333798440199,36.88267694953744,1933
User01,1,0,1,2025-11-19,21,1,humidity,22.341406571798696,23.343707990272947,22.29665773990763,2279
User01,1,0,1,2025-11-20,22,1,humidity,21.72375607927791,22.431504519869325,21.72375607927791,2039
User01,1,0,1,2025-11-21,23,1,humidity,20.53422088313785,21.452026856230034,20.53422088313785,680
User01,1,0,1,2025-11-22,24,1,humidity,15.798932400125702,16.97383799276707,15.796300524807245,745
User01,1,0,1,2025-11-23,25,1,humidity,12.733863705153459,14.517020904528996,9.126945640228328,684
User01,1,0,1,2025-11-24,26,1,humidity,11.973985826509736,12.791735081200386,11.494152684315731,767
User01,1,0,1,2025-11-25,27,1,humidity,15.156231572627915,16.199372245791892,14.785040206782286,794
User01,1,0,1,2025-11-26,28,1,humidity,16.525992724329654,17.58597082675873,16.525992724329654,1001
User01,1,0,1,2025-11-27,29,1,humidity,20.21550747322152,20.969318367686657,20.21550747322152,1400
User01,1,0,1,2025-11-28,30,1,humidity,28.548552962927054,29.14437714545269,28.548552962927054,1648
User01,1,0,1,2025-11-29,31,1,humidity,18.89692916920362,20.406878224518035,18.828675375228723,1914
User01,1,0,1,2025-11-30,32,1,humidity,13.73503611166791,15.076541754748646,13.17286818480758,1531
User01,1,0,1,2025-12-01,33,1,humidity,26.736482186033026,27.438408752223857,26.736482186033026,1612
User01,1,0,1,2025-12-02,34,1,humidity,38.166645042057034,38.75331651758819,38.166645042057034,1643
User01,1,0,1,2025-12-03,35,1,humidity,38.729568455819454,39.41971714340055,38.6813324845485,1408
User01,1,0,1,2025-12-04,36,1,humidity,34.36803987652697,34.98479359850677,34.36803987652697,1659
User01,1,0,1,2025-12-05,37,1,humidity,30.770506597550014,31.671360353309563,30.770506597550014,2025
User01,1,0,1,2025-12-06,38,1,humidity,20.329811186079855,21.382156053379013,20.320674489205224,2252
User01,1,0,1,2025-12-07,39,1,humidity,12.634895583189271,13.852655747405484,10.983424506627376,1818
User01,1,0,1,2025-12-08,40,1,humidity,24.27337405943652,25.729457303403063,23.869455636012887,1745
User01,1,0,1,2025-12-09,41,1,humidity,23.685158315812384,24.623601564922176,23.67065408594269,2059
User01,1,0,1,2025-12-10,42,1,humidity,17.055044142312468,18.21812588257745,16.51776687847495,1970
User01,1,0,1,2025-12-11,43,1,humidity,25.8715141116663,26.75240385251813,25.850133112519565,2140
User01,1,0,1,2025-12-12,44,1,humidity,20.692272712083664,21.644475819156384,20.617808829809817,2299
User01,1,0,1,2025-12-13,45,1,humidity,20.68548712850014,21.953718757102948,19.941375189135865,1708
User01,1,0,1,2025-12-14,46,1,humidity,22.28573002017774,23.221672432768745,22.27426818096333,1741
User01,1,0,1,2025-12-15,47,1,humidity,18.711359902622963,20.199016755553092,18.68113395058195,1953
User01,1,0,1,2025-12-16,48,1,humidity,13.698014468278329,15.492528981129418,13.633026920619656,2264
User01,1,0,1,2025-12-17,49,1,humidity,17.807903872045582,19.43184475095122,17.536315241079578,2118
User01,1,0,1,2025-12-18,50,1,humidity,19.880893665563352,21.51527845436553,19.39735812154772,2223
User01,1,0,1,2025-12-19,51,1,humidity,16.325553321377228,18.64594176133717,16.154470655403482,2599
User01,1,0,1,2025-12-20,52,1,humidity,13.105980037806168,15.88745827899922,12.438485947187791,2063
User01,1,0,1,2025-12-21,53,1,humidity,23.34867919233249,24.800839056963266,23.34867919233249,1822
User01,1,0,1,2025-12-22,54,1,humidity,25.468428742940475,26.67834544270926,25.468428742940475,1837
User01,1,0,1,2025-12-23,55,1,humidity,23.222346146864453,24.871014049682557,23.222346146864453,1996
User01,1,0,1,2025-12-24,56,1,humidity,24.135628243283392,25.37660080994636,22.95167110438159,1928
User01,1,0,1,2025-12-25,57,1,humidity,17.34108608658361,17.800897198152438,15.600101244269954,1699
User01,1,0,1,2025-12-26,58,1,humidity,24.610116558523348,24.89761265964586,24.605048702929455,1490
User01,1,0,1,2025-12-27,59,1,humidity,10.496845384352332,11.582713444075928,10.492724311187835,903
User01,1,0,1,2025-12-28,60,1,humidity,15.03973167387133,17.556923953308512,14.61629765152711,1356
User01,1,0,1,2025-12-29,61,1,humidity,13.737822722557079,14.97574417679122,13.419109662486322,930
User01,1,0,1,2025-12-30,62,1,humidity,21.520575710094754,23.31290739019065,20.4180190679693,905
User01,1,0,1,2025-12-31,63,1,humidity,26.83482685608574,28.139423663996457,26.757657075406534,1023
User01,1,0,1,2026-01-01,64,1,humidity,30.028732254330013,31.030017712000387,30.028732254330013,878
User01,1,0,1,2026-01-02,65,1,humidity,24.42138151048492,25.845228579052613,23.864083058325704,1021
User01,1,0,1,2026-01-03,66,1,humidity,28.167035592242097,29.46015202188004,27.745200206338748,2609
User01,1,0,1,2026-01-04,67,1,humidity,28.48335525632887,29.457247029879852,28.405727010194934,2249
User01,1,0,1,2026-01-05,68,1,humidity,27.45899725971311,28.746630788865062,27.45899725971311,2065
User01,1,0,1,2026-01-06,69,1,humidity,28.686888686977753,29.69060018885613,28.686888686977753,1538
User01,1,0,1,2026-01-07,70,1,humidity,31.086168883375333,32.442563636096466,31.07069057500329,2193
User01,1,0,1,2026-01-08,71,1,humidity,36.315198172571954,37.046058521494864,36.315198172571954,2311
User01,1,0,1,2026-01-09,72,1,humidity,26.330073857330717,27.375953374050216,26.124915424504408,2265
User01,1,0,1,2026-01-10,73,1,humidity,31.93430508320995,32.87068756113742,31.226560724675497,2236
User01,1,0,1,2026-01-11,74,1,humidity,35.1800222662992,36.37330206888976,35.1686181993217,2089
User01,1,0,1,2026-01-12,75,1,humidity,32.644794623352745,33.49649507172215,32.6016228717079,2087
User01,1,0,1,2026-01-13,76,1,humidity,33.64214460926136,34.594099725123336,33.63428483010697,2152
User01,1,0,1,2026-01-14,77,1,humidity,18.280701316725985,20.500605383802817,18.103866034541007,1986
User01,1,0,1,2026-01-15,78,1,humidity,14.01967937053915,16.184274305291847,13.650389180431244,2137
User01,1,0,1,2026-01-16,79,1,humidity,16.28803832367619,17.637182919535864,16.107795488569646,2176
User01,1,0,1,2026-01-17,80,1,humidity,22.014403661739696,23.308818726505496,22.014403661739696,2387
User01,1,0,1,2026-01-18,81,1,humidity,17.15703424055924,18.445757563731576,16.794225577304957,2326
User01,1,0,1,2026-01-20,82,1,humidity,30.78829814191424,31.883944113418753,30.425890067670224,2010
User01,1,0,1,2026-01-21,83,1,humidity,35.661704038201776,36.43618634169552,35.6450477891371,2036
User01,1,0,1,2026-01-22,84,1,humidity,33.02379015469645,34.00567485165705,33.022952974014835,1995
User01,1,0,1,2026-01-23,85,1,humidity,26.849350160416158,28.021339173887032,26.79902875987695,2204
User01,1,0,1,2026-01-24,86,1,humidity,28.87341583888163,29.753147514237142,28.840340265834175,2467
User01,1,0,1,2026-01-25,87,1,humidity,28.528602182070284,29.754800607417597,28.528602182070284,2317
User01,1,0,1,2026-01-26,88,1,humidity,30.75262089953273,31.944977946606535,30.75262089953273,2093
User01,1,0,1,2026-01-27,89,1,humidity,33.843115254723784,34.6751142780696,33.843115254723784,2130
User01,1,0,1,2026-01-28,90,1,humidity,32.40137544757642,33.38046821459048,32.40137544757642,2051
User01,1,0,1,2026-01-29,91,1,humidity,33.19617730742693,34.04067065899024,33.19617730742693,2076
User01,1,0,1,2026-01-30,92,1,humidity,34.21219200249764,35.52376153779769,34.21219200249764,2267
User01,1,0,1,2026-01-31,93,1,humidity,33.572645520697876,35.01863051693881,33.572645520697876,2464
User01,1,0,1,2026-02-02,94,1,humidity,19.92757280683538,21.371996069465002,19.927313815112353,2197
User01,1,0,1,2026-02-03,95,1,humidity,19.52277956486967,21.327453716730865,19.52277956486967,2300
User01,1,0,1,2026-02-04,96,1,humidity,12.269161322424225,14.907398613922881,12.176771719605124,2182
User01,1,0,1,2026-02-05,97,1,humidity,21.866068859944807,22.963430435733216,21.866068859944807,2108
User01,1,0,1,2026-02-06,98,1,humidity,27.075104910946624,27.874912043411843,27.075104910946624,2436
User01,1,0,1,2026-02-07,99,1,humidity,31.10026480884377,31.739131193304114,31.10026480884377,2571
User01,1,0,1,2026-02-08,100,1,humidity,28.955822225164557,29.526739539890325,28.955822225164557,2147
User01,1,0,1,2026-02-10,101,1,humidity,18.811894666049962,20.602491799956386,18.811894666049962,1923
User01,1,0,1,2026-02-11,102,1,humidity,22.099390510334857,23.16778645121349,22.099390510334857,2119
User01,1,0,1,2026-02-12,103,1,humidity,19.556123028194058,21.755763992349337,19.556123028194058,2293
User01,1,0,1,2026-02-13,104,1,humidity,11.306833594555409,14.773916210272962,11.121608586965692,2453
User01,1,0,1,2026-02-14,105,1,humidity,8.410237585963,11.09957953173141,3.1313067950557723,1960
User01,1,0,1,2026-02-15,106,1,humidity,15.97161183783159,19.436499436273298,15.966322239510154,2121
User01,1,0,1,2026-02-16,107,1,humidity,20.593298053275973,22.268835729958035,20.593298053275973,1936
User01,1,0,1,2026-02-17,108,1,humidity,22.51867699247647,24.331144056846536,22.51867699247647,2464
User01,1,0,1,2026-02-18,109,1,humidity,17.710002722953625,20.046327308972046,17.710002722953625,2048
User01,1,0,1,2026-02-19,110,1,humidity,18.223322982373386,20.520143256489625,18.223322982373386,2107
User01,1,0,1,2026-02-20,111,1,humidity,13.87384659817746,15.46778929695243,13.87384659817746,2302
User01,1,0,1,2026-02-21,112,1,humidity,13.833517463403508,17.38040560550639,13.653842135805712,2820
User01,1,0,1,2026-02-22,113,1,humidity,17.867374660115424,20.61300819238568,17.867374660115424,2373
User01,1,0,1,2026-02-23,114,1,humidity,23.376476043956377,24.95003648072056,23.376476043956377,2083
User01,1,0,1,2026-02-24,115,1,humidity,23.284337071038127,25.24420505139582,23.284337071038127,1207
User01,1,0,1,2026-02-25,116,1,humidity,16.560532824136946,19.518513502463346,16.471769675453654,2099
User01,1,0,1,2026-02-26,117,1,humidity,11.798600759798939,14.768961673688738,11.79721184597265,2079
User01,1,0,1,2026-02-27,118,1,humidity,8.858726628489196,10.728341791618396,8.214665403184531,2151
User01,1,0,1,2026-02-28,119,1,humidity,10.57744573144954,13.651766016276753,10.402903195603331,2194
User01,1,0,1,2026-03-01,120,1,humidity,8.040507624976437,10.971848145897917,5.725039643742716,2443
User01,1,0,1,2026-03-02,121,1,humidity,23.654206851936348,25.149943166756962,23.654206851936348,2213
User01,1,0,1,2026-03-03,122,1,humidity,12.729370790708675,14.55349798591185,12.729370790708675,2023
User01,1,0,1,2026-03-04,123,1,humidity,14.300407498003999,18.430414373756733,14.285260406956414,2026
User01,1,0,1,2026-03-05,124,1,humidity,22.84494004230081,23.54394493700606,22.84494004230081,1574
User01,1,0,1,2026-03-06,125,1,humidity,19.48138357636971,20.073057084632133,19.48138357636971,2284
User01,1,0,1,2026-03-07,126,1,humidity,22.060845036917787,23.27287768565228,22.060845036917787,2179
User01,1,0,1,2026-03-08,127,1,humidity,27.378373710393472,28.705931159282397,27.378373710393472,2170
User01,1,0,1,2026-03-09,128,1,humidity,17.15341924102826,18.189228454298593,17.15341924102826,2207
User01,1,0,1,2026-03-10,129,1,humidity,22.19881720684884,23.585204365293766,22.19881720684884,1973
User01,1,0,1,2026-03-11,130,1,humidity,19.036402589197355,20.347398002961356,19.036402589197355,2264
User01,1,0,1,2026-03-12,131,1,humidity,14.223917368763285,18.984483356571772,14.020173587834975,2192
User01,1,0,1,2026-03-13,132,1,humidity,14.849876176572028,16.375308489466207,14.849876176572028,2280
User01,1,0,1,2026-03-14,133,1,humidity,15.40411601111153,18.136817278915473,15.40411601111153,2131
User01,1,0,1,2026-03-15,134,1,humidity,15.323662736374226,17.859358362223926,15.323662736374226,2218
User01,1,0,1,2026-03-16,135,1,humidity,18.370074381238584,19.967828594923894,18.370074381238584,2087
User01,1,0,1,2026-03-17,136,1,humidity,14.810841115811556,16.67274536614145,14.810841115811556,1903
User01,1,0,1,2026-03-18,137,1,humidity,15.841071840443238,17.238233658750033,15.841071840443238,2062
User01,1,0,1,2026-03-19,138,1,humidity,15.589508152059683,17.657940926618725,15.58863703890354,1764
User01,1,0,1,2026-03-20,139,1,humidity,11.224372305572551,13.256003066286105,11.162955481033181,2085
User01,1,0,1,2026-03-21,140,1,humidity,16.158964919404355,20.152528418710375,16.15575580489302,2246
User01,1,0,1,2026-03-22,141,1,humidity,13.916233149479357,16.199494178210415,13.916233149479357,1747
User01,1,0,1,2026-03-23,142,1,humidity,6.439556225047564,8.928767956345723,4.303241373898229,1957
User01,1,0,1,2026-03-24,143,1,humidity,8.78311473991113,12.143562460121984,6.987003841174341,1934
User01,1,0,1,2026-03-25,144,1,humidity,11.661542990654716,14.987796261534301,11.593529344509667,1786
User01,1,0,1,2026-03-26,145,1,humidity,10.090236777299134,12.763944363835387,10.067190049779107,1939
User01,1,0,1,2026-03-27,146,1,humidity,7.673217766469031,10.363682392053144,7.377976544473387,2191
User01,1,0,1,2026-03-28,147,1,humidity,7.444407157296693,10.454307296952297,6.533139762041482,2010
User01,1,0,1,2026-03-29,148,1,humidity,12.233688489878183,15.395080298462815,12.102912513933871,1755
User01,1,0,1,2026-03-30,149,1,humidity,6.526590631606672,8.70364763230901,5.520191774113323,2029
User01,1,0,1,2026-03-31,150,1,humidity,5.251388157508392,7.67304162334515,1.8270200499473235,1790
User01,1,0,1,2026-04-01,151,1,humidity,8.907633944642843,12.278107625181459,8.276240420057038,2021
User01,1,0,2,2025-08-25,1,0,temperature,3.9750691090545867,4.874188701485945,-2.8059810186407335,1087
User01,1,0,2,2025-08-26,2,0,temperature,2.8764712074850105,3.654550178538466,-2.5426424225259794,859
User01,1,0,2,2025-08-28,3,0,temperature,4.049558525490143,4.6478406866279665,1.557390130195951,1104
User01,1,0,2,2025-08-29,4,0,temperature,4.087301462600508,4.472044974404099,2.625475914693508,809
User01,1,0,2,2025-08-30,5,0,temperature,3.2619647941476124,3.482200283121787,1.3671615373181965,987
User01,1,0,2,2025-08-31,6,0,temperature,2.4616213321676015,3.137452901863402,2.280366882987254,837
User01,1,0,2,2025-11-05,7,0,temperature,3.467378542944535,4.0423574626264145,-0.41302239885703274,1992
User01,1,0,2,2025-11-06,8,0,temperature,3.3046637233626437,3.709938660338803,1.2489322240626919,2038
User01,1,0,2,2025-11-07,9,0,temperature,3.4515163952639627,4.041620450617502,1.9073125893307188,1810
User01,1,0,2,2025-11-08,10,0,temperature,3.0872914448979003,3.5532317752136424,2.096345245386766,1949
User01,1,0,2,2025-11-09,11,0,temperature,3.6590201342425437,4.296032593816921,2.7619718879344552,2050
User01,1,0,2,2025-11-10,12,0,temperature,2.5378255866892916,3.2243828133863377,-0.075449850947969,2171
User01,1,0,2,2025-11-11,13,0,temperature,2.975062921236672,3.3569230120455127,2.317079726802552,2213
User01,1,0,2,2025-11-12,14,0,temperature,3.0501832684209016,3.480573443457016,1.5424755623419932,1512
User01,1,0,2,2025-11-13,15,0,temperature,3.0280121829263513,3.6150416699264847,1.3241473409490379,2167
User01,1,0,2,2025-11-14,16,1,temperature,2.997893530106631,3.5088455373095453,2.0893665707107014,1863
User01,1,0,2,2025-11-15,17,1,temperature,3.5176069103385985,4.1403992473147015,2.843363458222342,2153
User01,1,0,2,2025-11-16,18,1,temperature,3.5300762062136744,4.079858369348817,2.5110050212756234,2210
User01,1,0,2,2025-11-17,19,1,temperature,2.79605594128389,3.3916707398135655,-0.3781936029443692,2052
User01,1,0,2,2025-11-18,20,1,temperature,2.568706701153276,3.176603292992741,0.3034413779502217,1933
User01,1,0,2,2025-11-19,21,1,temperature,3.3267467854389037,3.9510158969096754,2.2281969479699657,2279
User01,1,0,2,2025-11-20,22,1,temperature,4.076809080148681,4.578735370372688,3.1555044665842846,2039
User01,1,0,2,2025-11-21,23,1,temperature,3.8005855913984425,4.399650685426142,2.0442740802936767,680
User01,1,0,2,2025-11-22,24,1,temperature,3.4808077427111437,3.985990115824505,2.3973503623229795,745
User01,1,0,2,2025-11-23,25,1,temperature,3.205010751697673,3.9652128679834937,0.7352738719540898,684
User01,1,0,2,2025-11-24,26,1,temperature,3.679253531220617,4.182637227165794,3.2729232610031223,767
User01,1,0,2,2025-11-25,27,1,temperature,3.9877643827929616,4.646695154892736,3.7441775745360073,794
User01,1,0,2,2025-11-26,28,1,temperature,4.110493448255737,4.582779639646427,2.7946722296131337,1001
User01,1,0,2,2025-11-27,29,1,temperature,4.267915471189123,4.740476978054746,3.9053966011215504,1400
User01,1,0,2,2025-11-28,30,1,temperature,3.0589422021622577,3.75456538735903,1.9787732757261656,1648
User01,1,0,2,2025-11-29,31,1,temperature,3.865693640124969,4.383323121518947,2.915809353137392,1914
User01,1,0,2,2025-11-30,32,1,temperature,3.2563931274517928,3.7183249294447336,1.948249924604199,1531
User01,1,0,2,2025-12-01,33,1,temperature,2.891533733012091,3.436643066173719,1.8277252272418054,1612
User01,1,0,2,2025-12-02,34,1,temperature,2.9074612359389986,3.4421393995644216,1.660845563181502,1643
User01,1,0,2,2025-12-03,35,1,temperature,2.7491579274070275,3.3036939006065995,1.0461922252781415,1408
User01,1,0,2,2025-12-04,36,1,temperature,2.7365500672007657,3.293841762911616,1.8810217379621603,1659
User01,1,0,2,2025-12-05,37,1,temperature,3.028152059357648,3.5207251235052808,1.609986726160254,2025
User01,1,0,2,2025-12-06,38,1,temperature,3.421323697879293,3.9585407000688453,2.8227830053324987,2252
User01,1,0,2,2025-12-07,39,1,temperature,4.005502124692518,4.55437043127253,3.18506509503704,1818
User01,1,0,2,2025-12-08,40,1,temperature,3.204813088087592,3.757670821276305,2.4081900121626796,1745
User01,1,0,2,2025-12-09,41,1,temperature,3.551628482335256,4.092976518254465,3.0889484450442213,2059
User01,1,0,2,2025-12-10,42,1,temperature,3.548889478544817,4.025752087502464,2.248881710500273,1970
User01,1,0,2,2025-12-11,43,1,temperature,3.3237063153845687,3.8448260051907885,2.723384697595548,2140
User01,1,0,2,2025-12-12,44,1,temperature,3.5041261670943866,4.037357499502645,3.1374696625854845,2299
User01,1,0,2,2025-12-13,45,1,temperature,3.5563968457316544,4.0939012434098645,1.673255957681116,1708
User01,1,0,2,2025-12-14,46,1,temperature,3.4488038341864526,4.064075953443837,2.649850792701158,1741
User01,1,0,2,2025-12-15,47,1,temperature,3.5720278833393655,4.06477616073077,3.111330472732802,1953
User01,1,0,2,2025-12-16,48,1,temperature,3.728131655029069,4.366654333623502,2.08391278865627,2264
User01,1,0,2,2025-12-17,49,1,temperature,3.2872777750937177,3.9360832849184,2.4934390079753523,2118
User01,1,0,2,2025-12-18,50,1,temperature,3.2791859716971423,3.9198027317570774,2.026414093646215,2223
User01,1,0,2,2025-12-19,51,1,temperature,2.773407028766443,3.40527039695936,1.3046471837896056,2599
User01,1,0,2,2025-12-20,52,1,temperature,2.8049777798618085,3.472524337226001,0.3503194329402866,2063
User01,1,0,2,2025-12-21,53,1,temperature,3.2095793828828287,3.9767305931361148,1.8291052859996113,1822
User01,1,0,2,2025-12-22,54,1,temperature,3.4747397299517595,4.151287349225557,2.4801124214775543,1837
User01,1,0,2,2025-12-23,55,1,temperature,3.5573826176311973,4.449921719958052,3.300830226737891,1996
User01,1,0,2,2025-12-24,56,1,temperature,3.928484857246883,4.427658009485114,3.148079133241507,1928
User01,1,0,2,2025-12-25,57,1,temperature,3.3836202943946434,3.8314976935090326,-3.0875965340206473,1699
User01,1,0,2,2025-12-26,58,1,temperature,3.253048277125919,3.5342917858439185,-2.9973466759046783,1490
User01,1,0,2,2025-12-27,59,1,temperature,1.5489470042725317,1.9606145952821388,-0.9882322314444664,903
User01,1,0,2,2025-12-28,60,1,temperature,3.161483086237768,4.334679416581011,1.9603567832889965,1356
User01,1,0,2,2025-12-29,61,1,temperature,3.3356340148538073,3.841286910715215,0.5392967790238663,930
User01,1,0,2,2025-12-30,62,1,temperature,4.228720434515317,4.981290019215319,-0.5206247975336782,905
User01,1,0,2,2025-12-31,63,1,temperature,3.1900585456667825,4.115605631941417,-2.0015071701878426,1023
User01,1,0,2,2026-01-01,64,1,temperature,3.12957458178393,3.75873239426909,0.7155178892752402,878
User01,1,0,2,2026-01-02,65,1,temperature,3.943446561469328,4.77685065416521,0.22648245124738495,1021
User01,1,0,2,2026-01-03,66,1,temperature,3.7253382894591116,4.376041772488758,2.318204271595189,2609
User01,1,0,2,2026-01-04,67,1,temperature,2.9557440562116013,3.8248202971264162,-1.0021895204127391,2249
User01,1,0,2,2026-01-05,68,1,temperature,3.012646318529193,3.734594837545493,-1.6480020252143182,2065
User01,1,0,2,2026-01-06,69,1,temperature,2.727621395812249,3.3002613547146127,1.888303974759081,1538
User01,1,0,2,2026-01-07,70,1,temperature,3.334836375031022,4.227516273796685,-1.46829658917842,2193
User01,1,0,2,2026-01-08,71,1,temperature,2.894374221466217,3.563744431673149,0.7677516641589229,2311
User01,1,0,2,2026-01-09,72,1,temperature,2.797061646348006,3.360808758484141,0.2984508184455666,2265
User01,1,0,2,2026-01-10,73,1,temperature,3.73972439869133,4.558893620082562,0.8252285519928295,2236
User01,1,0,2,2026-01-11,74,1,temperature,4.425616052946194,5.373468569194474,-1.8313733034392436,2089
User01,1,0,2,2026-01-12,75,1,temperature,3.616938785885469,4.4587518748016475,-1.9414750975981616,2087
User01,1,0,2,2026-01-13,76,1,temperature,3.444559013543241,4.198304623129685,-2.359150538691391,2152
User01,1,0,2,2026-01-14,77,1,temperature,3.2379762733289303,3.9988772053050665,1.3301706574521321,1986
User01,1,0,2,2026-01-15,78,1,temperature,2.9704035222083327,3.5956041969360126,1.6111508904344407,2137
User01,1,0,2,2026-01-16,79,1,temperature,3.8471783514620634,4.521114941508974,2.3045603302657893,2176
User01,1,0,2,2026-01-17,80,1,temperature,3.8702919732299956,4.5821466477949695,2.847138359725436,2387
User01,1,0,2,2026-01-18,81,1,temperature,3.108012586621568,3.654752885051288,-0.39306232910716116,2326
User01,1,0,2,2026-01-20,82,1,temperature,3.4870531378460456,4.331158910737223,-1.7464974500704389,2010
User01,1,0,2,2026-01-21,83,1,temperature,3.978841291477047,4.843548134535395,-2.6318632275457623,2036
User01,1,0,2,2026-01-22,84,1,temperature,3.7079662153805133,4.525290384449644,-1.8630343341263254,1995
User01,1,0,2,2026-01-23,85,1,temperature,3.3762804542832736,4.105415375097089,-0.6964139065642803,2204
User01,1,0,2,2026-01-24,86,1,temperature,2.89084068654359,3.5741343471877274,-1.4093030293401543,2467
User01,1,0,2,2026-01-25,87,1,temperature,1.5140659843646838,1.79181534724867,-0.23018766616863334,2317
User01,1,0,2,2026-01-26,88,1,temperature,1.8111159048332057,2.30249977284426,0.7327070296803458,2093
User01,1,0,2,2026-01-27,89,1,temperature,1.5855587402214324,2.0028082306154666,0.14228911553861723,2130
User01,1,0,2,2026-01-28,90,1,temperature,1.9507898912508526,2.495293387219808,0.9701530738930005,2051
User01,1,0,2,2026-01-29,91,1,temperature,1.8741990410198937,2.2312683579551797,-0.6171009831303825,2076
User01,1,0,2,2026-01-30,92,1,temperature,1.8204405197683573,2.3664681364835305,1.3297763269842162,2267
User01,1,0,2,2026-01-31,93,1,temperature,1.8589076031751648,2.454551774376092,1.3068721663081817,2464
User01,1,0,2,2026-02-02,94,1,temperature,2.4642695481564902,3.101899735532446,2.332351013340454,2197
User01,1,0,2,2026-02-03,95,1,temperature,2.209436457818024,2.785646295050819,1.9840711965175444,2300
User01,1,0,2,2026-02-04,96,1,temperature,3.227470455967694,3.6943943506815278,3.1377659973326844,2182
User01,1,0,2,2026-02-05,97,1,temperature,1.8841250461791847,2.5687993204044246,1.2698366204567948,2108
User01,1,0,2,2026-02-06,98,1,temperature,1.6984648050397246,2.1530391408949203,1.2994801283948392,2436
User01,1,0,2,2026-02-07,99,1,temperature,2.107031022912387,2.566028610207362,0.22851624893500608,2571
User01,1,0,2,2026-02-08,100,1,temperature,1.5774844425319015,1.944361126787366,-0.28050067796686273,2147
User01,1,0,2,2026-02-10,101,1,temperature,3.1474760405996,3.4675393892299744,3.1223131506498776,1923
User01,1,0,2,2026-02-11,102,1,temperature,2.593083086925215,3.2493738786419515,2.424861604945027,2119
User01,1,0,2,2026-02-12,103,1,temperature,3.0309489289240372,3.5835548288675367,2.9460163757590294,2293
User01,1,0,2,2026-02-13,104,1,temperature,3.179077100198366,3.7394308020486853,2.983997548433117,2453
User01,1,0,2,2026-02-14,105,1,temperature,4.000189343354086,4.487038047772541,3.9938918203719593,1960
User01,1,0,2,2026-02-15,106,1,temperature,3.4025979343386568,3.834768479442153,3.371826501179459,2121
User01,1,0,2,2026-02-16,107,1,temperature,3.72340015365796,4.197974074100339,3.6964292212427523,1936
User01,1,0,2,2026-02-17,108,1,temperature,2.9296451775418486,3.4822230464355877,2.8818612409412085,2464
User01,1,0,2,2026-02-18,109,1,temperature,3.0634348020135493,3.5585509105936604,3.01495606753033,2048
User01,1,0,2,2026-02-19,110,1,temperature,3.879777706505799,4.315174622059218,3.8730843025283272,2107
User01,1,0,2,2026-02-20,111,1,temperature,3.1145835469558185,3.5835149043282817,3.0915154396140525,2302
User01,1,0,2,2026-02-21,112,1,temperature,3.57911275649584,4.152463872725428,3.540956134291865,2820
User01,1,0,2,2026-02-22,113,1,temperature,3.877799289168448,4.213524141761285,3.8774062645064866,2373
User01,1,0,2,2026-02-23,114,1,temperature,2.6154540143129448,3.2039248413749535,2.4817046639928173,2083
User01,1,0,2,2026-02-24,115,1,temperature,2.9721406585683137,3.578422315947567,2.887838015371426,1207
User01,1,0,2,2026-02-25,116,1,temperature,3.2344200786809374,3.843270986285218,2.998103704511207,2099
User01,1,0,2,2026-02-26,117,1,temperature,3.171716552402028,3.759761388108929,3.144694435675694,2079
User01,1,0,2,2026-02-27,118,1,temperature,3.00487039842509,3.5452489249928307,2.9300749152340266,2151
User01,1,0,2,2026-02-28,119,1,temperature,3.5571446972562817,3.8820625159052558,3.5331570852491843,2194
User01,1,0,2,2026-03-01,120,1,temperature,3.449262719274609,4.13472563924895,3.2350524070193645,2443
User01,1,0,2,2026-03-02,121,1,temperature,3.439993344605576,3.7686161915344507,3.436634241898711,2213
User01,1,0,2,2026-03-03,122,1,temperature,3.5547065641476605,3.941836154624325,3.5403410938481055,2023
User01,1,0,2,2026-03-04,123,1,temperature,2.652448073895056,3.2461135357166606,2.5694465602930423,2026
User01,1,0,2,2026-03-05,124,1,temperature,2.0511356028903025,2.500212186899051,1.959018882415613,1574
User01,1,0,2,2026-03-06,125,1,temperature,2.780295511596508,3.176078177298779,2.773141982602848,2284
User01,1,0,2,2026-03-07,126,1,temperature,3.2045011397455347,3.6080678342576684,3.196164270035904,2179
User01,1,0,2,2026-03-08,127,1,temperature,1.7983742433474166,2.354626358162162,1.3765367010463372,2170
User01,1,0,2,2026-03-09,128,1,temperature,2.046739870051754,2.570036673051352,1.5815198910886459,2207
User01,1,0,2,2026-03-10,129,1,temperature,2.9970013334552825,3.4324073559368373,2.8996257998451855,1973
User01,1,0,2,2026-03-11,130,1,temperature,2.8979419557002117,3.53373352470502,2.6706619418175466,2264
User01,1,0,2,2026-03-12,131,1,temperature,4.454439814766596,4.808559266505459,4.038449563066419,2192
User01,1,0,2,2026-03-13,132,1,temperature,3.0958783065455253,3.547003867677671,2.995007928990234,2280
User01,1,0,2,2026-03-14,133,1,temperature,2.834106734447603,3.37350830026545,2.7988180917098546,2131
User01,1,0,2,2026-03-15,134,1,temperature,2.875950052416622,3.3034047278433856,2.8588363218865354,2218
User01,1,0,2,2026-03-16,135,1,temperature,2.7975392339429566,3.3363496883356327,2.775219193050145,2087
User01,1,0,2,2026-03-17,136,1,temperature,3.972951345064034,4.183257445191897,3.972527182037196,1903
User01,1,0,2,2026-03-18,137,1,temperature,3.4502262920100963,3.9302205461676514,3.363177492125746,2062
User01,1,0,2,2026-03-19,138,1,temperature,5.113893048381009,5.37498445908021,5.113893048381009,1764
User01,1,0,2,2026-03-20,139,1,temperature,4.264114852065045,4.660895503313218,4.218540987014741,2085
User01,1,0,2,2026-03-21,140,1,temperature,3.1132749439269984,3.3968921735007207,3.1132749439269984,2246
User01,1,0,2,2026-03-22,141,1,temperature,2.9159689316257804,3.4054228456410707,2.793919461840048,1747
User01,1,0,2,2026-03-23,142,1,temperature,3.841131279367533,4.172004466361116,3.821595383021777,1957
User01,1,0,2,2026-03-24,143,1,temperature,4.951380640737785,5.2319527171935745,4.951380640737785,1934
User01,1,0,2,2026-03-25,144,1,temperature,3.499247802380874,3.9155795313821766,3.494507099076693,1786
User01,1,0,2,2026-03-26,145,1,temperature,3.2027872122936407,3.578378929864305,3.179459651736064,1939
User01,1,0,2,2026-03-27,146,1,temperature,3.1201314948593946,3.5287490331903824,3.0398095940643968,2191
User01,1,0,2,2026-03-28,147,1,temperature,2.7340780761664543,2.9939270037305628,2.695590180599505,2010
User01,1,0,2,2026-03-29,148,1,temperature,3.319805456295316,3.879888950115352,3.30268093533137,1755
User01,1,0,2,2026-03-30,149,1,temperature,2.9786018950971807,3.223950514487784,2.9690911215111373,2029
User01,1,0,2,2026-03-31,150,1,temperature,2.9612323226383954,3.224146518092848,2.9419279021515803,1790
User01,1,0,2,2026-04-01,151,1,temperature,2.710767930342187,3.091483599829814,2.663417399817655,2021
User01,1,0,2,2025-08-25,1,0,humidity,29.163128281574355,31.717911916524006,-29.152840366409777,1087
User01,1,0,2,2025-08-26,2,0,humidity,26.15155130472048,27.452691575896583,-26.15155130472048,859
User01,1,0,2,2025-08-28,3,0,humidity,19.389726656118864,22.75849225957527,-18.49623605743006,1104
User01,1,0,2,2025-08-29,4,0,humidity,15.25878185969429,17.132926492306975,-15.25878185969429,809
User01,1,0,2,2025-08-30,5,0,humidity,18.54499838193762,20.10770228922129,-18.54499838193762,987
User01,1,0,2,2025-08-31,6,0,humidity,12.95533656276772,13.438877123037864,-12.95533656276772,837
User01,1,0,2,2025-11-05,7,0,humidity,9.817001108896504,12.92556906351266,7.155675913182123,1992
User01,1,0,2,2025-11-06,8,0,humidity,12.73107564865892,14.93262695413691,12.007946964363631,2038
User01,1,0,2,2025-11-07,9,0,humidity,9.365229312298078,11.174916825570318,5.997586033367777,1810
User01,1,0,2,2025-11-08,10,0,humidity,7.075639111857778,8.429611389218799,2.2648764349093877,1949
User01,1,0,2,2025-11-09,11,0,humidity,15.832043263283389,17.84594534618365,15.669238332151492,2050
User01,1,0,2,2025-11-10,12,0,humidity,29.41848375175174,30.67573384295202,29.41848375175174,2171
User01,1,0,2,2025-11-11,13,0,humidity,17.673144514938503,18.893519702773308,17.417825001829765,2213
User01,1,0,2,2025-11-12,14,0,humidity,15.241385484840535,17.29969887779222,15.016639863104913,1512
User01,1,0,2,2025-11-13,15,0,humidity,14.747595202007576,16.30549878803191,14.003101960478459,2167
User01,1,0,2,2025-11-14,16,1,humidity,17.94994251052827,19.241010565769255,17.843332389445276,1863
User01,1,0,2,2025-11-15,17,1,humidity,18.079905913871055,19.449727806857336,18.024233298941084,2153
User01,1,0,2,2025-11-16,18,1,humidity,17.547372326534635,19.25883136885858,17.25824396648984,2210
User01,1,0,2,2025-11-17,19,1,humidity,35.93051318099046,36.800104689496905,35.93051318099046,2052
User01,1,0,2,2025-11-18,20,1,humidity,37.39665064905113,38.17885509425798,37.39665064905113,1933
User01,1,0,2,2025-11-19,21,1,humidity,23.877237471967216,25.19300254918111,23.827625528527374,2279
User01,1,0,2,2025-11-20,22,1,humidity,23.92110844313203,24.984118216091364,23.919999540565666,2039
User01,1,0,2,2025-11-21,23,1,humidity,21.585253644459744,23.000715210693023,21.577229807066136,680
User01,1,0,2,2025-11-22,24,1,humidity,17.26265008102959,18.956717967440174,17.227314007413224,745
User01,1,0,2,2025-11-23,25,1,humidity,13.18160057509953,15.146273679300466,9.66180041740909,684
User01,1,0,2,2025-11-24,26,1,humidity,14.53888135876848,15.586049409313533,13.959030367369072,767
User01,1,0,2,2025-11-25,27,1,humidity,18.689748173656113,19.779083780254755,18.51182303806716,794
User01,1,0,2,2025-11-26,28,1,humidity,19.428367315202788,20.895603324106396,19.428367315202788,1001
User01,1,0,2,2025-11-27,29,1,humidity,24.368265502533774,25.280793658101494,24.349869927771913,1400
User01,1,0,2,2025-11-28,30,1,humidity,31.60746723492737,32.31206588715137,31.60746723492737,1648
User01,1,0,2,2025-11-29,31,1,humidity,21.22169088120276,23.26322885007019,21.200985689866155,1914
User01,1,0,2,2025-11-30,32,1,humidity,16.12728928376619,17.53710248414155,15.74428061652856,1531
User01,1,0,2,2025-12-01,33,1,humidity,28.541577554237385,29.38878780854364,28.541577554237385,1612
User01,1,0,2,2025-12-02,34,1,humidity,39.248346266922255,40.00732439631399,39.248346266922255,1643
User01,1,0,2,2025-12-03,35,1,humidity,40.01501807598294,40.850969747777384,39.94728029691506,1408
User01,1,0,2,2025-12-04,36,1,humidity,36.05006901344528,36.64579413509881,36.05006901344528,1659
User01,1,0,2,2025-12-05,37,1,humidity,32.66474900612091,33.75436499202969,32.66474900612091,2025
User01,1,0,2,2025-12-06,38,1,humidity,21.969036208521132,23.313601214063198,21.855954251845326,2252
User01,1,0,2,2025-12-07,39,1,humidity,15.915877590529206,17.405306451418916,14.363643797697868,1818
User01,1,0,2,2025-12-08,40,1,humidity,25.854271494901823,27.66821517668534,25.502244614026832,1745
User01,1,0,2,2025-12-09,41,1,humidity,25.85152165403688,26.922677280947372,25.848663010636958,2059
User01,1,0,2,2025-12-10,42,1,humidity,18.042359239582147,19.991960066219153,17.747700593519287,1970
User01,1,0,2,2025-12-11,43,1,humidity,27.49540007431353,28.463698604235955,27.492580584635927,2140
User01,1,0,2,2025-12-12,44,1,humidity,22.927324318409884,23.974507888222153,22.892137654559882,2299
User01,1,0,2,2025-12-13,45,1,humidity,22.42706918626063,24.246254506829224,21.663313332512573,1708
User01,1,0,2,2025-12-14,46,1,humidity,24.755991977655167,25.870679142400913,24.747042611768926,1741
User01,1,0,2,2025-12-15,47,1,humidity,21.60324305917948,23.346307355351584,21.506603809404858,1953
User01,1,0,2,2025-12-16,48,1,humidity,16.30312520466429,18.39769696842689,15.747310895797394,2264
User01,1,0,2,2025-12-17,49,1,humidity,19.34842744683885,20.832740103913718,19.131984817526998,2118
User01,1,0,2,2025-12-18,50,1,humidity,21.44456883852935,23.58870404803814,21.13699369025931,2223
User01,1,0,2,2025-12-19,51,1,humidity,17.61357795911369,19.915092382445955,17.5787353727595,2599
User01,1,0,2,2025-12-20,52,1,humidity,14.684465148204078,17.839651555488512,14.21684532856092,2063
User01,1,0,2,2025-12-21,53,1,humidity,25.068256441134622,26.526498042285933,25.068256441134622,1822
User01,1,0,2,2025-12-22,54,1,humidity,27.43554306600423,28.76876116712611,27.43554306600423,1837
User01,1,0,2,2025-12-23,55,1,humidity,25.003401536815765,26.722254799256813,25.002673088537204,1996
User01,1,0,2,2025-12-24,56,1,humidity,25.31805147354388,26.67154569463336,24.281692937066314,1928
User01,1,0,2,2025-12-25,57,1,humidity,18.620115190741373,19.742697196094337,18.58078040198125,1699
User01,1,0,2,2025-12-26,58,1,humidity,26.753810649787628,27.10243155696664,26.753810649787628,1490
User01,1,0,2,2025-12-27,59,1,humidity,12.41452696766667,13.136957582935601,12.41452696766667,903
User01,1,0,2,2025-12-28,60,1,humidity,15.684803756735255,18.360777023816404,14.951114524338669,1356
User01,1,0,2,2025-12-29,61,1,humidity,12.195772595710837,14.48429335827134,10.822615327207917,930
User01,1,0,2,2025-12-30,62,1,humidity,19.858966035371257,22.542591116517006,17.517512957432356,905
User01,1,0,2,2025-12-31,63,1,humidity,25.37591152463529,27.234859531946732,25.20061474495046,1023
User01,1,0,2,2026-01-01,64,1,humidity,28.514103661728708,30.179938780206843,28.37313920792358,878
User01,1,0,2,2026-01-02,65,1,humidity,22.844024738698128,25.310810548723282,21.775108893389945,1021
User01,1,0,2,2026-01-03,66,1,humidity,28.193873279509845,29.71752124397387,27.841914549471788,2609
User01,1,0,2,2026-01-04,67,1,humidity,25.613522152372482,27.60931230271425,25.47660748350959,2249
User01,1,0,2,2026-01-05,68,1,humidity,24.89617936778131,26.661381757600395,24.89617936778131,2065
User01,1,0,2,2026-01-06,69,1,humidity,28.883929186183135,30.01137079386991,28.883929186183135,1538
User01,1,0,2,2026-01-07,70,1,humidity,29.068066672165404,31.297897524120053,28.57078304169019,2193
User01,1,0,2,2026-01-08,71,1,humidity,36.88850379916533,37.95907618557124,36.88850379916533,2311
User01,1,0,2,2026-01-09,72,1,humidity,25.53434970983446,27.633170587207132,25.254944005075,2265
User01,1,0,2,2026-01-10,73,1,humidity,29.499214992486237,31.49480441718481,28.161421330727066,2236
User01,1,0,2,2026-01-11,74,1,humidity,33.20223759543294,35.81977329341127,32.90881255417935,2089
User01,1,0,2,2026-01-12,75,1,humidity,29.069199927738442,30.961540754375267,28.931372912091977,2087
User01,1,0,2,2026-01-13,76,1,humidity,32.74488976011868,34.1837421418264,32.74488976011868,2152
User01,1,0,2,2026-01-14,77,1,humidity,17.987060304819394,20.35158819055871,17.679953932294044,1986
User01,1,0,2,2026-01-15,78,1,humidity,13.1258942063583,15.509334556832467,12.413604062505692,2137
User01,1,0,2,2026-01-16,79,1,humidity,15.382685129113584,17.65487092077141,14.777410845377306,2176
User01,1,0,2,2026-01-17,80,1,humidity,22.47560425404359,24.022427982359762,22.449544451042325,2387
User01,1,0,2,2026-01-18,81,1,humidity,14.288462169149671,16.602492238450182,11.358390284559784,2326
User01,1,0,2,2026-01-20,82,1,humidity,27.181677577342523,29.218030065050684,26.861019747402516,2010
User01,1,0,2,2026-01-21,83,1,humidity,31.95386382885829,33.481129842613065,31.854797860903073,2036
User01,1,0,2,2026-01-22,84,1,humidity,31.438511010226073,32.991121117369524,31.438511010226073,1995
User01,1,0,2,2026-01-23,85,1,humidity,24.205391055892456,26.754219534018034,23.878172187206626,2204
User01,1,0,2,2026-01-24,86,1,humidity,25.753968522764133,27.56961629606171,25.64538380777281,2467
User01,1,0,2,2026-01-25,87,1,humidity,30.946205258518564,32.78340144674482,30.946205258518564,2317
User01,1,0,2,2026-01-26,88,1,humidity,33.134465596725946,34.656524070168025,33.134465596725946,2093
User01,1,0,2,2026-01-27,89,1,humidity,35.54932008883283,36.72737052543906,35.54932008883283,2130
User01,1,0,2,2026-01-28,90,1,humidity,35.97738669592728,37.57604656181425,35.97738669592728,2051
User01,1,0,2,2026-01-29,91,1,humidity,35.62331784437956,37.1305632643466,35.62331784437956,2076
User01,1,0,2,2026-01-30,92,1,humidity,35.733649983290896,37.21424576479115,35.733649983290896,2267
User01,1,0,2,2026-01-31,93,1,humidity,35.81341092612423,37.46384796042882,35.81341092612423,2464
User01,1,0,2,2026-02-02,94,1,humidity,23.023045253792528,25.044484488106214,23.023045253792528,2197
User01,1,0,2,2026-02-03,95,1,humidity,22.257194876995822,24.50559725649141,22.257194876995822,2300
User01,1,0,2,2026-02-04,96,1,humidity,17.322911783226623,20.433020371355408,17.2880446003894,2182
User01,1,0,2,2026-02-05,97,1,humidity,25.67593818341263,27.522089846085304,25.67593818341263,2108
User01,1,0,2,2026-02-06,98,1,humidity,30.106873702018763,31.160535845314442,30.106873702018763,2436
User01,1,0,2,2026-02-07,99,1,humidity,34.68175369017302,36.10767694001499,34.68175369017302,2571
User01,1,0,2,2026-02-08,100,1,humidity,30.662436777533653,31.525643841674533,30.662436777533653,2147
User01,1,0,2,2026-02-10,101,1,humidity,20.59655889111459,23.328874768939862,20.59655889111459,1923
User01,1,0,2,2026-02-11,102,1,humidity,25.742168782378613,27.78339433300609,25.742168782378613,2119
User01,1,0,2,2026-02-12,103,1,humidity,22.600035368289983,25.3683667805011,22.600035368289983,2293
User01,1,0,2,2026-02-13,104,1,humidity,13.488154655405113,17.359828639031534,13.2077303123063,2453
User01,1,0,2,2026-02-14,105,1,humidity,9.675605151979438,13.001187054770512,5.959869556933993,1960
User01,1,0,2,2026-02-15,106,1,humidity,17.150649711913903,20.77859833721356,17.148671415798624,2121
User01,1,0,2,2026-02-16,107,1,humidity,22.22420447354176,23.97343922875584,22.22420447354176,1936
User01,1,0,2,2026-02-17,108,1,humidity,23.959631188411482,26.03745087250653,23.959631188411482,2464
User01,1,0,2,2026-02-18,109,1,humidity,19.83702898518734,22.356845201574835,19.83702898518734,2048
User01,1,0,2,2026-02-19,110,1,humidity,19.99877816160035,22.73376599270186,19.99877816160035,2107
User01,1,0,2,2026-02-20,111,1,humidity,16.77743171932499,18.906000322540823,16.77743171932499,2302
User01,1,0,2,2026-02-21,112,1,humidity,14.874839972921498,18.09480500834586,14.833152772608631,2820
User01,1,0,2,2026-02-22,113,1,humidity,19.309409235032664,21.591539434027332,19.309409235032664,2373
User01,1,0,2,2026-02-23,114,1,humidity,24.95953625841816,26.549728342642894,24.95953625841816,2083
User01,1,0,2,2026-02-24,115,1,humidity,26.405008743287315,29.105052874124883,26.405008743287315,1207
User01,1,0,2,2026-02-25,116,1,humidity,17.280287641248407,19.705447294914958,17.11735123939657,2099
User01,1,0,2,2026-02-26,117,1,humidity,13.310304160918006,16.177401061052414,13.305104412601013,2079
User01,1,0,2,2026-02-27,118,1,humidity,9.243529538229467,11.304558499151923,8.952304230798012,2151
User01,1,0,2,2026-02-28,119,1,humidity,12.140209698846878,15.57291962431328,12.098182459336497,2194
User01,1,0,2,2026-03-01,120,1,humidity,9.10333754183104,12.727567989009488,7.951104613406662,2443
User01,1,0,2,2026-03-02,121,1,humidity,25.068614159179614,26.958116474397467,25.068614159179614,2213
User01,1,0,2,2026-03-03,122,1,humidity,14.102939821396783,16.541045819753357,14.102304935113743,2023
User01,1,0,2,2026-03-04,123,1,humidity,15.001621101635545,18.88265356229387,15.001621101635545,2026
User01,1,0,2,2026-03-05,124,1,humidity,25.15507063184872,26.270170479889327,25.15507063184872,1574
User01,1,0,2,2026-03-06,125,1,humidity,20.902066157114064,21.55558951280621,20.902066157114064,2284
User01,1,0,2,2026-03-07,126,1,humidity,23.096392673716398,24.146525171607564,23.096392673716398,2179
User01,1,0,2,2026-03-08,127,1,humidity,29.25976017582956,30.960399721474776,29.25976017582956,2170
User01,1,0,2,2026-03-09,128,1,humidity,19.461287197842456,20.862821545308936,19.461287197842456,2207
User01,1,0,2,2026-03-10,129,1,humidity,24.468021529712868,25.924162945674585,24.468021529712868,1973
User01,1,0,2,2026-03-11,130,1,humidity,21.038553050192515,22.80968789648085,21.038553050192515,2264
User01,1,0,2,2026-03-12,131,1,humidity,15.209504228342189,19.944072588621182,15.161174009402664,2192
User01,1,0,2,2026-03-13,132,1,humidity,15.918091788483746,17.114767444312676,15.918091788483746,2280
User01,1,0,2,2026-03-14,133,1,humidity,16.048944963701157,18.54427256773982,16.047862843901246,2131
User01,1,0,2,2026-03-15,134,1,humidity,15.839148994484074,18.25166651922639,15.839086743624373,2218
User01,1,0,2,2026-03-16,135,1,humidity,19.39580236289021,21.070040034549425,19.39580236289021,2087
User01,1,0,2,2026-03-17,136,1,humidity,15.705928021797178,17.468773959254417,15.705928021797178,1903
User01,1,0,2,2026-03-18,137,1,humidity,16.69156349370524,18.0935669200715,16.690361602618655,2062
User01,1,0,2,2026-03-19,138,1,humidity,16.249348875643904,18.551322242065265,16.249348875643904,1764
User01,1,0,2,2026-03-20,139,1,humidity,13.034731072030082,15.469154371194627,13.028867598692258,2085
User01,1,0,2,2026-03-21,140,1,humidity,17.458202070583614,20.891420745875962,17.458140145440847,2246
User01,1,0,2,2026-03-22,141,1,humidity,14.294630468378033,16.419921579910902,14.294630468378033,1747
User01,1,0,2,2026-03-23,142,1,humidity,6.562843167910787,9.17167013389072,5.221613690667007,1957
User01,1,0,2,2026-03-24,143,1,humidity,8.764340074589214,12.510173354716379,7.584645914589698,1934
User01,1,0,2,2026-03-25,144,1,humidity,13.250305213712235,16.656090904392794,13.138920038177716,1786
User01,1,0,2,2026-03-26,145,1,humidity,10.825604617616554,13.511996230441891,10.825380712225838,1939
User01,1,0,2,2026-03-27,146,1,humidity,8.195607393309192,10.68535628409829,8.141250975463068,2191
User01,1,0,2,2026-03-28,147,1,humidity,7.512096117241335,10.703696285221957,7.057863178533135,2010
User01,1,0,2,2026-03-29,148,1,humidity,12.702582562492035,15.724899901982889,12.66171361950081,1755
User01,1,0,2,2026-03-30,149,1,humidity,6.6695330997218365,9.003908740642547,6.082996919163996,2029
User01,1,0,2,2026-03-31,150,1,humidity,5.31506149717817,8.077537106904112,2.786367564438937,1790
User01,1,0,2,2026-04-01,151,1,humidity,9.454598224915804,12.712643007016878,9.165199131674067,2021
User01,1,1,0,2025-08-28,3,0,temperature,2.7471333814629317,3.1855211216538812,1.6571110087837697,1104
User01,1,1,0,2025-08-29,4,0,temperature,3.411343124814222,3.755089957694311,2.4470939865077708,809
User01,1,1,0,2025-08-30,5,0,temperature,2.406672078182789,2.5979624810784245,1.2986137784387313,987
User01,1,1,0,2025-08-31,6,0,temperature,2.3485036168091638,2.771025784261074,2.3162939514698664,837
User01,1,1,0,2025-11-05,7,0,temperature,2.166349310357476,2.87780894445005,1.5585735529045748,1992
User01,1,1,0,2025-11-06,8,0,temperature,2.569758936497564,3.0958326640218283,1.7615254788522392,2038
User01,1,1,0,2025-11-07,9,0,temperature,2.8369343521997266,3.467624708052763,2.336207046851638,1810
User01,1,1,0,2025-11-08,10,0,temperature,2.6172363578583906,3.1781974793876158,2.3737494630277367,1949
User01,1,1,0,2025-11-09,11,0,temperature,3.089092506819368,3.7608007827389742,2.8093393134553044,2050
User01,1,1,0,2025-11-10,12,0,temperature,1.8745009943033892,2.254948320476761,0.34161690193794525,2171
User01,1,1,0,2025-11-11,13,0,temperature,2.6886944551485574,3.081651305167406,2.4555486945367413,2213
User01,1,1,0,2025-11-12,14,0,temperature,2.3735045636108567,2.88655275415275,1.8226553580621125,1512
User01,1,1,0,2025-11-13,15,0,temperature,2.545261343091884,3.0790965866709468,1.7530039262280295,2167
User01,1,1,0,2025-11-14,16,1,temperature,2.5449206188862403,3.0685212523504646,2.1665379697226306,1863
User01,1,1,0,2025-11-15,17,1,temperature,3.013303151585487,3.5732128855905825,2.6385090062174057,2153
User01,1,1,0,2025-11-16,18,1,temperature,2.903074911433577,3.5169208918012234,2.3601892948479497,2210
User01,1,1,0,2025-11-17,19,1,temperature,2.0683287789584446,2.4589193071736246,-0.16395608579213863,2052
User01,1,1,0,2025-11-18,20,1,temperature,2.114251559476678,2.572747047888205,0.5003305718456099,1933
User01,1,1,0,2025-11-19,21,1,temperature,2.766340293806937,3.3950444525249,2.3274046130393535,2279
User01,1,1,0,2025-11-20,22,1,temperature,3.4773617700035566,4.043220183436249,3.0912536132317743,2039
User01,1,1,0,2025-11-21,23,1,temperature,3.0882662051386647,3.708301258324574,2.3700395354023596,680
User01,1,1,0,2025-11-22,24,1,temperature,2.9546146396917288,3.558028387122859,2.6339936820280765,745
User01,1,1,0,2025-11-23,25,1,temperature,2.420675235080314,3.0219676096843946,1.476348604527106,684
User01,1,1,0,2025-11-24,26,1,temperature,3.2376116312112853,3.7302917102699107,3.174465235078297,767
User01,1,1,0,2025-11-25,27,1,temperature,3.448611711092282,4.13192697505259,3.241844604548974,794
User01,1,1,0,2025-11-26,28,1,temperature,3.3775113020454515,3.8848028189800687,2.7379792116574357,1001
User01,1,1,0,2025-11-27,29,1,temperature,3.7351404899595564,4.186993521481544,3.5787912422771253,1400
User01,1,1,0,2025-11-28,30,1,temperature,2.7955748022745337,3.3691998734197486,1.5506963695506941,1648
User01,1,1,0,2025-11-29,31,1,temperature,3.1165486005884104,3.7790852009066604,2.9280628877538315,1914
User01,1,1,0,2025-11-30,32,1,temperature,2.7063528113971116,3.2690787335036005,2.3395977851355365,1531
User01,1,1,0,2025-12-01,33,1,temperature,2.3354588111117023,2.9028800701024986,1.7608651232096881,1612
User01,1,1,0,2025-12-02,34,1,temperature,2.3046166710064275,2.806940473084941,1.768376204961777,1643
User01,1,1,0,2025-12-03,35,1,temperature,2.175801043631083,2.692026074461065,1.4624157528723922,1408
User01,1,1,0,2025-12-04,36,1,temperature,2.4217598327681378,2.9067260862923843,1.9205611382780017,1659
User01,1,1,0,2025-12-05,37,1,temperature,2.440320025423267,2.971238832329265,1.8247845560843496,2025
User01,1,1,0,2025-12-06,38,1,temperature,3.0964615301965646,3.5909418509166833,2.854746157015764,2252
User01,1,1,0,2025-12-07,39,1,temperature,3.599414627363842,4.116048621441919,3.4318400266338154,1818
User01,1,1,0,2025-12-08,40,1,temperature,2.879555441852633,3.4230328923109807,2.751854237483465,1745
User01,1,1,0,2025-12-09,41,1,temperature,3.157657764684262,3.6999228873294316,2.9673749557715157,2059
User01,1,1,0,2025-12-10,42,1,temperature,3.0080726585604665,3.5875537793896095,2.7549820397578664,1970
User01,1,1,0,2025-12-11,43,1,temperature,2.949273120470854,3.461956497154788,2.7662819609722185,2140
User01,1,1,0,2025-12-12,44,1,temperature,3.0650294445390087,3.595932318617372,2.923516223414955,2299
User01,1,1,0,2025-12-13,45,1,temperature,2.9221159662344216,3.4370356207369723,2.197694088172919,1708
User01,1,1,0,2025-12-14,46,1,temperature,3.009328450083123,3.6687922990527797,2.64281339536488,1741
User01,1,1,0,2025-12-15,47,1,temperature,3.245250315256471,3.7078883400668,3.0897779320402505,1953
User01,1,1,0,2025-12-16,48,1,temperature,2.7909942596753097,3.5621541123599405,2.3940322380722496,2264
User01,1,1,0,2025-12-17,49,1,temperature,2.9369456484440883,3.5775432689526085,2.724819313412358,2118
User01,1,1,0,2025-12-18,50,1,temperature,2.8710032977484103,3.4235699732099674,2.6316330942590294,2223
User01,1,1,0,2025-12-19,51,1,temperature,2.3861015105084458,3.0203595550087847,2.257178867959833,2599
User01,1,1,0,2025-12-20,52,1,temperature,2.207309339430093,2.8836641683880324,1.9924888423337517,2063
User01,1,1,0,2025-12-21,53,1,temperature,2.6656398009952245,3.446475740729696,2.3902073650413573,1822
User01,1,1,0,2025-12-22,54,1,temperature,3.200190553998519,3.816571900795323,3.0179065045996403,1837
User01,1,1,0,2025-12-23,55,1,temperature,3.998310415222313,4.49857254741752,3.991314357671884,1996
User01,1,1,0,2025-12-24,56,1,temperature,4.115031187498639,4.638851945805965,4.028308778004876,1928
User01,1,1,0,2025-12-25,57,1,temperature,1.4505645725892913,1.8953643156658906,-0.23170142927571258,1699
User01,1,1,0,2025-12-26,58,1,temperature,1.330351790383141,1.6018191268695605,-0.4392524812358194,1490
User01,1,1,0,2025-12-27,59,1,temperature,2.0863783687768107,2.5134812846970713,1.952507359962386,903
User01,1,1,0,2025-12-28,60,1,temperature,3.473675662449974,4.468590895571695,3.4098409090071717,1356
User01,1,1,0,2025-12-29,61,1,temperature,2.33134018755953,2.9519938834786297,1.9852546194718277,930
User01,1,1,0,2025-12-30,62,1,temperature,2.621677631654835,3.374599756648524,2.2075109673680573,905
User01,1,1,0,2025-12-31,63,1,temperature,1.7385486447283223,2.1699626929371183,-0.13895187947725987,1023
User01,1,1,0,2026-01-01,64,1,temperature,2.713763199487969,3.2198372652091596,2.2224616416733975,878
User01,1,1,0,2026-01-02,65,1,temperature,2.7444735358423706,3.5339637450420835,2.356699231511585,1021
User01,1,1,0,2026-01-03,66,1,temperature,3.5216299515375677,4.066866543004878,3.4314963396009985,2609
User01,1,1,0,2026-01-04,67,1,temperature,1.8545654743219704,2.3522444981592976,0.4270653539058824,2249
User01,1,1,0,2026-01-05,68,1,temperature,1.8178572603099272,2.224925158255613,-0.1788559687393013,2065
User01,1,1,0,2026-01-06,69,1,temperature,2.4669354700426234,3.064844829795708,2.3103882077996,1538
User01,1,1,0,2026-01-07,70,1,temperature,2.0188210459598985,2.5157389777257575,0.22576522507350985,2193
User01,1,1,0,2026-01-08,71,1,temperature,2.102202678419067,2.8004441545326118,1.5284918031658057,2311
User01,1,1,0,2026-01-09,72,1,temperature,1.9378735848843196,2.459397114953467,1.3778461052219775,2265
User01,1,1,0,2026-01-10,73,1,temperature,2.6485017405748574,3.3964869463161915,2.5083621031887633,2236
User01,1,1,0,2026-01-11,74,1,temperature,2.747932770313494,3.2313044449717303,-0.38347067029334614,2089
User01,1,1,0,2026-01-12,75,1,temperature,1.82909581277821,2.2886064120492366,-0.25527494432425213,2087
User01,1,1,0,2026-01-13,76,1,temperature,2.015146445036794,2.4663596601293514,-0.6698775954526541,2152
User01,1,1,0,2026-01-14,77,1,temperature,2.7890635137496695,3.4913234326744287,2.587755815611419,1986
User01,1,1,0,2026-01-15,78,1,temperature,3.028442933816107,3.5907135159150196,2.9492435561691446,2137
User01,1,1,0,2026-01-16,79,1,temperature,3.5142437927606642,4.158345712293436,3.477431495287936,2176
User01,1,1,0,2026-01-17,80,1,temperature,3.605344260919749,4.272858787195323,3.5180224559622832,2387
User01,1,1,0,2026-01-18,81,1,temperature,2.2630209075242553,2.741592073969244,2.099166769252901,2326
User01,1,1,0,2026-01-20,82,1,temperature,1.6985912790356246,2.132945439810832,0.34489205020757535,2010
User01,1,1,0,2026-01-21,83,1,temperature,2.2846809809292976,2.6735130237356484,-1.11208511066182,2036
User01,1,1,0,2026-01-22,84,1,temperature,2.197150964486948,2.6497434037325416,-0.5627029130540963,1995
User01,1,1,0,2026-01-23,85,1,temperature,1.8100284377665632,2.2711146718586677,0.9768834159515796,2204
User01,1,1,0,2026-01-24,86,1,temperature,1.5736720447540842,1.9446761441627172,0.288899592725553,2467
User01,1,1,0,2026-01-25,87,1,temperature,1.3906904391254504,1.685788706818729,0.05350059226761788,2317
User01,1,1,0,2026-01-26,88,1,temperature,1.6057755311897317,2.016717647589046,0.6797789396671481,2093
User01,1,1,0,2026-01-27,89,1,temperature,1.3914369210432194,1.75795635764483,0.23953606042586809,2130
User01,1,1,0,2026-01-28,90,1,temperature,1.604786389962261,2.0663648425743597,0.73814554260524,2051
User01,1,1,0,2026-01-29,91,1,temperature,1.7265047007730736,2.0976646687497285,-0.4636201976550956,2076
User01,1,1,0,2026-01-30,92,1,temperature,1.630404890189366,2.090798647465029,1.2856465759822389,2267
User01,1,1,0,2026-01-31,93,1,temperature,1.6307456469257535,2.118757222467456,1.1827972694864894,2464
User01,1,1,0,2026-02-02,94,1,temperature,2.4610257331131127,2.9656391150152133,2.398674418257707,2197
User01,1,1,0,2026-02-03,95,1,temperature,2.160697483825459,2.7346689282618306,2.059366755013663,2300
User01,1,1,0,2026-02-04,96,1,temperature,2.801975650511749,3.2026995838670715,2.716264723983576,2182
User01,1,1,0,2026-02-05,97,1,temperature,1.739889876918306,2.345822435319572,1.2782848182480007,2108
User01,1,1,0,2026-02-06,98,1,temperature,1.6576760843579996,2.121711958689308,1.448375655787439,2436
User01,1,1,0,2026-02-07,99,1,temperature,2.052939805758446,2.486467345641693,0.2100320171890764,2571
User01,1,1,0,2026-02-08,100,1,temperature,1.3694272272871983,1.8044696931504252,-0.26763490059172973,2147
User01,1,1,0,2026-02-10,101,1,temperature,3.2003633494440797,3.511933951339578,3.150001924104174,1923
User01,1,1,0,2026-02-11,102,1,temperature,2.394233361526834,2.9154830372778524,2.2715755706780802,2119
User01,1,1,0,2026-02-12,103,1,temperature,2.7380479504680806,3.23198977914048,2.697711797067649,2293
User01,1,1,0,2026-02-13,104,1,temperature,3.0991315542492153,3.56787515202278,2.892055491507445,2453
User01,1,1,0,2026-02-14,105,1,temperature,3.7129788542652844,4.034523450565097,3.709580292979069,1960
User01,1,1,0,2026-02-15,106,1,temperature,3.4520658204526398,3.85645343394668,3.44377029112029,2121
User01,1,1,0,2026-02-16,107,1,temperature,3.682884378399268,4.065307925148507,3.6491676645284934,1936
User01,1,1,0,2026-02-17,108,1,temperature,2.9612232509187444,3.43502163804532,2.9335091984487613,2464
User01,1,1,0,2026-02-18,109,1,temperature,3.0416978861195982,3.5177754213398145,2.9924113160617045,2048
User01,1,1,0,2026-02-19,110,1,temperature,3.9817052309268717,4.317512132620339,3.9807531793167326,2107
User01,1,1,0,2026-02-20,111,1,temperature,3.150115352701868,3.547283426245683,3.1235417947745554,2302
User01,1,1,0,2026-02-21,112,1,temperature,3.459952683527987,3.9706488334416106,3.440994099355649,2820
User01,1,1,0,2026-02-22,113,1,temperature,3.9138248329480954,4.181207189637994,3.9138248329480954,2373
User01,1,1,0,2026-02-23,114,1,temperature,2.643049975037828,3.1945052060332717,2.51386434021567,2083
User01,1,1,0,2026-02-24,115,1,temperature,2.9928687200778277,3.5207232769100747,2.759919264760198,1207
User01,1,1,0,2026-02-25,116,1,temperature,3.254090827639781,3.8305934886018416,3.140885806480172,2099
User01,1,1,0,2026-02-26,117,1,temperature,3.2224353283332645,3.693365533805568,3.2063960785001715,2079
User01,1,1,0,2026-02-27,118,1,temperature,3.126944400786807,3.5897244887190167,3.050058446453621,2151
User01,1,1,0,2026-02-28,119,1,temperature,3.5455799749487116,3.7983754299290844,3.540422373949201,2194
User01,1,1,0,2026-03-01,120,1,temperature,3.366941437316608,3.99469381135117,3.1787285947816075,2443
User01,1,1,0,2026-03-02,121,1,temperature,3.4920430457905427,3.7827897887270425,3.489434451609176,2213
User01,1,1,0,2026-03-03,122,1,temperature,3.8013000509604296,4.138553736960933,3.796562981572063,2023
User01,1,1,0,2026-03-04,123,1,temperature,2.694913814281317,3.189371603509419,2.558920078001991,2026
User01,1,1,0,2026-03-05,124,1,temperature,2.3398287337639494,2.736621888034483,2.262926098185406,1574
User01,1,1,0,2026-03-06,125,1,temperature,3.0302091123534094,3.332958592146813,3.0299747007640065,2284
User01,1,1,0,2026-03-07,126,1,temperature,3.330435518036277,3.6908615606866384,3.3231710781481034,2179
User01,1,1,0,2026-03-08,127,1,temperature,1.8125816291188812,2.3392111283158346,1.5238642057087899,2170
User01,1,1,0,2026-03-09,128,1,temperature,1.9178610855222562,2.381422173674564,1.415093951568984,2207
User01,1,1,0,2026-03-10,129,1,temperature,2.8573231448074807,3.2273727267048846,2.7776390553545114,1973
User01,1,1,0,2026-03-11,130,1,temperature,2.8828863459923015,3.5212713026666593,2.7335837629062643,2264
User01,1,1,0,2026-03-12,131,1,temperature,4.63026759171684,4.905517903506453,4.177978416563829,2192
User01,1,1,0,2026-03-13,132,1,temperature,3.197456092308738,3.6150700046940916,3.056595545971453,2280
User01,1,1,0,2026-03-14,133,1,temperature,2.939969217357713,3.4206242282238803,2.9260843394977023,2131
User01,1,1,0,2026-03-15,134,1,temperature,3.141856513369543,3.4704442106633757,3.1351632496044797,2218
User01,1,1,0,2026-03-16,135,1,temperature,2.8684490713215345,3.3424772111679735,2.856058520743636,2087
User01,1,1,0,2026-03-17,136,1,temperature,4.12094933788842,4.316169854510691,4.12094933788842,1903
User01,1,1,0,2026-03-18,137,1,temperature,3.5785838291252983,4.011374690420726,3.5367284656665645,2062
User01,1,1,0,2026-03-19,138,1,temperature,5.247893882970752,5.410847885569526,5.247893882970752,1764
User01,1,1,0,2026-03-20,139,1,temperature,4.2492873388520955,4.588771976659363,4.21852796466323,2085
User01,1,1,0,2026-03-21,140,1,temperature,3.1499305851488337,3.392065309823526,3.1499305851488337,2246
User01,1,1,0,2026-03-22,141,1,temperature,3.0252773935878725,3.4593065242898366,2.9726118875313814,1747
User01,1,1,0,2026-03-23,142,1,temperature,4.048905095219952,4.330180648083973,4.048529479237264,1957
User01,1,1,0,2026-03-24,143,1,temperature,5.184935893402125,5.3705119171369295,5.184935893402125,1934
User01,1,1,0,2026-03-25,144,1,temperature,3.686221546562268,4.036114368679032,3.6795740399331804,1786
User01,1,1,0,2026-03-26,145,1,temperature,3.4295809811517275,3.735854129990983,3.4062406389864357,1939
User01,1,1,0,2026-03-27,146,1,temperature,3.267717429346406,3.6599913364959975,3.248261425882709,2191
User01,1,1,0,2026-03-28,147,1,temperature,3.1034703427653123,3.3325820133424817,3.0648024654763897,2010
User01,1,1,0,2026-03-29,148,1,temperature,3.662727549332074,4.142055150418105,3.6616938096019345,1755
User01,1,1,0,2026-03-30,149,1,temperature,3.3046002145126288,3.5441718198777927,3.301412050712396,2029
User01,1,1,0,2026-03-31,150,1,temperature,3.1937832732447,3.388800105559037,3.180350926450166,1790
User01,1,1,0,2026-04-01,151,1,temperature,2.984208448839997,3.297548500336215,2.964248354627447,2021
User01,1,1,0,2025-08-28,3,0,humidity,18.212341031599795,20.350027426416634,-17.487406919159184,1104
User01,1,1,0,2025-08-29,4,0,humidity,18.064929246571857,19.50991306813642,-18.05124039743631,809
User01,1,1,0,2025-08-30,5,0,humidity,21.340984751068028,22.20603847226281,-21.337245110262185,987
User01,1,1,0,2025-08-31,6,0,humidity,13.931515422904216,15.743170008011516,-11.330411353960518,837
User01,1,1,0,2025-11-05,7,0,humidity,14.955110927295804,16.08484130870138,14.955110927295804,1992
User01,1,1,0,2025-11-06,8,0,humidity,14.803939711932768,16.233036215259702,14.803939711932768,2038
User01,1,1,0,2025-11-07,9,0,humidity,7.297813490696786,9.351070932114702,6.912571219273549,1810
User01,1,1,0,2025-11-08,10,0,humidity,5.965296204490218,7.752717487594503,5.083047832112872,1949
User01,1,1,0,2025-11-09,11,0,humidity,15.598139066791303,17.301164546493194,15.598139066791303,2050
User01,1,1,0,2025-11-10,12,0,humidity,33.69826019495724,34.54831503966036,33.69826019495724,2171
User01,1,1,0,2025-11-11,13,0,humidity,19.668344733960556,21.028838300072884,19.668344733960556,2213
User01,1,1,0,2025-11-12,14,0,humidity,18.29211043733842,19.539866685891813,18.29211043733842,1512
User01,1,1,0,2025-11-13,15,0,humidity,18.089494342596552,19.47201970469516,18.089494342596552,2167
User01,1,1,0,2025-11-14,16,1,humidity,19.556796861990016,20.806653519740937,19.556796861990016,1863
User01,1,1,0,2025-11-15,17,1,humidity,17.650339396693678,19.221179354676995,17.650339396693678,2153
User01,1,1,0,2025-11-16,18,1,humidity,17.112357525020997,18.836778418306405,17.112357525020997,2210
User01,1,1,0,2025-11-17,19,1,humidity,37.10159426113318,37.737076650595334,37.10159426113318,2052
User01,1,1,0,2025-11-18,20,1,humidity,40.76580112232498,41.405883424739876,40.76580112232498,1933
User01,1,1,0,2025-11-19,21,1,humidity,25.32907675287568,26.46635189145024,25.32907675287568,2279
User01,1,1,0,2025-11-20,22,1,humidity,23.25605695037213,24.12951849197981,23.25605695037213,2039
User01,1,1,0,2025-11-21,23,1,humidity,24.125977422868388,25.594412088430886,24.125977422868388,680
User01,1,1,0,2025-11-22,24,1,humidity,19.247882958530262,20.471844162420442,19.247882958530262,745
User01,1,1,0,2025-11-23,25,1,humidity,14.344512028629907,16.50344624018081,14.299721411342254,684
User01,1,1,0,2025-11-24,26,1,humidity,13.595699965395164,15.057237605765588,13.584912702090028,767
User01,1,1,0,2025-11-25,27,1,humidity,16.326509414472074,17.85112710123614,16.326509414472074,794
User01,1,1,0,2025-11-26,28,1,humidity,18.217330817998324,19.23173648453354,18.217330817998324,1001
User01,1,1,0,2025-11-27,29,1,humidity,21.261291850368604,22.217502416470982,21.261291850368604,1400
User01,1,1,0,2025-11-28,30,1,humidity,29.843762561506225,30.649169777874597,29.843762561506225,1648
User01,1,1,0,2025-11-29,31,1,humidity,21.18822292543127,22.617705620932977,21.18822292543127,1914
User01,1,1,0,2025-11-30,32,1,humidity,17.373252745753128,18.46353295985992,17.373252745753128,1531
User01,1,1,0,2025-12-01,33,1,humidity,29.965956573636568,30.80524387039569,29.965956573636568,1612
User01,1,1,0,2025-12-02,34,1,humidity,41.3736053126903,42.02380989222254,41.3736053126903,1643
User01,1,1,0,2025-12-03,35,1,humidity,42.95876443529189,43.68592234573496,42.95876443529189,1408
User01,1,1,0,2025-12-04,36,1,humidity,38.261407084591184,39.0872649680626,38.261407084591184,1659
User01,1,1,0,2025-12-05,37,1,humidity,34.80703646203925,35.481771582715254,34.80703646203925,2025
User01,1,1,0,2025-12-06,38,1,humidity,24.318217265289192,25.575579648509333,24.318217265289192,2252
User01,1,1,0,2025-12-07,39,1,humidity,14.523262871387633,16.211410286846306,14.432934921040777,1818
User01,1,1,0,2025-12-08,40,1,humidity,29.447300508251164,30.49188660823659,29.447300508251164,1745
User01,1,1,0,2025-12-09,41,1,humidity,27.686235785505378,28.763328247842217,27.686235785505378,2059
User01,1,1,0,2025-12-10,42,1,humidity,20.957326333912768,21.990236220124867,20.957326333912768,1970
User01,1,1,0,2025-12-11,43,1,humidity,28.93473302264972,29.945258063807987,28.93473302264972,2140
User01,1,1,0,2025-12-12,44,1,humidity,24.341147727375983,25.307730473585732,24.341147727375983,2299
User01,1,1,0,2025-12-13,45,1,humidity,24.32001764767284,25.124532448432248,24.32001764767284,1708
User01,1,1,0,2025-12-14,46,1,humidity,25.200893053599653,26.25811569001437,25.200893053599653,1741
User01,1,1,0,2025-12-15,47,1,humidity,21.538770634140853,22.54988894333585,21.538770634140853,1953
User01,1,1,0,2025-12-16,48,1,humidity,17.993223103081906,19.126734240309606,17.993223103081906,2264
User01,1,1,0,2025-12-17,49,1,humidity,22.204776662339654,23.389516034238607,22.204776662339654,2118
User01,1,1,0,2025-12-18,50,1,humidity,25.283491715793232,26.438754845365068,25.283491715793232,2223
User01,1,1,0,2025-12-19,51,1,humidity,23.491743520475918,24.903353857473483,23.491743520475918,2599
User01,1,1,0,2025-12-20,52,1,humidity,20.26989713723919,21.791345470411617,20.26989713723919,2063
User01,1,1,0,2025-12-21,53,1,humidity,29.419187848556305,30.36851610235693,29.419187848556305,1822
User01,1,1,0,2025-12-22,54,1,humidity,30.37633530969324,31.425195679180085,30.37633530969324,1837
User01,1,1,0,2025-12-23,55,1,humidity,29.179789298662484,30.268949154286098,29.179789298662484,1996
User01,1,1,0,2025-12-24,56,1,humidity,29.311307375732554,30.249853372160377,29.311307375732554,1928
User01,1,1,0,2025-12-25,57,1,humidity,28.010165469311776,28.51179376610504,28.010165469311776,1699
User01,1,1,0,2025-12-26,58,1,humidity,34.96361003049533,35.18264979391944,34.96361003049533,1490
User01,1,1,0,2025-12-27,59,1,humidity,22.55514283579491,23.192511575862397,22.55514283579491,903
User01,1,1,0,2025-12-28,60,1,humidity,21.737834178089237,23.040206589744457,21.737834178089237,1356
User01,1,1,0,2025-12-29,61,1,humidity,18.98388348085813,20.15437369946489,18.983775804604644,930
User01,1,1,0,2025-12-30,62,1,humidity,31.740333543103844,32.294421997751705,31.740333543103844,905
User01,1,1,0,2025-12-31,63,1,humidity,35.282382578450004,36.02060230245934,35.282382578450004,1023
User01,1,1,0,2026-01-01,64,1,humidity,37.28809604538562,38.0380129615436,37.28809604538562,878
User01,1,1,0,2026-01-02,65,1,humidity,32.55245724960487,33.370718753551365,32.55245724960487,1021
User01,1,1,0,2026-01-03,66,1,humidity,35.30927268393163,36.26591665847722,35.30927268393163,2609
User01,1,1,0,2026-01-04,67,1,humidity,36.32190055309438,37.20638423614368,36.32190055309438,2249
User01,1,1,0,2026-01-05,68,1,humidity,35.70004096363395,36.587303147650275,35.70004096363395,2065
User01,1,1,0,2026-01-06,69,1,humidity,33.92469534248233,34.676325416294,33.92469534248233,1538
User01,1,1,0,2026-01-07,70,1,humidity,38.12165223520005,38.72664069728673,38.12165223520005,2193
User01,1,1,0,2026-01-08,71,1,humidity,41.46431440520535,41.95896476068366,41.46431440520535,2311
User01,1,1,0,2026-01-09,72,1,humidity,31.269122898375617,31.864820076711954,31.269122898375617,2265
User01,1,1,0,2026-01-10,73,1,humidity,36.801473024683105,37.280421906593894,36.801473024683105,2236
User01,1,1,0,2026-01-11,74,1,humidity,41.843439198655105,42.2378671949022,41.843439198655105,2089
User01,1,1,0,2026-01-12,75,1,humidity,38.60750529265779,39.00157244687368,38.60750529265779,2087
User01,1,1,0,2026-01-13,76,1,humidity,40.79856385473234,41.217403040071204,40.79856385473234,2152
User01,1,1,0,2026-01-14,77,1,humidity,24.458899464198957,25.61462597959335,24.458899464198957,1986
User01,1,1,0,2026-01-15,78,1,humidity,20.88045879178541,22.40236920052389,20.88045879178541,2137
User01,1,1,0,2026-01-16,79,1,humidity,21.58628251430086,22.4644633758858,21.58628251430086,2176
User01,1,1,0,2026-01-17,80,1,humidity,26.28728576710742,27.157569780425636,26.28728576710742,2387
User01,1,1,0,2026-01-18,81,1,humidity,24.45529638096971,25.059641141275954,24.45529638096971,2326
User01,1,1,0,2026-01-20,82,1,humidity,38.26143366997969,38.66252998750452,38.26143366997969,2010
User01,1,1,0,2026-01-21,83,1,humidity,40.630596522778454,41.21360571110543,40.630596522778454,2036
User01,1,1,0,2026-01-22,84,1,humidity,39.37638958005843,40.020680230645915,39.37638958005843,1995
User01,1,1,0,2026-01-23,85,1,humidity,33.053402465097385,33.7995998330212,33.053402465097385,2204
User01,1,1,0,2026-01-24,86,1,humidity,34.95237692427699,35.597067743423736,34.95237692427699,2467
User01,1,1,0,2026-01-25,87,1,humidity,34.33103615608953,35.49403902053869,34.33103615608953,2317
User01,1,1,0,2026-01-26,88,1,humidity,34.896136632540475,36.07627791321827,34.896136632540475,2093
User01,1,1,0,2026-01-27,89,1,humidity,38.59515873491929,39.40271571821312,38.59515873491929,2130
User01,1,1,0,2026-01-28,90,1,humidity,37.67812337894172,38.7492288343006,37.67812337894172,2051
User01,1,1,0,2026-01-29,91,1,humidity,39.187953007379086,40.14871724395879,39.187953007379086,2076
User01,1,1,0,2026-01-30,92,1,humidity,38.09967155509891,39.290372106670695,38.09967155509891,2267
User01,1,1,0,2026-01-31,93,1,humidity,37.03908951857144,38.275586600580205,37.03908951857144,2464
User01,1,1,0,2026-02-02,94,1,humidity,25.301613637910865,26.51926931512168,25.301613637910865,2197
User01,1,1,0,2026-02-03,95,1,humidity,23.634378970005013,24.944224719600147,23.634378970005013,2300
User01,1,1,0,2026-02-04,96,1,humidity,16.166266910037738,18.41596844646007,16.14254818011873,2182
User01,1,1,0,2026-02-05,97,1,humidity,27.180332582752236,28.655187971146958,27.180332582752236,2108
User01,1,1,0,2026-02-06,98,1,humidity,32.027315205710515,32.83088127347645,32.027315205710515,2436
User01,1,1,0,2026-02-07,99,1,humidity,35.38727249034346,36.24426825253672,35.38727249034346,2571
User01,1,1,0,2026-02-08,100,1,humidity,32.984106813220365,33.644552655894934,32.984106813220365,2147
User01,1,1,0,2026-02-10,101,1,humidity,21.84051627924309,23.591945710243746,21.84051627924309,1923
User01,1,1,0,2026-02-11,102,1,humidity,26.601178284781735,27.72938229974939,26.601178284781735,2119
User01,1,1,0,2026-02-12,103,1,humidity,24.630542339992164,26.380530081060567,24.630542339992164,2293
User01,1,1,0,2026-02-13,104,1,humidity,15.358902007451569,17.96524392978634,15.358902007451569,2453
User01,1,1,0,2026-02-14,105,1,humidity,9.096957770338927,12.865287663239283,7.102590878946247,1960
User01,1,1,0,2026-02-15,106,1,humidity,19.435939537318937,22.5016688640531,19.435939537318937,2121
User01,1,1,0,2026-02-16,107,1,humidity,24.133707083833922,25.47710025690426,24.133707083833922,1936
User01,1,1,0,2026-02-17,108,1,humidity,26.668057657544423,28.178869992298257,26.668057657544423,2464
User01,1,1,0,2026-02-18,109,1,humidity,22.370589196730194,24.320350720898237,22.370589196730194,2048
User01,1,1,0,2026-02-19,110,1,humidity,23.08988252263209,25.36791276399862,23.08988252263209,2107
User01,1,1,0,2026-02-20,111,1,humidity,18.54323859828677,20.039269090185336,18.54323859828677,2302
User01,1,1,0,2026-02-21,112,1,humidity,17.469836023252082,20.072972659539015,17.469836023252082,2820
User01,1,1,0,2026-02-22,113,1,humidity,21.190744747506912,23.15309790037086,21.190744747506912,2373
User01,1,1,0,2026-02-23,114,1,humidity,27.203176628657882,28.436724924361588,27.203176628657882,2083
User01,1,1,0,2026-02-24,115,1,humidity,27.789885698410167,29.374548991215445,27.789885698410167,1207
User01,1,1,0,2026-02-25,116,1,humidity,20.974304389432024,22.84757260680052,20.974304389432024,2099
User01,1,1,0,2026-02-26,117,1,humidity,15.940116252823548,17.918593312973545,15.940116252823548,2079
User01,1,1,0,2026-02-27,118,1,humidity,12.732664808640724,14.514679895953483,12.70964130576238,2151
User01,1,1,0,2026-02-28,119,1,humidity,13.739663073764607,16.19775315651473,13.739663073764607,2194
User01,1,1,0,2026-03-01,120,1,humidity,10.222954516325307,13.99441916434877,10.054159142415651,2443
User01,1,1,0,2026-03-02,121,1,humidity,27.385985016995978,29.119604193273243,27.385985016995978,2213
User01,1,1,0,2026-03-03,122,1,humidity,16.6061786331335,18.37310954324986,16.6061786331335,2023
User01,1,1,0,2026-03-04,123,1,humidity,17.642737518726044,20.908272834950495,17.642737518726044,2026
User01,1,1,0,2026-03-05,124,1,humidity,27.605165342568167,28.440676651252698,27.605165342568167,1574
User01,1,1,0,2026-03-06,125,1,humidity,23.29301830212075,23.88406878214956,23.29301830212075,2284
User01,1,1,0,2026-03-07,126,1,humidity,26.232608162568646,27.418188985938794,26.232608162568646,2179
User01,1,1,0,2026-03-08,127,1,humidity,31.8329110939026,33.271701674258594,31.8329110939026,2170
User01,1,1,0,2026-03-09,128,1,humidity,19.68632019375568,20.400370469122077,19.68632019375568,2207
User01,1,1,0,2026-03-10,129,1,humidity,25.804073517310474,27.33646500325349,25.804073517310474,1973
User01,1,1,0,2026-03-11,130,1,humidity,22.807603340005763,24.05306594870648,22.807603340005763,2264
User01,1,1,0,2026-03-12,131,1,humidity,17.198892083034885,21.620001783431036,17.1958528451372,2192
User01,1,1,0,2026-03-13,132,1,humidity,18.37164748168553,19.6048285699518,18.37164748168553,2280
User01,1,1,0,2026-03-14,133,1,humidity,19.306112978641288,21.354353325528287,19.306112978641288,2131
User01,1,1,0,2026-03-15,134,1,humidity,19.42714021721934,21.523960883984845,19.42714021721934,2218
User01,1,1,0,2026-03-16,135,1,humidity,21.76684373144641,23.167615239681975,21.76684373144641,2087
User01,1,1,0,2026-03-17,136,1,humidity,18.07713019481684,19.5679554907791,18.07713019481684,1903
User01,1,1,0,2026-03-18,137,1,humidity,19.460103585277334,20.72028674414419,19.460103585277334,2062
User01,1,1,0,2026-03-19,138,1,humidity,18.29350674486581,19.95660698032219,18.29350674486581,1764
User01,1,1,0,2026-03-20,139,1,humidity,14.538156426758453,16.24027112484077,14.538156426758453,2085
User01,1,1,0,2026-03-21,140,1,humidity,19.464229958892446,23.138497887056975,19.464229958892446,2246
User01,1,1,0,2026-03-22,141,1,humidity,16.906688402668433,18.600434640055877,16.906688402668433,1747
User01,1,1,0,2026-03-23,142,1,humidity,8.042252453116067,10.81873589459449,7.695621159793941,1957
User01,1,1,0,2026-03-24,143,1,humidity,11.197007960574844,14.913258388245382,10.816484084924092,1934
User01,1,1,0,2026-03-25,144,1,humidity,15.753638096143847,18.223682009686797,15.753638096143847,1786
User01,1,1,0,2026-03-26,145,1,humidity,13.44471094864647,15.707927102235958,13.44471094864647,1939
User01,1,1,0,2026-03-27,146,1,humidity,10.798579751413525,13.19504656768509,10.798579751413525,2191
User01,1,1,0,2026-03-28,147,1,humidity,9.874958517001101,12.9118531027713,9.856756200319056,2010
User01,1,1,0,2026-03-29,148,1,humidity,16.42554932666199,19.03894182063967,16.42554932666199,1755
User01,1,1,0,2026-03-30,149,1,humidity,8.74627150624707,11.029163706210053,8.6105541332854,2029
User01,1,1,0,2026-03-31,150,1,humidity,6.272677233364692,8.806364776402411,4.842785187050445,1790
User01,1,1,0,2026-04-01,151,1,humidity,11.661885874559626,14.896103231183304,11.641351983235197,2021
User01,1,1,1,2025-08-28,3,0,temperature,3.534804082319298,4.161057516124934,2.8582374297018083,1104
User01,1,1,1,2025-08-29,4,0,temperature,4.16815404999085,4.8088129878611685,4.010595394429809,809
User01,1,1,1,2025-08-30,5,0,temperature,3.305863554326149,3.640566798931126,2.502051844437094,987
User01,1,1,1,2025-08-31,6,0,temperature,3.636744670562579,4.018670054211368,3.6269921709271506,837
User01,1,1,1,2025-11-05,7,0,temperature,2.627115545167817,3.484072649190492,1.434043813087997,1992
User01,1,1,1,2025-11-06,8,0,temperature,3.1336089030595877,3.75630631064496,2.3463475477796836,2038
User01,1,1,1,2025-11-07,9,0,temperature,3.473169261526395,4.280061572749001,3.0335895009358476,1810
User01,1,1,1,2025-11-08,10,0,temperature,3.341689395826632,3.9416005060799146,3.2310154613799282,1949
User01,1,1,1,2025-11-09,11,0,temperature,3.9040517465069775,4.69959113017155,3.657225302069704,2050
User01,1,1,1,2025-11-10,12,0,temperature,2.3133331506932873,2.7316384220115957,0.9575880599584964,2171
User01,1,1,1,2025-11-11,13,0,temperature,3.2601555398984523,3.7349824408925896,3.1297277289210954,2213
User01,1,1,1,2025-11-12,14,0,temperature,2.9568237008185605,3.585619590696731,2.5650341032689385,1512
User01,1,1,1,2025-11-13,15,0,temperature,3.1354608411906817,3.7360105103820014,2.5917012487194078,2167
User01,1,1,1,2025-11-14,16,1,temperature,3.278307081378169,3.870326336028867,3.0047478107922805,1863
User01,1,1,1,2025-11-15,17,1,temperature,3.958957407781015,4.582019846070693,3.756328042178944,2153
User01,1,1,1,2025-11-16,18,1,temperature,3.809491743908281,4.517559022066781,3.5658910317807564,2210
User01,1,1,1,2025-11-17,19,1,temperature,2.4830536482419645,2.996411303264832,0.5622422142683001,2052
User01,1,1,1,2025-11-18,20,1,temperature,2.2915101850631765,2.9228565622517193,1.5353225485589366,1933
User01,1,1,1,2025-11-19,21,1,temperature,3.7113572505213503,4.36938559385346,3.380149480805087,2279
User01,1,1,1,2025-11-20,22,1,temperature,4.402627798548525,5.0313719904698155,4.077790760075537,2039
User01,1,1,1,2025-11-21,23,1,temperature,3.8984746772518655,4.625706684467225,3.303014533330377,680
User01,1,1,1,2025-11-22,24,1,temperature,3.69814844814563,4.384084399108449,3.4137830527381094,745
User01,1,1,1,2025-11-23,25,1,temperature,3.172414572208001,3.831018735575842,2.0563714134590194,684
User01,1,1,1,2025-11-24,26,1,temperature,4.208618824149459,4.728303746033286,4.155245255533722,767
User01,1,1,1,2025-11-25,27,1,temperature,4.532076031467409,5.189357831261932,4.512292938583289,794
User01,1,1,1,2025-11-26,28,1,temperature,4.328359672857273,4.8709948582054565,3.6826763631517063,1001
User01,1,1,1,2025-11-27,29,1,temperature,4.8275590972964055,5.336286257742947,4.7782025677001485,1400
User01,1,1,1,2025-11-28,30,1,temperature,3.226762418266201,4.015862515371693,2.6993799328967234,1648
User01,1,1,1,2025-11-29,31,1,temperature,4.084547033377288,4.789936614701794,3.904438805529401,1914
User01,1,1,1,2025-11-30,32,1,temperature,3.3063056988291533,3.9770139409784178,2.801172097729623,1531
User01,1,1,1,2025-12-01,33,1,temperature,3.1396949991348113,3.8054688307031928,2.781526989992993,1612
User01,1,1,1,2025-12-02,34,1,temperature,3.149932230759093,3.69378204247253,2.723030483899593,1643
User01,1,1,1,2025-12-03,35,1,temperature,2.872374996589621,3.440592512048717,2.301373814565981,1408
User01,1,1,1,2025-12-04,36,1,temperature,3.070666446253717,3.6500294672485887,2.7422882470058663,1659
User01,1,1,1,2025-12-05,37,1,temperature,3.062763180554684,3.7050846559743253,2.7375379338530967,2025
User01,1,1,1,2025-12-06,38,1,temperature,3.767223405871481,4.362301240264409,3.642147525923018,2252
User01,1,1,1,2025-12-07,39,1,temperature,4.343387708847875,4.979883383382401,4.160891173809648,1818
User01,1,1,1,2025-12-08,40,1,temperature,3.4849871964333294,4.109604272055687,3.385317828464979,1745
User01,1,1,1,2025-12-09,41,1,temperature,3.867094581811108,4.490090391242183,3.8029112622415426,2059
User01,1,1,1,2025-12-10,42,1,temperature,3.61267318274616,4.293735329598525,3.319525417811389,1970
User01,1,1,1,2025-12-11,43,1,temperature,3.7137623713424337,4.261673075344963,3.5739154334152463,2140
User01,1,1,1,2025-12-12,44,1,temperature,3.850137588479887,4.415688890346245,3.7206325429544553,2299
User01,1,1,1,2025-12-13,45,1,temperature,3.5143621711681057,4.153538637438722,2.7893342520791164,1708
User01,1,1,1,2025-12-14,46,1,temperature,3.7822891628333695,4.512627022400739,3.6193616154198716,1741
User01,1,1,1,2025-12-15,47,1,temperature,4.042406857055661,4.547540255586275,3.915224315271111,1953
User01,1,1,1,2025-12-16,48,1,temperature,3.6915123998336385,4.520541940579861,3.3693489854518557,2264
User01,1,1,1,2025-12-17,49,1,temperature,3.7566949734513986,4.453180582259239,3.599728250455218,2118
User01,1,1,1,2025-12-18,50,1,temperature,3.747978890721038,4.356624000694185,3.477982441196225,2223
User01,1,1,1,2025-12-19,51,1,temperature,3.030458799078761,3.8146978120827515,2.78420766017189,2599
User01,1,1,1,2025-12-20,52,1,temperature,2.717721456427911,3.4581413412518147,2.120864774413245,2063
User01,1,1,1,2025-12-21,53,1,temperature,3.4110959713638027,4.283273602452163,3.0664024941491306,1822
User01,1,1,1,2025-12-22,54,1,temperature,4.062735238062226,4.822126070741225,3.7960115880150185,1837
User01,1,1,1,2025-12-23,55,1,temperature,4.736011623088534,5.361652557889322,4.73388960919096,1996
User01,1,1,1,2025-12-24,56,1,temperature,4.742430816985986,5.215518105072638,4.655083523216944,1928
User01,1,1,1,2025-12-25,57,1,temperature,2.137972406951759,2.6455764697979225,-1.040655155072,1699
User01,1,1,1,2025-12-26,58,1,temperature,1.7982528995545208,2.1154221166806617,-0.883522671769205,1490
User01,1,1,1,2025-12-27,59,1,temperature,1.449011301080362,1.8323097669191781,0.9694143609077162,903
User01,1,1,1,2025-12-28,60,1,temperature,3.886022920969472,4.937885763208135,3.7798965972716005,1356
User01,1,1,1,2025-12-29,61,1,temperature,2.996776717947914,3.6851005079287664,2.5753899592723544,930
User01,1,1,1,2025-12-30,62,1,temperature,3.0539603279419714,3.8464579765056497,2.2399070401951153,905
User01,1,1,1,2025-12-31,63,1,temperature,2.040851338979444,2.5268613448415254,0.3643982182482622,1023
User01,1,1,1,2026-01-01,64,1,temperature,3.256401764691474,3.9540525058125633,2.9999545401172862,878
User01,1,1,1,2026-01-02,65,1,temperature,3.208440710792225,4.164679452316637,2.7708585018810235,1021
User01,1,1,1,2026-01-03,66,1,temperature,4.274167262377814,4.983224136760931,4.19769891803333,2609
User01,1,1,1,2026-01-04,67,1,temperature,2.1842995130366725,2.7352816502944655,1.317131812631751,2249
User01,1,1,1,2026-01-05,68,1,temperature,2.0718376310605824,2.491954102101495,0.7869069572394316,2065
User01,1,1,1,2026-01-06,69,1,temperature,3.2994036108962885,3.8637240184198487,3.221062483891097,1538
User01,1,1,1,2026-01-07,70,1,temperature,2.212718157391698,2.776405480035933,0.5925655055607923,2193
User01,1,1,1,2026-01-08,71,1,temperature,2.634353236387379,3.4106838944093063,2.303676786914499,2311
User01,1,1,1,2026-01-09,72,1,temperature,2.5603212009882332,3.107891392065139,2.062735487792506,2265
User01,1,1,1,2026-01-10,73,1,temperature,3.6164960736394347,4.450907963779791,3.3179233914201967,2236
User01,1,1,1,2026-01-11,74,1,temperature,2.7636118989987013,3.456305091905059,0.4756922108452503,2089
User01,1,1,1,2026-01-12,75,1,temperature,2.1713460899573898,2.867657370010779,0.6751566954631743,2087
User01,1,1,1,2026-01-13,76,1,temperature,2.228609802769061,2.6511825856496034,-0.25555200513962145,2152
User01,1,1,1,2026-01-14,77,1,temperature,3.423534312581433,4.229818537263725,3.2539472303172814,1986
User01,1,1,1,2026-01-15,78,1,temperature,3.561594757926763,4.1011476721479445,3.52921632618635,2137
User01,1,1,1,2026-01-16,79,1,temperature,4.2903813743671835,5.0322724640166925,4.243169820867909,2176
User01,1,1,1,2026-01-17,80,1,temperature,4.308662804700349,5.138387147834566,4.230249633466344,2387
User01,1,1,1,2026-01-18,81,1,temperature,2.6252822118129395,3.266237893448369,2.3376705177065773,2326
User01,1,1,1,2026-01-20,82,1,temperature,2.319931824432082,2.7654739870884018,0.8122884744639908,2010
User01,1,1,1,2026-01-21,83,1,temperature,2.1622444461189056,2.6932365351676886,-0.025336116862402697,2036
User01,1,1,1,2026-01-22,84,1,temperature,2.5686090569847724,3.1556933788767867,0.37201639493477345,1995
User01,1,1,1,2026-01-23,85,1,temperature,2.4582215659360482,3.0253348525283217,1.494289029409716,2204
User01,1,1,1,2026-01-24,86,1,temperature,1.7947056633354905,2.270497671112074,0.7183355260820831,2467
User01,1,1,1,2026-01-25,87,1,temperature,1.5633303520464643,1.9227794622702734,0.9706766633194676,2317
User01,1,1,1,2026-01-26,88,1,temperature,1.9089267928150768,2.4106113710394426,1.5845054358427235,2093
User01,1,1,1,2026-01-27,89,1,temperature,1.590222066388692,2.1331090954074003,1.116166832738255,2130
User01,1,1,1,2026-01-28,90,1,temperature,1.9744911287549998,2.609134188962997,1.636242878784657,2051
User01,1,1,1,2026-01-29,91,1,temperature,1.4803462150467437,1.979304928983983,0.35313098853975544,2076
User01,1,1,1,2026-01-30,92,1,temperature,2.212648220676394,2.6213733055384574,2.0659010454666156,2267
User01,1,1,1,2026-01-31,93,1,temperature,2.210623320190902,2.66468718123355,2.1174018384731514,2464
User01,1,1,1,2026-02-02,94,1,temperature,3.2061766030493737,3.7222162614040406,3.202316551464442,2197
User01,1,1,1,2026-02-03,95,1,temperature,3.046577997898773,3.583038631624942,2.9850200224377748,2300
User01,1,1,1,2026-02-04,96,1,temperature,3.9332767677083975,4.256398128571516,3.930080039912075,2182
User01,1,1,1,2026-02-05,97,1,temperature,2.2208486353180605,2.9069781097922887,2.0049607861400855,2108
User01,1,1,1,2026-02-06,98,1,temperature,2.4983994601555617,2.9389807682825757,2.4490990338544756,2436
User01,1,1,1,2026-02-07,99,1,temperature,2.125414957136848,2.6875258199549195,0.9669086792144381,2571
User01,1,1,1,2026-02-08,100,1,temperature,1.3456920640080816,1.7321876998410288,0.6731099557276343,2147
User01,1,1,1,2026-02-10,101,1,temperature,4.0442028414166655,4.260037554845178,4.0442028414166655,1923
User01,1,1,1,2026-02-11,102,1,temperature,3.3250184357178485,3.7773168613692776,3.3173069864610167,2119
User01,1,1,1,2026-02-12,103,1,temperature,3.657662230676338,4.0144455690664245,3.6560824021761062,2293
User01,1,1,1,2026-02-13,104,1,temperature,3.895308603233768,4.310114750940449,3.8683535988642705,2453
User01,1,1,1,2026-02-14,105,1,temperature,4.692702712096069,4.93150236744258,4.691813190618345,1960
User01,1,1,1,2026-02-15,106,1,temperature,4.064185337239844,4.446001264260445,4.057710807592441,2121
User01,1,1,1,2026-02-16,107,1,temperature,4.536251072720053,4.869126862613488,4.535585381356169,1936
User01,1,1,1,2026-02-17,108,1,temperature,3.894954380679394,4.29409725968657,3.8744660214658535,2464
User01,1,1,1,2026-02-18,109,1,temperature,3.647032835615221,4.004100299083726,3.643769443399333,2048
User01,1,1,1,2026-02-19,110,1,temperature,4.740985419493288,5.00292011004197,4.740985419493288,2107
User01,1,1,1,2026-02-20,111,1,temperature,3.7989556929743102,4.176536159190093,3.798696069896511,2302
User01,1,1,1,2026-02-21,112,1,temperature,4.237867456178536,4.662023153118196,4.235134528588681,2820
User01,1,1,1,2026-02-22,113,1,temperature,4.639822633376009,4.862514070426267,4.639822633376009,2373
User01,1,1,1,2026-02-23,114,1,temperature,3.4408087125851416,3.900093123123676,3.4362791394785805,2083
User01,1,1,1,2026-02-24,115,1,temperature,3.5949583196657304,4.061020719372213,3.5877211483567333,1207
User01,1,1,1,2026-02-25,116,1,temperature,3.8934223763659763,4.470618859465987,3.824319856655762,2099
User01,1,1,1,2026-02-26,117,1,temperature,3.9588722056366135,4.3911342263262245,3.9580286920792553,2079
User01,1,1,1,2026-02-27,118,1,temperature,3.941552809911642,4.3838922900611506,3.940395083678308,2151
User01,1,1,1,2026-02-28,119,1,temperature,4.270647626108209,4.503826734910316,4.270647626108209,2194
User01,1,1,1,2026-03-01,120,1,temperature,3.9574378959140994,4.537017365048935,3.90150927605802,2443
User01,1,1,1,2026-03-02,121,1,temperature,4.318420164115634,4.600638532145708,4.318420164115634,2213
User01,1,1,1,2026-03-03,122,1,temperature,4.569738046644837,4.814718736771432,4.569738046644837,2023
User01,1,1,1,2026-03-04,123,1,temperature,3.0994352371414786,3.5597903307473318,3.071153679535347,2026
User01,1,1,1,2026-03-05,124,1,temperature,2.778639466241154,3.1339924843113,2.7691537992943713,1574
User01,1,1,1,2026-03-06,125,1,temperature,3.7915785078411424,4.099704897579206,3.7915785078411424,2284
User01,1,1,1,2026-03-07,126,1,temperature,4.120930316813911,4.388337960026451,4.12089509232855,2179
User01,1,1,1,2026-03-08,127,1,temperature,2.3029845281349366,2.8928375675171627,2.1554057599325405,2170
User01,1,1,1,2026-03-09,128,1,temperature,2.5775391971288077,3.1347995830441766,2.370402794970942,2207
User01,1,1,1,2026-03-10,129,1,temperature,3.758647731291225,4.101170207168999,3.75049929797245,1973
User01,1,1,1,2026-03-11,130,1,temperature,3.407558553098833,4.02956674406113,3.3731269064388507,2264
User01,1,1,1,2026-03-12,131,1,temperature,4.999759839455687,5.325692636454672,4.6788122246598345,2192
User01,1,1,1,2026-03-13,132,1,temperature,3.7589188389626456,4.203316905189609,3.7313021821013814,2280
User01,1,1,1,2026-03-14,133,1,temperature,3.5905242308244047,4.01292267157085,3.590136548450039,2131
User01,1,1,1,2026-03-15,134,1,temperature,3.7839970590726386,4.066506132426023,3.782559625839965,2218
User01,1,1,1,2026-03-16,135,1,temperature,3.7218410017921633,4.145986267985546,3.7218410017921633,2087
User01,1,1,1,2026-03-17,136,1,temperature,4.8166644508817065,4.981787048895923,4.8166644508817065,1903
User01,1,1,1,2026-03-18,137,1,temperature,4.202578054777737,4.57636211461008,4.194120351799323,2062
User01,1,1,1,2026-03-19,138,1,temperature,5.893104012649651,6.066517602407126,5.893104012649651,1764
User01,1,1,1,2026-03-20,139,1,temperature,4.971544952049914,5.278426668426771,4.971544952049914,2085
User01,1,1,1,2026-03-21,140,1,temperature,4.001986826606701,4.210829027521437,4.001986826606701,2246
User01,1,1,1,2026-03-22,141,1,temperature,3.834891404580212,4.220675174948893,3.795768228645541,1747
User01,1,1,1,2026-03-23,142,1,temperature,4.657659151381486,4.870493766234762,4.657659151381486,1957
User01,1,1,1,2026-03-24,143,1,temperature,5.862933653922743,6.046664261253705,5.862933653922743,1934
User01,1,1,1,2026-03-25,144,1,temperature,4.424995430255001,4.729763860511611,4.424619049715877,1786
User01,1,1,1,2026-03-26,145,1,temperature,3.934355711602186,4.230840081997298,3.934355711602186,1939
User01,1,1,1,2026-03-27,146,1,temperature,3.8770911913483754,4.216933014929886,3.876398639863106,2191
User01,1,1,1,2026-03-28,147,1,temperature,3.62851772467639,3.8853297128376343,3.627172936765555,2010
User01,1,1,1,2026-03-29,148,1,temperature,4.001941585736957,4.455975031373272,4.0002847453812045,1755
User01,1,1,1,2026-03-30,149,1,temperature,3.7839053207570688,4.003305934566739,3.7839053207570688,2029
User01,1,1,1,2026-03-31,150,1,temperature,3.723813511967302,3.954265237089928,3.721210138381063,1790
User01,1,1,1,2026-04-01,151,1,temperature,3.4535438166692694,3.7770352169594545,3.445829450112192,2021
User01,1,1,1,2025-08-28,3,0,humidity,14.922552367478135,16.737178922110385,-12.383290574050326,1104
User01,1,1,1,2025-08-29,4,0,humidity,11.90579627069343,13.233457855859168,-11.90579627069343,809
User01,1,1,1,2025-08-30,5,0,humidity,15.38545528829882,16.099106109808165,-15.377354064845195,987
User01,1,1,1,2025-08-31,6,0,humidity,9.72354053727438,10.674426855155955,-9.723007344443339,837
User01,1,1,1,2025-11-05,7,0,humidity,16.968823071955768,18.041056009051854,16.89694126510128,1992
User01,1,1,1,2025-11-06,8,0,humidity,18.643596680288283,19.706092899795937,18.63891330624028,2038
User01,1,1,1,2025-11-07,9,0,humidity,11.597949970900192,13.295842332732718,11.489987946114155,1810
User01,1,1,1,2025-11-08,10,0,humidity,9.564957639518957,11.154448944152735,9.299193293556723,1949
User01,1,1,1,2025-11-09,11,0,humidity,20.127293798584034,21.268657171868284,20.127293798584034,2050
User01,1,1,1,2025-11-10,12,0,humidity,35.452400229542064,36.05389138724938,35.452400229542064,2171
User01,1,1,1,2025-11-11,13,0,humidity,22.377628925391623,23.035076338122877,22.377628925391623,2213
User01,1,1,1,2025-11-12,14,0,humidity,20.823353431497576,21.492173990739296,20.823353431497576,1512
User01,1,1,1,2025-11-13,15,0,humidity,21.275898732271333,22.125593062513698,21.275564896721452,2167
User01,1,1,1,2025-11-14,16,1,humidity,23.80809592961662,24.467605658546503,23.80809592961662,1863
User01,1,1,1,2025-11-15,17,1,humidity,22.373351540286613,22.938702169476024,22.373351540286613,2153
User01,1,1,1,2025-11-16,18,1,humidity,21.44515494911384,22.079213793753947,21.44515494911384,2210
User01,1,1,1,2025-11-17,19,1,humidity,41.17498339614801,41.46498774612868,41.17498339614801,2052
User01,1,1,1,2025-11-18,20,1,humidity,43.74127294989331,43.97303669349024,43.74127294989331,1933
User01,1,1,1,2025-11-19,21,1,humidity,29.554976738563017,30.143370772197468,29.554976738563017,2279
User01,1,1,1,2025-11-20,22,1,humidity,28.5960696558306,28.97344428540071,28.5960696558306,2039
User01,1,1,1,2025-11-21,23,1,humidity,27.447743112798147,27.928393905724988,27.447743112798147,680
User01,1,1,1,2025-11-22,24,1,humidity,22.77982567815334,23.27195408387459,22.77982567815334,745
User01,1,1,1,2025-11-23,25,1,humidity,18.23619638971095,19.518657270394485,17.557881291792825,684
User01,1,1,1,2025-11-24,26,1,humidity,18.01314861730884,18.551521618681463,18.01314861730884,767
User01,1,1,1,2025-11-25,27,1,humidity,21.533388054665572,22.241029615468868,21.533388054665572,794
User01,1,1,1,2025-11-26,28,1,humidity,23.606524957856852,24.099979786787774,23.606524957856852,1001
User01,1,1,1,2025-11-27,29,1,humidity,26.859679409813864,27.260597444501503,26.859679409813864,1400
User01,1,1,1,2025-11-28,30,1,humidity,35.090278324724835,35.45968523940558,35.090278324724835,1648
User01,1,1,1,2025-11-29,31,1,humidity,25.390987364420564,26.292824636343614,25.390987364420564,1914
User01,1,1,1,2025-11-30,32,1,humidity,20.896028013404518,21.57156649486515,20.894051396648052,1531
User01,1,1,1,2025-12-01,33,1,humidity,33.48988723656047,33.86784987714132,33.48988723656047,1612
User01,1,1,1,2025-12-02,34,1,humidity,45.56762565492064,45.96073883078983,45.56762565492064,1643
User01,1,1,1,2025-12-03,35,1,humidity,45.956608441021096,46.299445652392905,45.956608441021096,1408
User01,1,1,1,2025-12-04,36,1,humidity,40.51439492816203,40.84292539079613,40.51439492816203,1659
User01,1,1,1,2025-12-05,37,1,humidity,38.041515134350405,38.47479931279084,38.041515134350405,2025
User01,1,1,1,2025-12-06,38,1,humidity,26.712172348585174,27.297297569820472,26.712172348585174,2252
User01,1,1,1,2025-12-07,39,1,humidity,18.735083715855517,19.80510305427069,18.733198380451846,1818
User01,1,1,1,2025-12-08,40,1,humidity,31.8531788435988,32.566568101504615,31.8531788435988,1745
User01,1,1,1,2025-12-09,41,1,humidity,29.82365528107715,30.349403609365208,29.82365528107715,2059
User01,1,1,1,2025-12-10,42,1,humidity,23.831593712091124,24.38068465959172,23.82524317428604,1970
User01,1,1,1,2025-12-11,43,1,humidity,31.813932095583514,32.21670344986275,31.813932095583514,2140
User01,1,1,1,2025-12-12,44,1,humidity,27.010227001036743,27.598562588122054,27.010227001036743,2299
User01,1,1,1,2025-12-13,45,1,humidity,27.601177538976366,28.29506537183783,27.601177538976366,1708
User01,1,1,1,2025-12-14,46,1,humidity,28.73648434293922,29.166634964959893,28.73648434293922,1741
User01,1,1,1,2025-12-15,47,1,humidity,25.519672087424812,26.331641014233135,25.519672087424812,1953
User01,1,1,1,2025-12-16,48,1,humidity,21.590281800124124,22.36759704934147,21.590281800124124,2264
User01,1,1,1,2025-12-17,49,1,humidity,24.80701853427374,25.55605293837701,24.80701853427374,2118
User01,1,1,1,2025-12-18,50,1,humidity,27.740926147368093,28.447943462803714,27.740926147368093,2223
User01,1,1,1,2025-12-19,51,1,humidity,24.842012331318287,25.981449075125088,24.842012331318287,2599
User01,1,1,1,2025-12-20,52,1,humidity,24.48711193749358,26.180654713488316,24.477441237634157,2063
User01,1,1,1,2025-12-21,53,1,humidity,31.28560067506702,32.027111776576845,31.28560067506702,1822
User01,1,1,1,2025-12-22,54,1,humidity,33.52139381651494,34.07978456521172,33.52139381651494,1837
User01,1,1,1,2025-12-23,55,1,humidity,32.139733314296414,33.04847791366691,32.139733314296414,1996
User01,1,1,1,2025-12-24,56,1,humidity,30.81336691092543,31.592057077719193,30.81336691092543,1928
User01,1,1,1,2025-12-25,57,1,humidity,30.482629051117897,31.469947578092828,30.471240662030784,1699
User01,1,1,1,2025-12-26,58,1,humidity,39.31849481249505,39.7992774970462,39.31849481249505,1490
User01,1,1,1,2025-12-27,59,1,humidity,23.501841234087983,24.13680850663941,23.501841234087983,903
User01,1,1,1,2025-12-28,60,1,humidity,25.256249545607705,27.0365208474537,25.250282282082566,1356
User01,1,1,1,2025-12-29,61,1,humidity,22.200276947783237,22.953552071647863,22.200276947783237,930
User01,1,1,1,2025-12-30,62,1,humidity,31.47255958708608,32.54949652899335,31.47255958708608,905
User01,1,1,1,2025-12-31,63,1,humidity,36.3915861078653,37.003548832485876,36.3915861078653,1023
User01,1,1,1,2026-01-01,64,1,humidity,40.051342458361475,40.55652343234008,40.051342458361475,878
User01,1,1,1,2026-01-02,65,1,humidity,33.79543643859232,34.48043179311786,33.79543643859232,1021
User01,1,1,1,2026-01-03,66,1,humidity,36.50724060453593,37.2759209055712,36.500893853089345,2609
User01,1,1,1,2026-01-04,67,1,humidity,36.466206539141574,36.90978754518378,36.466206539141574,2249
User01,1,1,1,2026-01-05,68,1,humidity,36.260126913372225,36.842532222428204,36.260126913372225,2065
User01,1,1,1,2026-01-06,69,1,humidity,36.24900365450479,36.80356811412453,36.24900365450479,1538
User01,1,1,1,2026-01-07,70,1,humidity,39.98247022572672,40.62093348778337,39.98247022572672,2193
User01,1,1,1,2026-01-08,71,1,humidity,44.54906956130686,44.8949064578153,44.54906956130686,2311
User01,1,1,1,2026-01-09,72,1,humidity,34.82775516657508,35.46005207180126,34.82642304495196,2265
User01,1,1,1,2026-01-10,73,1,humidity,40.937122920219025,41.55370515074119,40.937122920219025,2236
User01,1,1,1,2026-01-11,74,1,humidity,45.614858584868315,46.202178111140945,45.614858584868315,2089
User01,1,1,1,2026-01-12,75,1,humidity,42.8674221236959,43.33186430915103,42.8674221236959,2087
User01,1,1,1,2026-01-13,76,1,humidity,43.53990248325724,43.99395349046345,43.53990248325724,2152
User01,1,1,1,2026-01-14,77,1,humidity,27.7455720936712,29.54263235904771,27.743001635060786,1986
User01,1,1,1,2026-01-15,78,1,humidity,22.639020288208002,23.80392770149412,22.639020288208002,2137
User01,1,1,1,2026-01-16,79,1,humidity,24.59769379335269,25.243487257516904,24.586509341885286,2176
User01,1,1,1,2026-01-17,80,1,humidity,29.99163663752721,30.668183215233782,29.99163663752721,2387
User01,1,1,1,2026-01-18,81,1,humidity,26.578187896146108,27.181006881347454,26.573592037257033,2326
User01,1,1,1,2026-01-20,82,1,humidity,40.338306862001254,40.94389340735448,40.338306862001254,2010
User01,1,1,1,2026-01-21,83,1,humidity,44.67622274496955,45.09714676654302,44.67622274496955,2036
User01,1,1,1,2026-01-22,84,1,humidity,42.224799232730106,42.72859557629859,42.224799232730106,1995
User01,1,1,1,2026-01-23,85,1,humidity,35.62722430570682,36.144117024813745,35.62722430570682,2204
User01,1,1,1,2026-01-24,86,1,humidity,37.65939249205807,38.13372830354097,37.65939249205807,2467
User01,1,1,1,2026-01-25,87,1,humidity,38.42757844275213,39.7476085212664,38.42757844275213,2317
User01,1,1,1,2026-01-26,88,1,humidity,40.983984966556356,42.25182893708927,40.983984966556356,2093
User01,1,1,1,2026-01-27,89,1,humidity,43.768932003583025,44.894607136282666,43.768932003583025,2130
User01,1,1,1,2026-01-28,90,1,humidity,42.94537635784896,44.360873678520704,42.94537635784896,2051
User01,1,1,1,2026-01-29,91,1,humidity,43.12083318028273,44.130751977601975,43.12083318028273,2076
User01,1,1,1,2026-01-30,92,1,humidity,43.10556402856889,44.62315085250075,43.10556402856889,2267
User01,1,1,1,2026-01-31,93,1,humidity,44.39431234357078,45.797270451328345,44.39431234357078,2464
User01,1,1,1,2026-02-02,94,1,humidity,29.500795116261695,30.94133360536817,29.500795116261695,2197
User01,1,1,1,2026-02-03,95,1,humidity,29.30314564538825,31.213851445884828,29.30314564538825,2300
User01,1,1,1,2026-02-04,96,1,humidity,22.33033691497939,25.028964219207044,22.32859732614954,2182
User01,1,1,1,2026-02-05,97,1,humidity,31.547117204800685,32.975428134466995,31.547117204800685,2108
User01,1,1,1,2026-02-06,98,1,humidity,37.58386130637417,38.5014844401202,37.58386130637417,2436
User01,1,1,1,2026-02-07,99,1,humidity,39.53947792722987,40.452736876019536,39.53947792722987,2571
User01,1,1,1,2026-02-08,100,1,humidity,37.59257622071003,38.427064217588025,37.59257622071003,2147
User01,1,1,1,2026-02-10,101,1,humidity,27.760766461476763,29.774188182759946,27.760766461476763,1923
User01,1,1,1,2026-02-11,102,1,humidity,32.73094312320875,34.05332702983644,32.73094312320875,2119
User01,1,1,1,2026-02-12,103,1,humidity,30.60108512581811,32.083826581932215,30.60108512581811,2293
User01,1,1,1,2026-02-13,104,1,humidity,21.303118144875995,23.963434795120012,21.303118144875995,2453
User01,1,1,1,2026-02-14,105,1,humidity,14.049082095180495,17.770882616759966,13.270713091137885,1960
User01,1,1,1,2026-02-15,106,1,humidity,24.517077982999503,27.834228476985984,24.517077982999503,2121
User01,1,1,1,2026-02-16,107,1,humidity,31.247665054127978,33.066016873754165,31.247665054127978,1936
User01,1,1,1,2026-02-17,108,1,humidity,32.19903191446076,34.16070128886761,32.19903191446076,2464
User01,1,1,1,2026-02-18,109,1,humidity,27.04932944792783,29.55959392787065,27.04932944792783,2048
User01,1,1,1,2026-02-19,110,1,humidity,28.59492540026796,30.64043543209365,28.59492540026796,2107
User01,1,1,1,2026-02-20,111,1,humidity,22.51093511089717,24.34529553726028,22.51093511089717,2302
User01,1,1,1,2026-02-21,112,1,humidity,23.21631978217175,26.098692751489775,23.21631978217175,2820
User01,1,1,1,2026-02-22,113,1,humidity,27.1881458734926,29.157457394046897,27.1881458734926,2373
User01,1,1,1,2026-02-23,114,1,humidity,32.90766334345588,34.58176573750777,32.90766334345588,2083
User01,1,1,1,2026-02-24,115,1,humidity,31.80275990850149,33.751314447334046,31.80275990850149,1207
User01,1,1,1,2026-02-25,116,1,humidity,25.931984558120917,28.42638098626676,25.931984558120917,2099
User01,1,1,1,2026-02-26,117,1,humidity,21.012601203660715,23.683736404878275,21.012601203660715,2079
User01,1,1,1,2026-02-27,118,1,humidity,17.628113545841124,19.6065648334826,17.624911222360932,2151
User01,1,1,1,2026-02-28,119,1,humidity,19.358464534759367,22.395890032584475,19.358464534759367,2194
User01,1,1,1,2026-03-01,120,1,humidity,14.055297181585887,17.57745525573598,14.003065555173299,2443
User01,1,1,1,2026-03-02,121,1,humidity,33.1555549391021,34.753370923524926,33.1555549391021,2213
User01,1,1,1,2026-03-03,122,1,humidity,22.145078515477152,24.009607461550576,22.145078515477152,2023
User01,1,1,1,2026-03-04,123,1,humidity,21.941042948772683,25.8925000970796,21.941042948772683,2026
User01,1,1,1,2026-03-05,124,1,humidity,31.97524811097898,33.308465637253526,31.97524811097898,1574
User01,1,1,1,2026-03-06,125,1,humidity,28.222641592124283,29.202149938020195,28.222641592124283,2284
User01,1,1,1,2026-03-07,126,1,humidity,31.592220230038205,32.69676971065331,31.592220230038205,2179
User01,1,1,1,2026-03-08,127,1,humidity,35.8912019934137,37.5974341283162,35.8912019934137,2170
User01,1,1,1,2026-03-09,128,1,humidity,25.160885657563142,26.81252125840272,25.160885657563142,2207
User01,1,1,1,2026-03-10,129,1,humidity,31.21548447375739,32.745748896296355,31.21548447375739,1973
User01,1,1,1,2026-03-11,130,1,humidity,26.745620616657714,28.48203848680134,26.745620616657714,2264
User01,1,1,1,2026-03-12,131,1,humidity,21.308113326877027,26.054113011958673,21.308084625880735,2192
User01,1,1,1,2026-03-13,132,1,humidity,22.625471121642548,24.2262059255899,22.625471121642548,2280
User01,1,1,1,2026-03-14,133,1,humidity,23.841345653192683,26.436631743422492,23.841345653192683,2131
User01,1,1,1,2026-03-15,134,1,humidity,23.673788949120176,26.320435765115185,23.673788949120176,2218
User01,1,1,1,2026-03-16,135,1,humidity,27.193267975719955,29.091022950970725,27.193267975719955,2087
User01,1,1,1,2026-03-17,136,1,humidity,22.90201074607235,24.9227822321389,22.90201074607235,1903
User01,1,1,1,2026-03-18,137,1,humidity,24.020776798361943,25.468776930329163,24.020776798361943,2062
User01,1,1,1,2026-03-19,138,1,humidity,22.48423278319754,24.466823941181193,22.48423278319754,1764
User01,1,1,1,2026-03-20,139,1,humidity,18.68280371538054,20.87329465947936,18.68280371538054,2085
User01,1,1,1,2026-03-21,140,1,humidity,24.24161921948249,27.70866986245275,24.24161921948249,2246
User01,1,1,1,2026-03-22,141,1,humidity,23.046904423274942,25.327564650934406,23.046904423274942,1747
User01,1,1,1,2026-03-23,142,1,humidity,12.303920906775755,15.5826263499894,12.162768004813218,1957
User01,1,1,1,2026-03-24,143,1,humidity,15.537151789735614,18.752844136736353,15.314802926382397,1934
User01,1,1,1,2026-03-25,144,1,humidity,21.336986083439953,24.060990965808646,21.336986083439953,1786
User01,1,1,1,2026-03-26,145,1,humidity,16.689384007906117,20.007943344144252,16.689384007906117,1939
User01,1,1,1,2026-03-27,146,1,humidity,15.070951790210588,17.85693631964646,15.070951790210588,2191
User01,1,1,1,2026-03-28,147,1,humidity,13.21347823419239,16.489387674623913,13.187830976636457,2010
User01,1,1,1,2026-03-29,148,1,humidity,19.144232172867916,21.636008898628276,19.144232172867916,1755
User01,1,1,1,2026-03-30,149,1,humidity,12.28721901977566,14.73180783786287,12.240953995143364,2029
User01,1,1,1,2026-03-31,150,1,humidity,9.544930445920977,13.198434646553661,8.515848871938108,1790
User01,1,1,1,2026-04-01,151,1,humidity,15.256006607346588,18.490157290610018,15.251134407972655,2021
User01,1,1,2,2025-08-28,3,0,temperature,2.782961189227942,3.19373099308545,1.4131857142548838,1104
User01,1,1,2,2025-08-29,4,0,temperature,3.0324472167353522,3.355547738536967,1.9928334176828513,809
User01,1,1,2,2025-08-30,5,0,temperature,2.0724123116086566,2.222328606969472,0.9345143013151769,987
User01,1,1,2,2025-08-31,6,0,temperature,1.8878818213349535,2.333691133660672,1.8600758962007249,837
User01,1,1,2,2025-11-05,7,0,temperature,2.0749448472727443,2.707919834120347,1.2666035228501558,1992
User01,1,1,2,2025-11-06,8,0,temperature,2.4275489150938823,2.925632975352076,1.814917406989907,2038
User01,1,1,2,2025-11-07,9,0,temperature,2.7598890931497326,3.2569968272320255,2.4148238173336254,1810
User01,1,1,2,2025-11-08,10,0,temperature,2.7148127221809912,3.12901012195512,2.5583544786135257,1949
User01,1,1,2,2025-11-09,11,0,temperature,3.0607721134877295,3.543547641526443,2.8536311505867036,2050
User01,1,1,2,2025-11-10,12,0,temperature,1.7777207869113767,2.1590408584883103,0.30303956927761844,2171
User01,1,1,2,2025-11-11,13,0,temperature,2.633380900284739,2.960726940251117,2.482675593451465,2213
User01,1,1,2,2025-11-12,14,0,temperature,2.353676313265471,2.7681145782534795,1.9576608445012376,1512
User01,1,1,2,2025-11-13,15,0,temperature,2.4610866048170927,2.893443758257692,1.757836629817447,2167
User01,1,1,2,2025-11-14,16,1,temperature,2.480051491030986,2.9156587470377637,2.2529105341520026,1863
User01,1,1,2,2025-11-15,17,1,temperature,2.7922777728159884,3.2816346866783874,2.6407669473362394,2153
User01,1,1,2,2025-11-16,18,1,temperature,2.756642627312908,3.235652775465169,2.4846780137174855,2210
User01,1,1,2,2025-11-17,19,1,temperature,1.771245067689375,2.1252243406328883,-0.23577476633282124,2052
User01,1,1,2,2025-11-18,20,1,temperature,1.798147043283271,2.2561015882626987,0.6017862761734937,1933
User01,1,1,2,2025-11-19,21,1,temperature,2.671645278838802,3.1759845486061127,2.3416997474147108,2279
User01,1,1,2,2025-11-20,22,1,temperature,3.3323949726604707,3.789689906057546,3.0827849893243005,2039
User01,1,1,2,2025-11-21,23,1,temperature,2.9875427848913714,3.4808299422225275,2.2680894927722184,680
User01,1,1,2,2025-11-22,24,1,temperature,2.8536693236516424,3.3517544145039504,2.6788722020429985,745
User01,1,1,2,2025-11-23,25,1,temperature,2.4735260468451643,3.072468780218348,1.4181830944506706,684
User01,1,1,2,2025-11-24,26,1,temperature,3.062112516614655,3.4330965296583034,3.024812112941789,767
User01,1,1,2,2025-11-25,27,1,temperature,3.4268296485511027,3.9122437415521434,3.4047498496333706,794
User01,1,1,2,2025-11-26,28,1,temperature,3.2030259681992286,3.5974850834509766,2.779827095031409,1001
User01,1,1,2,2025-11-27,29,1,temperature,3.50408357089946,3.8343612533979323,3.4140333227766053,1400
User01,1,1,2,2025-11-28,30,1,temperature,2.3613664925428344,2.953931792494125,1.7058933009015718,1648
User01,1,1,2,2025-11-29,31,1,temperature,3.0249718104470467,3.5331965675414607,2.8610745281345027,1914
User01,1,1,2,2025-11-30,32,1,temperature,2.554707049737304,3.048382110943418,2.333277746664563,1531
User01,1,1,2,2025-12-01,33,1,temperature,2.314339416650431,2.795095872456038,2.00414362518317,1612
User01,1,1,2,2025-12-02,34,1,temperature,2.329294999058784,2.746421892278024,1.9587539523109392,1643
User01,1,1,2,2025-12-03,35,1,temperature,2.052825299120133,2.5143124505357854,1.400781930779644,1408
User01,1,1,2,2025-12-04,36,1,temperature,2.2220999376535673,2.644306608188226,1.8745409490740672,1659
User01,1,1,2,2025-12-05,37,1,temperature,2.3347608908139175,2.747159123896064,1.8189895079009757,2025
User01,1,1,2,2025-12-06,38,1,temperature,2.9373688414439685,3.4043669501510214,2.7925931790682164,2252
User01,1,1,2,2025-12-07,39,1,temperature,3.4882788163296508,3.863922665031301,3.381751954291638,1818
User01,1,1,2,2025-12-08,40,1,temperature,2.9436824111376088,3.4274780696578038,2.8014581532465392,1745
User01,1,1,2,2025-12-09,41,1,temperature,3.0042772093545165,3.443454406626831,2.8402980118556136,2059
User01,1,1,2,2025-12-10,42,1,temperature,2.87839364554209,3.3581164149980642,2.6164203632312955,1970
User01,1,1,2,2025-12-11,43,1,temperature,2.8285386520013316,3.2315641220493294,2.6979764016428547,2140
User01,1,1,2,2025-12-12,44,1,temperature,2.9656132141413187,3.3997783022228334,2.874464143882394,2299
User01,1,1,2,2025-12-13,45,1,temperature,2.8778216737746143,3.2616678328976727,2.1656813848714447,1708
User01,1,1,2,2025-12-14,46,1,temperature,2.784348435103483,3.356710277951819,2.583519054772906,1741
User01,1,1,2,2025-12-15,47,1,temperature,3.1271709580122793,3.4743684601094325,3.001757318034069,1953
User01,1,1,2,2025-12-16,48,1,temperature,2.88748781372408,3.479766864245622,2.456562232980469,2264
User01,1,1,2,2025-12-17,49,1,temperature,2.96300591531467,3.4900898864256855,2.7913221803425534,2118
User01,1,1,2,2025-12-18,50,1,temperature,2.7187336798264883,3.2211737603494437,2.491427142855267,2223
User01,1,1,2,2025-12-19,51,1,temperature,2.4421532567725843,2.99616587722017,2.303856496582469,2599
User01,1,1,2,2025-12-20,52,1,temperature,2.3950990202807154,2.922517442379386,2.0854753885131676,2063
User01,1,1,2,2025-12-21,53,1,temperature,2.754860140967292,3.418624595696163,2.3459954259508273,1822
User01,1,1,2,2025-12-22,54,1,temperature,3.1004095540658088,3.6534519971805577,2.9609230380055935,1837
User01,1,1,2,2025-12-23,55,1,temperature,4.200975589602233,4.546237561529584,4.196884275257576,1996
User01,1,1,2,2025-12-24,56,1,temperature,3.58606665245497,4.046177423689192,3.464446276039489,1928
User01,1,1,2,2025-12-25,57,1,temperature,1.6372641928058151,2.150040477614606,0.01896881611761078,1699
User01,1,1,2,2025-12-26,58,1,temperature,1.490676266625766,2.0597296313561833,0.12100662405110758,1490
User01,1,1,2,2025-12-27,59,1,temperature,2.0682938937340865,2.3980763970061756,1.953316663801454,903
User01,1,1,2,2025-12-28,60,1,temperature,3.5874051967497276,4.47333325010477,3.520706757979298,1356
User01,1,1,2,2025-12-29,61,1,temperature,2.695062000235017,3.174083359267662,1.9293322231506902,930
User01,1,1,2,2025-12-30,62,1,temperature,3.1321389631265806,3.7759731208085605,1.395188563674409,905
User01,1,1,2,2025-12-31,63,1,temperature,1.9658110852203847,2.4803032111659506,-0.5088926549536879,1023
User01,1,1,2,2026-01-01,64,1,temperature,2.8874516193519364,3.388424098060199,2.2805950396447865,878
User01,1,1,2,2026-01-02,65,1,temperature,3.027587509885485,3.6263699163978997,1.7680579519472193,1021
User01,1,1,2,2026-01-03,66,1,temperature,3.5457304679204804,3.9935858279179746,3.230019372966943,2609
User01,1,1,2,2026-01-04,67,1,temperature,1.9716717418741463,2.583701308922598,0.03145924575723454,2249
User01,1,1,2,2026-01-05,68,1,temperature,1.898379341191844,2.315953770687921,-0.426616057724597,2065
User01,1,1,2,2026-01-06,69,1,temperature,2.636671780596471,3.094339931855433,2.492044874730322,1538
User01,1,1,2,2026-01-07,70,1,temperature,2.123778070942126,2.7548411440750056,-0.12105587471421404,2193
User01,1,1,2,2026-01-08,71,1,temperature,2.223593144376656,2.8459607409032035,1.4518217660508232,2311
User01,1,1,2,2026-01-09,72,1,temperature,2.014120304410582,2.4397339512767338,1.2536927937476163,2265
User01,1,1,2,2026-01-10,73,1,temperature,2.9144916789846516,3.4767721951200175,2.0061408956888376,2236
User01,1,1,2,2026-01-11,74,1,temperature,2.9470167558870677,3.6048358363864317,-0.542250054376512,2089
User01,1,1,2,2026-01-12,75,1,temperature,2.192793730055894,2.7474287202590837,-0.41059383033889735,2087
User01,1,1,2,2026-01-13,76,1,temperature,2.116126238166644,2.639041002202553,-0.8687713799939937,2152
User01,1,1,2,2026-01-14,77,1,temperature,3.1421484934142305,3.6668173934899557,2.6080281272739816,1986
User01,1,1,2,2026-01-15,78,1,temperature,3.077098535422197,3.571483214234424,2.833281032238937,2137
User01,1,1,2,2026-01-16,79,1,temperature,3.517676241252741,4.103713204093733,3.2694919869507477,2176
User01,1,1,2,2026-01-17,80,1,temperature,3.724996247528766,4.278542764488071,3.5697674166497504,2387
User01,1,1,2,2026-01-18,81,1,temperature,2.265963480608587,2.769802887003638,1.4927870472912328,2326
User01,1,1,2,2026-01-20,82,1,temperature,2.128750405195544,2.6142655309020495,-0.16802074604516784,2010
User01,1,1,2,2026-01-21,83,1,temperature,2.510351146908452,3.1133215108322254,-1.362922059886176,2036
User01,1,1,2,2026-01-22,84,1,temperature,2.4661374973848393,3.063523386468524,-0.7466306320564017,1995
User01,1,1,2,2026-01-23,85,1,temperature,2.1834365933181856,2.62724213005654,0.5579459518115445,2204
User01,1,1,2,2026-01-24,86,1,temperature,1.7603500364676234,2.189071949562447,-0.064728661645162,2467
User01,1,1,2,2026-01-25,87,1,temperature,1.4141254463074595,1.8193542199803916,0.6165162912435065,2317
User01,1,1,2,2026-01-26,88,1,temperature,1.9467624234397238,2.506719139966623,1.5441614832992647,2093
User01,1,1,2,2026-01-27,89,1,temperature,1.6859679728457766,2.2275594594301125,1.115403903498586,2130
User01,1,1,2,2026-01-28,90,1,temperature,2.1724639905080774,2.918679791979662,1.8150296292194683,2051
User01,1,1,2,2026-01-29,91,1,temperature,1.5621240215655738,1.995130005108093,0.23973036578397589,2076
User01,1,1,2,2026-01-30,92,1,temperature,2.170935725430089,2.653250954686272,2.0476015363765603,2267
User01,1,1,2,2026-01-31,93,1,temperature,2.2947882160497346,2.767439462094228,2.097290734388731,2464
User01,1,1,2,2026-02-02,94,1,temperature,3.233820893492082,3.7251452835216594,3.222891820859913,2197
User01,1,1,2,2026-02-03,95,1,temperature,3.2116737274662794,3.698513012992672,3.170914887773198,2300
User01,1,1,2,2026-02-04,96,1,temperature,3.916623851885517,4.2738423823578655,3.8892690542448127,2182
User01,1,1,2,2026-02-05,97,1,temperature,2.468884755012027,3.155103198532933,2.348588288612005,2108
User01,1,1,2,2026-02-06,98,1,temperature,2.5533288976859154,2.9717847093099325,2.477388224285713,2436
User01,1,1,2,2026-02-07,99,1,temperature,2.1893082643078117,2.7734854659409867,1.0473176097625316,2571
User01,1,1,2,2026-02-08,100,1,temperature,1.6135043192030207,2.0110254250318516,0.6254311537275696,2147
User01,1,1,2,2026-02-10,101,1,temperature,4.0466066081668055,4.265514367805876,4.043093880217579,1923
User01,1,1,2,2026-02-11,102,1,temperature,3.342901529044823,3.9005461233596566,3.3166023073973,2119
User01,1,1,2,2026-02-12,103,1,temperature,3.7597452542923584,4.192670631227431,3.750821560582241,2293
User01,1,1,2,2026-02-13,104,1,temperature,3.8825475192289045,4.337645593010885,3.7750615302842814,2453
User01,1,1,2,2026-02-14,105,1,temperature,4.699367813149023,4.995030533174223,4.699367813149023,1960
User01,1,1,2,2026-02-15,106,1,temperature,4.066318295201278,4.413812210798927,4.066318295201278,2121
User01,1,1,2,2026-02-16,107,1,temperature,4.497303345900962,4.865796468704462,4.492396910700102,1936
User01,1,1,2,2026-02-17,108,1,temperature,3.8738239813560726,4.286541438560868,3.86741058785996,2464
User01,1,1,2,2026-02-18,109,1,temperature,3.82005387397357,4.227792739151988,3.804673807730351,2048
User01,1,1,2,2026-02-19,110,1,temperature,4.632189911526331,4.92932614536637,4.63155377898739,2107
User01,1,1,2,2026-02-20,111,1,temperature,3.868897765941512,4.2283795291800965,3.86804897138806,2302
User01,1,1,2,2026-02-21,112,1,temperature,4.304486751897785,4.769546742617715,4.300270891867261,2820
User01,1,1,2,2026-02-22,113,1,temperature,4.5845750199424415,4.802313584394627,4.5845750199424415,2373
User01,1,1,2,2026-02-23,114,1,temperature,3.3027792871853787,3.759743544362385,3.2523519763574296,2083
User01,1,1,2,2026-02-24,115,1,temperature,3.720617235944808,4.273613800513992,3.654510053946562,1207
User01,1,1,2,2026-02-25,116,1,temperature,3.806256138039065,4.380746022407568,3.7790806011572418,2099
User01,1,1,2,2026-02-26,117,1,temperature,4.053313146565856,4.527382101777091,4.049953967279333,2079
User01,1,1,2,2026-02-27,118,1,temperature,3.9587750286815027,4.433909552771286,3.9390568905725893,2151
User01,1,1,2,2026-02-28,119,1,temperature,4.316810027030949,4.549936992898963,4.314297830243055,2194
User01,1,1,2,2026-03-01,120,1,temperature,3.846329668539643,4.431557159603259,3.7788817756110333,2443
User01,1,1,2,2026-03-02,121,1,temperature,4.123318123140416,4.422174759053982,4.1231138519495785,2213
User01,1,1,2,2026-03-03,122,1,temperature,4.426248821360358,4.693231707508528,4.426050984097206,2023
User01,1,1,2,2026-03-04,123,1,temperature,3.1793679962124113,3.5888145286903517,3.1393746004294516,2026
User01,1,1,2,2026-03-05,124,1,temperature,2.9938241032892514,3.3392744180085048,2.9933913475007996,1574
User01,1,1,2,2026-03-06,125,1,temperature,3.8783383031798664,4.218917772756735,3.8781770905838697,2284
User01,1,1,2,2026-03-07,126,1,temperature,4.023196460873585,4.305393409975657,4.020298848139196,2179
User01,1,1,2,2026-03-08,127,1,temperature,2.298070854076405,2.9317788303115453,2.2095134689487335,2170
User01,1,1,2,2026-03-09,128,1,temperature,2.546049508749464,3.114159708598213,2.3877819992247273,2207
User01,1,1,2,2026-03-10,129,1,temperature,3.7020202947983765,4.028296013001981,3.6730185795395625,1973
User01,1,1,2,2026-03-11,130,1,temperature,3.612146664695965,4.246570732308836,3.5825257602596134,2264
User01,1,1,2,2026-03-12,131,1,temperature,5.132352163142933,5.479570413021179,4.863925556556452,2192
User01,1,1,2,2026-03-13,132,1,temperature,3.8626016950529345,4.331876871340513,3.8375461705563443,2280
User01,1,1,2,2026-03-14,133,1,temperature,3.666530679834842,4.071106368178724,3.662808768776361,2131
User01,1,1,2,2026-03-15,134,1,temperature,3.8459024031610722,4.121430282909879,3.8433204876368015,2218
User01,1,1,2,2026-03-16,135,1,temperature,3.6188567872175312,4.065879974921914,3.6172574196458536,2087
User01,1,1,2,2026-03-17,136,1,temperature,4.874377985247455,5.068063392820595,4.874377985247455,1903
User01,1,1,2,2026-03-18,137,1,temperature,4.177729185755947,4.596465639637104,4.168478426636837,2062
User01,1,1,2,2026-03-19,138,1,temperature,5.837034523515556,6.019335795550473,5.837034523515556,1764
User01,1,1,2,2026-03-20,139,1,temperature,5.2819869967583735,5.538184084698812,5.280364098347609,2085
User01,1,1,2,2026-03-21,140,1,temperature,3.816824350757969,4.097535450487783,3.816824350757969,2246
User01,1,1,2,2026-03-22,141,1,temperature,3.685011989116919,4.0813789455818075,3.6574324057199528,1747
User01,1,1,2,2026-03-23,142,1,temperature,4.712838474384842,4.901615313088034,4.712838474384842,1957
User01,1,1,2,2026-03-24,143,1,temperature,5.839851209880804,6.033514538498985,5.839851209880804,1934
User01,1,1,2,2026-03-25,144,1,temperature,4.445473251974491,4.807739471380464,4.445473251974491,1786
User01,1,1,2,2026-03-26,145,1,temperature,4.111007277096936,4.350270901121401,4.109111629355326,1939
User01,1,1,2,2026-03-27,146,1,temperature,4.046937517742966,4.35823201066105,4.0459703899344746,2191
User01,1,1,2,2026-03-28,147,1,temperature,3.6796017745376894,3.938343916078723,3.66697399172519,2010
User01,1,1,2,2026-03-29,148,1,temperature,4.057085600588457,4.424413597570563,4.057085600588457,1755
User01,1,1,2,2026-03-30,149,1,temperature,4.010170051038935,4.285859641149431,4.009590791387339,2029
User01,1,1,2,2026-03-31,150,1,temperature,3.8727920593597003,4.0885514610326075,3.8708393405682866,1790
User01,1,1,2,2026-04-01,151,1,temperature,3.5351403857163004,3.856023900571809,3.5299059751336417,2021
User01,1,1,2,2025-08-28,3,0,humidity,14.305168307506046,16.830288485077993,-11.794272742381436,1104
User01,1,1,2,2025-08-29,4,0,humidity,11.511427839033475,12.96903180657425,-11.22669951677092,809
User01,1,1,2,2025-08-30,5,0,humidity,13.815814919583502,15.082278146488093,-13.812210688496085,987
User01,1,1,2,2025-08-31,6,0,humidity,8.571019524679915,9.329942786869907,-8.546870507193068,837
User01,1,1,2,2025-11-05,7,0,humidity,19.365443571386503,20.04310816783234,19.038618308642356,1992
User01,1,1,2,2025-11-06,8,0,humidity,18.835315450346666,19.631363581254753,18.835315450346666,2038
User01,1,1,2,2025-11-07,9,0,humidity,13.017096698841648,14.59947404314371,13.010282696945346,1810
User01,1,1,2,2025-11-08,10,0,humidity,8.593544545309564,10.629789201697891,8.230610948480614,1949
User01,1,1,2,2025-11-09,11,0,humidity,20.851132428481034,21.79369698305595,20.851132428481034,2050
User01,1,1,2,2025-11-10,12,0,humidity,35.475153757015114,35.91434609203533,35.475153757015114,2171
User01,1,1,2,2025-11-11,13,0,humidity,21.927038145909506,22.566223300257374,21.927038145909506,2213
User01,1,1,2,2025-11-12,14,0,humidity,20.97898163129134,21.54158179384055,20.97898163129134,1512
User01,1,1,2,2025-11-13,15,0,humidity,19.680623309051064,20.560833249869628,19.619776717581047,2167
User01,1,1,2,2025-11-14,16,1,humidity,22.73433657065238,23.358272553856633,22.73433657065238,1863
User01,1,1,2,2025-11-15,17,1,humidity,22.212279293441643,23.06581840125318,22.212279293441643,2153
User01,1,1,2,2025-11-16,18,1,humidity,22.398461331543757,23.07654848299935,22.398461331543757,2210
User01,1,1,2,2025-11-17,19,1,humidity,41.31362341740912,41.592837961397755,41.31362341740912,2052
User01,1,1,2,2025-11-18,20,1,humidity,42.61099175225402,42.89798783874271,42.61099175225402,1933
User01,1,1,2,2025-11-19,21,1,humidity,29.308338492894705,29.94631517704801,29.308338492894705,2279
User01,1,1,2,2025-11-20,22,1,humidity,28.382259513996072,28.801707437772226,28.382259513996072,2039
User01,1,1,2,2025-11-21,23,1,humidity,27.064570083325346,27.508415469437892,27.064570083325346,680
User01,1,1,2,2025-11-22,24,1,humidity,22.82653187450857,23.435231633943364,22.82653187450857,745
User01,1,1,2,2025-11-23,25,1,humidity,17.08592399786232,18.152928535816628,16.5022030967056,684
User01,1,1,2,2025-11-24,26,1,humidity,17.587230761599525,18.321467870012306,17.587230761599525,767
User01,1,1,2,2025-11-25,27,1,humidity,22.563049912620514,23.192900760028028,22.563049912620514,794
User01,1,1,2,2025-11-26,28,1,humidity,24.747699630376122,25.323316119694038,24.747699630376122,1001
User01,1,1,2,2025-11-27,29,1,humidity,28.76679965870887,29.275228215197654,28.76679965870887,1400
User01,1,1,2,2025-11-28,30,1,humidity,35.77537325066673,36.19989397238759,35.77537325066673,1648
User01,1,1,2,2025-11-29,31,1,humidity,26.264332600841033,27.234398991325946,26.264332600841033,1914
User01,1,1,2,2025-11-30,32,1,humidity,22.161549005234054,23.10296747255384,22.156718739424228,1531
User01,1,1,2,2025-12-01,33,1,humidity,33.63761217574707,33.966742675293894,33.63761217574707,1612
User01,1,1,2,2025-12-02,34,1,humidity,45.53218396592325,45.93980110415574,45.53218396592325,1643
User01,1,1,2,2025-12-03,35,1,humidity,45.621455077650154,45.97674842560858,45.621455077650154,1408
User01,1,1,2,2025-12-04,36,1,humidity,40.44296888730836,40.721775272711824,40.44296888730836,1659
User01,1,1,2,2025-12-05,37,1,humidity,38.41034658284452,38.77153363693668,38.41034658284452,2025
User01,1,1,2,2025-12-06,38,1,humidity,26.29388503126972,26.85512147568953,26.29388503126972,2252
User01,1,1,2,2025-12-07,39,1,humidity,20.789230927045974,21.740108054514764,20.77043508725535,1818
User01,1,1,2,2025-12-08,40,1,humidity,31.67707327799055,32.47081573013032,31.67707327799055,1745
User01,1,1,2,2025-12-09,41,1,humidity,30.207312929792153,30.702330723535564,30.207312929792153,2059
User01,1,1,2,2025-12-10,42,1,humidity,23.814160065191746,24.455160576910412,23.814160065191746,1970
User01,1,1,2,2025-12-11,43,1,humidity,31.633873658892945,32.03918663082343,31.633873658892945,2140
User01,1,1,2,2025-12-12,44,1,humidity,27.14846448931244,27.739244213301117,27.14846448931244,2299
User01,1,1,2,2025-12-13,45,1,humidity,28.240542376496464,29.037042942555914,28.240542376496464,1708
User01,1,1,2,2025-12-14,46,1,humidity,29.352210257942716,29.734531409395824,29.352210257942716,1741
User01,1,1,2,2025-12-15,47,1,humidity,26.22719751888076,26.98706776220421,26.22719751888076,1953
User01,1,1,2,2025-12-16,48,1,humidity,23.048126942952543,23.895864213212153,23.048126942952543,2264
User01,1,1,2,2025-12-17,49,1,humidity,24.957073719411106,25.461198622813388,24.95052049989842,2118
User01,1,1,2,2025-12-18,50,1,humidity,27.74113764611108,28.642207352297262,27.74113764611108,2223
User01,1,1,2,2025-12-19,51,1,humidity,26.535645117413015,27.33182434404921,26.535645117413015,2599
User01,1,1,2,2025-12-20,52,1,humidity,27.675693962684573,29.247596604709294,27.66713306608547,2063
User01,1,1,2,2025-12-21,53,1,humidity,31.643230053819437,32.166266676732306,31.643230053819437,1822
User01,1,1,2,2025-12-22,54,1,humidity,34.53115216927813,34.990576844464755,34.53115216927813,1837
User01,1,1,2,2025-12-23,55,1,humidity,33.55863193959485,34.353086597214975,33.55863193959485,1996
User01,1,1,2,2025-12-24,56,1,humidity,29.931489062068145,30.91004432044883,29.931489062068145,1928
User01,1,1,2,2025-12-25,57,1,humidity,38.141869345430464,39.16018900423521,38.141869345430464,1699
User01,1,1,2,2025-12-26,58,1,humidity,46.605600755346465,47.44518190151948,46.605600755346465,1490
User01,1,1,2,2025-12-27,59,1,humidity,30.601318388980598,31.136527005856077,30.601318388980598,903
User01,1,1,2,2025-12-28,60,1,humidity,26.3286987138529,27.990496926187085,26.318948440269573,1356
User01,1,1,2,2025-12-29,61,1,humidity,20.356198619560974,21.240674490625704,20.35198966676392,930
User01,1,1,2,2025-12-30,62,1,humidity,29.799453547765246,31.099616061774686,29.594084825122373,905
User01,1,1,2,2025-12-31,63,1,humidity,35.310976923354744,35.880755722891514,35.302440382298556,1023
User01,1,1,2,2026-01-01,64,1,humidity,39.38863318794787,40.25917097995524,39.38863318794787,878
User01,1,1,2,2026-01-02,65,1,humidity,32.52094207900896,33.49722810102476,32.49117083229931,1021
User01,1,1,2,2026-01-03,66,1,humidity,36.34222229895439,37.11815098134336,36.32932214866466,2609
User01,1,1,2,2026-01-04,67,1,humidity,33.186146394171075,33.69358209414994,33.18559624854699,2249
User01,1,1,2,2026-01-05,68,1,humidity,33.720196766110874,34.17811722663544,33.720196766110874,2065
User01,1,1,2,2026-01-06,69,1,humidity,34.96742795849825,35.405332607923505,34.96742795849825,1538
User01,1,1,2,2026-01-07,70,1,humidity,37.516999180056004,38.27154473830071,37.516999180056004,2193
User01,1,1,2,2026-01-08,71,1,humidity,43.94743198720484,44.32353846245858,43.94743198720484,2311
User01,1,1,2,2026-01-09,72,1,humidity,33.047515203966306,33.8347606201685,33.04546428429752,2265
User01,1,1,2,2026-01-10,73,1,humidity,37.61026296859767,38.70856474069312,37.60604235049673,2236
User01,1,1,2,2026-01-11,74,1,humidity,43.12818904356238,44.3535642009489,43.12818904356238,2089
User01,1,1,2,2026-01-12,75,1,humidity,39.749262115228596,40.586915079643845,39.749262115228596,2087
User01,1,1,2,2026-01-13,76,1,humidity,43.14021631562968,43.73090273496302,43.14021631562968,2152
User01,1,1,2,2026-01-14,77,1,humidity,27.35889356589074,28.88228456680565,27.340222139380273,1986
User01,1,1,2,2026-01-15,78,1,humidity,21.292830822853414,22.126997055949104,21.292830822853414,2137
User01,1,1,2,2026-01-16,79,1,humidity,22.826686964122064,23.436611316881624,22.822154881290658,2176
User01,1,1,2,2026-01-17,80,1,humidity,30.204538089974864,30.81834660791397,30.204538089974864,2387
User01,1,1,2,2026-01-18,81,1,humidity,22.334692764072674,23.358744997465756,22.25662817031653,2326
User01,1,1,2,2026-01-20,82,1,humidity,36.78525779810213,37.38071139820308,36.78525779810213,2010
User01,1,1,2,2026-01-21,83,1,humidity,41.10600964411324,41.579634239820365,41.10600964411324,2036
User01,1,1,2,2026-01-22,84,1,humidity,40.368560945992826,40.82253678579616,40.368560945992826,1995
User01,1,1,2,2026-01-23,85,1,humidity,32.91792126885516,33.631874949231445,32.91040647149886,2204
User01,1,1,2,2026-01-24,86,1,humidity,34.491229047798065,35.00260994492454,34.49114735552805,2467
User01,1,1,2,2026-01-25,87,1,humidity,40.326016749062376,42.78114902944004,40.326016749062376,2317
User01,1,1,2,2026-01-26,88,1,humidity,41.93722196379687,43.53523935604636,41.93722196379687,2093
User01,1,1,2,2026-01-27,89,1,humidity,44.79137959539216,46.15597875424085,44.79137959539216,2130
User01,1,1,2,2026-01-28,90,1,humidity,44.98125402816985,46.995029772349014,44.98125402816985,2051
User01,1,1,2,2026-01-29,91,1,humidity,44.23287630278293,46.093577236552626,44.23287630278293,2076
User01,1,1,2,2026-01-30,92,1,humidity,42.92050242955926,44.70592711113898,42.92050242955926,2267
User01,1,1,2,2026-01-31,93,1,humidity,44.16072119115785,45.99620424911588,44.16072119115785,2464
User01,1,1,2,2026-02-02,94,1,humidity,31.369794262714656,33.47193081143357,31.369794262714656,2197
User01,1,1,2,2026-02-03,95,1,humidity,31.615316850977553,34.06744095475355,31.615316850977553,2300
User01,1,1,2,2026-02-04,96,1,humidity,26.072173648580378,29.527031432460326,26.05752077591215,2182
User01,1,1,2,2026-02-05,97,1,humidity,34.40453770594091,36.39350793257113,34.40453770594091,2108
User01,1,1,2,2026-02-06,98,1,humidity,39.368041085347755,40.5718772839812,39.368041085347755,2436
User01,1,1,2,2026-02-07,99,1,humidity,42.00925541453963,43.6978416014618,42.00925541453963,2571
User01,1,1,2,2026-02-08,100,1,humidity,38.25383607757857,39.450286050231846,38.25383607757857,2147
User01,1,1,2,2026-02-10,101,1,humidity,27.808686286710607,30.482526678889208,27.808686286710607,1923
User01,1,1,2,2026-02-11,102,1,humidity,34.44631788209473,36.53656494440413,34.44631788209473,2119
User01,1,1,2,2026-02-12,103,1,humidity,31.739521046144848,33.98502105826179,31.739521046144848,2293
User01,1,1,2,2026-02-13,104,1,humidity,22.036171663821012,25.683267916388868,22.03589738914603,2453
User01,1,1,2,2026-02-14,105,1,humidity,15.042107943489409,19.08195671954993,13.958691853506824,1960
User01,1,1,2,2026-02-15,106,1,humidity,23.31597382133757,26.64614986390165,23.31597382133757,2121
User01,1,1,2,2026-02-16,107,1,humidity,29.423227295418616,31.456882322245942,29.423227295418616,1936
User01,1,1,2,2026-02-17,108,1,humidity,31.770776720160313,34.175952272609145,31.770776720160313,2464
User01,1,1,2,2026-02-18,109,1,humidity,27.724790093008096,30.49193928115936,27.724790093008096,2048
User01,1,1,2,2026-02-19,110,1,humidity,27.734065636708863,30.425567885794585,27.734065636708863,2107
User01,1,1,2,2026-02-20,111,1,humidity,23.51830598948304,25.74444187983952,23.51830598948304,2302
User01,1,1,2,2026-02-21,112,1,humidity,22.339285929098775,25.22553581006405,22.339285929098775,2820
User01,1,1,2,2026-02-22,113,1,humidity,26.251107776551443,28.295207966816466,26.251107776551443,2373
User01,1,1,2,2026-02-23,114,1,humidity,31.248360242616602,33.01821463116934,31.248360242616602,2083
User01,1,1,2,2026-02-24,115,1,humidity,33.507165646213686,36.6652363295074,33.507165646213686,1207
User01,1,1,2,2026-02-25,116,1,humidity,23.995192112431322,26.431839704724666,23.995192112431322,2099
User01,1,1,2,2026-02-26,117,1,humidity,20.763194648001324,23.543234433477554,20.763194648001324,2079
User01,1,1,2,2026-02-27,118,1,humidity,15.823934780861451,17.937930762753357,15.795831320285208,2151
User01,1,1,2,2026-02-28,119,1,humidity,18.825691715399866,22.15396901584444,18.824841546877103,2194
User01,1,1,2,2026-03-01,120,1,humidity,13.746357482227912,17.476788064675556,13.628772063650212,2443
User01,1,1,2,2026-03-02,121,1,humidity,31.72793198164977,33.70971746827836,31.72793198164977,2213
User01,1,1,2,2026-03-03,122,1,humidity,20.97138270638967,23.521507763869735,20.97138270638967,2023
User01,1,1,2,2026-03-04,123,1,humidity,21.14469278361125,24.874084415040134,21.14469278361125,2026
User01,1,1,2,2026-03-05,124,1,humidity,32.986969252630814,34.96454894716703,32.986969252630814,1574
User01,1,1,2,2026-03-06,125,1,humidity,27.64462504163903,28.599486557237782,27.64462504163903,2284
User01,1,1,2,2026-03-07,126,1,humidity,29.919452859405304,31.044399722404698,29.919452859405304,2179
User01,1,1,2,2026-03-08,127,1,humidity,36.08800865298307,38.1016074608848,36.08800865298307,2170
User01,1,1,2,2026-03-09,128,1,humidity,26.089256864690444,28.04074645830798,26.089256864690444,2207
User01,1,1,2,2026-03-10,129,1,humidity,30.60088842081564,32.26783303106095,30.60088842081564,1973
User01,1,1,2,2026-03-11,130,1,humidity,27.418505868021676,29.523439597573468,27.418505868021676,2264
User01,1,1,2,2026-03-12,131,1,humidity,21.14066178935809,25.863766388552985,21.14066178935809,2192
User01,1,1,2,2026-03-13,132,1,humidity,22.131444400537113,23.6671255738673,22.131444400537113,2280
User01,1,1,2,2026-03-14,133,1,humidity,23.660173827096074,26.329522488703372,23.660173827096074,2131
User01,1,1,2,2026-03-15,134,1,humidity,22.679556532069963,24.910900379153816,22.679556532069963,2218
User01,1,1,2,2026-03-16,135,1,humidity,25.519831184798658,27.484363446900222,25.519831184798658,2087
User01,1,1,2,2026-03-17,136,1,humidity,21.46171885289945,23.312467862173552,21.46171885289945,1903
User01,1,1,2,2026-03-18,137,1,humidity,22.61728240174329,24.095594932363973,22.61728240174329,2062
User01,1,1,2,2026-03-19,138,1,humidity,21.513341283554894,24.149161920605824,21.513341283554894,1764
User01,1,1,2,2026-03-20,139,1,humidity,20.149003080780922,23.379068645799496,20.149003080780922,2085
User01,1,1,2,2026-03-21,140,1,humidity,22.504696951126263,25.856837568759108,22.504696951126263,2246
User01,1,1,2,2026-03-22,141,1,humidity,20.94470428677261,23.20261419947873,20.94470428677261,1747
User01,1,1,2,2026-03-23,142,1,humidity,11.624808720068664,15.466619146224678,11.587920439245236,1957
User01,1,1,2,2026-03-24,143,1,humidity,13.943202112059042,17.40616469114515,13.81170688584845,1934
User01,1,1,2,2026-03-25,144,1,humidity,21.123855241349702,24.512213193477965,21.123855241349702,1786
User01,1,1,2,2026-03-26,145,1,humidity,16.879066613618043,19.791505795537187,16.879066613618043,1939
User01,1,1,2,2026-03-27,146,1,humidity,14.280825713046669,16.896568912232972,14.280825713046669,2191
User01,1,1,2,2026-03-28,147,1,humidity,13.00394844866854,16.32772404436638,13.001641512479077,2010
User01,1,1,2,2026-03-29,148,1,humidity,17.920804521863932,20.305601749050492,17.920804521863932,1755
User01,1,1,2,2026-03-30,149,1,humidity,11.973778410612708,14.395811443830748,11.959110328983968,2029
User01,1,1,2,2026-03-31,150,1,humidity,9.635886483930987,13.184258259118582,8.999439351888187,1790
User01,1,1,2,2026-04-01,151,1,humidity,14.902702971687766,17.93369707608354,14.902585588907344,2021
User01,1,3,0,2025-08-30,5,0,temperature,0.6338001068871546,0.9581325810673074,-0.5008498665758571,987
User01,1,3,0,2025-08-31,6,0,temperature,0.9928586522219254,1.2445475538221822,0.8465845751806634,837
User01,1,3,0,2025-11-05,7,0,temperature,1.9682051801352123,2.307575396070841,1.6200603191688343,1992
User01,1,3,0,2025-11-06,8,0,temperature,1.691581025250405,2.096696594428448,1.305122239211081,2038
User01,1,3,0,2025-11-07,9,0,temperature,1.9658473811502315,2.226026504046573,1.671925127296364,1810
User01,1,3,0,2025-11-08,10,0,temperature,2.182873913106938,2.46431731158832,2.1345443391589605,1949
User01,1,3,0,2025-11-09,11,0,temperature,2.011011112674778,2.251401362328745,1.8774194524193535,2050
User01,1,3,0,2025-11-10,12,0,temperature,1.3161631718932412,1.6412997630420392,0.059643725118973825,2171
User01,1,3,0,2025-11-11,13,0,temperature,2.1324687571544607,2.4324328949539376,2.01899360820364,2213
User01,1,3,0,2025-11-12,14,0,temperature,1.82756887751012,2.1310138002056056,1.6438227446825326,1512
User01,1,3,0,2025-11-13,15,0,temperature,1.9523754773377873,2.232586916147904,1.594395164526079,2167
User01,1,3,0,2025-11-14,16,1,temperature,1.8516450254999004,2.1790780317789697,1.7237551360443284,1863
User01,1,3,0,2025-11-15,17,1,temperature,1.8531700455411895,2.099491936825007,1.722739841435603,2153
User01,1,3,0,2025-11-16,18,1,temperature,1.6261840992007064,1.8676950006141084,1.3654721630572173,2210
User01,1,3,0,2025-11-17,19,1,temperature,1.1539450503563646,1.52645771186929,-0.8731477213075513,2052
User01,1,3,0,2025-11-18,20,1,temperature,1.3304757392856952,1.6465413120588146,0.2265475758958517,1933
User01,1,3,0,2025-11-19,21,1,temperature,1.9287104854598534,2.188144473067979,1.7007157399403605,2279
User01,1,3,0,2025-11-20,22,1,temperature,2.3347664686102467,2.648097006601433,2.1870610270580313,2039
User01,1,3,0,2025-11-21,23,1,temperature,2.047970928079449,2.3551467089965987,1.799635415802086,680
User01,1,3,0,2025-11-22,24,1,temperature,2.2702683918009243,2.6199791698726935,2.1870371991357973,745
User01,1,3,0,2025-11-23,25,1,temperature,1.7653729943105225,2.228618014521443,1.2654046183210559,684
User01,1,3,0,2025-11-24,26,1,temperature,2.1940326314201974,2.377147755449306,2.177357274914582,767
User01,1,3,0,2025-11-25,27,1,temperature,2.1813588384912084,2.556733737080651,2.11577450755915,794
User01,1,3,0,2025-11-26,28,1,temperature,2.0180118743056457,2.3076258601885344,1.6705309852384946,1001
User01,1,3,0,2025-11-27,29,1,temperature,1.9405672256706556,2.1935730141540826,1.8787521911151144,1400
User01,1,3,0,2025-11-28,30,1,temperature,1.5205238080262624,1.9657745525823018,0.6225634437559738,1648
User01,1,3,0,2025-11-29,31,1,temperature,2.069410337863459,2.3566676710042818,1.9972347326956432,1914
User01,1,3,0,2025-11-30,32,1,temperature,2.0013361822061224,2.387721209024021,1.822723015152555,1531
User01,1,3,0,2025-12-01,33,1,temperature,1.6559638043803542,1.9635948405455648,1.4344771319098037,1612
User01,1,3,0,2025-12-02,34,1,temperature,1.6152336569152075,1.9390269569463592,1.3494909651836065,1643
User01,1,3,0,2025-12-03,35,1,temperature,1.4436459458632769,1.817041168438614,1.1405313389856893,1408
User01,1,3,0,2025-12-04,36,1,temperature,1.7588755398074265,2.0886677278951016,1.4211352526473806,1659
User01,1,3,0,2025-12-05,37,1,temperature,1.5903949102515162,1.963203983093454,1.2543916956971015,2025
User01,1,3,0,2025-12-06,38,1,temperature,2.3832879950305883,2.716980758387772,2.291424123268756,2252
User01,1,3,0,2025-12-07,39,1,temperature,2.5592921098145527,2.802687244324209,2.471776416771366,1818
User01,1,3,0,2025-12-08,40,1,temperature,2.4300644210824833,2.7368010342416587,2.380416826270488,1745
User01,1,3,0,2025-12-09,41,1,temperature,2.3592420957227485,2.7198300919846097,2.2395078003546445,2059
User01,1,3,0,2025-12-10,42,1,temperature,2.250486480990236,2.6553227715141317,2.149329036335561,1970
User01,1,3,0,2025-12-11,43,1,temperature,2.1142436861320193,2.457952446516185,2.0464931769067043,2140
User01,1,3,0,2025-12-12,44,1,temperature,2.3057565008678957,2.6588610190103084,2.273022624209966,2299
User01,1,3,0,2025-12-13,45,1,temperature,2.0923271613429275,2.407636009426349,1.645624856978029,1708
User01,1,3,0,2025-12-14,46,1,temperature,1.9263444456252832,2.4194875493976413,1.7174648603044314,1741
User01,1,3,0,2025-12-15,47,1,temperature,2.1864043119051866,2.5230095145235487,2.083945867940513,1953
User01,1,3,0,2025-12-16,48,1,temperature,1.9721813918750948,2.3422427756289097,1.779117400083392,2264
User01,1,3,0,2025-12-17,49,1,temperature,2.4984114195821405,2.9256079607356074,2.3470637184629934,2118
User01,1,3,0,2025-12-18,50,1,temperature,2.3319976211661952,2.689309243343332,2.20865312842548,2223
User01,1,3,0,2025-12-19,51,1,temperature,2.354306655813144,2.745538192528808,2.322903023524845,2599
User01,1,3,0,2025-12-20,52,1,temperature,2.2060535202565155,2.58204147719973,2.112735337158728,2063
User01,1,3,0,2025-12-21,53,1,temperature,2.399741488525605,2.8809547876618335,2.291597332065202,1822
User01,1,3,0,2025-12-22,54,1,temperature,2.582677660480599,3.068020071509376,2.508259499348723,1837
User01,1,3,0,2025-12-23,55,1,temperature,3.9187712452362637,4.167725483690119,3.918168597209802,1996
User01,1,3,0,2025-12-24,56,1,temperature,3.4451384448972004,3.852567007287372,3.416039128207131,1928
User01,1,3,0,2025-12-25,57,1,temperature,1.3369008293783742,1.8530595501331233,0.5196260257694654,1699
User01,1,3,0,2025-12-26,58,1,temperature,1.2730522006572647,1.733145293938596,0.322901952501208,1490
User01,1,3,0,2025-12-27,59,1,temperature,2.6597097160112715,3.1014832088774447,2.6239005336655064,903
User01,1,3,0,2025-12-28,60,1,temperature,3.58574838066654,4.363800060170623,3.576535533081443,1356
User01,1,3,0,2025-12-29,61,1,temperature,2.5678105112245047,3.022392588014101,2.5299511242257657,930
User01,1,3,0,2025-12-30,62,1,temperature,2.911675938143874,3.4741769314924533,2.870582169824971,905
User01,1,3,0,2025-12-31,63,1,temperature,1.4462729132782879,1.7593221585966914,0.3080579574126651,1023
User01,1,3,0,2026-01-01,64,1,temperature,2.8964051472847094,3.2667286783677634,2.77138384831532,878
User01,1,3,0,2026-01-02,65,1,temperature,2.7274476440515962,3.206487693809176,2.6315859670808175,1021
User01,1,3,0,2026-01-03,66,1,temperature,3.444194076584621,3.7274650837058765,3.438785781062969,2609
User01,1,3,0,2026-01-04,67,1,temperature,1.5348303319931564,2.0580033555255937,0.8978568687467561,2249
User01,1,3,0,2026-01-05,68,1,temperature,1.397441992869937,1.7641357659630608,0.3401663449973833,2065
User01,1,3,0,2026-01-06,69,1,temperature,2.473087434094562,2.7720029409144686,2.4596014030261926,1538
User01,1,3,0,2026-01-07,70,1,temperature,1.5997598911872266,2.1398442048887145,0.671411488874011,2193
User01,1,3,0,2026-01-08,71,1,temperature,1.671747970096561,2.236190848318672,1.412922349117095,2311
User01,1,3,0,2026-01-09,72,1,temperature,1.6428912954490182,2.038177610233237,1.392818640195312,2265
User01,1,3,0,2026-01-10,73,1,temperature,2.5954134878283757,2.9352405406004456,2.5540639116467876,2236
User01,1,3,0,2026-01-11,74,1,temperature,1.9348702329378817,2.299669346173939,-0.12460452285608162,2089
User01,1,3,0,2026-01-12,75,1,temperature,1.2911064800347667,1.6210295273256616,0.1886299737177851,2087
User01,1,3,0,2026-01-13,76,1,temperature,1.6861292893797926,2.0931475234323464,-0.2965968544722286,2152
User01,1,3,0,2026-01-14,77,1,temperature,2.8870785341238165,3.277968584454042,2.859118783014352,1986
User01,1,3,0,2026-01-15,78,1,temperature,3.390971392044384,3.75184288897663,3.369126578677343,2137
User01,1,3,0,2026-01-16,79,1,temperature,3.515595108340576,3.802300284269207,3.513668359086003,2176
User01,1,3,0,2026-01-17,80,1,temperature,3.2754846524535677,3.646466378671693,3.2608473404954785,2387
User01,1,3,0,2026-01-18,81,1,temperature,2.8358526926805325,3.1381710332156976,2.8125853625630595,2326
User01,1,3,0,2026-01-20,82,1,temperature,1.4147050560004817,1.874500755631459,0.8356108088483015,2010
User01,1,3,0,2026-01-21,83,1,temperature,1.4231240218931966,1.89971298791912,-0.7614978746889515,2036
User01,1,3,0,2026-01-22,84,1,temperature,1.5941916170082044,2.0590744869252973,-0.27969924702855703,1995
User01,1,3,0,2026-01-23,85,1,temperature,1.5021205446957582,1.8766839979025502,1.2550708055529796,2204
User01,1,3,0,2026-01-24,86,1,temperature,1.3455285548616367,1.7816503233278858,0.7834302942411114,2467
User01,1,3,0,2026-01-25,87,1,temperature,1.248999135871169,1.5730546757513333,0.5192305356561332,2317
User01,1,3,0,2026-01-26,88,1,temperature,1.4045314383776986,1.8564061010212454,0.9891904072994632,2093
User01,1,3,0,2026-01-27,89,1,temperature,1.2861334546397971,1.6917923218113542,0.6936473010867458,2130
User01,1,3,0,2026-01-28,90,1,temperature,1.5433757800248105,2.1088831839128344,1.124334636640479,2051
User01,1,3,0,2026-01-29,91,1,temperature,1.296705436896137,1.725861670292255,-0.030382911199790204,2076
User01,1,3,0,2026-01-30,92,1,temperature,1.696273839947304,2.015006606096238,1.6156011418098062,2267
User01,1,3,0,2026-01-31,93,1,temperature,1.7055871991491975,2.0601191474053766,1.5422151625476337,2464
User01,1,3,0,2026-02-02,94,1,temperature,2.9687721087156715,3.3211866299817925,2.9611226508726856,2197
User01,1,3,0,2026-02-03,95,1,temperature,2.82571047354914,3.234797224686624,2.8210023797388586,2300
User01,1,3,0,2026-02-04,96,1,temperature,3.4044178774367655,3.7056752253972602,3.3885052125993558,2182
User01,1,3,0,2026-02-05,97,1,temperature,2.051541512246493,2.6628732002437183,1.9147817377489993,2108
User01,1,3,0,2026-02-06,98,1,temperature,2.1832597164663974,2.5137986308066527,2.1645377501291265,2436
User01,1,3,0,2026-02-07,99,1,temperature,1.871625086696831,2.3913502067194554,0.8013263157518508,2571
User01,1,3,0,2026-02-08,100,1,temperature,1.2404066181971376,1.6881225887585247,0.4098927256415591,2147
User01,1,3,0,2026-02-10,101,1,temperature,3.7283556827633464,3.954699016072196,3.7164937330537295,1923
User01,1,3,0,2026-02-11,102,1,temperature,2.8491908327058977,3.207793086352933,2.8266786115404257,2119
User01,1,3,0,2026-02-12,103,1,temperature,3.061221229103229,3.3961618143801746,3.051176988007613,2293
User01,1,3,0,2026-02-13,104,1,temperature,3.3878098624004838,3.722719309745684,3.283233926618132,2453
User01,1,3,0,2026-02-14,105,1,temperature,4.09653498669041,4.262321588795301,4.09653498669041,1960
User01,1,3,0,2026-02-15,106,1,temperature,3.914773979410018,4.217789549588466,3.914773979410018,2121
User01,1,3,0,2026-02-16,107,1,temperature,4.1815481271422135,4.439873454510753,4.176517564920951,1936
User01,1,3,0,2026-02-17,108,1,temperature,3.56633423474102,3.8685242705835625,3.559126863326564,2464
User01,1,3,0,2026-02-18,109,1,temperature,3.5658741249665646,3.88505187253509,3.5496157805043853,2048
User01,1,3,0,2026-02-19,110,1,temperature,4.294946495204434,4.46304813012406,4.294693363927137,2107
User01,1,3,0,2026-02-20,111,1,temperature,3.704118323467776,3.990384530478021,3.702921418571628,2302
User01,1,3,0,2026-02-21,112,1,temperature,3.8236806421119995,4.132807288593721,3.819694206335537,2820
User01,1,3,0,2026-02-22,113,1,temperature,4.272576518251266,4.412971096549788,4.272576518251266,2373
User01,1,3,0,2026-02-23,114,1,temperature,3.179433907324086,3.568009541535171,3.142177263059686,2083
User01,1,3,0,2026-02-24,115,1,temperature,3.4708852854794086,3.9375811164272982,3.410232174294377,1207
User01,1,3,0,2026-02-25,116,1,temperature,3.465255474641773,3.910205233802155,3.440278816710268,2099
User01,1,3,0,2026-02-26,117,1,temperature,3.764494323990966,4.068366192429787,3.76097644237955,2079
User01,1,3,0,2026-02-27,118,1,temperature,3.7494818782125123,4.096322938389827,3.7275806457893608,2151
User01,1,3,0,2026-02-28,119,1,temperature,4.217032611580114,4.3640596955283755,4.217032611580114,2194
User01,1,3,0,2026-03-01,120,1,temperature,3.6623317718654134,4.066222683839009,3.6002194945507626,2443
User01,1,3,0,2026-03-02,121,1,temperature,3.902475879914192,4.159249258812823,3.9024675419237376,2213
User01,1,3,0,2026-03-03,122,1,temperature,4.387030328456688,4.562186457921213,4.386992793292255,2023
User01,1,3,0,2026-03-04,123,1,temperature,2.9996218183272005,3.299225517793172,2.9349217596102255,2026
User01,1,3,0,2026-03-05,124,1,temperature,3.00672134068001,3.2967540300998013,2.985042441531442,1574
User01,1,3,0,2026-03-06,125,1,temperature,3.8768454021623766,4.084774138419784,3.8768454021623766,2284
User01,1,3,0,2026-03-07,126,1,temperature,3.969374591622947,4.1635382820401725,3.9673438977174347,2179
User01,1,3,0,2026-03-08,127,1,temperature,2.075228740594383,2.5799193214793936,2.01919883095122,2170
User01,1,3,0,2026-03-09,128,1,temperature,2.3695917689821155,2.903601186659357,2.212032208909833,2207
User01,1,3,0,2026-03-10,129,1,temperature,3.4503296387356484,3.7227823847224846,3.4372577757581295,1973
User01,1,3,0,2026-03-11,130,1,temperature,3.463096916025295,4.036040074329435,3.430744191683712,2264
User01,1,3,0,2026-03-12,131,1,temperature,5.179307013184223,5.476428228524008,4.787289130414237,2192
User01,1,3,0,2026-03-13,132,1,temperature,3.7290606577808463,4.105647923821492,3.686260625315933,2280
User01,1,3,0,2026-03-14,133,1,temperature,3.393407401499662,3.7402828149763034,3.393137013337218,2131
User01,1,3,0,2026-03-15,134,1,temperature,3.880315080560577,4.07252500223388,3.8788938119865435,2218
User01,1,3,0,2026-03-16,135,1,temperature,3.5264414820993646,3.8429138338291247,3.525825964397842,2087
User01,1,3,0,2026-03-17,136,1,temperature,4.907481573731355,5.040925387719158,4.907481573731355,1903
User01,1,3,0,2026-03-18,137,1,temperature,4.137096814667429,4.466190833527076,4.129681799743508,2062
User01,1,3,0,2026-03-19,138,1,temperature,5.910607956465766,6.022477457696494,5.910607956465766,1764
User01,1,3,0,2026-03-20,139,1,temperature,4.9448401160240945,5.224986835677948,4.944643762679142,2085
User01,1,3,0,2026-03-21,140,1,temperature,3.9453116132757615,4.115762806197558,3.9453116132757615,2246
User01,1,3,0,2026-03-22,141,1,temperature,3.675363494705962,3.974286777741957,3.663257317325149,1747
User01,1,3,0,2026-03-23,142,1,temperature,4.724210359464549,4.893090641038256,4.724210359464549,1957
User01,1,3,0,2026-03-24,143,1,temperature,5.796358261301193,5.876825665030269,5.796358261301193,1934
User01,1,3,0,2026-03-25,144,1,temperature,4.182449451595925,4.414547365751476,4.1822806686361576,1786
User01,1,3,0,2026-03-26,145,1,temperature,3.9186755108478892,4.079755250190342,3.9130451666909027,1939
User01,1,3,0,2026-03-27,146,1,temperature,3.9424632585821815,4.183051449174632,3.9424632585821815,2191
User01,1,3,0,2026-03-28,147,1,temperature,3.818415715558883,4.001367338857202,3.811185055944815,2010
User01,1,3,0,2026-03-29,148,1,temperature,4.054058141675073,4.28864401772825,4.054058141675073,1755
User01,1,3,0,2026-03-30,149,1,temperature,4.109224756594483,4.28667287169613,4.108709118171868,2029
User01,1,3,0,2026-03-31,150,1,temperature,3.8774799145490975,4.012728070651075,3.875906704957035,1790
User01,1,3,0,2026-04-01,151,1,temperature,3.673941823034103,3.937749764365653,3.672229726641147,2021
User01,1,3,0,2025-08-30,5,0,humidity,16.63015008329912,17.748880366616397,-16.192915986844003,987
User01,1,3,0,2025-08-31,6,0,humidity,12.008218010792449,13.72261685487952,-5.457115353086396,837
User01,1,3,0,2025-11-05,7,0,humidity,24.70121454922802,25.524587975699756,24.70121454922802,1992
User01,1,3,0,2025-11-06,8,0,humidity,21.618891638227776,22.774852643106055,21.618891638227776,2038
User01,1,3,0,2025-11-07,9,0,humidity,13.69473304646469,15.220444191995467,13.686476930213002,1810
User01,1,3,0,2025-11-08,10,0,humidity,12.279009861924397,13.946378078080599,12.255583493066311,1949
User01,1,3,0,2025-11-09,11,0,humidity,21.310655828443686,22.744929625508593,21.310655828443686,2050
User01,1,3,0,2025-11-10,12,0,humidity,40.375642438136445,41.1679841469017,40.375642438136445,2171
User01,1,3,0,2025-11-11,13,0,humidity,26.160771568163216,27.32219409939628,26.160771568163216,2213
User01,1,3,0,2025-11-12,14,0,humidity,25.57658288914258,26.460684182445974,25.57658288914258,1512
User01,1,3,0,2025-11-13,15,0,humidity,24.829457417175252,26.101738177675294,24.829457417175252,2167
User01,1,3,0,2025-11-14,16,1,humidity,25.85896751103626,27.09378661330537,25.85896751103626,1863
User01,1,3,0,2025-11-15,17,1,humidity,23.712795370866786,25.28933562705861,23.712795370866786,2153
User01,1,3,0,2025-11-16,18,1,humidity,23.1568250555971,24.628799560240076,23.1568250555971,2210
User01,1,3,0,2025-11-17,19,1,humidity,43.3762808484603,44.08738974626782,43.3762808484603,2052
User01,1,3,0,2025-11-18,20,1,humidity,47.46912489279173,48.12798792779696,47.46912489279173,1933
User01,1,3,0,2025-11-19,21,1,humidity,31.76612276176944,32.88191415467948,31.76612276176944,2279
User01,1,3,0,2025-11-20,22,1,humidity,29.094438404964556,29.935486555941427,29.094438404964556,2039
User01,1,3,0,2025-11-21,23,1,humidity,30.599462172510947,32.02174533036705,30.599462172510947,680
User01,1,3,0,2025-11-22,24,1,humidity,25.9268650336709,26.95501755509339,25.9268650336709,745
User01,1,3,0,2025-11-23,25,1,humidity,21.169585236961066,22.662710292491848,21.169585236961066,684
User01,1,3,0,2025-11-24,26,1,humidity,19.211728512832238,20.680198202560366,19.211728512832238,767
User01,1,3,0,2025-11-25,27,1,humidity,22.00018002798099,23.33450923864676,22.00018002798099,794
User01,1,3,0,2025-11-26,28,1,humidity,24.17139751754563,25.108282640199068,24.17139751754563,1001
User01,1,3,0,2025-11-27,29,1,humidity,26.205328959258424,27.151261387987304,26.205328959258424,1400
User01,1,3,0,2025-11-28,30,1,humidity,35.43338354903265,36.15686309271102,35.43338354903265,1648
User01,1,3,0,2025-11-29,31,1,humidity,27.425257011946215,28.739244909850825,27.425257011946215,1914
User01,1,3,0,2025-11-30,32,1,humidity,23.954897341290874,24.935310590408953,23.954897341290874,1531
User01,1,3,0,2025-12-01,33,1,humidity,36.390310327236804,37.190237472779806,36.390310327236804,1612
User01,1,3,0,2025-12-02,34,1,humidity,48.39438945717281,49.1111397821616,48.39438945717281,1643
User01,1,3,0,2025-12-03,35,1,humidity,49.781831938602515,50.48021318483579,49.781831938602515,1408
User01,1,3,0,2025-12-04,36,1,humidity,44.49537717919871,45.286943426386344,44.49537717919871,1659
User01,1,3,0,2025-12-05,37,1,humidity,41.51277994695293,42.23164748511082,41.51277994695293,2025
User01,1,3,0,2025-12-06,38,1,humidity,30.455686693737157,31.519985848670625,30.455686693737157,2252
User01,1,3,0,2025-12-07,39,1,humidity,20.67408513420657,21.885398772366237,20.67408513420657,1818
User01,1,3,0,2025-12-08,40,1,humidity,35.589038135650554,36.40995394561983,35.589038135650554,1745
User01,1,3,0,2025-12-09,41,1,humidity,33.67052704533124,34.74289851181722,33.67052704533124,2059
User01,1,3,0,2025-12-10,42,1,humidity,27.70312495399742,28.64773008122366,27.70312495399742,1970
User01,1,3,0,2025-12-11,43,1,humidity,34.92104979110135,35.90530405231674,34.92104979110135,2140
User01,1,3,0,2025-12-12,44,1,humidity,30.389990154807673,31.369158792377934,30.389990154807673,2299
User01,1,3,0,2025-12-13,45,1,humidity,31.010302960753886,31.740551493085658,31.010302960753886,1708
User01,1,3,0,2025-12-14,46,1,humidity,31.068803850722844,32.12887908806403,31.068803850722844,1741
User01,1,3,0,2025-12-15,47,1,humidity,27.27227924030734,28.207528124407897,27.27227924030734,1953
User01,1,3,0,2025-12-16,48,1,humidity,24.68326725977822,25.754737497621594,24.68326725977822,2264
User01,1,3,0,2025-12-17,49,1,humidity,28.55364098257837,29.653612952974033,28.55364098257837,2118
User01,1,3,0,2025-12-18,50,1,humidity,31.715008150072403,32.72600019493172,31.715008150072403,2223
User01,1,3,0,2025-12-19,51,1,humidity,31.501620063440406,32.637899249855046,31.501620063440406,2599
User01,1,3,0,2025-12-20,52,1,humidity,29.399868697879455,30.289389498311586,29.399868697879455,2063
User01,1,3,0,2025-12-21,53,1,humidity,36.5507873831547,37.43160407212062,36.5507873831547,1822
User01,1,3,0,2025-12-22,54,1,humidity,36.944262304187475,37.88986482409611,36.944262304187475,1837
User01,1,3,0,2025-12-23,55,1,humidity,36.619492139253836,37.583886169436,36.619492139253836,1996
User01,1,3,0,2025-12-24,56,1,humidity,35.575452737464445,36.529996809722505,35.575452737464445,1928
User01,1,3,0,2025-12-25,57,1,humidity,39.74673877878398,40.04771290651377,39.74673877878398,1699
User01,1,3,0,2025-12-26,58,1,humidity,46.90630901258272,47.072006988313106,46.90630901258272,1490
User01,1,3,0,2025-12-27,59,1,humidity,34.12653052514087,34.55660283037595,34.12653052514087,903
User01,1,3,0,2025-12-28,60,1,humidity,30.42567210476615,31.502591417102366,30.42567210476615,1356
User01,1,3,0,2025-12-29,61,1,humidity,28.26819180866613,29.321153011647297,28.26819180866613,930
User01,1,3,0,2025-12-30,62,1,humidity,42.11728454861622,42.64985791353117,42.11728454861622,905
User01,1,3,0,2025-12-31,63,1,humidity,44.564876920169894,45.345373413386824,44.564876920169894,1023
User01,1,3,0,2026-01-01,64,1,humidity,46.8504836449939,47.560643744777174,46.8504836449939,878
User01,1,3,0,2026-01-02,65,1,humidity,41.95897269602957,42.87124045371133,41.95897269602957,1021
User01,1,3,0,2026-01-03,66,1,humidity,43.33863172109936,44.332046463442104,43.33863172109936,2609
User01,1,3,0,2026-01-04,67,1,humidity,45.02941657248875,45.77852420731607,45.02941657248875,2249
User01,1,3,0,2026-01-05,68,1,humidity,44.81640904356855,45.64672348955681,44.81640904356855,2065
User01,1,3,0,2026-01-06,69,1,humidity,41.52897566473772,42.215015709987256,41.52897566473772,1538
User01,1,3,0,2026-01-07,70,1,humidity,46.588653973022346,47.17544676428893,46.588653973022346,2193
User01,1,3,0,2026-01-08,71,1,humidity,48.93466608241789,49.53728043095905,48.93466608241789,2311
User01,1,3,0,2026-01-09,72,1,humidity,39.12035454028058,39.700323858025264,39.12035454028058,2265
User01,1,3,0,2026-01-10,73,1,humidity,45.39697049783939,46.09228119014353,45.39697049783939,2236
User01,1,3,0,2026-01-11,74,1,humidity,49.93638748456604,50.37202628197142,49.93638748456604,2089
User01,1,3,0,2026-01-12,75,1,humidity,48.11669796867615,48.6412883246266,48.11669796867615,2087
User01,1,3,0,2026-01-13,76,1,humidity,50.34607170002824,50.80276032344587,50.34607170002824,2152
User01,1,3,0,2026-01-14,77,1,humidity,33.241340889812015,34.51052482246935,33.241340889812015,1986
User01,1,3,0,2026-01-15,78,1,humidity,29.733455623221435,31.04093510390548,29.733455623221435,2137
User01,1,3,0,2026-01-16,79,1,humidity,29.909061338339097,31.07010981716828,29.909061338339097,2176
User01,1,3,0,2026-01-17,80,1,humidity,33.49271904621358,34.39616247141777,33.49271904621358,2387
User01,1,3,0,2026-01-18,81,1,humidity,34.43367329656321,35.0217502290703,34.43367329656321,2326
User01,1,3,0,2026-01-20,82,1,humidity,47.418456336419545,47.958445980318906,47.418456336419545,2010
User01,1,3,0,2026-01-21,83,1,humidity,49.68830413100178,50.45032837711603,49.68830413100178,2036
User01,1,3,0,2026-01-22,84,1,humidity,48.45658817926396,49.156404698640976,48.45658817926396,1995
User01,1,3,0,2026-01-23,85,1,humidity,41.91925953901309,42.716559860713964,41.91925953901309,2204
User01,1,3,0,2026-01-24,86,1,humidity,44.25354161664003,44.87451930396235,44.25354161664003,2467
User01,1,3,0,2026-01-25,87,1,humidity,42.147303144660775,43.20449475635947,42.147303144660775,2317
User01,1,3,0,2026-01-26,88,1,humidity,42.93300186448764,43.88673338243829,42.93300186448764,2093
User01,1,3,0,2026-01-27,89,1,humidity,46.26235166225111,47.004571732600134,46.26235166225111,2130
User01,1,3,0,2026-01-28,90,1,humidity,45.862644074598855,46.82422431332001,45.862644074598855,2051
User01,1,3,0,2026-01-29,91,1,humidity,47.04951896898486,47.93656846997464,47.04951896898486,2076
User01,1,3,0,2026-01-30,92,1,humidity,45.77967981875168,46.797801359221815,45.77967981875168,2267
User01,1,3,0,2026-01-31,93,1,humidity,45.38062047271409,46.427378161996245,45.38062047271409,2464
User01,1,3,0,2026-02-02,94,1,humidity,33.03431456319396,34.19328935018096,33.03431456319396,2197
User01,1,3,0,2026-02-03,95,1,humidity,32.86003364984206,34.19554963269608,32.86003364984206,2300
User01,1,3,0,2026-02-04,96,1,humidity,24.56899842791917,26.701002640919242,24.56899842791917,2182
User01,1,3,0,2026-02-05,97,1,humidity,35.80261293600883,37.023446216339785,35.80261293600883,2108
User01,1,3,0,2026-02-06,98,1,humidity,41.761298913213125,42.577186383823346,41.761298913213125,2436
User01,1,3,0,2026-02-07,99,1,humidity,43.73003452415316,44.49963468313639,43.73003452415316,2571
User01,1,3,0,2026-02-08,100,1,humidity,41.132946906598754,41.75944478251219,41.132946906598754,2147
User01,1,3,0,2026-02-10,101,1,humidity,30.21796749353526,31.641625681651696,30.21796749353526,1923
User01,1,3,0,2026-02-11,102,1,humidity,35.36895706014741,36.39286779956888,35.36895706014741,2119
User01,1,3,0,2026-02-12,103,1,humidity,32.44493769036964,33.801714849636795,32.44493769036964,2293
User01,1,3,0,2026-02-13,104,1,humidity,23.08623360305939,24.90494460643755,23.08623360305939,2453
User01,1,3,0,2026-02-14,105,1,humidity,15.58718554449686,18.780660038571533,15.423945880692225,1960
User01,1,3,0,2026-02-15,106,1,humidity,27.546677925016276,29.82203268029663,27.546677925016276,2121
User01,1,3,0,2026-02-16,107,1,humidity,32.88101631121402,33.9278091453907,32.88101631121402,1936
User01,1,3,0,2026-02-17,108,1,humidity,34.96619291051075,36.46805116364039,34.96619291051075,2464
User01,1,3,0,2026-02-18,109,1,humidity,30.7924180595961,32.418502305705196,30.7924180595961,2048
User01,1,3,0,2026-02-19,110,1,humidity,31.178187348542846,32.63688732559994,31.178187348542846,2107
User01,1,3,0,2026-02-20,111,1,humidity,26.57530258417448,27.942267737078367,26.57530258417448,2302
User01,1,3,0,2026-02-21,112,1,humidity,25.692741876839477,27.576246784385358,25.692741876839477,2820
User01,1,3,0,2026-02-22,113,1,humidity,29.47509058083168,30.889019531885328,29.47509058083168,2373
User01,1,3,0,2026-02-23,114,1,humidity,35.11864900010411,36.26846001987789,35.11864900010411,2083
User01,1,3,0,2026-02-24,115,1,humidity,35.9376552906275,37.32864788738133,35.9376552906275,1207
User01,1,3,0,2026-02-25,116,1,humidity,28.232160912408037,29.743869876956218,28.232160912408037,2099
User01,1,3,0,2026-02-26,117,1,humidity,23.366269968770233,24.879192882644354,23.366269968770233,2079
User01,1,3,0,2026-02-27,118,1,humidity,20.915362041154772,22.35612026020742,20.915362041154772,2151
User01,1,3,0,2026-02-28,119,1,humidity,22.572841295184265,24.50115623817036,22.572841295184265,2194
User01,1,3,0,2026-03-01,120,1,humidity,17.7353987151895,20.004590015648017,17.7353987151895,2443
User01,1,3,0,2026-03-02,121,1,humidity,35.96041476824445,37.204374539402274,35.96041476824445,2213
User01,1,3,0,2026-03-03,122,1,humidity,25.826946668945478,26.994550547316702,25.826946668945478,2023
User01,1,3,0,2026-03-04,123,1,humidity,24.649591048094976,26.95590683891789,24.649591048094976,2026
User01,1,3,0,2026-03-05,124,1,humidity,36.20006507182761,37.1909579622057,36.20006507182761,1574
User01,1,3,0,2026-03-06,125,1,humidity,32.786751553166006,33.579311475495786,32.786751553166006,2284
User01,1,3,0,2026-03-07,126,1,humidity,34.83841977482733,35.91353961528758,34.83841977482733,2179
User01,1,3,0,2026-03-08,127,1,humidity,40.16784849174011,41.56368412733001,40.16784849174011,2170
User01,1,3,0,2026-03-09,128,1,humidity,27.55345730758514,28.469575263714248,27.55345730758514,2207
User01,1,3,0,2026-03-10,129,1,humidity,34.5415106830949,35.986697968854756,34.5415106830949,1973
User01,1,3,0,2026-03-11,130,1,humidity,30.902907685802848,32.223364926455396,30.902907685802848,2264
User01,1,3,0,2026-03-12,131,1,humidity,24.811085756448186,28.341286954341314,24.811085756448186,2192
User01,1,3,0,2026-03-13,132,1,humidity,26.398442161328344,27.532402414254875,26.398442161328344,2280
User01,1,3,0,2026-03-14,133,1,humidity,26.558797538763464,28.09543617047203,26.558797538763464,2131
User01,1,3,0,2026-03-15,134,1,humidity,27.898656072567977,29.591913039010127,27.898656072567977,2218
User01,1,3,0,2026-03-16,135,1,humidity,29.417034637507406,30.820830110568295,29.417034637507406,2087
User01,1,3,0,2026-03-17,136,1,humidity,26.158577882191963,27.486667024051446,26.158577882191963,1903
User01,1,3,0,2026-03-18,137,1,humidity,27.65095388382605,28.758460096946717,27.65095388382605,2062
User01,1,3,0,2026-03-19,138,1,humidity,26.056974019837675,27.429436479770064,26.056974019837675,1764
User01,1,3,0,2026-03-20,139,1,humidity,22.495625753840855,24.165464169776413,22.495625753840855,2085
User01,1,3,0,2026-03-21,140,1,humidity,27.967094275456937,31.124049258405037,27.967094275456937,2246
User01,1,3,0,2026-03-22,141,1,humidity,25.48098724018293,26.837899962663847,25.48098724018293,1747
User01,1,3,0,2026-03-23,142,1,humidity,14.879981271948395,16.812980984493457,14.879981271948395,1957
User01,1,3,0,2026-03-24,143,1,humidity,19.657309898157564,22.349504262015863,19.657309898157564,1934
User01,1,3,0,2026-03-25,144,1,humidity,24.390533528062644,26.002248129500245,24.390533528062644,1786
User01,1,3,0,2026-03-26,145,1,humidity,20.303938196676025,22.18296559419426,20.303938196676025,1939
User01,1,3,0,2026-03-27,146,1,humidity,18.563014535503072,20.35961173971697,18.563014535503072,2191
User01,1,3,0,2026-03-28,147,1,humidity,18.071611409991593,20.621871420554957,18.071611409991593,2010
User01,1,3,0,2026-03-29,148,1,humidity,23.620986914384968,25.34450828717946,23.620986914384968,1755
User01,1,3,0,2026-03-30,149,1,humidity,17.27327235433114,19.000649464436695,17.27327235433114,2029
User01,1,3,0,2026-03-31,150,1,humidity,11.851789311157928,14.457931626441313,11.695799696703808,1790
User01,1,3,0,2026-04-01,151,1,humidity,19.754593603451536,22.03883085055729,19.754593603451536,2021
User01,1,3,1,2025-08-30,5,0,temperature,0.6203407814084495,0.9838120988439573,-0.2652654927673367,987
User01,1,3,1,2025-08-31,6,0,temperature,0.9858105078934142,1.2683893981026533,0.9725095189913759,837
User01,1,3,1,2025-11-05,7,0,temperature,1.7669277572728133,2.115878478704231,1.0182190655423788,1992
User01,1,3,1,2025-11-06,8,0,temperature,1.7734738009960098,2.127098809100855,1.2462750850463271,2038
User01,1,3,1,2025-11-07,9,0,temperature,2.0143943762801624,2.3101906984743863,1.7113524139040546,1810
User01,1,3,1,2025-11-08,10,0,temperature,2.2650790906943867,2.510652540457679,2.19805854205884,1949
User01,1,3,1,2025-11-09,11,0,temperature,2.1455205073621144,2.420963198223617,1.9860090856465806,2050
User01,1,3,1,2025-11-10,12,0,temperature,1.3102589897185013,1.6359863767813225,-0.16963369782292978,2171
User01,1,3,1,2025-11-11,13,0,temperature,1.984212728679448,2.2542266468177767,1.9013984227776901,2213
User01,1,3,1,2025-11-12,14,0,temperature,1.7380663896764597,2.0398998750409523,1.5380911517958347,1512
User01,1,3,1,2025-11-13,15,0,temperature,1.9572398114753595,2.2657285117691615,1.568305152958511,2167
User01,1,3,1,2025-11-14,16,1,temperature,1.9772769254970992,2.2547678152706054,1.7924789204627463,1863
User01,1,3,1,2025-11-15,17,1,temperature,2.020052503270339,2.2536566107139673,1.859185116205388,2153
User01,1,3,1,2025-11-16,18,1,temperature,1.7726050442769252,2.031968491601221,1.5837461326878146,2210
User01,1,3,1,2025-11-17,19,1,temperature,1.2848089467731558,1.7418802845919203,-0.925810924990945,2052
User01,1,3,1,2025-11-18,20,1,temperature,1.2015955021674425,1.5323706719526529,0.2719641682242443,1933
User01,1,3,1,2025-11-19,21,1,temperature,2.0807676680510094,2.393548150563394,1.830253777471011,2279
User01,1,3,1,2025-11-20,22,1,temperature,2.5511727121526393,2.8899435477659265,2.3386722508941418,2039
User01,1,3,1,2025-11-21,23,1,temperature,2.180393523765682,2.4500998899479574,1.7311078536978062,680
User01,1,3,1,2025-11-22,24,1,temperature,2.2245709920222048,2.547629092815739,2.060366001378292,745
User01,1,3,1,2025-11-23,25,1,temperature,2.023318951004012,2.5225476979195163,1.1792761222428187,684
User01,1,3,1,2025-11-24,26,1,temperature,2.332452817065818,2.5106475164472113,2.3080984148110426,767
User01,1,3,1,2025-11-25,27,1,temperature,2.3994868535672853,2.7369905854921743,2.381162453875874,794
User01,1,3,1,2025-11-26,28,1,temperature,2.2919903275653883,2.5184053853792747,1.8032584346996745,1001
User01,1,3,1,2025-11-27,29,1,temperature,2.1291595766614733,2.3772546377548216,2.1026824038228127,1400
User01,1,3,1,2025-11-28,30,1,temperature,1.5051366769471382,1.973212872812633,0.8382574926081942,1648
User01,1,3,1,2025-11-29,31,1,temperature,2.132934011046323,2.4766071024333947,2.06694965160203,1914
User01,1,3,1,2025-11-30,32,1,temperature,1.9376397098215057,2.325213078878315,1.6397140123737841,1531
User01,1,3,1,2025-12-01,33,1,temperature,1.7055190699788856,2.0610799822365142,1.475802875550856,1612
User01,1,3,1,2025-12-02,34,1,temperature,1.7720526732409048,2.0690766436088466,1.435827606942914,1643
User01,1,3,1,2025-12-03,35,1,temperature,1.4860912885836755,1.8572974207639574,1.0496536986893126,1408
User01,1,3,1,2025-12-04,36,1,temperature,1.663890614196181,1.9902444053772266,1.323817282758498,1659
User01,1,3,1,2025-12-05,37,1,temperature,1.5886029984732095,1.9017896996887975,1.2809074662809432,2025
User01,1,3,1,2025-12-06,38,1,temperature,2.286970881880567,2.6577071520107207,2.1881744070877476,2252
User01,1,3,1,2025-12-07,39,1,temperature,2.520580189552552,2.7529903617747946,2.388863401815828,1818
User01,1,3,1,2025-12-08,40,1,temperature,2.33200276363641,2.6824291690576687,2.2667170842449833,1745
User01,1,3,1,2025-12-09,41,1,temperature,2.1960503306969024,2.545022211178045,2.1009301256472575,2059
User01,1,3,1,2025-12-10,42,1,temperature,2.2295416261678747,2.634327152248464,2.046868550526297,1970
User01,1,3,1,2025-12-11,43,1,temperature,2.0732299980168176,2.3929281005445295,1.9923176762378116,2140
User01,1,3,1,2025-12-12,44,1,temperature,2.2802512840411295,2.6295396567665783,2.2210231116126686,2299
User01,1,3,1,2025-12-13,45,1,temperature,2.1024222983491403,2.4083907161173412,1.5419174389832897,1708
User01,1,3,1,2025-12-14,46,1,temperature,1.955125164594905,2.4734672396108315,1.8368936171329864,1741
User01,1,3,1,2025-12-15,47,1,temperature,2.279386927137461,2.5419119335276585,2.1535167549981287,1953
User01,1,3,1,2025-12-16,48,1,temperature,2.121785635590388,2.4868526148026846,1.9031010551256229,2264
User01,1,3,1,2025-12-17,49,1,temperature,2.487443793268665,2.9042964618852234,2.3706545236748013,2118
User01,1,3,1,2025-12-18,50,1,temperature,2.428787919383666,2.7850079587857444,2.249933901503509,2223
User01,1,3,1,2025-12-19,51,1,temperature,2.1224018481223133,2.542758067682791,2.0453293206095986,2599
User01,1,3,1,2025-12-20,52,1,temperature,2.0052041216209218,2.4184976655328994,1.738085222630096,2063
User01,1,3,1,2025-12-21,53,1,temperature,2.350284858837628,2.8540439965095548,2.092420649902981,1822
User01,1,3,1,2025-12-22,54,1,temperature,2.575435917265314,3.039400076924515,2.4298163693182127,1837
User01,1,3,1,2025-12-23,55,1,temperature,3.843446294125525,4.09540256378345,3.8431486645713697,1996
User01,1,3,1,2025-12-24,56,1,temperature,3.4158493134876773,3.8000269543971443,3.364731565676696,1928
User01,1,3,1,2025-12-25,57,1,temperature,1.6295990139973706,2.0291931958827796,-0.44084572717254267,1699
User01,1,3,1,2025-12-26,58,1,temperature,1.4185963355111535,1.7859874550247976,-0.3791020966275911,1490
User01,1,3,1,2025-12-27,59,1,temperature,1.8454347316114252,2.1672204633689605,1.644716139635739,903
User01,1,3,1,2025-12-28,60,1,temperature,3.440477068627001,4.226350242805033,3.389731170708448,1356
User01,1,3,1,2025-12-29,61,1,temperature,2.359930958655654,2.79556310892517,2.195355666166953,930
User01,1,3,1,2025-12-30,62,1,temperature,2.5493987948269456,3.1105711831129677,2.1812461073700256,905
User01,1,3,1,2025-12-31,63,1,temperature,1.3317890758803135,1.7074602328989423,0.0004697395580000809,1023
User01,1,3,1,2026-01-01,64,1,temperature,2.777332778399251,3.1260017916831373,2.607624609715496,878
User01,1,3,1,2026-01-02,65,1,temperature,2.4830302796725867,2.9944328562855618,2.288281428301307,1021
User01,1,3,1,2026-01-03,66,1,temperature,3.2738965532432447,3.5911760082647035,3.2487195284488712,2609
User01,1,3,1,2026-01-04,67,1,temperature,1.3507110013309522,1.935125720105932,0.627789014772207,2249
User01,1,3,1,2026-01-05,68,1,temperature,1.339393597137897,1.687004039288071,0.15158156673250767,2065
User01,1,3,1,2026-01-06,69,1,temperature,2.483519283692397,2.8011240644571678,2.451080327176797,1538
User01,1,3,1,2026-01-07,70,1,temperature,1.6263616679145294,2.1207703827509032,0.2970248874308675,2193
User01,1,3,1,2026-01-08,71,1,temperature,1.6434020973848757,2.225310574413667,1.3637559275046431,2311
User01,1,3,1,2026-01-09,72,1,temperature,1.701395873263509,2.061786806018305,1.3473015948594753,2265
User01,1,3,1,2026-01-10,73,1,temperature,2.5912037509715877,3.0958714746335825,2.5227037213549615,2236
User01,1,3,1,2026-01-11,74,1,temperature,1.9483305097020762,2.4006743093270018,-0.06598781231085113,2089
User01,1,3,1,2026-01-12,75,1,temperature,1.4186822150402219,1.8679260249528715,0.20517509417163934,2087
User01,1,3,1,2026-01-13,76,1,temperature,1.638443289887878,2.051492609332178,-0.5322008004698644,2152
User01,1,3,1,2026-01-14,77,1,temperature,2.8342992830444356,3.225732747232734,2.7639420356389315,1986
User01,1,3,1,2026-01-15,78,1,temperature,3.140294257530873,3.4856634443939183,3.1313467420617744,2137
User01,1,3,1,2026-01-16,79,1,temperature,3.5131400096759333,3.847400105996286,3.4990109595493943,2176
User01,1,3,1,2026-01-17,80,1,temperature,3.2731262220825834,3.676051427214687,3.2409694208995012,2387
User01,1,3,1,2026-01-18,81,1,temperature,2.4522104614171982,2.9104501681067263,2.3570990148814337,2326
User01,1,3,1,2026-01-20,82,1,temperature,1.6113378469199837,1.963389535096374,0.5891686956636363,2010
User01,1,3,1,2026-01-21,83,1,temperature,1.4283121865218849,1.9559459134932868,-0.7050756857733167,2036
User01,1,3,1,2026-01-22,84,1,temperature,1.7290264259405073,2.2395330670259797,-0.34002489922948226,1995
User01,1,3,1,2026-01-23,85,1,temperature,1.497878356056126,1.8992124221968212,0.9526495301802878,2204
User01,1,3,1,2026-01-24,86,1,temperature,1.2573816505288546,1.6880885142935695,0.46556307784956985,2467
User01,1,3,1,2026-01-25,87,1,temperature,1.204259079467069,1.5877610709848993,0.8483295757720561,2317
User01,1,3,1,2026-01-26,88,1,temperature,1.4991988356657266,1.9697383813202993,1.1904069248997071,2093
User01,1,3,1,2026-01-27,89,1,temperature,1.274449879201172,1.7913212075242089,0.852001266784123,2130
User01,1,3,1,2026-01-28,90,1,temperature,1.532227825971256,2.1829838208182983,1.2656703109368264,2051
User01,1,3,1,2026-01-29,91,1,temperature,1.1669063660483348,1.695592328244876,0.2796058317688032,2076
User01,1,3,1,2026-01-30,92,1,temperature,1.881075977411596,2.223537715005351,1.8052216634677087,2267
User01,1,3,1,2026-01-31,93,1,temperature,1.8777363345238258,2.212665026544937,1.7866331518984704,2464
User01,1,3,1,2026-02-02,94,1,temperature,3.212939458271011,3.5470380567307034,3.2127179000373802,2197
User01,1,3,1,2026-02-03,95,1,temperature,3.0013903432024747,3.404977253869104,2.971074549956666,2300
User01,1,3,1,2026-02-04,96,1,temperature,3.7424297221203586,3.9600731146699366,3.7422935767650993,2182
User01,1,3,1,2026-02-05,97,1,temperature,2.0377637952938112,2.7047157214291553,1.868086423301448,2108
User01,1,3,1,2026-02-06,98,1,temperature,2.3334440518106865,2.6173099277165233,2.325309448607883,2436
User01,1,3,1,2026-02-07,99,1,temperature,1.8834637357118302,2.4216913207804747,0.8559332769312704,2571
User01,1,3,1,2026-02-08,100,1,temperature,1.0924312077317864,1.4679357132646793,0.40309347501759074,2147
User01,1,3,1,2026-02-10,101,1,temperature,3.9231587378574178,4.078970437978943,3.9231587378574178,1923
User01,1,3,1,2026-02-11,102,1,temperature,3.1149859939182734,3.4362919728451473,3.1129504162051505,2119
User01,1,3,1,2026-02-12,103,1,temperature,3.254437593897037,3.5326782322935504,3.2529776395298264,2293
User01,1,3,1,2026-02-13,104,1,temperature,3.693930342968228,4.028713045301696,3.652625661761697,2453
User01,1,3,1,2026-02-14,105,1,temperature,4.216049068530661,4.377705031568134,4.216049068530661,1960
User01,1,3,1,2026-02-15,106,1,temperature,3.8898494047052457,4.166826491285549,3.8898494047052457,2121
User01,1,3,1,2026-02-16,107,1,temperature,4.2537608509398845,4.504866159824968,4.253554206638687,1936
User01,1,3,1,2026-02-17,108,1,temperature,3.699229927632463,3.984911810600585,3.6934412077906287,2464
User01,1,3,1,2026-02-18,109,1,temperature,3.4170765643238092,3.7004333766874464,3.4140624683932725,2048
User01,1,3,1,2026-02-19,110,1,temperature,4.400434133250792,4.5993935715336445,4.400434133250792,2107
User01,1,3,1,2026-02-20,111,1,temperature,3.7020717640433167,3.9751116221278626,3.7020717640433167,2302
User01,1,3,1,2026-02-21,112,1,temperature,3.920014980091568,4.236631226136504,3.9188542576383596,2820
User01,1,3,1,2026-02-22,113,1,temperature,4.454704863042691,4.593021547347009,4.454704863042691,2373
User01,1,3,1,2026-02-23,114,1,temperature,3.3871122772026845,3.6819891157380593,3.381207356220433,2083
User01,1,3,1,2026-02-24,115,1,temperature,3.614917632240717,3.999163613908363,3.6105946244627773,1207
User01,1,3,1,2026-02-25,116,1,temperature,3.6987238278235086,4.135353448656901,3.6909600295788407,2099
User01,1,3,1,2026-02-26,117,1,temperature,3.894938101510039,4.17989861960679,3.894938101510039,2079
User01,1,3,1,2026-02-27,118,1,temperature,3.859205191049281,4.158390238970687,3.859205191049281,2151
User01,1,3,1,2026-02-28,119,1,temperature,4.089093139621214,4.253460920776658,4.089093139621214,2194
User01,1,3,1,2026-03-01,120,1,temperature,3.687476037295569,4.123439955770953,3.639158462169252,2443
User01,1,3,1,2026-03-02,121,1,temperature,3.9915924559606513,4.255874460897403,3.9915924559606513,2213
User01,1,3,1,2026-03-03,122,1,temperature,4.275412782044591,4.46124834242041,4.275412782044591,2023
User01,1,3,1,2026-03-04,123,1,temperature,2.963093138001007,3.2822466147637592,2.930797654465173,2026
User01,1,3,1,2026-03-05,124,1,temperature,2.903550411305733,3.186571300783786,2.89940655598012,1574
User01,1,3,1,2026-03-06,125,1,temperature,3.809834955940232,3.994774282434078,3.809834955940232,2284
User01,1,3,1,2026-03-07,126,1,temperature,4.059269803415294,4.218316729498187,4.059269803415294,2179
User01,1,3,1,2026-03-08,127,1,temperature,2.0729459313256844,2.5814830939810145,2.011510809075633,2170
User01,1,3,1,2026-03-09,128,1,temperature,2.3986186829632374,2.871641713255308,2.2173909319491947,2207
User01,1,3,1,2026-03-10,129,1,temperature,3.494451130384314,3.7864164366199775,3.490204666549305,1973
User01,1,3,1,2026-03-11,130,1,temperature,3.2813620134106083,3.8727038622068752,3.265328245926326,2264
User01,1,3,1,2026-03-12,131,1,temperature,4.965992100310731,5.253096333820367,4.650207807814878,2192
User01,1,3,1,2026-03-13,132,1,temperature,3.666301497020784,4.037635709873631,3.664599082170755,2280
User01,1,3,1,2026-03-14,133,1,temperature,3.4395654746100965,3.764753479174879,3.4395654746100965,2131
User01,1,3,1,2026-03-15,134,1,temperature,3.7167643193064213,3.9115014769310203,3.7150127216579443,2218
User01,1,3,1,2026-03-16,135,1,temperature,3.6118613410967413,3.896058723720019,3.6118613410967413,2087
User01,1,3,1,2026-03-17,136,1,temperature,4.847683378479171,4.94738346856188,4.847683378479171,1903
User01,1,3,1,2026-03-18,137,1,temperature,4.110446869078158,4.381331502391574,4.110027689388186,2062
User01,1,3,1,2026-03-19,138,1,temperature,5.832247941702763,5.952786155960259,5.832247941702763,1764
User01,1,3,1,2026-03-20,139,1,temperature,4.962192711612661,5.209578858840187,4.962192711612661,2085
User01,1,3,1,2026-03-21,140,1,temperature,3.863328372501693,4.021133508135629,3.863328372501693,2246
User01,1,3,1,2026-03-22,141,1,temperature,3.7272751056619837,4.008102614776585,3.7069917477055734,1747
User01,1,3,1,2026-03-23,142,1,temperature,4.723438453217775,4.862416848379664,4.723438453217775,1957
User01,1,3,1,2026-03-24,143,1,temperature,5.609589416139633,5.71754797728821,5.609589416139633,1934
User01,1,3,1,2026-03-25,144,1,temperature,4.313878583918823,4.502522033787113,4.313878583918823,1786
User01,1,3,1,2026-03-26,145,1,temperature,3.8065210267301564,3.9581134011177475,3.8065210267301564,1939
User01,1,3,1,2026-03-27,146,1,temperature,3.846184045926452,4.0647330683452525,3.846184045926452,2191
User01,1,3,1,2026-03-28,147,1,temperature,3.5903708299089594,3.785240038407625,3.5903708299089594,2010
User01,1,3,1,2026-03-29,148,1,temperature,4.008637994535107,4.285352561900437,4.008019153701677,1755
User01,1,3,1,2026-03-30,149,1,temperature,3.8452450858833975,4.01700452355397,3.8452450858833975,2029
User01,1,3,1,2026-03-31,150,1,temperature,3.824920022193912,3.9834615085166454,3.824920022193912,1790
User01,1,3,1,2026-04-01,151,1,temperature,3.4494973368104462,3.6929642720623836,3.4398626872221874,2021
User01,1,3,1,2025-08-30,5,0,humidity,8.446688756181652,9.778623234135813,-8.158180765823003,987
User01,1,3,1,2025-08-31,6,0,humidity,5.524586428606699,5.965136868977022,-2.9290069817127256,837
User01,1,3,1,2025-11-05,7,0,humidity,23.68077477283606,24.39178797344418,23.68077477283606,1992
User01,1,3,1,2025-11-06,8,0,humidity,23.95836623123733,24.5859081699791,23.95836623123733,2038
User01,1,3,1,2025-11-07,9,0,humidity,17.39685467509695,18.58467351168245,17.39685467509695,1810
User01,1,3,1,2025-11-08,10,0,humidity,15.005504602698997,16.305901859845008,15.000424921326486,1949
User01,1,3,1,2025-11-09,11,0,humidity,25.954825461217652,26.661569077717047,25.954825461217652,2050
User01,1,3,1,2025-11-10,12,0,humidity,41.11060579361417,41.513917036319185,41.11060579361417,2171
User01,1,3,1,2025-11-11,13,0,humidity,27.47824124143124,28.026299116745374,27.47824124143124,2213
User01,1,3,1,2025-11-12,14,0,humidity,26.646025399640095,27.107982948219565,26.646025399640095,1512
User01,1,3,1,2025-11-13,15,0,humidity,27.395363651115208,27.95126989839977,27.395363651115208,2167
User01,1,3,1,2025-11-14,16,1,humidity,29.181178054925734,29.70378152299183,29.181178054925734,1863
User01,1,3,1,2025-11-15,17,1,humidity,28.408126384387923,28.842440435919798,28.408126384387923,2153
User01,1,3,1,2025-11-16,18,1,humidity,27.871671698759,28.40663816652856,27.871671698759,2210
User01,1,3,1,2025-11-17,19,1,humidity,47.0654482911105,47.303119111359486,47.0654482911105,2052
User01,1,3,1,2025-11-18,20,1,humidity,50.029658271381585,50.27346449609456,50.029658271381585,1933
User01,1,3,1,2025-11-19,21,1,humidity,35.57136065031842,36.110548432931566,35.57136065031842,2279
User01,1,3,1,2025-11-20,22,1,humidity,34.47409303682603,34.73872954101668,34.47409303682603,2039
User01,1,3,1,2025-11-21,23,1,humidity,34.084823319283416,34.50728492401691,34.084823319283416,680
User01,1,3,1,2025-11-22,24,1,humidity,28.711666866164414,29.128202389841604,28.711666866164414,745
User01,1,3,1,2025-11-23,25,1,humidity,23.39158912983652,24.494727155328327,23.37123519301206,684
User01,1,3,1,2025-11-24,26,1,humidity,23.912306523729452,24.28767607592491,23.912306523729452,767
User01,1,3,1,2025-11-25,27,1,humidity,27.594782345419457,28.141271484525998,27.594782345419457,794
User01,1,3,1,2025-11-26,28,1,humidity,29.696023698128407,30.026968442530027,29.696023698128407,1001
User01,1,3,1,2025-11-27,29,1,humidity,33.49064815883771,33.75940500255055,33.49064815883771,1400
User01,1,3,1,2025-11-28,30,1,humidity,40.81307144742025,41.08939115331538,40.81307144742025,1648
User01,1,3,1,2025-11-29,31,1,humidity,31.47860158075541,32.25840675004927,31.47860158075541,1914
User01,1,3,1,2025-11-30,32,1,humidity,27.0096499545374,27.472221902613324,27.0096499545374,1531
User01,1,3,1,2025-12-01,33,1,humidity,39.340960585889455,39.67091329247512,39.340960585889455,1612
User01,1,3,1,2025-12-02,34,1,humidity,50.648999691504564,50.977232198372,50.648999691504564,1643
User01,1,3,1,2025-12-03,35,1,humidity,51.65835285322476,51.93498197505721,51.65835285322476,1408
User01,1,3,1,2025-12-04,36,1,humidity,46.123926980327525,46.41091350895454,46.123926980327525,1659
User01,1,3,1,2025-12-05,37,1,humidity,44.102799669812306,44.48590011536896,44.102799669812306,2025
User01,1,3,1,2025-12-06,38,1,humidity,32.134204227750715,32.607985259383895,32.134204227750715,2252
User01,1,3,1,2025-12-07,39,1,humidity,24.932568782255544,25.739230291155238,24.932568782255544,1818
User01,1,3,1,2025-12-08,40,1,humidity,37.50957052828933,37.95116326431046,37.50957052828933,1745
User01,1,3,1,2025-12-09,41,1,humidity,35.60080594515485,36.08342028363853,35.60080594515485,2059
User01,1,3,1,2025-12-10,42,1,humidity,29.546319211152483,29.93533691335852,29.546319211152483,1970
User01,1,3,1,2025-12-11,43,1,humidity,37.43176234552739,37.7723178208963,37.43176234552739,2140
User01,1,3,1,2025-12-12,44,1,humidity,32.33236478406344,32.77976442888219,32.33236478406344,2299
User01,1,3,1,2025-12-13,45,1,humidity,33.842174282679046,34.30566143669297,33.842174282679046,1708
User01,1,3,1,2025-12-14,46,1,humidity,34.70554721306373,35.13156443704995,34.70554721306373,1741
User01,1,3,1,2025-12-15,47,1,humidity,31.070182230184788,31.681689439446224,31.070182230184788,1953
User01,1,3,1,2025-12-16,48,1,humidity,27.68244996343155,28.287196977998615,27.68244996343155,2264
User01,1,3,1,2025-12-17,49,1,humidity,30.22445608900664,30.760233927450574,30.22445608900664,2118
User01,1,3,1,2025-12-18,50,1,humidity,33.63127123561742,34.121896544578945,33.63127123561742,2223
User01,1,3,1,2025-12-19,51,1,humidity,30.612428606954957,31.354310623216172,30.612428606954957,2599
User01,1,3,1,2025-12-20,52,1,humidity,30.67985187990315,31.581659549292965,30.67985187990315,2063
User01,1,3,1,2025-12-21,53,1,humidity,36.81311082898286,37.36523232022336,36.81311082898286,1822
User01,1,3,1,2025-12-22,54,1,humidity,39.56118799199355,40.02816851908823,39.56118799199355,1837
User01,1,3,1,2025-12-23,55,1,humidity,37.84499489073084,38.5224671730368,37.84499489073084,1996
User01,1,3,1,2025-12-24,56,1,humidity,36.48461264735271,36.895575020114535,36.48461264735271,1928
User01,1,3,1,2025-12-25,57,1,humidity,38.16516804352483,38.79116388448123,38.16516804352483,1699
User01,1,3,1,2025-12-26,58,1,humidity,46.95030155450724,47.36262338294795,46.95030155450724,1490
User01,1,3,1,2025-12-27,59,1,humidity,31.015995403988263,31.3931238031907,31.015995403988263,903
User01,1,3,1,2025-12-28,60,1,humidity,30.894197928264095,31.94484611173847,30.894197928264095,1356
User01,1,3,1,2025-12-29,61,1,humidity,29.026922069324744,29.748664227899415,29.026922069324744,930
User01,1,3,1,2025-12-30,62,1,humidity,39.351132578832626,39.95334111396424,39.351132578832626,905
User01,1,3,1,2025-12-31,63,1,humidity,43.42065918530713,43.92335141943403,43.42065918530713,1023
User01,1,3,1,2026-01-01,64,1,humidity,46.87484211608534,47.303048624399096,46.87484211608534,878
User01,1,3,1,2026-01-02,65,1,humidity,41.115397713128864,41.61742576451099,41.115397713128864,1021
User01,1,3,1,2026-01-03,66,1,humidity,43.22392578986052,43.741173420254306,43.22392578986052,2609
User01,1,3,1,2026-01-04,67,1,humidity,43.27754923374496,43.670916520510055,43.27754923374496,2249
User01,1,3,1,2026-01-05,68,1,humidity,43.437665950624385,43.92924159598417,43.437665950624385,2065
User01,1,3,1,2026-01-06,69,1,humidity,41.4614060733077,41.858707204216124,41.4614060733077,1538
User01,1,3,1,2026-01-07,70,1,humidity,46.85096250662642,47.34714493438159,46.85096250662642,2193
User01,1,3,1,2026-01-08,71,1,humidity,50.98197474822146,51.28436783316862,50.98197474822146,2311
User01,1,3,1,2026-01-09,72,1,humidity,41.335159594279936,41.869140785890764,41.335159594279936,2265
User01,1,3,1,2026-01-10,73,1,humidity,48.15791516522211,48.55971623468351,48.15791516522211,2236
User01,1,3,1,2026-01-11,74,1,humidity,51.82019793735555,52.12401791313448,51.82019793735555,2089
User01,1,3,1,2026-01-12,75,1,humidity,49.75472962137636,50.12870810690759,49.75472962137636,2087
User01,1,3,1,2026-01-13,76,1,humidity,50.09769613414107,50.425208387344924,50.09769613414107,2152
User01,1,3,1,2026-01-14,77,1,humidity,33.95749401545083,35.44793346423509,33.95749401545083,1986
User01,1,3,1,2026-01-15,78,1,humidity,28.494192655011112,29.454207164237864,28.494192655011112,2137
User01,1,3,1,2026-01-16,79,1,humidity,31.029404603548354,31.686643938359577,31.029404603548354,2176
User01,1,3,1,2026-01-17,80,1,humidity,35.285922332530376,35.78972954979224,35.285922332530376,2387
User01,1,3,1,2026-01-18,81,1,humidity,33.750314219288896,34.1794940987081,33.750314219288896,2326
User01,1,3,1,2026-01-20,82,1,humidity,47.36397743258096,47.780904769604554,47.36397743258096,2010
User01,1,3,1,2026-01-21,83,1,humidity,51.802223729893704,52.22403783678918,51.802223729893704,2036
User01,1,3,1,2026-01-22,84,1,humidity,49.00662940526602,49.4268951994057,49.00662940526602,1995
User01,1,3,1,2026-01-23,85,1,humidity,42.49303924281188,42.91323337489892,42.49303924281188,2204
User01,1,3,1,2026-01-24,86,1,humidity,43.7234919420853,44.10724419376911,43.7234919420853,2467
User01,1,3,1,2026-01-25,87,1,humidity,43.26977823772173,44.21117174066105,43.26977823772173,2317
User01,1,3,1,2026-01-26,88,1,humidity,43.78280448123936,44.67401040191325,43.78280448123936,2093
User01,1,3,1,2026-01-27,89,1,humidity,47.29872524444424,48.06122343978391,47.29872524444424,2130
User01,1,3,1,2026-01-28,90,1,humidity,45.619060274385376,46.687538597557804,45.619060274385376,2051
User01,1,3,1,2026-01-29,91,1,humidity,47.478208173322344,48.12682987222095,47.478208173322344,2076
User01,1,3,1,2026-01-30,92,1,humidity,46.127765828181104,47.166810457208584,46.127765828181104,2267
User01,1,3,1,2026-01-31,93,1,humidity,47.18708548111539,48.1490201005135,47.18708548111539,2464
User01,1,3,1,2026-02-02,94,1,humidity,33.6400456710321,34.60813536780658,33.6400456710321,2197
User01,1,3,1,2026-02-03,95,1,humidity,33.72708378767602,35.043904315091204,33.72708378767602,2300
User01,1,3,1,2026-02-04,96,1,humidity,26.02496462447819,28.17694723669816,26.02496462447819,2182
User01,1,3,1,2026-02-05,97,1,humidity,35.23452700499806,36.34824138254347,35.23452700499806,2108
User01,1,3,1,2026-02-06,98,1,humidity,41.57637986794366,42.17343074884879,41.57637986794366,2436
User01,1,3,1,2026-02-07,99,1,humidity,43.116940283306,43.733865060217006,43.116940283306,2571
User01,1,3,1,2026-02-08,100,1,humidity,40.944768800804376,41.71179567102293,40.944768800804376,2147
User01,1,3,1,2026-02-10,101,1,humidity,31.33131904131664,32.62760479120733,31.33131904131664,1923
User01,1,3,1,2026-02-11,102,1,humidity,36.27033244563814,37.13468324442656,36.27033244563814,2119
User01,1,3,1,2026-02-12,103,1,humidity,33.97860713628558,34.95133769011307,33.97860713628558,2293
User01,1,3,1,2026-02-13,104,1,humidity,25.169718886564723,27.089341008382853,25.169718886564723,2453
User01,1,3,1,2026-02-14,105,1,humidity,16.00011315150758,18.921135226857736,15.738485069214722,1960
User01,1,3,1,2026-02-15,106,1,humidity,27.448270422244295,29.891114297308373,27.448270422244295,2121
User01,1,3,1,2026-02-16,107,1,humidity,33.823841472618554,35.013017326630134,33.823841472618554,1936
User01,1,3,1,2026-02-17,108,1,humidity,35.506231827647035,36.955285311697175,35.506231827647035,2464
User01,1,3,1,2026-02-18,109,1,humidity,30.125496065951438,31.939586900087107,30.125496065951438,2048
User01,1,3,1,2026-02-19,110,1,humidity,31.550904771216146,32.73473952160061,31.550904771216146,2107
User01,1,3,1,2026-02-20,111,1,humidity,26.20076690361168,27.521721993056772,26.20076690361168,2302
User01,1,3,1,2026-02-21,112,1,humidity,26.450168575788673,28.309979002450447,26.450168575788673,2820
User01,1,3,1,2026-02-22,113,1,humidity,30.81334317531505,31.90733411635794,30.81334317531505,2373
User01,1,3,1,2026-02-23,114,1,humidity,37.118980211225114,38.26535997452566,37.118980211225114,2083
User01,1,3,1,2026-02-24,115,1,humidity,35.918730652791,37.3118699156274,35.918730652791,1207
User01,1,3,1,2026-02-25,116,1,humidity,29.812175503493908,31.299249601874834,29.812175503493908,2099
User01,1,3,1,2026-02-26,117,1,humidity,24.858287889597594,26.601401241126357,24.858287889597594,2079
User01,1,3,1,2026-02-27,118,1,humidity,21.995244170056953,23.34640830553014,21.995244170056953,2151
User01,1,3,1,2026-02-28,119,1,humidity,22.618454146486652,24.97884471764939,22.618454146486652,2194
User01,1,3,1,2026-03-01,120,1,humidity,17.650429153174795,20.17611042205559,17.649740263356694,2443
User01,1,3,1,2026-03-02,121,1,humidity,35.64326218096418,36.745891242174444,35.64326218096418,2213
User01,1,3,1,2026-03-03,122,1,humidity,24.832326093594812,26.128159849756607,24.832326093594812,2023
User01,1,3,1,2026-03-04,123,1,humidity,24.420120254410154,27.00220740328515,24.420120254410154,2026
User01,1,3,1,2026-03-05,124,1,humidity,36.24863474113952,37.18722817744874,36.24863474113952,1574
User01,1,3,1,2026-03-06,125,1,humidity,32.382081143965316,33.07923073793374,32.382081143965316,2284
User01,1,3,1,2026-03-07,126,1,humidity,35.9400936156575,36.63453147925176,35.9400936156575,2179
User01,1,3,1,2026-03-08,127,1,humidity,39.142872183075326,40.42121970235019,39.142872183075326,2170
User01,1,3,1,2026-03-09,128,1,humidity,28.39713905777763,29.706460499466587,28.39713905777763,2207
User01,1,3,1,2026-03-10,129,1,humidity,34.17463436441702,35.33141922020888,34.17463436441702,1973
User01,1,3,1,2026-03-11,130,1,humidity,30.190857278372405,31.639032757720244,30.190857278372405,2264
User01,1,3,1,2026-03-12,131,1,humidity,25.102198317048572,29.07906622350518,25.102198317048572,2192
User01,1,3,1,2026-03-13,132,1,humidity,26.58383012351837,27.726028947392106,26.58383012351837,2280
User01,1,3,1,2026-03-14,133,1,humidity,27.257121498350322,29.121583539103916,27.257121498350322,2131
User01,1,3,1,2026-03-15,134,1,humidity,27.46123457606607,29.53014317209364,27.46123457606607,2218
User01,1,3,1,2026-03-16,135,1,humidity,31.11152244068996,32.607972234488905,31.11152244068996,2087
User01,1,3,1,2026-03-17,136,1,humidity,27.349581935618456,28.889034433171588,27.349581935618456,1903
User01,1,3,1,2026-03-18,137,1,humidity,27.51762494229423,28.524085910870518,27.51762494229423,2062
User01,1,3,1,2026-03-19,138,1,humidity,26.294090031674685,27.836033073486053,26.294090031674685,1764
User01,1,3,1,2026-03-20,139,1,humidity,22.98860881098372,24.789000911081573,22.98860881098372,2085
User01,1,3,1,2026-03-21,140,1,humidity,28.367523623104805,31.319285091329515,28.367523623104805,2246
User01,1,3,1,2026-03-22,141,1,humidity,26.710505078877805,28.353464366573128,26.710505078877805,1747
User01,1,3,1,2026-03-23,142,1,humidity,16.791518215746837,19.35675636197796,16.790693153079634,1957
User01,1,3,1,2026-03-24,143,1,humidity,18.370611191436453,20.905173242397737,18.355123726052632,1934
User01,1,3,1,2026-03-25,144,1,humidity,25.030592888123717,26.568233431546382,25.030592888123717,1786
User01,1,3,1,2026-03-26,145,1,humidity,19.823195673550604,22.17543646520119,19.823195673550604,1939
User01,1,3,1,2026-03-27,146,1,humidity,19.02146421656856,20.983189646749427,19.02146421656856,2191
User01,1,3,1,2026-03-28,147,1,humidity,16.824361111576902,19.318745235166478,16.824361111576902,2010
User01,1,3,1,2026-03-29,148,1,humidity,22.94811752094152,24.566121572640206,22.94811752094152,1755
User01,1,3,1,2026-03-30,149,1,humidity,16.26879427482209,18.045201751635012,16.267149153005178,2029
User01,1,3,1,2026-03-31,150,1,humidity,13.393666264662567,16.75255241330617,13.0534078488201,1790
User01,1,3,1,2026-04-01,151,1,humidity,19.11227254213833,21.49130340096605,19.11227254213833,2021
User01,1,3,2,2025-08-30,5,0,temperature,0.8572265337122745,1.0765659249856692,-0.7827454533258915,987
User01,1,3,2,2025-08-31,6,0,temperature,0.8364474107036852,1.0952358370751452,0.49954834867323433,837
User01,1,3,2,2025-11-05,7,0,temperature,1.7767340801608684,2.0256113669259053,1.4773734755589039,1992
User01,1,3,2,2025-11-06,8,0,temperature,1.6195362209583088,2.0785530327684674,1.3843436203386317,2038
User01,1,3,2,2025-11-07,9,0,temperature,1.8954198990636142,2.1375235238776864,1.7098560294994065,1810
User01,1,3,2,2025-11-08,10,0,temperature,2.205142656969364,2.4401020490085656,2.1816071615613084,1949
User01,1,3,2,2025-11-09,11,0,temperature,2.008808888502853,2.1852864989000587,1.8973645638809205,2050
User01,1,3,2,2025-11-10,12,0,temperature,1.2580031079096625,1.5859007616543381,-0.1002247522061847,2171
User01,1,3,2,2025-11-11,13,0,temperature,2.028785173241363,2.342894874460694,1.9535139171878404,2213
User01,1,3,2,2025-11-12,14,0,temperature,1.7613892924172245,2.0241963888363617,1.6694945721483854,1512
User01,1,3,2,2025-11-13,15,0,temperature,1.8031806001554798,2.110229139697118,1.5267759275941808,2167
User01,1,3,2,2025-11-14,16,1,temperature,1.8113793980871498,2.1329299255175447,1.7346445509995976,1863
User01,1,3,2,2025-11-15,17,1,temperature,1.7068871907347969,1.9400953279293187,1.651007408446926,2153
User01,1,3,2,2025-11-16,18,1,temperature,1.5276985978823794,1.749311062056963,1.4394980157836361,2210
User01,1,3,2,2025-11-17,19,1,temperature,1.1841934138168075,1.4735140903759367,-0.9476830076598007,2052
User01,1,3,2,2025-11-18,20,1,temperature,1.2221996830923927,1.478201303957262,0.21625678114349062,1933
User01,1,3,2,2025-11-19,21,1,temperature,1.7662589210757185,2.0627125604569714,1.5946620284782627,2279
User01,1,3,2,2025-11-20,22,1,temperature,2.2343408167730607,2.5487176700183998,2.133951201254274,2039
User01,1,3,2,2025-11-21,23,1,temperature,1.8943662546670959,2.1544080323307333,1.6579505967611117,680
User01,1,3,2,2025-11-22,24,1,temperature,2.120602574794182,2.4198478346358003,2.070875140813229,745
User01,1,3,2,2025-11-23,25,1,temperature,1.7589736229920172,2.282041357255979,1.3150442222423557,684
User01,1,3,2,2025-11-24,26,1,temperature,2.0248654277826748,2.2029727336576808,2.0201806695194926,767
User01,1,3,2,2025-11-25,27,1,temperature,2.140090801958625,2.4703319188601713,2.129140383700698,794
User01,1,3,2,2025-11-26,28,1,temperature,1.904075881916833,2.175552535103696,1.6909124890168046,1001
User01,1,3,2,2025-11-27,29,1,temperature,1.7814175838851074,2.01034468422703,1.7242010750371128,1400
User01,1,3,2,2025-11-28,30,1,temperature,1.2716214261278493,1.7731162814074397,0.657655202283758,1648
User01,1,3,2,2025-11-29,31,1,temperature,1.934685651518376,2.21148111287936,1.8881194390361216,1914
User01,1,3,2,2025-11-30,32,1,temperature,1.8082288748167843,2.199880707501913,1.7128964698492843,1531
User01,1,3,2,2025-12-01,33,1,temperature,1.5294790357772048,1.8785342188839487,1.4145491471086715,1612
User01,1,3,2,2025-12-02,34,1,temperature,1.5629762830067224,1.8780374537559366,1.3822022892042765,1643
User01,1,3,2,2025-12-03,35,1,temperature,1.272299840340037,1.6800325417730018,0.961187244422656,1408
User01,1,3,2,2025-12-04,36,1,temperature,1.4635957706525415,1.8424398777591813,1.1977136112288598,1659
User01,1,3,2,2025-12-05,37,1,temperature,1.4330583420467682,1.8073382286023487,1.1214461596395304,2025
User01,1,3,2,2025-12-06,38,1,temperature,2.1896835551598537,2.5728619603208753,2.1302531186721443,2252
User01,1,3,2,2025-12-07,39,1,temperature,2.3466094408969824,2.5866933990315895,2.301583009072088,1818
User01,1,3,2,2025-12-08,40,1,temperature,2.364000794922423,2.7204932349472934,2.3373378813749195,1745
User01,1,3,2,2025-12-09,41,1,temperature,2.0800257553330006,2.443725842799843,1.979057267713424,2059
User01,1,3,2,2025-12-10,42,1,temperature,2.1516497102475176,2.5581332537476347,2.1073982557260815,1970
User01,1,3,2,2025-12-11,43,1,temperature,1.9835644274959399,2.3277546567536125,1.9471207834383244,2140
User01,1,3,2,2025-12-12,44,1,temperature,2.1050500279445474,2.4896846262572905,2.0813616394741747,2299
User01,1,3,2,2025-12-13,45,1,temperature,2.0365668892432285,2.3387781034806925,1.699339007566396,1708
User01,1,3,2,2025-12-14,46,1,temperature,1.6975017749007542,2.2749003391899962,1.611363454708145,1741
User01,1,3,2,2025-12-15,47,1,temperature,2.1585150338568697,2.4686510384937104,2.006145494392556,1953
User01,1,3,2,2025-12-16,48,1,temperature,1.8943559520724844,2.2452593919207917,1.7534533736500446,2264
User01,1,3,2,2025-12-17,49,1,temperature,2.409541586597267,2.8130342165473112,2.2908296358484517,2118
User01,1,3,2,2025-12-18,50,1,temperature,2.12655885559608,2.4765854665132268,2.063618715205448,2223
User01,1,3,2,2025-12-19,51,1,temperature,2.1741303205612144,2.4954721199486336,2.1620249745631837,2599
User01,1,3,2,2025-12-20,52,1,temperature,2.1517330584512466,2.491045860297149,2.060866368143926,2063
User01,1,3,2,2025-12-21,53,1,temperature,2.2138992466690826,2.650391488908315,2.0238809300160803,1822
User01,1,3,2,2025-12-22,54,1,temperature,2.3722519166531635,2.820979200462437,2.336872866047334,1837
User01,1,3,2,2025-12-23,55,1,temperature,3.8766878746979243,4.050363993812232,3.8764247025362466,1996
User01,1,3,2,2025-12-24,56,1,temperature,3.1174849213648623,3.528389757149846,3.1082920518425583,1928
User01,1,3,2,2025-12-25,57,1,temperature,1.284804591866351,1.8223237321325594,0.508264383578731,1699
User01,1,3,2,2025-12-26,58,1,temperature,1.1211628293789093,1.6491278852545048,0.470675041343451,1490
User01,1,3,2,2025-12-27,59,1,temperature,2.583122098446054,2.8807724489219186,2.580215469904821,903
User01,1,3,2,2025-12-28,60,1,temperature,3.6351273684921908,4.323608256064239,3.632337518165409,1356
User01,1,3,2,2025-12-29,61,1,temperature,2.526427278480823,2.930269611082453,2.4947254208282277,930
User01,1,3,2,2025-12-30,62,1,temperature,2.5878212704898202,3.1865937004935185,2.3609747487979367,905
User01,1,3,2,2025-12-31,63,1,temperature,1.2269631521117805,1.570524840577397,0.18687064844552892,1023
User01,1,3,2,2026-01-01,64,1,temperature,2.860682844856636,3.1762036232647293,2.837375396867152,878
User01,1,3,2,2026-01-02,65,1,temperature,2.502757583846257,2.9563212238199537,2.326330438878193,1021
User01,1,3,2,2026-01-03,66,1,temperature,3.1914514075716336,3.4362488481498783,3.16103965830054,2609
User01,1,3,2,2026-01-04,67,1,temperature,1.2835156809367076,1.8952220528171686,0.5440997075972915,2249
User01,1,3,2,2026-01-05,68,1,temperature,1.2834849461422524,1.5867018829043522,0.21074119046730655,2065
User01,1,3,2,2026-01-06,69,1,temperature,2.4492659143612805,2.711473513458651,2.444090171014309,1538
User01,1,3,2,2026-01-07,70,1,temperature,1.3789188024597965,2.017898022791249,0.4759699082449419,2193
User01,1,3,2,2026-01-08,71,1,temperature,1.6149585391138892,2.221334870147486,1.3580290142439135,2311
User01,1,3,2,2026-01-09,72,1,temperature,1.4844042094278678,1.9152521317261766,1.2954416558386095,2265
User01,1,3,2,2026-01-10,73,1,temperature,2.346476734583271,2.7242182383957116,2.2182993793430414,2236
User01,1,3,2,2026-01-11,74,1,temperature,1.9704215126597566,2.349568246216991,-0.19036176361751758,2089
User01,1,3,2,2026-01-12,75,1,temperature,1.2715475889513992,1.5743164155913472,0.017113080214750918,2087
User01,1,3,2,2026-01-13,76,1,temperature,1.5923206319476355,1.9304238815631196,-0.37122863004441176,2152
User01,1,3,2,2026-01-14,77,1,temperature,2.9322325552195223,3.2455139410464757,2.8561353998857255,1986
User01,1,3,2,2026-01-15,78,1,temperature,3.2085200054323253,3.5565437817839025,3.1993101253767984,2137
User01,1,3,2,2026-01-16,79,1,temperature,3.4440814259377626,3.691967811096628,3.4396954300952816,2176
User01,1,3,2,2026-01-17,80,1,temperature,3.313617874710061,3.633008459180249,3.304172851345915,2387
User01,1,3,2,2026-01-18,81,1,temperature,2.5404030794995047,2.862282820803335,2.499946969397499,2326
User01,1,3,2,2026-01-20,82,1,temperature,1.2723938425282317,1.8006223120326097,0.6621758150278111,2010
User01,1,3,2,2026-01-21,83,1,temperature,1.6178846610727273,2.096955862606987,-1.0281228873363566,2036
User01,1,3,2,2026-01-22,84,1,temperature,1.6513888487314463,2.0752900126621343,-0.4889646780326037,1995
User01,1,3,2,2026-01-23,85,1,temperature,1.3518376689642788,1.7755924322696184,1.0141930327560458,2204
User01,1,3,2,2026-01-24,86,1,temperature,1.2640247197138237,1.7196454930937786,0.5559577385114918,2467
User01,1,3,2,2026-01-25,87,1,temperature,1.415571598355681,1.7816355078716555,0.8807189019022531,2317
User01,1,3,2,2026-01-26,88,1,temperature,1.6765863858153673,2.1839630923972284,1.4364925535248034,2093
User01,1,3,2,2026-01-27,89,1,temperature,1.5572258551241565,2.0235431546492206,1.179277733217358,2130
User01,1,3,2,2026-01-28,90,1,temperature,1.8337151790822237,2.498856396463657,1.6471540941289835,2051
User01,1,3,2,2026-01-29,91,1,temperature,1.1915816199115095,1.6548634357078973,0.47512128177861584,2076
User01,1,3,2,2026-01-30,92,1,temperature,2.126325801311994,2.49713145767573,2.0669944703952656,2267
User01,1,3,2,2026-01-31,93,1,temperature,2.101577854211235,2.457390901656338,1.9483442520806138,2464
User01,1,3,2,2026-02-02,94,1,temperature,3.5454469551959913,3.8813910788566006,3.5365332225039543,2197
User01,1,3,2,2026-02-03,95,1,temperature,3.4694385998609905,3.7830834708054057,3.468020191111717,2300
User01,1,3,2,2026-02-04,96,1,temperature,3.922196222919559,4.161335920602071,3.92099080982401,2182
User01,1,3,2,2026-02-05,97,1,temperature,2.567935474125238,3.15008177044666,2.5288047626544796,2108
User01,1,3,2,2026-02-06,98,1,temperature,2.6958910587065996,2.974353310811134,2.68331642662308,2436
User01,1,3,2,2026-02-07,99,1,temperature,1.924992938845038,2.6348424767623633,1.3385019960878675,2571
User01,1,3,2,2026-02-08,100,1,temperature,1.528956154788234,1.9730669173842659,0.92022606048363,2147
User01,1,3,2,2026-02-10,101,1,temperature,4.2161992272850775,4.389226133324566,4.214465359929439,1923
User01,1,3,2,2026-02-11,102,1,temperature,3.370562090544749,3.7351702159324063,3.3634580802397362,2119
User01,1,3,2,2026-02-12,103,1,temperature,3.7119842824837828,4.076807753110381,3.7074646786777645,2293
User01,1,3,2,2026-02-13,104,1,temperature,3.84157433771957,4.2222418386975065,3.774398960310794,2453
User01,1,3,2,2026-02-14,105,1,temperature,4.586235818958289,4.761250553064459,4.586235818958289,1960
User01,1,3,2,2026-02-15,106,1,temperature,4.247105463071992,4.514731512686052,4.246786645651666,2121
User01,1,3,2,2026-02-16,107,1,temperature,4.523667629555278,4.7859940179959,4.5229429489646105,1936
User01,1,3,2,2026-02-17,108,1,temperature,4.058149535258598,4.344108533404183,4.058005054472064,2464
User01,1,3,2,2026-02-18,109,1,temperature,3.840360016991185,4.199841095936157,3.8295425915019665,2048
User01,1,3,2,2026-02-19,110,1,temperature,4.683886117135382,4.90586191922422,4.67793139735277,2107
User01,1,3,2,2026-02-20,111,1,temperature,4.139425523572873,4.389968545750323,4.137710051461224,2302
User01,1,3,2,2026-02-21,112,1,temperature,4.428420399549599,4.790207852095727,4.427635218654889,2820
User01,1,3,2,2026-02-22,113,1,temperature,4.712250055164045,4.842858131529186,4.712250055164045,2373
User01,1,3,2,2026-02-23,114,1,temperature,3.808902136638822,4.098346431438381,3.7919587009942237,2083
User01,1,3,2,2026-02-24,115,1,temperature,4.089978747979765,4.608714833236153,3.91394924847396,1207
User01,1,3,2,2026-02-25,116,1,temperature,3.962765424109114,4.391245391610226,3.9552494590561396,2099
User01,1,3,2,2026-02-26,117,1,temperature,4.3310498735627725,4.646454589719643,4.3222457773019745,2079
User01,1,3,2,2026-02-27,118,1,temperature,4.433317739093921,4.794274960289794,4.428649161443161,2151
User01,1,3,2,2026-02-28,119,1,temperature,4.600246028544927,4.762719255772611,4.59893157644321,2194
User01,1,3,2,2026-03-01,120,1,temperature,3.921175343699488,4.359559382105755,3.90101667567511,2443
User01,1,3,2,2026-03-02,121,1,temperature,4.191312947705231,4.460362910795619,4.191270390653385,2213
User01,1,3,2,2026-03-03,122,1,temperature,4.610647065196431,4.789104007219543,4.610647065196431,2023
User01,1,3,2,2026-03-04,123,1,temperature,3.529831546309788,3.8344817698216653,3.480121627649755,2026
User01,1,3,2,2026-03-05,124,1,temperature,3.432905269439771,3.683724732494582,3.4326902209608567,1574
User01,1,3,2,2026-03-06,125,1,temperature,4.297616037122968,4.491912265584141,4.297554628384773,2284
User01,1,3,2,2026-03-07,126,1,temperature,4.4937083370863915,4.674977177785226,4.492433371038602,2179
User01,1,3,2,2026-03-08,127,1,temperature,2.5561473444952627,3.0213201516139545,2.536288360805852,2170
User01,1,3,2,2026-03-09,128,1,temperature,2.808265385297264,3.3099782384186427,2.7329163150285845,2207
User01,1,3,2,2026-03-10,129,1,temperature,3.880674261186351,4.152268354455991,3.874746275361265,1973
User01,1,3,2,2026-03-11,130,1,temperature,4.001727883384349,4.567998760732345,3.9943630565010135,2264
User01,1,3,2,2026-03-12,131,1,temperature,5.632254487432509,6.004249374357187,5.396594029876628,2192
User01,1,3,2,2026-03-13,132,1,temperature,4.223852714786521,4.62282549262206,4.20825155188326,2280
User01,1,3,2,2026-03-14,133,1,temperature,3.9112905595187963,4.250192321778578,3.911009135694887,2131
User01,1,3,2,2026-03-15,134,1,temperature,4.304975361183589,4.494836119548437,4.3031877240595815,2218
User01,1,3,2,2026-03-16,135,1,temperature,4.066716598676676,4.355511876184234,4.066575213762435,2087
User01,1,3,2,2026-03-17,136,1,temperature,5.396583463431961,5.495991838583263,5.396583463431961,1903
User01,1,3,2,2026-03-18,137,1,temperature,4.5489530534969465,4.856261616973403,4.517576953453287,2062
User01,1,3,2,2026-03-19,138,1,temperature,6.28916771832531,6.400850746158391,6.28916771832531,1764
User01,1,3,2,2026-03-20,139,1,temperature,5.650632180622078,5.852874756547132,5.650061373275159,2085
User01,1,3,2,2026-03-21,140,1,temperature,4.3081387670757705,4.511284281460871,4.3081387670757705,2246
User01,1,3,2,2026-03-22,141,1,temperature,4.111556444723636,4.3805840539956575,4.102373196562371,1747
User01,1,3,2,2026-03-23,142,1,temperature,5.375287353353631,5.477438474419952,5.375287353353631,1957
User01,1,3,2,2026-03-24,143,1,temperature,6.215145275155086,6.304096898566165,6.215145275155086,1934
User01,1,3,2,2026-03-25,144,1,temperature,4.626238735813012,4.834193059696866,4.626238735813012,1786
User01,1,3,2,2026-03-26,145,1,temperature,4.54446399097512,4.679770058459287,4.544420398681412,1939
User01,1,3,2,2026-03-27,146,1,temperature,4.58965965525784,4.7770677825843615,4.58965965525784,2191
User01,1,3,2,2026-03-28,147,1,temperature,4.2201246390352765,4.402101360145962,4.2201246390352765,2010
User01,1,3,2,2026-03-29,148,1,temperature,4.457430752212081,4.671081610152969,4.457430752212081,1755
User01,1,3,2,2026-03-30,149,1,temperature,4.571038121684871,4.789572066379929,4.570945994189438,2029
User01,1,3,2,2026-03-31,150,1,temperature,4.510369228872672,4.647547565289368,4.510369228872672,1790
User01,1,3,2,2026-04-01,151,1,temperature,4.09891025093397,4.310022240278227,4.098691446034922,2021
User01,1,3,2,2025-08-30,5,0,humidity,7.184718939749896,9.33239040217809,-5.425987293987338,987
User01,1,3,2,2025-08-31,6,0,humidity,2.6035354259721384,4.384235151948837,-0.7358891471975126,837
User01,1,3,2,2025-11-05,7,0,humidity,28.171818901466928,28.857937098994547,28.171818901466928,1992
User01,1,3,2,2025-11-06,8,0,humidity,26.024094888648875,26.742942792100916,26.024094888648875,2038
User01,1,3,2,2025-11-07,9,0,humidity,20.34891995920808,21.92611710782482,20.34891995920808,1810
User01,1,3,2,2025-11-08,10,0,humidity,14.662988536677485,16.53455443189592,14.661832853837563,1949
User01,1,3,2,2025-11-09,11,0,humidity,27.404858441801014,28.365718303578888,27.404858441801014,2050
User01,1,3,2,2025-11-10,12,0,humidity,41.563196836969986,41.99238658987395,41.563196836969986,2171
User01,1,3,2,2025-11-11,13,0,humidity,27.73897498960998,28.532189160036214,27.73897498960998,2213
User01,1,3,2,2025-11-12,14,0,humidity,27.42938475344108,28.02672880313084,27.42938475344108,1512
User01,1,3,2,2025-11-13,15,0,humidity,25.864240887494084,26.545239292871138,25.864240887494084,2167
User01,1,3,2,2025-11-14,16,1,humidity,29.31709705621527,30.06941009526339,29.31709705621527,1863
User01,1,3,2,2025-11-15,17,1,humidity,28.927920385556835,29.88664593318116,28.927920385556835,2153
User01,1,3,2,2025-11-16,18,1,humidity,29.539390897756544,30.29020648589007,29.539390897756544,2210
User01,1,3,2,2025-11-17,19,1,humidity,48.49005827762955,48.84932572611083,48.49005827762955,2052
User01,1,3,2,2025-11-18,20,1,humidity,48.90858813658531,49.28089554180494,48.90858813658531,1933
User01,1,3,2,2025-11-19,21,1,humidity,35.93744785584396,36.67283627843093,35.93744785584396,2279
User01,1,3,2,2025-11-20,22,1,humidity,35.04106596034827,35.65738498736101,35.04106596034827,2039
User01,1,3,2,2025-11-21,23,1,humidity,34.12518691041075,34.644051363896665,34.12518691041075,680
User01,1,3,2,2025-11-22,24,1,humidity,29.159342324972904,29.861548853675096,29.159342324972904,745
User01,1,3,2,2025-11-23,25,1,humidity,23.35735192061821,24.35260413344594,23.35735192061821,684
User01,1,3,2,2025-11-24,26,1,humidity,23.979859536803364,24.981583444794353,23.979859536803364,767
User01,1,3,2,2025-11-25,27,1,humidity,29.153337541048266,29.99348974455788,29.153337541048266,794
User01,1,3,2,2025-11-26,28,1,humidity,31.87691824564946,32.60552422164624,31.87691824564946,1001
User01,1,3,2,2025-11-27,29,1,humidity,36.32008135215112,36.88320471096137,36.32008135215112,1400
User01,1,3,2,2025-11-28,30,1,humidity,42.022956936465384,42.627290998867466,42.022956936465384,1648
User01,1,3,2,2025-11-29,31,1,humidity,33.31084828200174,34.26148287698364,33.31084828200174,1914
User01,1,3,2,2025-11-30,32,1,humidity,29.111630969830024,30.29432988343312,29.111630969830024,1531
User01,1,3,2,2025-12-01,33,1,humidity,39.74397123454409,40.22064195484247,39.74397123454409,1612
User01,1,3,2,2025-12-02,34,1,humidity,51.75997152834826,52.17074242992097,51.75997152834826,1643
User01,1,3,2,2025-12-03,35,1,humidity,52.10101927745517,52.44863821796434,52.10101927745517,1408
User01,1,3,2,2025-12-04,36,1,humidity,46.43773632583028,46.81546767288691,46.43773632583028,1659
User01,1,3,2,2025-12-05,37,1,humidity,45.30726997578526,45.759427231069424,45.30726997578526,2025
User01,1,3,2,2025-12-06,38,1,humidity,32.05355354365009,32.589700996429805,32.05355354365009,2252
User01,1,3,2,2025-12-07,39,1,humidity,27.429751322388665,28.173733697328192,27.429751322388665,1818
User01,1,3,2,2025-12-08,40,1,humidity,37.48121120010136,38.053297684914924,37.48121120010136,1745
User01,1,3,2,2025-12-09,41,1,humidity,36.36965537913664,36.92195959107076,36.36965537913664,2059
User01,1,3,2,2025-12-10,42,1,humidity,30.801934797398015,31.52704527435491,30.801934797398015,1970
User01,1,3,2,2025-12-11,43,1,humidity,37.85982918546259,38.38881973767685,37.85982918546259,2140
User01,1,3,2,2025-12-12,44,1,humidity,32.980488665765535,33.63661817466408,32.980488665765535,2299
User01,1,3,2,2025-12-13,45,1,humidity,35.69454590374773,36.36821317142505,35.69454590374773,1708
User01,1,3,2,2025-12-14,46,1,humidity,36.16345754167321,36.64864319872942,36.16345754167321,1741
User01,1,3,2,2025-12-15,47,1,humidity,32.97095550517651,33.70089691504274,32.97095550517651,1953
User01,1,3,2,2025-12-16,48,1,humidity,30.358332150896217,31.06230764152602,30.358332150896217,2264
User01,1,3,2,2025-12-17,49,1,humidity,31.679968533566328,32.25012760461074,31.679968533566328,2118
User01,1,3,2,2025-12-18,50,1,humidity,34.37160036050277,35.045423159468776,34.37160036050277,2223
User01,1,3,2,2025-12-19,51,1,humidity,33.29741075365163,33.79558027837084,33.29741075365163,2599
User01,1,3,2,2025-12-20,52,1,humidity,34.716364558317174,35.31659332625467,34.716364558317174,2063
User01,1,3,2,2025-12-21,53,1,humidity,37.78859136261664,38.23821795810091,37.78859136261664,1822
User01,1,3,2,2025-12-22,54,1,humidity,41.65312794382611,42.07729757205688,41.65312794382611,1837
User01,1,3,2,2025-12-23,55,1,humidity,39.99723827578141,40.496287139226084,39.99723827578141,1996
User01,1,3,2,2025-12-24,56,1,humidity,36.80054420716437,37.422159846806686,36.80054420716437,1928
User01,1,3,2,2025-12-25,57,1,humidity,46.637771519306625,47.04167054756239,46.637771519306625,1699
User01,1,3,2,2025-12-26,58,1,humidity,54.1776272240902,54.35868234562592,54.1776272240902,1490
User01,1,3,2,2025-12-27,59,1,humidity,40.145495036966004,40.293303279428265,40.145495036966004,903
User01,1,3,2,2025-12-28,60,1,humidity,33.6723554050001,34.533861170091384,33.6723554050001,1356
User01,1,3,2,2025-12-29,61,1,humidity,28.43192962492138,29.064063564440627,28.43192962492138,930
User01,1,3,2,2025-12-30,62,1,humidity,38.542392152091196,39.01986858153134,38.542392152091196,905
User01,1,3,2,2025-12-31,63,1,humidity,44.09454130082135,44.50350071628218,44.09454130082135,1023
User01,1,3,2,2026-01-01,64,1,humidity,47.0588635239976,47.476761833138774,47.0588635239976,878
User01,1,3,2,2026-01-02,65,1,humidity,41.51850347357332,41.99049994328681,41.51850347357332,1021
User01,1,3,2,2026-01-03,66,1,humidity,43.9208420952596,44.46768460142641,43.9208420952596,2609
User01,1,3,2,2026-01-04,67,1,humidity,40.50522674959678,40.75396544916425,40.50522674959678,2249
User01,1,3,2,2026-01-05,68,1,humidity,41.79814925214519,42.07939679186184,41.79814925214519,2065
User01,1,3,2,2026-01-06,69,1,humidity,41.154862991508715,41.48883585028427,41.154862991508715,1538
User01,1,3,2,2026-01-07,70,1,humidity,45.60697781880774,46.05733395897045,45.60697781880774,2193
User01,1,3,2,2026-01-08,71,1,humidity,51.473506400472694,51.8636314252381,51.473506400472694,2311
User01,1,3,2,2026-01-09,72,1,humidity,40.64465398759161,41.23919445936802,40.64465398759161,2265
User01,1,3,2,2026-01-10,73,1,humidity,46.98618299103933,47.57944741929282,46.98618299103933,2236
User01,1,3,2,2026-01-11,74,1,humidity,50.38939832141464,50.92974211722213,50.38939832141464,2089
User01,1,3,2,2026-01-12,75,1,humidity,48.049210813956726,48.52054113821448,48.049210813956726,2087
User01,1,3,2,2026-01-13,76,1,humidity,51.53451051022075,51.89961772239451,51.53451051022075,2152
User01,1,3,2,2026-01-14,77,1,humidity,35.01170360991989,36.110768884816764,35.01170360991989,1986
User01,1,3,2,2026-01-15,78,1,humidity,28.88726777243626,29.46214139483352,28.88726777243626,2137
User01,1,3,2,2026-01-16,79,1,humidity,31.039382343839527,31.534400415884505,31.039382343839527,2176
User01,1,3,2,2026-01-17,80,1,humidity,37.90403496868477,38.561416839241055,37.90403496868477,2387
User01,1,3,2,2026-01-18,81,1,humidity,31.017081071635182,31.54048661638237,31.017081071635182,2326
User01,1,3,2,2026-01-20,82,1,humidity,45.74037867433863,46.08938334962085,45.74037867433863,2010
User01,1,3,2,2026-01-21,83,1,humidity,50.14587840974257,50.54132203056716,50.14587840974257,2036
User01,1,3,2,2026-01-22,84,1,humidity,48.33298963965236,48.61467923173108,48.33298963965236,1995
User01,1,3,2,2026-01-23,85,1,humidity,41.298177481602046,41.69351889532816,41.298177481602046,2204
User01,1,3,2,2026-01-24,86,1,humidity,41.987821862712956,42.346189928784206,41.987821862712956,2467
User01,1,3,2,2026-01-25,87,1,humidity,46.68776228783552,48.30762249389045,46.68776228783552,2317
User01,1,3,2,2026-01-26,88,1,humidity,47.37671076662701,48.65988035474733,47.37671076662701,2093
User01,1,3,2,2026-01-27,89,1,humidity,50.938493735847665,52.061729234436754,50.938493735847665,2130
User01,1,3,2,2026-01-28,90,1,humidity,49.51899116280462,50.89665496796966,49.51899116280462,2051
User01,1,3,2,2026-01-29,91,1,humidity,50.042732709258665,51.24775272746674,50.042732709258665,2076
User01,1,3,2,2026-01-30,92,1,humidity,47.48955316814467,48.76391040481825,47.48955316814467,2267
User01,1,3,2,2026-01-31,93,1,humidity,49.22136939121291,50.577014597450855,49.22136939121291,2464
User01,1,3,2,2026-02-02,94,1,humidity,38.47055356818935,39.87180006910796,38.47055356818935,2197
User01,1,3,2,2026-02-03,95,1,humidity,37.685177824945356,39.35968417962493,37.685177824945356,2300
User01,1,3,2,2026-02-04,96,1,humidity,31.956622402672174,34.42238603488785,31.956622402672174,2182
User01,1,3,2,2026-02-05,97,1,humidity,38.948920964776796,40.279856800659886,38.948920964776796,2108
User01,1,3,2,2026-02-06,98,1,humidity,44.899386465372054,45.76306505323852,44.899386465372054,2436
User01,1,3,2,2026-02-07,99,1,humidity,46.76282600825708,47.883343594625714,46.76282600825708,2571
User01,1,3,2,2026-02-08,100,1,humidity,43.713739868595724,44.896047676072996,43.713739868595724,2147
User01,1,3,2,2026-02-10,101,1,humidity,32.4658769182502,34.172573470265704,32.4658769182502,1923
User01,1,3,2,2026-02-11,102,1,humidity,39.96955126829088,41.38213093279797,39.96955126829088,2119
User01,1,3,2,2026-02-12,103,1,humidity,37.058576145743004,38.521022634769714,37.058576145743004,2293
User01,1,3,2,2026-02-13,104,1,humidity,28.00059979422572,30.623118546229023,28.00059979422572,2453
User01,1,3,2,2026-02-14,105,1,humidity,18.550132486244177,21.838304942397354,18.386690578587928,1960
User01,1,3,2,2026-02-15,106,1,humidity,28.7841783614264,31.28003689253708,28.7841783614264,2121
User01,1,3,2,2026-02-16,107,1,humidity,34.431165701595255,35.66405962474771,34.431165701595255,1936
User01,1,3,2,2026-02-17,108,1,humidity,36.807066638705486,38.55693476789236,36.807066638705486,2464
User01,1,3,2,2026-02-18,109,1,humidity,31.99617271958178,33.898439134696446,31.99617271958178,2048
User01,1,3,2,2026-02-19,110,1,humidity,33.08933624079076,34.94089754111315,33.08933624079076,2107
User01,1,3,2,2026-02-20,111,1,humidity,28.30019997403836,29.863893433476342,28.30019997403836,2302
User01,1,3,2,2026-02-21,112,1,humidity,27.46833625184087,29.44638606975652,27.46833625184087,2820
User01,1,3,2,2026-02-22,113,1,humidity,31.5709657576244,32.86665911989633,31.5709657576244,2373
User01,1,3,2,2026-02-23,114,1,humidity,38.62465976895962,39.9669880967928,38.62465976895962,2083
User01,1,3,2,2026-02-24,115,1,humidity,39.22995163665218,41.48238900206038,39.22995163665218,1207
User01,1,3,2,2026-02-25,116,1,humidity,29.65831643756692,31.77742563139656,29.65831643756692,2099
User01,1,3,2,2026-02-26,117,1,humidity,26.444992413853686,28.30026803666129,26.444992413853686,2079
User01,1,3,2,2026-02-27,118,1,humidity,22.33073226437582,23.988339154086262,22.33073226437582,2151
User01,1,3,2,2026-02-28,119,1,humidity,23.599135204100758,25.803209122705145,23.599135204100758,2194
User01,1,3,2,2026-03-01,120,1,humidity,18.17424315172331,21.053210580902068,18.171809689555783,2443
User01,1,3,2,2026-03-02,121,1,humidity,35.85165867762037,37.074270103367446,35.85165867762037,2213
User01,1,3,2,2026-03-03,122,1,humidity,25.908108743470663,27.563163740411444,25.908108743470663,2023
User01,1,3,2,2026-03-04,123,1,humidity,26.487759492565043,28.687772659006384,26.487759492565043,2026
User01,1,3,2,2026-03-05,124,1,humidity,38.268961392128936,39.553141468031214,38.268961392128936,1574
User01,1,3,2,2026-03-06,125,1,humidity,33.4529532576154,34.33108333180094,33.4529532576154,2284
User01,1,3,2,2026-03-07,126,1,humidity,37.658015882351435,38.81388626839448,37.658015882351435,2179
User01,1,3,2,2026-03-08,127,1,humidity,40.83409246903633,42.23472111038382,40.83409246903633,2170
User01,1,3,2,2026-03-09,128,1,humidity,31.1218795123596,32.58424134670293,31.1218795123596,2207
User01,1,3,2,2026-03-10,129,1,humidity,35.168131377788484,36.38778645268095,35.168131377788484,1973
User01,1,3,2,2026-03-11,130,1,humidity,32.30495803254579,33.880320846502585,32.30495803254579,2264
User01,1,3,2,2026-03-12,131,1,humidity,27.927337794820257,32.2631062139586,27.927337794820257,2192
User01,1,3,2,2026-03-13,132,1,humidity,27.745001185494814,29.399147255940594,27.745001185494814,2280
User01,1,3,2,2026-03-14,133,1,humidity,29.375911866505724,31.2737156392078,29.375911866505724,2131
User01,1,3,2,2026-03-15,134,1,humidity,29.268431566775146,31.37552094682852,29.268431566775146,2218
User01,1,3,2,2026-03-16,135,1,humidity,32.49797887616813,34.22855471212982,32.49797887616813,2087
User01,1,3,2,2026-03-17,136,1,humidity,27.489194791584065,29.37034569809376,27.489194791584065,1903
User01,1,3,2,2026-03-18,137,1,humidity,28.774158333204852,30.006249131717144,28.774158333204852,2062
User01,1,3,2,2026-03-19,138,1,humidity,27.54249386165958,30.04087756438587,27.54249386165958,1764
User01,1,3,2,2026-03-20,139,1,humidity,26.20419582398579,29.357997979789758,26.20419582398579,2085
User01,1,3,2,2026-03-21,140,1,humidity,28.64481910260891,31.93083985661461,28.64481910260891,2246
User01,1,3,2,2026-03-22,141,1,humidity,27.495428260814816,29.215961905708124,27.495428260814816,1747
User01,1,3,2,2026-03-23,142,1,humidity,19.276331944904282,22.7838899835113,19.276331944904282,1957
User01,1,3,2,2026-03-24,143,1,humidity,19.438200102966704,22.184845510710943,19.438200102966704,1934
User01,1,3,2,2026-03-25,144,1,humidity,27.13429472652535,29.679329035685452,27.13429472652535,1786
User01,1,3,2,2026-03-26,145,1,humidity,22.24861378812105,24.535427348987888,22.24861378812105,1939
User01,1,3,2,2026-03-27,146,1,humidity,20.21988072712565,22.33124669022444,20.21988072712565,2191
User01,1,3,2,2026-03-28,147,1,humidity,18.67403162206003,21.72967580459915,18.67403162206003,2010
User01,1,3,2,2026-03-29,148,1,humidity,24.000555667389175,25.763256253702124,24.000555667389175,1755
User01,1,3,2,2026-03-30,149,1,humidity,17.748747571429263,19.78254045947165,17.74810622559968,2029
User01,1,3,2,2026-03-31,150,1,humidity,16.468914294030366,20.85241846570081,16.34601905281953,1790
User01,1,3,2,2026-04-01,151,1,humidity,21.0655167675601,23.316532992798553,21.0655167675601,2021
User01,1,7,0,2025-11-07,9,0,temperature,1.5776354917140927,1.8275816910481397,1.1430726530417563,1810
User01,1,7,0,2025-11-08,10,0,temperature,1.593192838849808,1.8873242126030862,1.5134785929705277,1949
User01,1,7,0,2025-11-09,11,0,temperature,1.6671551842461105,1.9114009773230036,1.3377342003901864,2050
User01,1,7,0,2025-11-10,12,0,temperature,1.5031240545820985,1.9575371987747923,-1.0154525734795556,2171
User01,1,7,0,2025-11-11,13,0,temperature,1.4290834012081965,1.7148798352988515,1.1960877568655959,2213
User01,1,7,0,2025-11-12,14,0,temperature,1.316199249414407,1.5617513341093556,0.9133786770742881,1512
User01,1,7,0,2025-11-13,15,0,temperature,1.4151006784831122,1.6925840223995838,0.7981212533265165,2167
User01,1,7,0,2025-11-14,16,1,temperature,1.3567434194382455,1.6650036542809226,1.1932436705911922,1863
User01,1,7,0,2025-11-15,17,1,temperature,1.4600709404882866,1.7240059741015923,1.157348406292792,2153
User01,1,7,0,2025-11-16,18,1,temperature,1.364256701045636,1.5981501436715126,0.855098548764168,2210
User01,1,7,0,2025-11-17,19,1,temperature,1.4157261750343058,1.72867408326998,-1.3063859949940029,2052
User01,1,7,0,2025-11-18,20,1,temperature,1.3741277169733492,1.6602384552941085,-0.41487171251016147,1933
User01,1,7,0,2025-11-19,21,1,temperature,1.6809152276806123,1.9524927642002277,1.2540083219668086,2279
User01,1,7,0,2025-11-20,22,1,temperature,1.9802521462457703,2.26215357028193,1.764085655303011,2039
User01,1,7,0,2025-11-21,23,1,temperature,1.5774164594455027,1.8785011320438598,1.1515274579559025,680
User01,1,7,0,2025-11-22,24,1,temperature,1.69763431588254,2.0136506290502196,1.5765005346190981,745
User01,1,7,0,2025-11-23,25,1,temperature,1.3283781241402939,1.8121575426004173,0.7193250001190903,684
User01,1,7,0,2025-11-24,26,1,temperature,1.6149748793357923,1.8388387248942109,1.5318429982007675,767
User01,1,7,0,2025-11-25,27,1,temperature,1.7605139284859401,2.153508305744567,1.495872575095376,794
User01,1,7,0,2025-11-26,28,1,temperature,1.6499135399475846,1.897380847720463,1.2966708790712247,1001
User01,1,7,0,2025-11-27,29,1,temperature,1.539019034326285,1.7993274970264288,1.4001421298412784,1400
User01,1,7,0,2025-11-28,30,1,temperature,1.390463409795407,1.8318776872758402,0.1011905047310187,1648
User01,1,7,0,2025-11-29,31,1,temperature,1.6523823963489153,1.973702532500283,1.4905852315436352,1914
User01,1,7,0,2025-11-30,32,1,temperature,1.4399594729231497,1.812908437141079,1.2211838473788383,1531
User01,1,7,0,2025-12-01,33,1,temperature,1.2447950565176544,1.4984464868256508,0.7095762755466499,1612
User01,1,7,0,2025-12-02,34,1,temperature,1.2923736409644435,1.56187884487339,0.8350063693933262,1643
User01,1,7,0,2025-12-03,35,1,temperature,1.1805173689418849,1.4871402652698253,0.35716693867671434,1408
User01,1,7,0,2025-12-04,36,1,temperature,1.400720386246603,1.6876128674375486,0.6273579861327279,1659
User01,1,7,0,2025-12-05,37,1,temperature,1.2405918768898108,1.5477005293603114,0.6248900417777634,2025
User01,1,7,0,2025-12-06,38,1,temperature,1.6641995884502196,1.9788213703382127,1.4083598112548605,2252
User01,1,7,0,2025-12-07,39,1,temperature,1.9914900671409024,2.269003138120442,1.8791257658520084,1818
User01,1,7,0,2025-12-08,40,1,temperature,1.7391575711186849,2.0974362556341783,1.5268265186342316,1745
User01,1,7,0,2025-12-09,41,1,temperature,1.7377649823931296,2.0634190816892093,1.445487089887065,2059
User01,1,7,0,2025-12-10,42,1,temperature,1.658067828377552,2.018587055289894,1.477220066352439,1970
User01,1,7,0,2025-12-11,43,1,temperature,1.5734891724254394,1.9085520036934225,1.3097978585407957,2140
User01,1,7,0,2025-12-12,44,1,temperature,1.7782346802918219,2.1260143928881736,1.5368447055414278,2299
User01,1,7,0,2025-12-13,45,1,temperature,1.6982384205876506,1.9777210313168492,1.1532947165650815,1708
User01,1,7,0,2025-12-14,46,1,temperature,1.5563479893982084,2.054179415827618,1.0960700551962972,1741
User01,1,7,0,2025-12-15,47,1,temperature,1.7216645170996734,1.9456873230115908,1.5225358028579394,1953
User01,1,7,0,2025-12-16,48,1,temperature,1.6126519334703702,1.9659798763128478,1.227447175381687,2264
User01,1,7,0,2025-12-17,49,1,temperature,1.7967700154661586,2.273042547324099,1.5288279703171097,2118
User01,1,7,0,2025-12-18,50,1,temperature,1.6464757208769891,1.972765225420404,1.4094873902267364,2223
User01,1,7,0,2025-12-19,51,1,temperature,1.5442259861665235,1.9500378961199185,1.3879338901283715,2599
User01,1,7,0,2025-12-20,52,1,temperature,1.6228590327591406,1.9760239482672095,1.4951789973197407,2063
User01,1,7,0,2025-12-21,53,1,temperature,1.8104931344800936,2.333415840847424,1.3005435144207997,1822
User01,1,7,0,2025-12-22,54,1,temperature,1.9351974388461617,2.4475028797101284,1.7577920600398116,1837
User01,1,7,0,2025-12-23,55,1,temperature,3.14110635106356,3.3691660985487926,3.1376346701337043,1996
User01,1,7,0,2025-12-24,56,1,temperature,2.615592164211001,3.0342775251041676,2.561069314497358,1928
User01,1,7,0,2025-12-25,57,1,temperature,1.1641052449378362,1.7266423047935053,-0.056562505692376676,1699
User01,1,7,0,2025-12-26,58,1,temperature,1.1175761572606226,1.6115488611704158,-0.05830129326190241,1490
User01,1,7,0,2025-12-27,59,1,temperature,2.0232351143745566,2.3071106968644624,1.9665833026605528,903
User01,1,7,0,2025-12-28,60,1,temperature,2.897537403234037,3.7177733571562244,2.8725234369990447,1356
User01,1,7,0,2025-12-29,61,1,temperature,2.044053301818884,2.3747438560576044,1.995899684645396,930
User01,1,7,0,2025-12-30,62,1,temperature,2.2189278392211325,2.689381048174193,2.032313688157946,905
User01,1,7,0,2025-12-31,63,1,temperature,1.2321532654391185,1.5470602603169041,-0.38839891005391564,1023
User01,1,7,0,2026-01-01,64,1,temperature,2.3622559933318,2.6467652613360158,2.2075231648193907,878
User01,1,7,0,2026-01-02,65,1,temperature,2.1842734616908883,2.563139478625418,1.9970288337948914,1021
User01,1,7,0,2026-01-03,66,1,temperature,2.5603164987950113,2.8472923203400953,2.537275906906045,2609
User01,1,7,0,2026-01-04,67,1,temperature,1.2961298099846659,1.8049688556681731,-0.006246019210872052,2249
User01,1,7,0,2026-01-05,68,1,temperature,1.4049257216983797,1.7437034658362234,-0.6826093728110652,2065
User01,1,7,0,2026-01-06,69,1,temperature,1.629208245139473,1.9549170060010752,1.4569442767018144,1538
User01,1,7,0,2026-01-07,70,1,temperature,1.3877034382848303,1.8789136549482128,0.004929150709624607,2193
User01,1,7,0,2026-01-08,71,1,temperature,1.381547556873554,1.9028561312847425,0.7441251878438927,2311
User01,1,7,0,2026-01-09,72,1,temperature,1.3623660246954954,1.7023541305488856,0.9978913766572497,2265
User01,1,7,0,2026-01-10,73,1,temperature,2.535129866351529,2.915147487276853,2.4747620716333123,2236
User01,1,7,0,2026-01-11,74,1,temperature,1.7266636996065605,2.082981557466806,-0.4570325589580761,2089
User01,1,7,0,2026-01-12,75,1,temperature,1.1525298011641878,1.5000097295040757,-0.00391573246306908,2087
User01,1,7,0,2026-01-13,76,1,temperature,1.7094697736701057,2.1090684443303944,-0.8311200728054755,2152
User01,1,7,0,2026-01-14,77,1,temperature,2.4009074284413328,2.6936627236647146,2.3211391187879817,1986
User01,1,7,0,2026-01-15,78,1,temperature,2.662103099868398,2.9852956028481614,2.597617451337101,2137
User01,1,7,0,2026-01-16,79,1,temperature,3.1147042165992187,3.4087711226243,3.1103657057744085,2176
User01,1,7,0,2026-01-17,80,1,temperature,2.7731148139172865,3.0972818104022735,2.7085326161853245,2387
User01,1,7,0,2026-01-18,81,1,temperature,2.486763630231666,2.806598635583913,2.4474910450451604,2326
User01,1,7,0,2026-01-20,82,1,temperature,1.2081640849976136,1.6149101034462294,0.5144796814405328,2010
User01,1,7,0,2026-01-21,83,1,temperature,1.495474364940841,1.9519944863270717,-0.9529837875077942,2036
User01,1,7,0,2026-01-22,84,1,temperature,1.8307646115364595,2.2007189851720113,-0.8077012780074196,1995
User01,1,7,0,2026-01-23,85,1,temperature,1.1161593884679437,1.4368390545226761,0.7376211026972904,2204
User01,1,7,0,2026-01-24,86,1,temperature,1.1699628687509793,1.57101967278884,0.2635664521644086,2467
User01,1,7,0,2026-01-25,87,1,temperature,1.0064794439882037,1.3727196974599392,-0.23587688344556684,2317
User01,1,7,0,2026-01-26,88,1,temperature,1.0847912210890553,1.4796917268617065,0.15677375555476164,2093
User01,1,7,0,2026-01-27,89,1,temperature,1.1018075915894345,1.414178880402407,-0.2227734251233262,2130
User01,1,7,0,2026-01-28,90,1,temperature,1.3301845725710895,1.733478990695942,0.1378007222651431,2051
User01,1,7,0,2026-01-29,91,1,temperature,1.5293978065096168,1.8371082407999484,-0.996157881680613,2076
User01,1,7,0,2026-01-30,92,1,temperature,1.1162030793747761,1.384091691454721,0.8833658726330295,2267
User01,1,7,0,2026-01-31,93,1,temperature,1.1770602373291652,1.4836580606059344,0.7411906418561162,2464
User01,1,7,0,2026-02-02,94,1,temperature,2.47016998439486,2.772697562048414,2.4446322328671126,2197
User01,1,7,0,2026-02-03,95,1,temperature,2.0326681242808675,2.444716315059921,2.0038039573116397,2300
User01,1,7,0,2026-02-04,96,1,temperature,2.510388979028098,2.8121245214377626,2.4663836295990325,2182
User01,1,7,0,2026-02-05,97,1,temperature,1.5146882212662767,2.0904245006757836,1.040750820531577,2108
User01,1,7,0,2026-02-06,98,1,temperature,1.347585180841144,1.757976449927117,1.2218430382536556,2436
User01,1,7,0,2026-02-07,99,1,temperature,1.8444385392778808,2.194275809460902,-0.09388139392542466,2571
User01,1,7,0,2026-02-08,100,1,temperature,1.0408785800581644,1.5584977081253613,-0.36327712472022156,2147
User01,1,7,0,2026-02-10,101,1,temperature,2.8029889816893423,3.079973012037554,2.764761203892767,1923
User01,1,7,0,2026-02-11,102,1,temperature,1.9288608833050969,2.352170492296106,1.87271932267679,2119
User01,1,7,0,2026-02-12,103,1,temperature,2.186147241021906,2.574617083645392,2.1624035064546514,2293
User01,1,7,0,2026-02-13,104,1,temperature,2.6753886185768505,2.986780817085482,2.518951164551971,2453
User01,1,7,0,2026-02-14,105,1,temperature,3.2182862676451967,3.3828833890291667,3.2182862676451967,1960
User01,1,7,0,2026-02-15,106,1,temperature,3.2207226173167838,3.481792385165231,3.2207226173167838,2121
User01,1,7,0,2026-02-16,107,1,temperature,3.3135605341834333,3.5753211670745184,3.2914614773753623,1936
User01,1,7,0,2026-02-17,108,1,temperature,2.7626275947779915,3.087012304170777,2.7589465524367025,2464
User01,1,7,0,2026-02-18,109,1,temperature,2.6833757509245086,3.060734544803047,2.632296075259658,2048
User01,1,7,0,2026-02-19,110,1,temperature,3.3823544984085743,3.556254840606246,3.3816481454378535,2107
User01,1,7,0,2026-02-20,111,1,temperature,3.0410427928441153,3.2981813180377086,3.0323775315590953,2302
User01,1,7,0,2026-02-21,112,1,temperature,3.036635086554048,3.3492182122761864,3.0238557972822506,2820
User01,1,7,0,2026-02-22,113,1,temperature,3.461666662281924,3.6073528516564677,3.461666662281924,2373
User01,1,7,0,2026-02-23,114,1,temperature,2.5554561846657515,2.9055433591827993,2.4175827595859043,2083
User01,1,7,0,2026-02-24,115,1,temperature,2.6921016023131394,3.104651961721568,2.5655070569340053,1207
User01,1,7,0,2026-02-25,116,1,temperature,2.77197022353739,3.1592433008648872,2.7242728080260177,2099
User01,1,7,0,2026-02-26,117,1,temperature,3.1891858758861376,3.438904927295577,3.1811840976985732,2079
User01,1,7,0,2026-02-27,118,1,temperature,3.052688732244913,3.3605076278015993,3.002562929310298,2151
User01,1,7,0,2026-02-28,119,1,temperature,3.3233859843510762,3.509449716069956,3.317033974388193,2194
User01,1,7,0,2026-03-01,120,1,temperature,2.7688311065531455,3.1621979197298242,2.613681813762374,2443
User01,1,7,0,2026-03-02,121,1,temperature,2.8476091802868915,3.1510563413677746,2.8473732869882564,2213
User01,1,7,0,2026-03-03,122,1,temperature,3.385294609631559,3.6312692146256316,3.38463021650736,2023
User01,1,7,0,2026-03-04,123,1,temperature,2.507091268426737,2.816298527495453,2.416289930702257,2026
User01,1,7,0,2026-03-05,124,1,temperature,2.2446954536520276,2.614504282388564,2.2200038596470075,1574
User01,1,7,0,2026-03-06,125,1,temperature,2.92965750726022,3.1359327955617498,2.92965750726022,2284
User01,1,7,0,2026-03-07,126,1,temperature,3.130006175974002,3.325792109166872,3.125340401020412,2179
User01,1,7,0,2026-03-08,127,1,temperature,1.3805542974459435,1.886549504804221,1.1843811479653579,2170
User01,1,7,0,2026-03-09,128,1,temperature,1.8230217330844076,2.2592572821471375,1.4702527297799926,2207
User01,1,7,0,2026-03-10,129,1,temperature,2.5775107928305485,2.9043145237667565,2.5052196707118375,1973
User01,1,7,0,2026-03-11,130,1,temperature,2.803113447185432,3.3669154960532786,2.6056366973839196,2264
User01,1,7,0,2026-03-12,131,1,temperature,4.660063431088795,4.906525407137831,4.104748301334905,2192
User01,1,7,0,2026-03-13,132,1,temperature,3.0361825327489256,3.4095897006406886,2.9359958862251094,2280
User01,1,7,0,2026-03-14,133,1,temperature,2.8457345933483356,3.1921831419983144,2.8308821675264153,2131
User01,1,7,0,2026-03-15,134,1,temperature,3.055254313086389,3.29981299957684,3.0487005305187886,2218
User01,1,7,0,2026-03-16,135,1,temperature,2.926307766559377,3.23855497370878,2.921140587959828,2087
User01,1,7,0,2026-03-17,136,1,temperature,3.9926050239702775,4.138320982732377,3.9926050239702775,1903
User01,1,7,0,2026-03-18,137,1,temperature,3.4375367905508614,3.751800114981449,3.4350401902414727,2062
User01,1,7,0,2026-03-19,138,1,temperature,5.1639523631194715,5.25479276579586,5.1639523631194715,1764
User01,1,7,0,2026-03-20,139,1,temperature,4.335278227762707,4.652116119018142,4.321911496845034,2085
User01,1,7,0,2026-03-21,140,1,temperature,3.062792551128601,3.294784120765462,3.0624600992658504,2246
User01,1,7,0,2026-03-22,141,1,temperature,2.8411252017124493,3.191937458006363,2.815931870833019,1747
User01,1,7,0,2026-03-23,142,1,temperature,4.061217254611409,4.208663837381117,4.060694819614018,1957
User01,1,7,0,2026-03-24,143,1,temperature,4.842574079557093,4.922673212068535,4.842574079557093,1934
User01,1,7,0,2026-03-25,144,1,temperature,3.2240277504311283,3.4879357102505875,3.2225295584359785,1786
User01,1,7,0,2026-03-26,145,1,temperature,3.3969442124255447,3.548044252331083,3.3736616323603217,1939
User01,1,7,0,2026-03-27,146,1,temperature,3.206773679921138,3.4183804888657723,3.206640875895538,2191
User01,1,7,0,2026-03-28,147,1,temperature,3.0330825375722217,3.2710951813595837,3.0136233803919596,2010
User01,1,7,0,2026-03-29,148,1,temperature,3.3514959540003275,3.5461055403234854,3.3499682131699062,1755
User01,1,7,0,2026-03-30,149,1,temperature,3.271098649562911,3.483309727247628,3.2683195736516146,2029
User01,1,7,0,2026-03-31,150,1,temperature,3.347936726111834,3.488458589430037,3.346297264069833,1790
User01,1,7,0,2026-04-01,151,1,temperature,3.0105597205407375,3.24238584244846,3.004313847307087,2021
User01,1,7,0,2025-11-07,9,0,humidity,13.73965136625664,15.974966471844418,13.728985500145425,1810
User01,1,7,0,2025-11-08,10,0,humidity,10.649733105823593,12.331742702170203,10.542545469651822,1949
User01,1,7,0,2025-11-09,11,0,humidity,22.465931661538512,23.317711929611022,22.465931661538512,2050
User01,1,7,0,2025-11-10,12,0,humidity,36.17228181408819,36.665230658486486,36.17228181408819,2171
User01,1,7,0,2025-11-11,13,0,humidity,24.050872464727387,25.009674151957665,24.050872464727387,2213
User01,1,7,0,2025-11-12,14,0,humidity,22.301039964676463,23.18279089484636,22.301039964676463,1512
User01,1,7,0,2025-11-13,15,0,humidity,22.68899486791627,23.460160675538884,22.68899486791627,2167
User01,1,7,0,2025-11-14,16,1,humidity,25.71554342985475,26.379359321184705,25.71554342985475,1863
User01,1,7,0,2025-11-15,17,1,humidity,24.52216954379488,25.32461339108217,24.52216954379488,2153
User01,1,7,0,2025-11-16,18,1,humidity,24.224648077888116,25.061579595326272,24.224648077888116,2210
User01,1,7,0,2025-11-17,19,1,humidity,44.67612279071321,44.93978760566761,44.67612279071321,2052
User01,1,7,0,2025-11-18,20,1,humidity,45.46439134956095,45.812725279508776,45.46439134956095,1933
User01,1,7,0,2025-11-19,21,1,humidity,32.07882604071148,32.75659909764603,32.07882604071148,2279
User01,1,7,0,2025-11-20,22,1,humidity,30.95920658835426,31.427097711045896,30.95920658835426,2039
User01,1,7,0,2025-11-21,23,1,humidity,29.13426770943456,29.660449880859314,29.13426770943456,680
User01,1,7,0,2025-11-22,24,1,humidity,24.68184886881102,25.40742669645609,24.68184886881102,745
User01,1,7,0,2025-11-23,25,1,humidity,20.168107193088137,21.168608397864485,20.168107193088137,684
User01,1,7,0,2025-11-24,26,1,humidity,19.741160216610577,20.711047458807826,19.741160216610577,767
User01,1,7,0,2025-11-25,27,1,humidity,23.527355027694192,24.426484134174288,23.527355027694192,794
User01,1,7,0,2025-11-26,28,1,humidity,26.521512941891444,27.1337023167388,26.521512941891444,1001
User01,1,7,0,2025-11-27,29,1,humidity,30.436810456202522,30.95205059620249,30.436810456202522,1400
User01,1,7,0,2025-11-28,30,1,humidity,37.201641654262694,37.72781981978049,37.201641654262694,1648
User01,1,7,0,2025-11-29,31,1,humidity,28.766516025341854,29.714346726711028,28.766516025341854,1914
User01,1,7,0,2025-11-30,32,1,humidity,23.339131386036417,24.253285583650577,23.339131386036417,1531
User01,1,7,0,2025-12-01,33,1,humidity,34.85264703926714,35.33225121780918,34.85264703926714,1612
User01,1,7,0,2025-12-02,34,1,humidity,47.811637932194344,48.15141135053435,47.811637932194344,1643
User01,1,7,0,2025-12-03,35,1,humidity,47.93483140344613,48.31946433314726,47.93483140344613,1408
User01,1,7,0,2025-12-04,36,1,humidity,42.671754158477796,43.02037100307863,42.671754158477796,1659
User01,1,7,0,2025-12-05,37,1,humidity,40.4764609317019,41.06259331572687,40.4764609317019,2025
User01,1,7,0,2025-12-06,38,1,humidity,28.30863237852558,29.007965138702687,28.30863237852558,2252
User01,1,7,0,2025-12-07,39,1,humidity,21.62771028131852,22.874728743644386,21.62771028131852,1818
User01,1,7,0,2025-12-08,40,1,humidity,34.377532326549385,35.05537736030787,34.377532326549385,1745
User01,1,7,0,2025-12-09,41,1,humidity,32.662556744577486,33.146315873513466,32.662556744577486,2059
User01,1,7,0,2025-12-10,42,1,humidity,25.998892738865756,26.84073481181821,25.998892738865756,1970
User01,1,7,0,2025-12-11,43,1,humidity,34.09748918051819,34.61430624443126,34.09748918051819,2140
User01,1,7,0,2025-12-12,44,1,humidity,29.6142511761284,30.12981422271277,29.6142511761284,2299
User01,1,7,0,2025-12-13,45,1,humidity,31.357722715389407,32.043020114158196,31.357722715389407,1708
User01,1,7,0,2025-12-14,46,1,humidity,31.465728482864748,32.027653476895736,31.465728482864748,1741
User01,1,7,0,2025-12-15,47,1,humidity,28.943121602233806,29.724466400693437,28.943121602233806,1953
User01,1,7,0,2025-12-16,48,1,humidity,24.460233724995533,25.177820375982005,24.460233724995533,2264
User01,1,7,0,2025-12-17,49,1,humidity,26.469089760896896,27.209682449704243,26.469089760896896,2118
User01,1,7,0,2025-12-18,50,1,humidity,30.160696780629742,30.91636638724106,30.160696780629742,2223
User01,1,7,0,2025-12-19,51,1,humidity,26.644257700596775,27.494775216204918,26.644257700596775,2599
User01,1,7,0,2025-12-20,52,1,humidity,25.877993068718595,27.203566881464,25.877993068718595,2063
User01,1,7,0,2025-12-21,53,1,humidity,32.4903960181573,33.15485648166368,32.4903960181573,1822
User01,1,7,0,2025-12-22,54,1,humidity,35.375737677749306,35.940250211748975,35.375737677749306,1837
User01,1,7,0,2025-12-23,55,1,humidity,34.35596539072362,35.02778294910234,34.35596539072362,1996
User01,1,7,0,2025-12-24,56,1,humidity,34.76177426927361,35.20362366918996,34.76177426927361,1928
User01,1,7,0,2025-12-25,57,1,humidity,33.60559504217951,34.068896301068406,33.60559504217951,1699
User01,1,7,0,2025-12-26,58,1,humidity,42.0375717210758,42.68522678710162,42.0375717210758,1490
User01,1,7,0,2025-12-27,59,1,humidity,25.922339576925907,26.381784123066502,25.922339576925907,903
User01,1,7,0,2025-12-28,60,1,humidity,26.305838344486144,27.490480335331732,26.305838344486144,1356
User01,1,7,0,2025-12-29,61,1,humidity,23.859876779481482,24.615916381992456,23.859876779481482,930
User01,1,7,0,2025-12-30,62,1,humidity,35.76773416760818,36.3505884149958,35.76773416760818,905
User01,1,7,0,2025-12-31,63,1,humidity,39.144485150169274,39.54731994776998,39.144485150169274,1023
User01,1,7,0,2026-01-01,64,1,humidity,42.04365341748806,42.492217174283155,42.04365341748806,878
User01,1,7,0,2026-01-02,65,1,humidity,36.927487980046635,37.4346373759164,36.927487980046635,1021
User01,1,7,0,2026-01-03,66,1,humidity,38.248355182325035,38.853012796202435,38.248355182325035,2609
User01,1,7,0,2026-01-04,67,1,humidity,37.79579061113092,38.267837895018104,37.79579061113092,2249
User01,1,7,0,2026-01-05,68,1,humidity,36.9836072275366,37.41542396605355,36.9836072275366,2065
User01,1,7,0,2026-01-06,69,1,humidity,36.123247004653884,36.58698047329655,36.123247004653884,1538
User01,1,7,0,2026-01-07,70,1,humidity,42.16954114541774,42.75067484463507,42.16954114541774,2193
User01,1,7,0,2026-01-08,71,1,humidity,46.607574567768616,46.934629383076135,46.607574567768616,2311
User01,1,7,0,2026-01-09,72,1,humidity,37.718904199223005,38.299755737571466,37.718904199223005,2265
User01,1,7,0,2026-01-10,73,1,humidity,45.27509128643746,45.58417230651283,45.27509128643746,2236
User01,1,7,0,2026-01-11,74,1,humidity,49.12376043043617,49.48205529349544,49.12376043043617,2089
User01,1,7,0,2026-01-12,75,1,humidity,46.18094650659857,46.55234442181708,46.18094650659857,2087
User01,1,7,0,2026-01-13,76,1,humidity,45.97832336972866,46.382517736306724,45.97832336972866,2152
User01,1,7,0,2026-01-14,77,1,humidity,30.062151280992957,31.69284374155503,30.062151280992957,1986
User01,1,7,0,2026-01-15,78,1,humidity,24.074583636274873,25.164656334970974,24.074583636274873,2137
User01,1,7,0,2026-01-16,79,1,humidity,27.59450893651607,28.23525126947139,27.59450893651607,2176
User01,1,7,0,2026-01-17,80,1,humidity,32.19475545078552,32.83171662210939,32.19475545078552,2387
User01,1,7,0,2026-01-18,81,1,humidity,30.008811661683932,30.47890901525475,30.008811661683932,2326
User01,1,7,0,2026-01-20,82,1,humidity,44.661993110312494,44.97354264268543,44.661993110312494,2010
User01,1,7,0,2026-01-21,83,1,humidity,47.792173395464445,48.20739969848323,47.792173395464445,2036
User01,1,7,0,2026-01-22,84,1,humidity,44.06496996727765,44.55111530124961,44.06496996727765,1995
User01,1,7,0,2026-01-23,85,1,humidity,38.30570254149771,38.78706279668343,38.30570254149771,2204
User01,1,7,0,2026-01-24,86,1,humidity,38.9379355341805,39.40950045959977,38.9379355341805,2467
User01,1,7,0,2026-01-25,87,1,humidity,36.42328469333132,37.02416145079198,36.42328469333132,2317
User01,1,7,0,2026-01-26,88,1,humidity,37.44336088699396,38.0525125594994,37.44336088699396,2093
User01,1,7,0,2026-01-27,89,1,humidity,40.360371847629665,40.803554979521984,40.360371847629665,2130
User01,1,7,0,2026-01-28,90,1,humidity,39.181760152186776,39.75282034433826,39.181760152186776,2051
User01,1,7,0,2026-01-29,91,1,humidity,39.209132238888174,39.52887966246776,39.209132238888174,2076
User01,1,7,0,2026-01-30,92,1,humidity,40.211605161096955,40.67936040125088,40.211605161096955,2267
User01,1,7,0,2026-01-31,93,1,humidity,39.118281211844504,39.710170044004805,39.118281211844504,2464
User01,1,7,0,2026-02-02,94,1,humidity,30.359487762422088,30.88881927356651,30.359487762422088,2197
User01,1,7,0,2026-02-03,95,1,humidity,28.528983888804124,29.544919011701758,28.528983888804124,2300
User01,1,7,0,2026-02-04,96,1,humidity,19.18093581099448,20.68821083592052,19.16151435086803,2182
User01,1,7,0,2026-02-05,97,1,humidity,30.540567289783223,31.182997198935706,30.540567289783223,2108
User01,1,7,0,2026-02-06,98,1,humidity,35.95360636789789,36.4231197914362,35.95360636789789,2436
User01,1,7,0,2026-02-07,99,1,humidity,37.872245992712045,38.22083778681861,37.872245992712045,2571
User01,1,7,0,2026-02-08,100,1,humidity,36.92602703033841,37.28075187250967,36.92602703033841,2147
User01,1,7,0,2026-02-10,101,1,humidity,24.024385772522514,24.93170123554579,24.024385772522514,1923
User01,1,7,0,2026-02-11,102,1,humidity,29.064755637605636,29.504302956381927,29.064755637605636,2119
User01,1,7,0,2026-02-12,103,1,humidity,25.713620506023315,26.82417389423375,25.713620506023315,2293
User01,1,7,0,2026-02-13,104,1,humidity,18.066669990323916,19.70800490572955,18.066669990323916,2453
User01,1,7,0,2026-02-14,105,1,humidity,10.731314650785704,14.008173740164613,10.025524277468193,1960
User01,1,7,0,2026-02-15,106,1,humidity,23.52728390472992,25.293887802441766,23.52728390472992,2121
User01,1,7,0,2026-02-16,107,1,humidity,27.837749578789527,28.75771230541494,27.837749578789527,1936
User01,1,7,0,2026-02-17,108,1,humidity,30.474568489234596,31.562759200138494,30.474568489234596,2464
User01,1,7,0,2026-02-18,109,1,humidity,25.44575674407568,26.801709914859366,25.44575674407568,2048
User01,1,7,0,2026-02-19,110,1,humidity,26.05008996785784,27.53389113204661,26.05008996785784,2107
User01,1,7,0,2026-02-20,111,1,humidity,22.95979450529896,23.707717201690976,22.95979450529896,2302
User01,1,7,0,2026-02-21,112,1,humidity,21.602579155987105,23.263855768940054,21.602579155987105,2820
User01,1,7,0,2026-02-22,113,1,humidity,24.209225411997636,25.418468614167963,24.209225411997636,2373
User01,1,7,0,2026-02-23,114,1,humidity,31.38597503813574,32.19755809465488,31.38597503813574,2083
User01,1,7,0,2026-02-24,115,1,humidity,31.58813005372979,32.938613746357134,31.58813005372979,1207
User01,1,7,0,2026-02-25,116,1,humidity,25.524155119929613,26.872752303027735,25.524155119929613,2099
User01,1,7,0,2026-02-26,117,1,humidity,21.004022110029776,22.024003509388795,21.004022110029776,2079
User01,1,7,0,2026-02-27,118,1,humidity,17.364039602671443,18.530571863198432,17.364039602671443,2151
User01,1,7,0,2026-02-28,119,1,humidity,17.46146054140285,18.948015152184013,17.46146054140285,2194
User01,1,7,0,2026-03-01,120,1,humidity,12.814432444133702,15.389140952098769,12.813103062023284,2443
User01,1,7,0,2026-03-02,121,1,humidity,27.943859923809676,28.72056804921829,27.943859923809676,2213
User01,1,7,0,2026-03-03,122,1,humidity,20.017116700314553,21.212055298159207,20.017116700314553,2023
User01,1,7,0,2026-03-04,123,1,humidity,21.497657846999257,23.065910494155677,21.497657846999257,2026
User01,1,7,0,2026-03-05,124,1,humidity,32.36498612602712,32.977768703165545,32.36498612602712,1574
User01,1,7,0,2026-03-06,125,1,humidity,28.14991483794005,28.68074301334133,28.14991483794005,2284
User01,1,7,0,2026-03-07,126,1,humidity,30.26963982580082,31.1592575339916,30.26963982580082,2179
User01,1,7,0,2026-03-08,127,1,humidity,34.3850638552982,35.09648235316246,34.3850638552982,2170
User01,1,7,0,2026-03-09,128,1,humidity,24.504910099029683,25.123839979278014,24.504910099029683,2207
User01,1,7,0,2026-03-10,129,1,humidity,29.602584263138606,30.652134409122134,29.602584263138606,1973
User01,1,7,0,2026-03-11,130,1,humidity,26.913548248054227,27.587941200384602,26.913548248054227,2264
User01,1,7,0,2026-03-12,131,1,humidity,21.66948239021426,24.382557677849253,21.66948239021426,2192
User01,1,7,0,2026-03-13,132,1,humidity,23.15926571522143,23.968801984512925,23.15926571522143,2280
User01,1,7,0,2026-03-14,133,1,humidity,23.65141111677273,24.544000419487485,23.65141111677273,2131
User01,1,7,0,2026-03-15,134,1,humidity,24.044524845030647,25.560216420695433,24.044524845030647,2218
User01,1,7,0,2026-03-16,135,1,humidity,27.42693889067826,28.619342841038463,27.42693889067826,2087
User01,1,7,0,2026-03-17,136,1,humidity,22.279772043111652,23.559122142291557,22.279772043111652,1903
User01,1,7,0,2026-03-18,137,1,humidity,24.204366919050297,24.980327791177526,24.204366919050297,2062
User01,1,7,0,2026-03-19,138,1,humidity,22.990923464234026,24.35488528045902,22.990923464234026,1764
User01,1,7,0,2026-03-20,139,1,humidity,20.704395804253963,21.84660176214007,20.704395804253963,2085
User01,1,7,0,2026-03-21,140,1,humidity,23.958593340447578,26.907659295470463,23.958593340447578,2246
User01,1,7,0,2026-03-22,141,1,humidity,21.200246191659264,22.32566704752328,21.200246191659264,1747
User01,1,7,0,2026-03-23,142,1,humidity,12.566340868345337,14.626446497151536,12.566340868345337,1957
User01,1,7,0,2026-03-24,143,1,humidity,14.624332866215994,17.210685641283913,14.619703893667063,1934
User01,1,7,0,2026-03-25,144,1,humidity,19.303873266076554,21.14145651084983,19.303873266076554,1786
User01,1,7,0,2026-03-26,145,1,humidity,19.37059340968389,20.71888389961976,19.37059340968389,1939
User01,1,7,0,2026-03-27,146,1,humidity,16.00002393460307,17.631579048868076,16.00002393460307,2191
User01,1,7,0,2026-03-28,147,1,humidity,14.89085819431053,17.116083995298606,14.89085819431053,2010
User01,1,7,0,2026-03-29,148,1,humidity,20.884071697308976,22.35325203760514,20.884071697308976,1755
User01,1,7,0,2026-03-30,149,1,humidity,13.894985167472184,15.382829650567245,13.894739222094165,2029
User01,1,7,0,2026-03-31,150,1,humidity,10.982336694901921,12.940889675781547,10.922025470566657,1790
User01,1,7,0,2026-04-01,151,1,humidity,16.61336949840681,18.236557620219862,16.61336949840681,2021
User01,1,7,1,2025-11-07,9,0,temperature,1.483197380714885,1.6555684079227644,1.1953331592346694,1810
User01,1,7,1,2025-11-08,10,0,temperature,1.6469810265290141,1.8673095553615267,1.6066652801882801,1949
User01,1,7,1,2025-11-09,11,0,temperature,1.5452973797933989,1.7007964328080978,1.3215762251124725,2050
User01,1,7,1,2025-11-10,12,0,temperature,1.2763033049175412,1.6491229794898015,-0.8293186918578839,2171
User01,1,7,1,2025-11-11,13,0,temperature,1.3421593744335327,1.6162801516842387,1.2274253080231676,2213
User01,1,7,1,2025-11-12,14,0,temperature,1.1857825867441885,1.4259518463993346,0.9527668675078345,1512
User01,1,7,1,2025-11-13,15,0,temperature,1.3692722192785496,1.6329384606542692,0.9531144751447492,2167
User01,1,7,1,2025-11-14,16,1,temperature,1.2942450104242762,1.5856051742337152,1.1960623967322417,1863
User01,1,7,1,2025-11-15,17,1,temperature,1.2881251340147277,1.4988286136894264,1.1164316490640536,2153
User01,1,7,1,2025-11-16,18,1,temperature,1.1354089208888511,1.3388929675724581,0.9019242279024933,2210
User01,1,7,1,2025-11-17,19,1,temperature,1.491561774427874,1.7153579536492531,-1.416045562551508,2052
User01,1,7,1,2025-11-18,20,1,temperature,1.1868445869535555,1.394570266716559,-0.3203843146293821,1933
User01,1,7,1,2025-11-19,21,1,temperature,1.5375781352525297,1.7841050792607251,1.2266331500546814,2279
User01,1,7,1,2025-11-20,22,1,temperature,1.8168574234672117,2.118760695998278,1.6842054146044627,2039
User01,1,7,1,2025-11-21,23,1,temperature,1.5490006567793209,1.7223567837132547,1.1659972072337592,680
User01,1,7,1,2025-11-22,24,1,temperature,1.6016337722483802,1.8679951254875884,1.5380103931961986,745
User01,1,7,1,2025-11-23,25,1,temperature,1.453350877945914,1.9659719763472876,0.8033229923194289,684
User01,1,7,1,2025-11-24,26,1,temperature,1.5355592903761517,1.7150510972882154,1.485210678887728,767
User01,1,7,1,2025-11-25,27,1,temperature,1.6023518258108613,1.9784699186090202,1.5400581949450767,794
User01,1,7,1,2025-11-26,28,1,temperature,1.4972564433755988,1.7250372424919331,1.1829290048630043,1001
User01,1,7,1,2025-11-27,29,1,temperature,1.3160835367035741,1.5557600328757273,1.1876398724402053,1400
User01,1,7,1,2025-11-28,30,1,temperature,1.1236029184090008,1.5723371341258134,0.07785848739269434,1648
User01,1,7,1,2025-11-29,31,1,temperature,1.522739161509914,1.8037164524935407,1.4113220023785085,1914
User01,1,7,1,2025-11-30,32,1,temperature,1.365918876471541,1.7378309346274718,1.100613095194009,1531
User01,1,7,1,2025-12-01,33,1,temperature,1.112975663585073,1.4246082737212526,0.8503650716757506,1612
User01,1,7,1,2025-12-02,34,1,temperature,1.2166034433689583,1.4991082683649584,0.8692856694823008,1643
User01,1,7,1,2025-12-03,35,1,temperature,1.0036045456575002,1.4318333694191712,0.5275719694324819,1408
User01,1,7,1,2025-12-04,36,1,temperature,1.2110274374892966,1.5506461068049036,0.677369997331913,1659
User01,1,7,1,2025-12-05,37,1,temperature,1.1386577896105983,1.451548251666037,0.6865156810592301,2025
User01,1,7,1,2025-12-06,38,1,temperature,1.6449994173075297,1.962734355517037,1.4630154349390951,2252
User01,1,7,1,2025-12-07,39,1,temperature,1.8600211630650314,2.112326240175717,1.7858769701441521,1818
User01,1,7,1,2025-12-08,40,1,temperature,1.7853570161314147,2.1365720919684468,1.6906676897837065,1745
User01,1,7,1,2025-12-09,41,1,temperature,1.5501645144465113,1.8919389998093292,1.3647147142000982,2059
User01,1,7,1,2025-12-10,42,1,temperature,1.5348872433066159,1.9549327076328933,1.4477454262219123,1970
User01,1,7,1,2025-12-11,43,1,temperature,1.383707280925868,1.7405029472944737,1.2491133634778,2140
User01,1,7,1,2025-12-12,44,1,temperature,1.623167595507501,1.9565613772520865,1.4676389848270366,2299
User01,1,7,1,2025-12-13,45,1,temperature,1.6208608186495146,1.9012499737055928,1.1473275307955706,1708
User01,1,7,1,2025-12-14,46,1,temperature,1.3568516131047177,1.886491501315971,1.1560481549432158,1741
User01,1,7,1,2025-12-15,47,1,temperature,1.666589210781194,1.8939711431151691,1.4593029960440234,1953
User01,1,7,1,2025-12-16,48,1,temperature,1.5594612498235283,1.8575474527301434,1.4137149475050967,2264
User01,1,7,1,2025-12-17,49,1,temperature,1.9219942132742907,2.3202384492765553,1.7963387757915477,2118
User01,1,7,1,2025-12-18,50,1,temperature,1.7778539323389906,2.1255152952009464,1.6886975746081847,2223
User01,1,7,1,2025-12-19,51,1,temperature,1.7177950095409495,2.0719061599270137,1.6442625622228675,2599
User01,1,7,1,2025-12-20,52,1,temperature,1.7291598198269102,2.037678859107543,1.6033778032050678,2063
User01,1,7,1,2025-12-21,53,1,temperature,1.983836668531619,2.3905269936840288,1.634207814930524,1822
User01,1,7,1,2025-12-22,54,1,temperature,1.9988093522952453,2.493824692496136,1.879443148457598,1837
User01,1,7,1,2025-12-23,55,1,temperature,3.4826934891634416,3.660551630044776,3.4826934891634416,1996
User01,1,7,1,2025-12-24,56,1,temperature,2.662532036828944,3.0720332783673223,2.6332856524625594,1928
User01,1,7,1,2025-12-25,57,1,temperature,1.2868927473836889,1.9214303122813112,-0.20024006825344515,1699
User01,1,7,1,2025-12-26,58,1,temperature,1.0577907695467974,1.5225744702921775,-0.06223355202999417,1490
User01,1,7,1,2025-12-27,59,1,temperature,2.0424692663590163,2.3071773878495705,1.9855902247032706,903
User01,1,7,1,2025-12-28,60,1,temperature,3.2371531337576873,3.8829945669586694,3.233105755932805,1356
User01,1,7,1,2025-12-29,61,1,temperature,2.0909626071189855,2.429420956224368,2.044306972760183,930
User01,1,7,1,2025-12-30,62,1,temperature,2.168584158671247,2.6579978759516893,1.8745121115062429,905
User01,1,7,1,2025-12-31,63,1,temperature,1.2119014800026193,1.5343396229320105,-0.33857824074571263,1023
User01,1,7,1,2026-01-01,64,1,temperature,2.5595421348466165,2.8085790695266333,2.4153413532048287,878
User01,1,7,1,2026-01-02,65,1,temperature,2.164119776374301,2.60317795402924,2.0089680407713106,1021
User01,1,7,1,2026-01-03,66,1,temperature,2.712520455286278,2.9842798348701463,2.691751996256146,2609
User01,1,7,1,2026-01-04,67,1,temperature,1.144155891800647,1.7130968572181147,0.1129766421317337,2249
User01,1,7,1,2026-01-05,68,1,temperature,1.323109761462255,1.5983240319116288,-0.3809569490222373,2065
User01,1,7,1,2026-01-06,69,1,temperature,1.926193083926397,2.2511084204923586,1.8926643862390078,1538
User01,1,7,1,2026-01-07,70,1,temperature,1.3361219831801916,1.8375881700317802,-0.02320679914613488,2193
User01,1,7,1,2026-01-08,71,1,temperature,1.334665155379472,1.835910584669567,0.76547082683436,2311
User01,1,7,1,2026-01-09,72,1,temperature,1.368196296185977,1.7147215017814663,1.0171373535853068,2265
User01,1,7,1,2026-01-10,73,1,temperature,2.312545187679551,2.7336298909744525,2.273654184927609,2236
User01,1,7,1,2026-01-11,74,1,temperature,1.7142308500532861,2.063494511135499,-0.3893658881003433,2089
User01,1,7,1,2026-01-12,75,1,temperature,1.2035661574277954,1.5745885893882678,-0.05287981813713251,2087
User01,1,7,1,2026-01-13,76,1,temperature,1.5705202743592446,1.9359484490694874,-0.7313006251570826,2152
User01,1,7,1,2026-01-14,77,1,temperature,2.5101742479681706,2.792508613868958,2.436604751348685,1986
User01,1,7,1,2026-01-15,78,1,temperature,2.8821139164766425,3.1658412478234323,2.8701317284914887,2137
User01,1,7,1,2026-01-16,79,1,temperature,3.1557747938289005,3.4119913039848,3.152722907644369,2176
User01,1,7,1,2026-01-17,80,1,temperature,2.8452231965716837,3.1406778942289555,2.8145240478827374,2387
User01,1,7,1,2026-01-18,81,1,temperature,2.3014121030579124,2.670979200498886,2.259573164892064,2326
User01,1,7,1,2026-01-20,82,1,temperature,1.2131185326114604,1.6046709583554544,0.37892793433495064,2010
User01,1,7,1,2026-01-21,83,1,temperature,1.4926045398754029,1.9267089157667876,-0.946855752295982,2036
User01,1,7,1,2026-01-22,84,1,temperature,1.7276624329250139,2.1322964953253654,-0.7014542879733807,1995
User01,1,7,1,2026-01-23,85,1,temperature,1.110900077900648,1.5062620608180368,0.6270324065017089,2204
User01,1,7,1,2026-01-24,86,1,temperature,1.0345191445259614,1.459957623833351,0.30624848452204534,2467
User01,1,7,1,2026-01-25,87,1,temperature,0.9645014491645378,1.3568411417706248,0.06763287867762971,2317
User01,1,7,1,2026-01-26,88,1,temperature,1.1793918782086346,1.5664879672593346,0.3204839053042212,2093
User01,1,7,1,2026-01-27,89,1,temperature,1.101995428759725,1.4904064846916432,-0.007389929716599392,2130
User01,1,7,1,2026-01-28,90,1,temperature,1.3438578130961143,1.7569007224022242,0.22588188934395292,2051
User01,1,7,1,2026-01-29,91,1,temperature,1.3529394516134419,1.7174294165805495,-0.6449927730135975,2076
User01,1,7,1,2026-01-30,92,1,temperature,1.1245895909761583,1.4368308378302883,0.8715471701523849,2267
User01,1,7,1,2026-01-31,93,1,temperature,1.2576412995476218,1.5834379805808416,0.9215494093568583,2464
User01,1,7,1,2026-02-02,94,1,temperature,2.6921978495463197,2.96601435629032,2.6893592376960687,2197
User01,1,7,1,2026-02-03,95,1,temperature,2.2941985605983928,2.6842119237435504,2.2371110280742026,2300
User01,1,7,1,2026-02-04,96,1,temperature,2.884352431268343,3.1078974873519196,2.882894559802891,2182
User01,1,7,1,2026-02-05,97,1,temperature,1.5561923811041085,2.1854747261792937,1.0098041766027095,2108
User01,1,7,1,2026-02-06,98,1,temperature,1.5394185506913651,1.8523847750738889,1.465778177510673,2436
User01,1,7,1,2026-02-07,99,1,temperature,1.8060272686115206,2.1352339597903884,0.016339368096991658,2571
User01,1,7,1,2026-02-08,100,1,temperature,0.9991428224082356,1.4051668121888947,-0.40511887037600186,2147
User01,1,7,1,2026-02-10,101,1,temperature,2.95087391009536,3.1364134956274996,2.949543782078814,1923
User01,1,7,1,2026-02-11,102,1,temperature,2.1844146174108783,2.564993430579319,2.16842157041719,2119
User01,1,7,1,2026-02-12,103,1,temperature,2.26210645989839,2.595580417504727,2.2455461932481167,2293
User01,1,7,1,2026-02-13,104,1,temperature,2.9765190852114745,3.3332257113572394,2.857760167300347,2453
User01,1,7,1,2026-02-14,105,1,temperature,3.1971609365345772,3.375058535040791,3.1971609365345772,1960
User01,1,7,1,2026-02-15,106,1,temperature,3.128600541884509,3.3747522288367398,3.128351353778912,2121
User01,1,7,1,2026-02-16,107,1,temperature,3.2789649274382935,3.546785829331248,3.2719889734855037,1936
User01,1,7,1,2026-02-17,108,1,temperature,2.813843576766211,3.1362510503682293,2.805548289892037,2464
User01,1,7,1,2026-02-18,109,1,temperature,2.648629624756973,2.9531386732564506,2.6299138745184942,2048
User01,1,7,1,2026-02-19,110,1,temperature,3.573431337967665,3.7847512308664752,3.5730935769574885,2107
User01,1,7,1,2026-02-20,111,1,temperature,3.018308204835062,3.257945721110527,3.0149974420549537,2302
User01,1,7,1,2026-02-21,112,1,temperature,3.1202535167997616,3.439107127499568,3.117327860550924,2820
User01,1,7,1,2026-02-22,113,1,temperature,3.6577525857878443,3.793823190242467,3.6577525857878443,2373
User01,1,7,1,2026-02-23,114,1,temperature,2.7071043506287173,3.006180115491674,2.6260374375673172,2083
User01,1,7,1,2026-02-24,115,1,temperature,2.8333024090534233,3.2546786179389406,2.8083643760326154,1207
User01,1,7,1,2026-02-25,116,1,temperature,2.952591103722016,3.3580641280663066,2.9416213275231704,2099
User01,1,7,1,2026-02-26,117,1,temperature,3.1951002137583595,3.4529959373762886,3.192626840940748,2079
User01,1,7,1,2026-02-27,118,1,temperature,3.0913355524850585,3.3765992641246436,3.087618765460077,2151
User01,1,7,1,2026-02-28,119,1,temperature,3.328593967846925,3.4826755340696223,3.327917801049272,2194
User01,1,7,1,2026-03-01,120,1,temperature,2.91121499308132,3.341178727518463,2.8239703698314105,2443
User01,1,7,1,2026-03-02,121,1,temperature,2.9658496709671405,3.2726973694217243,2.9652988317607503,2213
User01,1,7,1,2026-03-03,122,1,temperature,3.354169185204054,3.5746068884847593,3.354169185204054,2023
User01,1,7,1,2026-03-04,123,1,temperature,2.3186983102969103,2.610416278264367,2.2648634343486553,2026
User01,1,7,1,2026-03-05,124,1,temperature,2.2202938546091953,2.533034431665812,2.2089421950560046,1574
User01,1,7,1,2026-03-06,125,1,temperature,2.9917174657775965,3.1538150804548697,2.9917174657775965,2284
User01,1,7,1,2026-03-07,126,1,temperature,3.351986829458874,3.5049021959264293,3.350857349678785,2179
User01,1,7,1,2026-03-08,127,1,temperature,1.331092423228299,1.8647733692975679,1.1033034906729258,2170
User01,1,7,1,2026-03-09,128,1,temperature,1.7867096278813501,2.208381113006564,1.4957043980497022,2207
User01,1,7,1,2026-03-10,129,1,temperature,2.564436818542942,2.8939804757543435,2.5277864976093887,1973
User01,1,7,1,2026-03-11,130,1,temperature,2.606816327024783,3.1628549944468762,2.450613427034541,2264
User01,1,7,1,2026-03-12,131,1,temperature,4.499315360676275,4.718823197675631,3.9819586220322654,2192
User01,1,7,1,2026-03-13,132,1,temperature,2.9073650280186634,3.289693237359531,2.89229952220232,2280
User01,1,7,1,2026-03-14,133,1,temperature,2.813926742506378,3.16779358434352,2.8093874982915064,2131
User01,1,7,1,2026-03-15,134,1,temperature,2.936103071165905,3.16095608586669,2.9249023276363726,2218
User01,1,7,1,2026-03-16,135,1,temperature,2.8604521732008843,3.1545616299074073,2.856895261861749,2087
User01,1,7,1,2026-03-17,136,1,temperature,4.089236826096062,4.168621195984382,4.089236826096062,1903
User01,1,7,1,2026-03-18,137,1,temperature,3.4624458178683426,3.712990795711512,3.4624171634166636,2062
User01,1,7,1,2026-03-19,138,1,temperature,5.167118513132784,5.265259813017374,5.167118513132784,1764
User01,1,7,1,2026-03-20,139,1,temperature,4.33952390881113,4.59556171522636,4.335478842050261,2085
User01,1,7,1,2026-03-21,140,1,temperature,3.1156573160216396,3.273650414769711,3.1156573160216396,2246
User01,1,7,1,2026-03-22,141,1,temperature,2.978499066701403,3.2495087186085096,2.9484546434264978,1747
User01,1,7,1,2026-03-23,142,1,temperature,4.129334884953648,4.250770009502738,4.129334884953648,1957
User01,1,7,1,2026-03-24,143,1,temperature,4.788041770419075,4.87583232214765,4.788041770419075,1934
User01,1,7,1,2026-03-25,144,1,temperature,3.451836372919603,3.666870071781689,3.451836372919603,1786
User01,1,7,1,2026-03-26,145,1,temperature,3.1554845311099022,3.2829297421836245,3.1549913929115956,1939
User01,1,7,1,2026-03-27,146,1,temperature,3.209048108886468,3.397190343754813,3.209048108886468,2191
User01,1,7,1,2026-03-28,147,1,temperature,2.8905003739916975,3.091759432078197,2.8901804494482675,2010
User01,1,7,1,2026-03-29,148,1,temperature,3.431528603743975,3.6829464313717475,3.429502685680777,1755
User01,1,7,1,2026-03-30,149,1,temperature,3.095235715574803,3.2690446072246018,3.0949387326223112,2029
User01,1,7,1,2026-03-31,150,1,temperature,3.3079325448849217,3.4429545806919193,3.3079325448849217,1790
User01,1,7,1,2026-04-01,151,1,temperature,2.8358130014465055,3.061934367505288,2.828031781622835,2021
User01,1,7,1,2025-11-07,9,0,humidity,14.514728730267212,16.855333959855688,14.464889482992767,1810
User01,1,7,1,2025-11-08,10,0,humidity,11.758406371443323,13.6619006402515,11.644121569619674,1949
User01,1,7,1,2025-11-09,11,0,humidity,23.776619362159536,24.746357266272017,23.776619362159536,2050
User01,1,7,1,2025-11-10,12,0,humidity,37.13998139842114,37.72500530225044,37.13998139842114,2171
User01,1,7,1,2025-11-11,13,0,humidity,24.476123281609084,25.367010668517135,24.476123281609084,2213
User01,1,7,1,2025-11-12,14,0,humidity,22.86664022186416,23.819959628912322,22.86664022186416,1512
User01,1,7,1,2025-11-13,15,0,humidity,24.044154168371062,24.87093903706283,24.044154168371062,2167
User01,1,7,1,2025-11-14,16,1,humidity,27.55779475765811,28.317260306889906,27.55779475765811,1863
User01,1,7,1,2025-11-15,17,1,humidity,26.43992789573793,27.11584352817598,26.43992789573793,2153
User01,1,7,1,2025-11-16,18,1,humidity,25.874819639390527,26.70795000878015,25.874819639390527,2210
User01,1,7,1,2025-11-17,19,1,humidity,46.661105447539256,46.97423349052707,46.661105447539256,2052
User01,1,7,1,2025-11-18,20,1,humidity,47.032248255610746,47.39038720292095,47.032248255610746,1933
User01,1,7,1,2025-11-19,21,1,humidity,33.406926613939525,34.11822938624182,33.406926613939525,2279
User01,1,7,1,2025-11-20,22,1,humidity,32.91326535232857,33.405373059489754,32.91326535232857,2039
User01,1,7,1,2025-11-21,23,1,humidity,31.927165658201176,32.52851512187008,31.927165658201176,680
User01,1,7,1,2025-11-22,24,1,humidity,26.584665482513156,27.403739678853402,26.584665482513156,745
User01,1,7,1,2025-11-23,25,1,humidity,21.407149474241837,22.798328535507775,21.351183481058865,684
User01,1,7,1,2025-11-24,26,1,humidity,21.573596934573732,22.429930986283324,21.573596934573732,767
User01,1,7,1,2025-11-25,27,1,humidity,25.291188283151794,26.20082198737302,25.291188283151794,794
User01,1,7,1,2025-11-26,28,1,humidity,28.27762649081138,28.885224173596185,28.27762649081138,1001
User01,1,7,1,2025-11-27,29,1,humidity,32.4943640317582,33.00104288814559,32.4943640317582,1400
User01,1,7,1,2025-11-28,30,1,humidity,38.95176808180698,39.45069674560286,38.95176808180698,1648
User01,1,7,1,2025-11-29,31,1,humidity,30.275769428529344,31.32971647056456,30.275769428529344,1914
User01,1,7,1,2025-11-30,32,1,humidity,24.57618464615628,25.480979589237716,24.57618464615628,1531
User01,1,7,1,2025-12-01,33,1,humidity,36.91974658887511,37.476497174738775,36.91974658887511,1612
User01,1,7,1,2025-12-02,34,1,humidity,48.46616819357607,48.85820225574924,48.46616819357607,1643
User01,1,7,1,2025-12-03,35,1,humidity,48.916204837098235,49.34013321416889,48.916204837098235,1408
User01,1,7,1,2025-12-04,36,1,humidity,43.4344421162865,43.828724844934364,43.4344421162865,1659
User01,1,7,1,2025-12-05,37,1,humidity,41.51917401798154,42.12689058085041,41.51917401798154,2025
User01,1,7,1,2025-12-06,38,1,humidity,29.073579828072607,29.79641679481437,29.073579828072607,2252
User01,1,7,1,2025-12-07,39,1,humidity,22.78857220381063,24.207860753910843,22.78857220381063,1818
User01,1,7,1,2025-12-08,40,1,humidity,34.37108108098337,34.9517783226521,34.37108108098337,1745
User01,1,7,1,2025-12-09,41,1,humidity,33.53279472276765,34.08050091201074,33.53279472276765,2059
User01,1,7,1,2025-12-10,42,1,humidity,26.377666778192275,27.258273526205542,26.377666778192275,1970
User01,1,7,1,2025-12-11,43,1,humidity,34.95942639155944,35.516234762315875,34.95942639155944,2140
User01,1,7,1,2025-12-12,44,1,humidity,30.526555623893504,31.100343999866126,30.526555623893504,2299
User01,1,7,1,2025-12-13,45,1,humidity,32.52128159504792,33.313500018403495,32.52128159504792,1708
User01,1,7,1,2025-12-14,46,1,humidity,32.77505298581468,33.418707347887015,32.77505298581468,1741
User01,1,7,1,2025-12-15,47,1,humidity,29.630100272004547,30.54715963320272,29.630100272004547,1953
User01,1,7,1,2025-12-16,48,1,humidity,25.311168572273804,26.128440796340428,25.311168572273804,2264
User01,1,7,1,2025-12-17,49,1,humidity,27.23094839833656,28.02468740684308,27.23094839833656,2118
User01,1,7,1,2025-12-18,50,1,humidity,30.30832912433312,31.07965115804004,30.30832912433312,2223
User01,1,7,1,2025-12-19,51,1,humidity,26.78430220694387,27.89892408315247,26.78430220694387,2599
User01,1,7,1,2025-12-20,52,1,humidity,25.497167734284155,27.06958601165023,25.497167734284155,2063
User01,1,7,1,2025-12-21,53,1,humidity,33.27589190942203,34.07642073665092,33.27589190942203,1822
User01,1,7,1,2025-12-22,54,1,humidity,36.30706533827254,37.04730758857442,36.30706533827254,1837
User01,1,7,1,2025-12-23,55,1,humidity,34.94607720721404,35.80179842419621,34.94607720721404,1996
User01,1,7,1,2025-12-24,56,1,humidity,34.07560358640881,34.59985874827968,34.07560358640881,1928
User01,1,7,1,2025-12-25,57,1,humidity,31.92927399574531,32.86070571536211,31.92927399574531,1699
User01,1,7,1,2025-12-26,58,1,humidity,41.57818792199526,42.326255013843515,41.57818792199526,1490
User01,1,7,1,2025-12-27,59,1,humidity,25.481806425539485,26.152918712766926,25.481806425539485,903
User01,1,7,1,2025-12-28,60,1,humidity,26.448095342115803,27.649533353994723,26.448095342115803,1356
User01,1,7,1,2025-12-29,61,1,humidity,26.25828001929561,27.27328988002726,26.25828001929561,930
User01,1,7,1,2025-12-30,62,1,humidity,35.117252001943484,35.882588671189346,35.117252001943484,905
User01,1,7,1,2025-12-31,63,1,humidity,39.22162055094157,39.82182977524529,39.22162055094157,1023
User01,1,7,1,2026-01-01,64,1,humidity,42.938939702035505,43.438248359171176,42.938939702035505,878
User01,1,7,1,2026-01-02,65,1,humidity,37.429473027177664,38.07624978207249,37.429473027177664,1021
User01,1,7,1,2026-01-03,66,1,humidity,39.123407931252146,39.777845933892564,39.123407931252146,2609
User01,1,7,1,2026-01-04,67,1,humidity,38.93469873530524,39.450400606617904,38.93469873530524,2249
User01,1,7,1,2026-01-05,68,1,humidity,38.11735102021577,38.74101701675707,38.11735102021577,2065
User01,1,7,1,2026-01-06,69,1,humidity,37.88759489920197,38.388397817928215,37.88759489920197,1538
User01,1,7,1,2026-01-07,70,1,humidity,43.461794729621445,44.21484966238464,43.461794729621445,2193
User01,1,7,1,2026-01-08,71,1,humidity,47.71127546048027,48.13511007115182,47.71127546048027,2311
User01,1,7,1,2026-01-09,72,1,humidity,39.00271446098123,39.776577235986004,39.00271446098123,2265
User01,1,7,1,2026-01-10,73,1,humidity,46.167123843559374,46.660178808790945,46.167123843559374,2236
User01,1,7,1,2026-01-11,74,1,humidity,49.554744291819254,49.897402094736506,49.554744291819254,2089
User01,1,7,1,2026-01-12,75,1,humidity,46.67114862765601,47.126108768116694,46.67114862765601,2087
User01,1,7,1,2026-01-13,76,1,humidity,46.16302694433871,46.654389994336306,46.16302694433871,2152
User01,1,7,1,2026-01-14,77,1,humidity,30.659089747221064,32.613433391360516,30.659089747221064,1986
User01,1,7,1,2026-01-15,78,1,humidity,24.15928152777746,25.344453803205216,24.15928152777746,2137
User01,1,7,1,2026-01-16,79,1,humidity,27.793501988161186,28.604037683305283,27.793501988161186,2176
User01,1,7,1,2026-01-17,80,1,humidity,32.67350444853495,33.411204643742586,32.67350444853495,2387
User01,1,7,1,2026-01-18,81,1,humidity,30.672047745526132,31.26295014906133,30.672047745526132,2326
User01,1,7,1,2026-01-20,82,1,humidity,44.969992132224114,45.439405321775844,44.969992132224114,2010
User01,1,7,1,2026-01-21,83,1,humidity,49.111499545276125,49.573686361161336,49.111499545276125,2036
User01,1,7,1,2026-01-22,84,1,humidity,45.07460456764879,45.65193816358067,45.07460456764879,1995
User01,1,7,1,2026-01-23,85,1,humidity,39.357603573225,39.98036234432627,39.357603573225,2204
User01,1,7,1,2026-01-24,86,1,humidity,39.93214974574145,40.479922575122465,39.93214974574145,2467
User01,1,7,1,2026-01-25,87,1,humidity,36.64378846661022,37.50566949916101,36.64378846661022,2317
User01,1,7,1,2026-01-26,88,1,humidity,36.72663348949381,37.45028661957855,36.72663348949381,2093
User01,1,7,1,2026-01-27,89,1,humidity,40.255701620726015,40.80553000376207,40.255701620726015,2130
User01,1,7,1,2026-01-28,90,1,humidity,37.48443378707989,38.231410258759496,37.48443378707989,2051
User01,1,7,1,2026-01-29,91,1,humidity,39.38684250085925,39.859988507504426,39.38684250085925,2076
User01,1,7,1,2026-01-30,92,1,humidity,38.977786690784676,39.6322863805224,38.977786690784676,2267
User01,1,7,1,2026-01-31,93,1,humidity,39.579380612312555,40.25018124548099,39.579380612312555,2464
User01,1,7,1,2026-02-02,94,1,humidity,29.865522225999264,30.71261723408685,29.865522225999264,2197
User01,1,7,1,2026-02-03,95,1,humidity,28.37856201344974,29.628003996661562,28.37856201344974,2300
User01,1,7,1,2026-02-04,96,1,humidity,19.093255032232825,21.206097291188794,19.074416888779933,2182
User01,1,7,1,2026-02-05,97,1,humidity,28.485216116510436,29.165563708224465,28.485216116510436,2108
User01,1,7,1,2026-02-06,98,1,humidity,35.49099739644847,36.025787665939454,35.49099739644847,2436
User01,1,7,1,2026-02-07,99,1,humidity,36.679300378102596,37.089188732701594,36.679300378102596,2571
User01,1,7,1,2026-02-08,100,1,humidity,35.08095141587256,35.66700384599674,35.08095141587256,2147
User01,1,7,1,2026-02-10,101,1,humidity,23.509584193611502,24.51018746350095,23.509584193611502,1923
User01,1,7,1,2026-02-11,102,1,humidity,28.86099471616585,29.51461261805408,28.86099471616585,2119
User01,1,7,1,2026-02-12,103,1,humidity,25.136021765419482,26.22961817866119,25.136021765419482,2293
User01,1,7,1,2026-02-13,104,1,humidity,18.52301040777081,20.61648443789145,18.52301040777081,2453
User01,1,7,1,2026-02-14,105,1,humidity,9.516701057601528,12.401314679137005,8.057221261552288,1960
User01,1,7,1,2026-02-15,106,1,humidity,21.760738351754018,23.840226063024296,21.760738351754018,2121
User01,1,7,1,2026-02-16,107,1,humidity,26.2789700049331,27.28331670449797,26.2789700049331,1936
User01,1,7,1,2026-02-17,108,1,humidity,29.049007821412783,30.28704665742228,29.049007821412783,2464
User01,1,7,1,2026-02-18,109,1,humidity,23.822116934824543,25.55930973297077,23.822116934824543,2048
User01,1,7,1,2026-02-19,110,1,humidity,25.432126635239754,26.686371056798293,25.432126635239754,2107
User01,1,7,1,2026-02-20,111,1,humidity,21.09283567901797,21.98699700338886,21.09283567901797,2302
User01,1,7,1,2026-02-21,112,1,humidity,21.022042941110485,23.104502429334513,21.022042941110485,2820
User01,1,7,1,2026-02-22,113,1,humidity,24.863829276247582,26.21406266963531,24.863829276247582,2373
User01,1,7,1,2026-02-23,114,1,humidity,30.96442716762165,31.94782173116908,30.96442716762165,2083
User01,1,7,1,2026-02-24,115,1,humidity,30.06240882197219,31.546031909366764,30.06240882197219,1207
User01,1,7,1,2026-02-25,116,1,humidity,25.493886695187555,27.024270961813915,25.493886695187555,2099
User01,1,7,1,2026-02-26,117,1,humidity,19.663607412876505,21.10654793399247,19.663607412876505,2079
User01,1,7,1,2026-02-27,118,1,humidity,16.401655322854364,17.77508670088772,16.401655322854364,2151
User01,1,7,1,2026-02-28,119,1,humidity,16.39974953717084,18.60147771437883,16.39974953717084,2194
User01,1,7,1,2026-03-01,120,1,humidity,11.491904619795879,14.355174076575238,11.34107220759532,2443
User01,1,7,1,2026-03-02,121,1,humidity,27.12501950116745,27.90775282862998,27.12501950116745,2213
User01,1,7,1,2026-03-03,122,1,humidity,17.8111438572945,19.12911074094076,17.8111438572945,2023
User01,1,7,1,2026-03-04,123,1,humidity,19.059109165783944,20.834793491943383,19.059109165783944,2026
User01,1,7,1,2026-03-05,124,1,humidity,30.555561233023727,31.278259132305337,30.555561233023727,1574
User01,1,7,1,2026-03-06,125,1,humidity,26.21696744741733,26.6526216887323,26.21696744741733,2284
User01,1,7,1,2026-03-07,126,1,humidity,29.89287854996819,30.687509398029412,29.89287854996819,2179
User01,1,7,1,2026-03-08,127,1,humidity,32.14780211314296,33.00822401542282,32.14780211314296,2170
User01,1,7,1,2026-03-09,128,1,humidity,22.918061726001994,23.774333217058704,22.918061726001994,2207
User01,1,7,1,2026-03-10,129,1,humidity,27.427117748365117,28.436567698857864,27.427117748365117,1973
User01,1,7,1,2026-03-11,130,1,humidity,24.536919571399988,25.60434462038491,24.536919571399988,2264
User01,1,7,1,2026-03-12,131,1,humidity,19.856961857372283,23.374914658500852,19.856961857372283,2192
User01,1,7,1,2026-03-13,132,1,humidity,21.117728085043343,22.058038547367318,21.117728085043343,2280
User01,1,7,1,2026-03-14,133,1,humidity,22.686117433045442,24.077999450526317,22.686117433045442,2131
User01,1,7,1,2026-03-15,134,1,humidity,21.82438823030819,23.6314461021099,21.82438823030819,2218
User01,1,7,1,2026-03-16,135,1,humidity,25.834612132456662,27.2613102247873,25.834612132456662,2087
User01,1,7,1,2026-03-17,136,1,humidity,20.978472060590676,22.38070682673013,20.978472060590676,1903
User01,1,7,1,2026-03-18,137,1,humidity,22.7764320135606,23.575378204341096,22.7764320135606,2062
User01,1,7,1,2026-03-19,138,1,humidity,21.29486232957954,22.826961626550087,21.29486232957954,1764
User01,1,7,1,2026-03-20,139,1,humidity,18.58991486401203,20.111729500222125,18.58991486401203,2085
User01,1,7,1,2026-03-21,140,1,humidity,22.36015929538001,25.606285845650238,22.36015929538001,2246
User01,1,7,1,2026-03-22,141,1,humidity,20.943644239443007,22.436066505271718,20.943644239443007,1747
User01,1,7,1,2026-03-23,142,1,humidity,11.837583489025391,14.687606132303262,11.829359372288973,1957
User01,1,7,1,2026-03-24,143,1,humidity,12.823988372897965,15.903979992723142,12.649123837334233,1934
User01,1,7,1,2026-03-25,144,1,humidity,18.484208154800918,20.64369281352293,18.484208154800918,1786
User01,1,7,1,2026-03-26,145,1,humidity,16.179789574475407,18.245800346541593,16.179789574475407,1939
User01,1,7,1,2026-03-27,146,1,humidity,14.11780134624594,16.256353605107723,14.11780134624594,2191
User01,1,7,1,2026-03-28,147,1,humidity,12.15955659476805,14.962147396636768,12.15955659476805,2010
User01,1,7,1,2026-03-29,148,1,humidity,19.012275177523797,20.824825329721257,19.012275177523797,1755
User01,1,7,1,2026-03-30,149,1,humidity,11.341388107060391,13.27496374588518,11.304268643500212,2029
User01,1,7,1,2026-03-31,150,1,humidity,9.77580835452223,12.796698190623559,9.194156082067282,1790
User01,1,7,1,2026-04-01,151,1,humidity,14.367640739580546,16.54097787823786,14.367640739580546,2021
User01,1,7,2,2025-11-07,9,0,temperature,1.3468991980173348,1.5695209040116902,1.1389520845636747,1810
User01,1,7,2,2025-11-08,10,0,temperature,1.6690385731889064,1.8756654970003972,1.5682632917194246,1949
User01,1,7,2,2025-11-09,11,0,temperature,1.5644852673697518,1.704268492233196,1.368516749054533,2050
User01,1,7,2,2025-11-10,12,0,temperature,1.3847883400236036,1.8537180764812944,-0.8287096443146078,2171
User01,1,7,2,2025-11-11,13,0,temperature,1.3982175842524502,1.7105153370920032,1.2826599045457896,2213
User01,1,7,2,2025-11-12,14,0,temperature,1.3450295376924732,1.5438299551924861,1.1918939901923848,1512
User01,1,7,2,2025-11-13,15,0,temperature,1.424186746408011,1.6796918565439152,1.0362581898747998,2167
User01,1,7,2,2025-11-14,16,1,temperature,1.3596330153105831,1.6142021222532954,1.261343342183494,1863
User01,1,7,2,2025-11-15,17,1,temperature,1.2352428457134126,1.4449412892584443,1.10142553480501,2153
User01,1,7,2,2025-11-16,18,1,temperature,1.0401468581428233,1.218723171983382,0.9061227569732669,2210
User01,1,7,2,2025-11-17,19,1,temperature,1.410503053080146,1.614545863759466,-1.3462737079476346,2052
User01,1,7,2,2025-11-18,20,1,temperature,1.1500781824729511,1.343103947767924,-0.24516409981830767,1933
User01,1,7,2,2025-11-19,21,1,temperature,1.4832953298298628,1.7158671722294276,1.1949477713756622,2279
User01,1,7,2,2025-11-20,22,1,temperature,1.8131924673743594,2.0930251079724944,1.6938064900108811,2039
User01,1,7,2,2025-11-21,23,1,temperature,1.5456010655876185,1.7116982804485816,1.2927948317943534,680
User01,1,7,2,2025-11-22,24,1,temperature,1.6937966651170506,1.9343828949667758,1.6522230124425927,745
User01,1,7,2,2025-11-23,25,1,temperature,1.3170269101752103,1.835248808027095,0.98989319647683,684
User01,1,7,2,2025-11-24,26,1,temperature,1.550044584243867,1.738656733262283,1.5119891358833577,767
User01,1,7,2,2025-11-25,27,1,temperature,1.54249156628105,1.8940317748492899,1.4642842267122265,794
User01,1,7,2,2025-11-26,28,1,temperature,1.443303491429574,1.6539856729118647,1.2478187985581057,1001
User01,1,7,2,2025-11-27,29,1,temperature,1.2993883661152692,1.486670022068464,1.114798390458012,1400
User01,1,7,2,2025-11-28,30,1,temperature,1.0339986281038278,1.4486349508125262,0.14078189543394132,1648
User01,1,7,2,2025-11-29,31,1,temperature,1.5058577222276568,1.7358118487547936,1.401208504748626,1914
User01,1,7,2,2025-11-30,32,1,temperature,1.3549990410590456,1.6843663823323045,1.1278426115485984,1531
User01,1,7,2,2025-12-01,33,1,temperature,1.1679202404491267,1.4571046615854832,0.958691889897127,1612
User01,1,7,2,2025-12-02,34,1,temperature,1.1549030303299033,1.4287074721295405,0.8540323205964723,1643
User01,1,7,2,2025-12-03,35,1,temperature,1.020197343648398,1.4062322445634867,0.4774725226160507,1408
User01,1,7,2,2025-12-04,36,1,temperature,1.178977543398676,1.4551202934990772,0.5836786216125225,1659
User01,1,7,2,2025-12-05,37,1,temperature,1.114181280394385,1.395019602471057,0.625386023016074,2025
User01,1,7,2,2025-12-06,38,1,temperature,1.5963144839253576,1.9428305748298609,1.4630421287653805,2252
User01,1,7,2,2025-12-07,39,1,temperature,1.8119101051282192,2.071621225223875,1.7494232303866941,1818
User01,1,7,2,2025-12-08,40,1,temperature,1.8369950688873509,2.2069370553521828,1.7181843158392645,1745
User01,1,7,2,2025-12-09,41,1,temperature,1.5216816521580359,1.8363873161339566,1.3065728085475399,2059
User01,1,7,2,2025-12-10,42,1,temperature,1.5999284855315827,1.9708144169723214,1.491758776516721,1970
User01,1,7,2,2025-12-11,43,1,temperature,1.4097905482589126,1.7535669945578376,1.3152940777912177,2140
User01,1,7,2,2025-12-12,44,1,temperature,1.6010516681776,1.933789409308209,1.4608176133059154,2299
User01,1,7,2,2025-12-13,45,1,temperature,1.6442196912965774,1.93770936006474,1.30781948433098,1708
User01,1,7,2,2025-12-14,46,1,temperature,1.2133808077300718,1.7568002866544885,1.0349432693639784,1741
User01,1,7,2,2025-12-15,47,1,temperature,1.6789500171663052,1.9152260796040443,1.4040377432935018,1953
User01,1,7,2,2025-12-16,48,1,temperature,1.456087382687114,1.7575784032450736,1.2225211457701297,2264
User01,1,7,2,2025-12-17,49,1,temperature,1.8561955505664742,2.23401821756416,1.6740979022263975,2118
User01,1,7,2,2025-12-18,50,1,temperature,1.6641129800878702,1.998977170092805,1.5420921229390894,2223
User01,1,7,2,2025-12-19,51,1,temperature,1.66376706601464,1.9823582920357787,1.6181000651616901,2599
User01,1,7,2,2025-12-20,52,1,temperature,1.7219951589363403,2.061163422712256,1.5723523207476662,2063
User01,1,7,2,2025-12-21,53,1,temperature,1.7770243802193948,2.185290441678124,1.4265871709158857,1822
User01,1,7,2,2025-12-22,54,1,temperature,1.873810814273008,2.3687318491427587,1.7061832253522247,1837
User01,1,7,2,2025-12-23,55,1,temperature,3.3154193335257816,3.503531001119,3.310127196386855,1996
User01,1,7,2,2025-12-24,56,1,temperature,2.5267555953566565,2.9283940372492965,2.525795419884361,1928
User01,1,7,2,2025-12-25,57,1,temperature,1.3259339907563856,1.779710377475646,0.1689398753048335,1699
User01,1,7,2,2025-12-26,58,1,temperature,1.0718775845878623,1.552471879219048,0.12538950311695593,1490
User01,1,7,2,2025-12-27,59,1,temperature,2.3658517567661996,2.6400386109991847,2.330537638432247,903
User01,1,7,2,2025-12-28,60,1,temperature,3.0587628637888065,3.7534575739231233,3.032626395956844,1356
User01,1,7,2,2025-12-29,61,1,temperature,2.337484216131948,2.5924282920873547,2.332188481047886,930
User01,1,7,2,2025-12-30,62,1,temperature,2.3229663439312827,2.758475023999551,2.1043781139676416,905
User01,1,7,2,2025-12-31,63,1,temperature,1.0453846826201565,1.3454844942239625,-0.23332057655157434,1023
User01,1,7,2,2026-01-01,64,1,temperature,2.5952156630220764,2.8423201904624142,2.5864942031750155,878
User01,1,7,2,2026-01-02,65,1,temperature,2.2171564380089257,2.59208204364454,2.0331255231720395,1021
User01,1,7,2,2026-01-03,66,1,temperature,2.7151130677900412,2.9406772641972023,2.6695495296263236,2609
User01,1,7,2,2026-01-04,67,1,temperature,1.0747157766362851,1.665132439402682,0.2519177189152537,2249
User01,1,7,2,2026-01-05,68,1,temperature,1.1504000859227919,1.4584016908102682,-0.23425817908334925,2065
User01,1,7,2,2026-01-06,69,1,temperature,1.9010019845514319,2.167567198200907,1.888259884558327,1538
User01,1,7,2,2026-01-07,70,1,temperature,1.1780569385911277,1.7056063820476128,0.18928281646741893,2193
User01,1,7,2,2026-01-08,71,1,temperature,1.2981605240001775,1.798033939065847,0.801895391517828,2311
User01,1,7,2,2026-01-09,72,1,temperature,1.2754128283378037,1.6377303124606488,1.0533076835667718,2265
User01,1,7,2,2026-01-10,73,1,temperature,2.286966031523142,2.6517372462925035,2.2196789681055464,2236
User01,1,7,2,2026-01-11,74,1,temperature,1.554670562547746,1.858827787619162,-0.2618779247956176,2089
User01,1,7,2,2026-01-12,75,1,temperature,1.028105505623126,1.3485762676703694,-0.008871861585817717,2087
User01,1,7,2,2026-01-13,76,1,temperature,1.6357734585614783,1.937137117828816,-0.7379660917962872,2152
User01,1,7,2,2026-01-14,77,1,temperature,2.544777559168387,2.7671699765199627,2.523275193570703,1986
User01,1,7,2,2026-01-15,78,1,temperature,2.7637113870923766,3.0348864729504768,2.7551919567765473,2137
User01,1,7,2,2026-01-16,79,1,temperature,3.151358153810097,3.365577482269016,3.151093086052003,2176
User01,1,7,2,2026-01-17,80,1,temperature,2.819715123709419,3.084633739177004,2.7938503140851836,2387
User01,1,7,2,2026-01-18,81,1,temperature,2.4963984675830644,2.812037289993897,2.4858409597608007,2326
User01,1,7,2,2026-01-20,82,1,temperature,1.046409359811594,1.4661489133247176,0.6453712401503712,2010
User01,1,7,2,2026-01-21,83,1,temperature,1.373397974260538,1.6931660558050285,-0.9518127129211401,2036
User01,1,7,2,2026-01-22,84,1,temperature,1.6271987485328476,1.9112430538080734,-0.6629242918319175,1995
User01,1,7,2,2026-01-23,85,1,temperature,1.1612811855658707,1.4531548038386146,0.7712307368360007,2204
User01,1,7,2,2026-01-24,86,1,temperature,1.0381306727059074,1.440115300830988,0.4267939753015188,2467
User01,1,7,2,2026-01-25,87,1,temperature,1.0803318078670687,1.5059327998990244,0.19093913273758245,2317
User01,1,7,2,2026-01-26,88,1,temperature,1.2202582028895321,1.6560284599870234,0.6077900894206943,2093
User01,1,7,2,2026-01-27,89,1,temperature,1.0826876742620435,1.5052967016809766,0.274145612839478,2130
User01,1,7,2,2026-01-28,90,1,temperature,1.46661861401995,1.9990255136048656,0.6361752758179137,2051
User01,1,7,2,2026-01-29,91,1,temperature,1.273240854971281,1.6592419535007032,-0.4333740871243415,2076
User01,1,7,2,2026-01-30,92,1,temperature,1.4283552487671882,1.7289242866657217,1.301682700442669,2267
User01,1,7,2,2026-01-31,93,1,temperature,1.5101968898086717,1.895083116790025,1.2204465423903992,2464
User01,1,7,2,2026-02-02,94,1,temperature,2.9712978208597387,3.299507793016347,2.9494599981504273,2197
User01,1,7,2,2026-02-03,95,1,temperature,2.5824972693955623,2.9322457305960596,2.570397049668618,2300
User01,1,7,2,2026-02-04,96,1,temperature,3.204293264051108,3.455285213069591,3.195482241580755,2182
User01,1,7,2,2026-02-05,97,1,temperature,1.8162472637198277,2.4522198308331893,1.535361298434737,2108
User01,1,7,2,2026-02-06,98,1,temperature,1.9078964023561873,2.304228460060376,1.7446808466086339,2436
User01,1,7,2,2026-02-07,99,1,temperature,1.8464788466825932,2.310884582755851,0.4445076127276567,2571
User01,1,7,2,2026-02-08,100,1,temperature,1.0804752055475015,1.5594164417713698,0.02702158431706804,2147
User01,1,7,2,2026-02-10,101,1,temperature,3.2383152047718,3.461875884892774,3.2340148902007058,1923
User01,1,7,2,2026-02-11,102,1,temperature,2.487705626310104,2.87423621652881,2.449800310487688,2119
User01,1,7,2,2026-02-12,103,1,temperature,2.9033059194937287,3.268046163276024,2.8830782561654216,2293
User01,1,7,2,2026-02-13,104,1,temperature,3.23677656211493,3.5828734535488644,3.155341104178746,2453
User01,1,7,2,2026-02-14,105,1,temperature,3.701745998806064,3.8885243485440877,3.701745998806064,1960
User01,1,7,2,2026-02-15,106,1,temperature,3.5446325687617977,3.7645943597242786,3.5433400428965447,2121
User01,1,7,2,2026-02-16,107,1,temperature,3.714128574969531,3.9569336543284677,3.7125339835630617,1936
User01,1,7,2,2026-02-17,108,1,temperature,3.294712073432282,3.6002927660211164,3.293476079697378,2464
User01,1,7,2,2026-02-18,109,1,temperature,3.0255673768751725,3.412988595704756,2.9913598568728905,2048
User01,1,7,2,2026-02-19,110,1,temperature,3.91413679502403,4.140257876819097,3.890631364848494,2107
User01,1,7,2,2026-02-20,111,1,temperature,3.5181367843810536,3.743236884233065,3.512798521337271,2302
User01,1,7,2,2026-02-21,112,1,temperature,3.630724057024357,3.9581077005458494,3.624525721628768,2820
User01,1,7,2,2026-02-22,113,1,temperature,3.9322519007269525,4.089367210857142,3.9322519007269525,2373
User01,1,7,2,2026-02-23,114,1,temperature,3.056516224906779,3.394923460515242,3.0143499647906755,2083
User01,1,7,2,2026-02-24,115,1,temperature,3.33014472768451,3.773027211459778,3.212846391394816,1207
User01,1,7,2,2026-02-25,116,1,temperature,3.3675702015246585,3.743004856918297,3.3493207164242222,2099
User01,1,7,2,2026-02-26,117,1,temperature,3.7330131347403626,4.03196030556909,3.7195890637301017,2079
User01,1,7,2,2026-02-27,118,1,temperature,3.632165838517771,3.9545713617574925,3.6174304087667695,2151
User01,1,7,2,2026-02-28,119,1,temperature,3.7726434363549894,3.9549453554236855,3.7596534471750744,2194
User01,1,7,2,2026-03-01,120,1,temperature,3.1517287759276167,3.577852899206711,3.025821543153618,2443
User01,1,7,2,2026-03-02,121,1,temperature,3.215077757329973,3.5316438691108187,3.2113991850452495,2213
User01,1,7,2,2026-03-03,122,1,temperature,3.6131210727635525,3.83694530703668,3.6131210727635525,2023
User01,1,7,2,2026-03-04,123,1,temperature,2.913155432898325,3.2170299945749585,2.8529605580953774,2026
User01,1,7,2,2026-03-05,124,1,temperature,2.6130573668829755,2.9764646029140307,2.5440511824535372,1574
User01,1,7,2,2026-03-06,125,1,temperature,3.303678148815025,3.5485195499893454,3.296362533881311,2284
User01,1,7,2,2026-03-07,126,1,temperature,3.652676892029103,3.823307730648743,3.651119302956271,2179
User01,1,7,2,2026-03-08,127,1,temperature,1.796396626257942,2.3172250852581397,1.6513041695541333,2170
User01,1,7,2,2026-03-09,128,1,temperature,2.179809732697234,2.643037876107089,2.00639458778891,2207
User01,1,7,2,2026-03-10,129,1,temperature,2.9041099406990916,3.2300709595983816,2.864828585049083,1973
User01,1,7,2,2026-03-11,130,1,temperature,3.1616178242763544,3.688577391054675,3.045401801003961,2264
User01,1,7,2,2026-03-12,131,1,temperature,5.023064862989469,5.314295374597474,4.600452334893969,2192
User01,1,7,2,2026-03-13,132,1,temperature,3.49390513949814,3.8643858955857158,3.459791602695259,2280
User01,1,7,2,2026-03-14,133,1,temperature,3.202225137138952,3.5237180233790064,3.189778369617934,2131
User01,1,7,2,2026-03-15,134,1,temperature,3.325304768008565,3.560802446369664,3.3240454573973954,2218
User01,1,7,2,2026-03-16,135,1,temperature,3.333092464405229,3.5576084598745354,3.332749371821763,2087
User01,1,7,2,2026-03-17,136,1,temperature,4.4397351923036545,4.5372721413990025,4.4397351923036545,1903
User01,1,7,2,2026-03-18,137,1,temperature,3.8261977322264626,4.113809844664873,3.771054454962717,2062
User01,1,7,2,2026-03-19,138,1,temperature,5.5329429818501845,5.623915712103807,5.5329429818501845,1764
User01,1,7,2,2026-03-20,139,1,temperature,4.876994717454994,5.124001892981922,4.860074374519068,2085
User01,1,7,2,2026-03-21,140,1,temperature,3.4401213176149446,3.642019621458069,3.4401213176149446,2246
User01,1,7,2,2026-03-22,141,1,temperature,3.2435098195133905,3.5201053934468596,3.2278193991017594,1747
User01,1,7,2,2026-03-23,142,1,temperature,4.589131532515698,4.701918320543704,4.588687530905625,1957
User01,1,7,2,2026-03-24,143,1,temperature,5.207896025765694,5.310230131492597,5.207896025765694,1934
User01,1,7,2,2026-03-25,144,1,temperature,3.515546797603902,3.7669740293453797,3.5140608281399803,1786
User01,1,7,2,2026-03-26,145,1,temperature,3.781382525476922,3.9292777824340175,3.780729916729614,1939
User01,1,7,2,2026-03-27,146,1,temperature,3.8103938260790913,3.9857040714005465,3.8094881985381575,2191
User01,1,7,2,2026-03-28,147,1,temperature,3.3855189419794156,3.612864605453763,3.383232910918361,2010
User01,1,7,2,2026-03-29,148,1,temperature,3.732091281592936,3.9087374519071307,3.7318829207696678,1755
User01,1,7,2,2026-03-30,149,1,temperature,3.6349149661022553,3.8465167413992982,3.634547982659996,2029
User01,1,7,2,2026-03-31,150,1,temperature,3.8052352203813093,3.9329653504057096,3.8052352203813093,1790
User01,1,7,2,2026-04-01,151,1,temperature,3.353726030054483,3.571287047805741,3.353056044406932,2021
User01,1,7,2,2025-11-07,9,0,humidity,13.940831000720834,16.347653146351316,13.761132026555583,1810
User01,1,7,2,2025-11-08,10,0,humidity,11.071248038054122,12.755616027026807,10.789170213485114,1949
User01,1,7,2,2025-11-09,11,0,humidity,23.267316518316864,24.235844607812208,23.267316518316864,2050
User01,1,7,2,2025-11-10,12,0,humidity,36.310363624508405,36.97253605711564,36.310363624508405,2171
User01,1,7,2,2025-11-11,13,0,humidity,24.057586539158834,24.96416486187283,24.057586539158834,2213
User01,1,7,2,2025-11-12,14,0,humidity,23.06481703822298,23.805663857407758,23.06481703822298,1512
User01,1,7,2,2025-11-13,15,0,humidity,23.370398786260942,24.2559899228561,23.370398786260942,2167
User01,1,7,2,2025-11-14,16,1,humidity,27.02718544563085,27.728500772246118,27.02718544563085,1863
User01,1,7,2,2025-11-15,17,1,humidity,25.293717722802448,26.067243014007936,25.293717722802448,2153
User01,1,7,2,2025-11-16,18,1,humidity,25.235958589476596,26.181677956463666,25.235958589476596,2210
User01,1,7,2,2025-11-17,19,1,humidity,46.169961946794736,46.50245969487085,46.169961946794736,2052
User01,1,7,2,2025-11-18,20,1,humidity,46.03827489832765,46.40723799269509,46.03827489832765,1933
User01,1,7,2,2025-11-19,21,1,humidity,32.416403253180874,33.14490607141545,32.416403253180874,2279
User01,1,7,2,2025-11-20,22,1,humidity,31.696454657249895,32.162124697946524,31.696454657249895,2039
User01,1,7,2,2025-11-21,23,1,humidity,30.86972075620987,31.42741338524359,30.86972075620987,680
User01,1,7,2,2025-11-22,24,1,humidity,25.814823297168825,26.58409222731105,25.814823297168825,745
User01,1,7,2,2025-11-23,25,1,humidity,20.561840163338967,21.992149099525122,20.559599864773734,684
User01,1,7,2,2025-11-24,26,1,humidity,20.68402590883083,21.50018434950111,20.68402590883083,767
User01,1,7,2,2025-11-25,27,1,humidity,24.656134510922477,25.50241499085956,24.656134510922477,794
User01,1,7,2,2025-11-26,28,1,humidity,27.521048320998773,28.102032529511103,27.521048320998773,1001
User01,1,7,2,2025-11-27,29,1,humidity,31.94972319892998,32.474378955232595,31.94972319892998,1400
User01,1,7,2,2025-11-28,30,1,humidity,38.66673674159885,39.08921344096622,38.66673674159885,1648
User01,1,7,2,2025-11-29,31,1,humidity,29.431674657159697,30.369664005177825,29.431674657159697,1914
User01,1,7,2,2025-11-30,32,1,humidity,24.516255915806344,25.72507459626456,24.516255915806344,1531
User01,1,7,2,2025-12-01,33,1,humidity,36.63236014828785,37.08622966721382,36.63236014828785,1612
User01,1,7,2,2025-12-02,34,1,humidity,48.04135173480206,48.4146585445208,48.04135173480206,1643
User01,1,7,2,2025-12-03,35,1,humidity,48.202464820128654,48.67683211793868,48.202464820128654,1408
User01,1,7,2,2025-12-04,36,1,humidity,42.58851545930775,42.9830978126361,42.58851545930775,1659
User01,1,7,2,2025-12-05,37,1,humidity,40.84969427150501,41.43737461890656,40.84969427150501,2025
User01,1,7,2,2025-12-06,38,1,humidity,28.26633216394495,28.99994707093275,28.26633216394495,2252
User01,1,7,2,2025-12-07,39,1,humidity,21.895458615960077,23.316833994895376,21.895458615960077,1818
User01,1,7,2,2025-12-08,40,1,humidity,33.36554547439304,34.116455421181236,33.36554547439304,1745
User01,1,7,2,2025-12-09,41,1,humidity,32.705440995030635,33.222703141588624,32.705440995030635,2059
User01,1,7,2,2025-12-10,42,1,humidity,25.893609122349293,26.795953609616426,25.893609122349293,1970
User01,1,7,2,2025-12-11,43,1,humidity,34.13459299193044,34.65727578403037,34.13459299193044,2140
User01,1,7,2,2025-12-12,44,1,humidity,29.84639674654241,30.347630824191082,29.84639674654241,2299
User01,1,7,2,2025-12-13,45,1,humidity,31.641354298902616,32.44548095903549,31.641354298902616,1708
User01,1,7,2,2025-12-14,46,1,humidity,31.785384411737088,32.361794663436086,31.785384411737088,1741
User01,1,7,2,2025-12-15,47,1,humidity,28.70835276467943,29.54762533599863,28.70835276467943,1953
User01,1,7,2,2025-12-16,48,1,humidity,24.313167824990714,25.27741203973309,24.313167824990714,2264
User01,1,7,2,2025-12-17,49,1,humidity,26.59685055354307,27.48521766649477,26.59685055354307,2118
User01,1,7,2,2025-12-18,50,1,humidity,29.497382385201817,30.49006933679854,29.497382385201817,2223
User01,1,7,2,2025-12-19,51,1,humidity,26.43190063709579,27.43137676420424,26.43190063709579,2599
User01,1,7,2,2025-12-20,52,1,humidity,24.942114381108535,26.63386307110764,24.942114381108535,2063
User01,1,7,2,2025-12-21,53,1,humidity,32.14734852958211,32.9608208725806,32.14734852958211,1822
User01,1,7,2,2025-12-22,54,1,humidity,35.175673347026255,35.92445639833534,35.175673347026255,1837
User01,1,7,2,2025-12-23,55,1,humidity,33.824550777522994,34.819442482085506,33.824550777522994,1996
User01,1,7,2,2025-12-24,56,1,humidity,33.75569530174256,34.28118683938804,33.75569530174256,1928
User01,1,7,2,2025-12-25,57,1,humidity,32.936352255614345,33.864244116047495,32.936352255614345,1699
User01,1,7,2,2025-12-26,58,1,humidity,41.32870378918747,42.28659794945965,41.32870378918747,1490
User01,1,7,2,2025-12-27,59,1,humidity,25.66555074570008,26.43060149435835,25.66555074570008,903
User01,1,7,2,2025-12-28,60,1,humidity,25.051332793965695,26.564681728699412,25.051332793965695,1356
User01,1,7,2,2025-12-29,61,1,humidity,24.582316431933823,25.440032620433573,24.582316431933823,930
User01,1,7,2,2025-12-30,62,1,humidity,33.97540871525404,34.76728785492819,33.97540871525404,905
User01,1,7,2,2025-12-31,63,1,humidity,38.67037590193112,39.28870244704423,38.67037590193112,1023
User01,1,7,2,2026-01-01,64,1,humidity,42.05796219630934,42.57482207741833,42.05796219630934,878
User01,1,7,2,2026-01-02,65,1,humidity,35.89314151724302,36.55244848842848,35.89314151724302,1021
User01,1,7,2,2026-01-03,66,1,humidity,38.638751425391256,39.2904088883064,38.638751425391256,2609
User01,1,7,2,2026-01-04,67,1,humidity,37.99295690508866,38.396200175136876,37.99295690508866,2249
User01,1,7,2,2026-01-05,68,1,humidity,37.456753675394026,37.986686914947235,37.456753675394026,2065
User01,1,7,2,2026-01-06,69,1,humidity,38.15888867812001,38.67035688175415,38.15888867812001,1538
User01,1,7,2,2026-01-07,70,1,humidity,42.417880714302655,43.10725171778992,42.417880714302655,2193
User01,1,7,2,2026-01-08,71,1,humidity,47.31882851400492,47.697893509709075,47.31882851400492,2311
User01,1,7,2,2026-01-09,72,1,humidity,37.54901563794576,38.24087728840697,37.54901563794576,2265
User01,1,7,2,2026-01-10,73,1,humidity,44.140270755663046,44.669081847772176,44.140270755663046,2236
User01,1,7,2,2026-01-11,74,1,humidity,48.441076077776415,48.90196919907442,48.441076077776415,2089
User01,1,7,2,2026-01-12,75,1,humidity,45.15019815735649,45.633523565025946,45.15019815735649,2087
User01,1,7,2,2026-01-13,76,1,humidity,45.37835494552077,45.880500377625715,45.37835494552077,2152
User01,1,7,2,2026-01-14,77,1,humidity,29.881173128413074,31.490520669834158,29.881173128413074,1986
User01,1,7,2,2026-01-15,78,1,humidity,23.655344858898122,24.86696032732198,23.655344858898122,2137
User01,1,7,2,2026-01-16,79,1,humidity,26.930443540757082,27.58790766420635,26.930443540757082,2176
User01,1,7,2,2026-01-17,80,1,humidity,32.62250571358596,33.43892807600618,32.62250571358596,2387
User01,1,7,2,2026-01-18,81,1,humidity,28.03570586814613,28.663370386353517,28.03570586814613,2326
User01,1,7,2,2026-01-20,82,1,humidity,43.65969321154096,44.03216073794504,43.65969321154096,2010
User01,1,7,2,2026-01-21,83,1,humidity,47.68528550037306,48.129783479590074,47.68528550037306,2036
User01,1,7,2,2026-01-22,84,1,humidity,43.746153132579906,44.232486445564525,43.746153132579906,1995
User01,1,7,2,2026-01-23,85,1,humidity,37.78204629348229,38.41339116967725,37.78204629348229,2204
User01,1,7,2,2026-01-24,86,1,humidity,38.13103074003889,38.61007045508879,38.13103074003889,2467
User01,1,7,2,2026-01-25,87,1,humidity,38.36730098887885,39.40068948119827,38.36730098887885,2317
User01,1,7,2,2026-01-26,88,1,humidity,40.00006672230804,40.92338543459165,40.00006672230804,2093
User01,1,7,2,2026-01-27,89,1,humidity,42.73434943634995,43.40048864113726,42.73434943634995,2130
User01,1,7,2,2026-01-28,90,1,humidity,39.81338631629618,40.68151487083689,39.81338631629618,2051
User01,1,7,2,2026-01-29,91,1,humidity,41.33467298865402,42.04710703906811,41.33467298865402,2076
User01,1,7,2,2026-01-30,92,1,humidity,41.573883961380844,42.139231724237426,41.573883961380844,2267
User01,1,7,2,2026-01-31,93,1,humidity,41.501388338065574,42.24660020975417,41.501388338065574,2464
User01,1,7,2,2026-02-02,94,1,humidity,34.29640339019606,35.48606551715205,34.29640339019606,2197
User01,1,7,2,2026-02-03,95,1,humidity,30.645972615592136,32.03614913353919,30.645972615592136,2300
User01,1,7,2,2026-02-04,96,1,humidity,23.35323090144836,25.170810432989565,23.336062525452405,2182
User01,1,7,2,2026-02-05,97,1,humidity,31.638827356784237,32.501745086754276,31.638827356784237,2108
User01,1,7,2,2026-02-06,98,1,humidity,37.54715614974387,38.28097815580928,37.54715614974387,2436
User01,1,7,2,2026-02-07,99,1,humidity,39.793372790407005,40.35911240939459,39.793372790407005,2571
User01,1,7,2,2026-02-08,100,1,humidity,37.64388123674509,38.35682136950158,37.64388123674509,2147
User01,1,7,2,2026-02-10,101,1,humidity,25.304043211622112,26.299661518475435,25.304043211622112,1923
User01,1,7,2,2026-02-11,102,1,humidity,32.202535202277225,33.26027614302797,32.202535202277225,2119
User01,1,7,2,2026-02-12,103,1,humidity,28.42098360407558,29.48146370783736,28.42098360407558,2293
User01,1,7,2,2026-02-13,104,1,humidity,21.857876398013353,23.94140726947813,21.857876398013353,2453
User01,1,7,2,2026-02-14,105,1,humidity,12.572380505078659,15.571654537199624,11.576579933800467,1960
User01,1,7,2,2026-02-15,106,1,humidity,24.530680064022565,26.379222667861775,24.530680064022565,2121
User01,1,7,2,2026-02-16,107,1,humidity,29.37764209722972,30.21456784443109,29.37764209722972,1936
User01,1,7,2,2026-02-17,108,1,humidity,31.576495304840076,32.79300129290195,31.576495304840076,2464
User01,1,7,2,2026-02-18,109,1,humidity,26.371236546283072,27.90933019492531,26.371236546283072,2048
User01,1,7,2,2026-02-19,110,1,humidity,27.940607082311818,29.41802218679164,27.940607082311818,2107
User01,1,7,2,2026-02-20,111,1,humidity,23.8764760576858,24.856659957521707,23.8764760576858,2302
User01,1,7,2,2026-02-21,112,1,humidity,22.42049060734828,24.03772485194195,22.42049060734828,2820
User01,1,7,2,2026-02-22,113,1,humidity,26.216458817754557,27.47687271923544,26.216458817754557,2373
User01,1,7,2,2026-02-23,114,1,humidity,33.3039925941574,34.30339080204966,33.3039925941574,2083
User01,1,7,2,2026-02-24,115,1,humidity,34.366545628798775,36.00620556378288,34.366545628798775,1207
User01,1,7,2,2026-02-25,116,1,humidity,27.54988102185706,29.35070044399136,27.54988102185706,2099
User01,1,7,2,2026-02-26,117,1,humidity,22.448627423198726,23.60343105022314,22.448627423198726,2079
User01,1,7,2,2026-02-27,118,1,humidity,18.804552563640602,20.080817168168238,18.804552563640602,2151
User01,1,7,2,2026-02-28,119,1,humidity,18.437877528809423,20.21099107234454,18.437877528809423,2194
User01,1,7,2,2026-03-01,120,1,humidity,13.246111843434091,15.889933077406228,13.006050818573959,2443
User01,1,7,2,2026-03-02,121,1,humidity,28.702756359152367,29.48312173053623,28.702756359152367,2213
User01,1,7,2,2026-03-03,122,1,humidity,20.34897477680406,21.731325844359223,20.34897477680406,2023
User01,1,7,2,2026-03-04,123,1,humidity,22.537131168733822,24.057087848033248,22.537131168733822,2026
User01,1,7,2,2026-03-05,124,1,humidity,33.108741399400394,33.93425787502587,33.108741399400394,1574
User01,1,7,2,2026-03-06,125,1,humidity,28.325055176179372,29.063641664012767,28.325055176179372,2284
User01,1,7,2,2026-03-07,126,1,humidity,33.16445323724755,34.14981538695055,33.16445323724755,2179
User01,1,7,2,2026-03-08,127,1,humidity,34.89846978659142,35.71466388954365,34.89846978659142,2170
User01,1,7,2,2026-03-09,128,1,humidity,25.376645738797794,26.238985950458133,25.376645738797794,2207
User01,1,7,2,2026-03-10,129,1,humidity,29.28023745653531,30.314738250988626,29.28023745653531,1973
User01,1,7,2,2026-03-11,130,1,humidity,27.161868331879454,28.123015253822672,27.161868331879454,2264
User01,1,7,2,2026-03-12,131,1,humidity,23.075560100297558,26.18104787413426,23.075560100297558,2192
User01,1,7,2,2026-03-13,132,1,humidity,24.291239958810717,25.333684413702795,24.291239958810717,2280
User01,1,7,2,2026-03-14,133,1,humidity,25.085794270283078,26.14229058113052,25.085794270283078,2131
User01,1,7,2,2026-03-15,134,1,humidity,24.78853023793247,26.84009328576955,24.78853023793247,2218
User01,1,7,2,2026-03-16,135,1,humidity,29.04928299117791,30.397551634937685,29.04928299117791,2087
User01,1,7,2,2026-03-17,136,1,humidity,23.359993138019647,24.849659595217172,23.359993138019647,1903
User01,1,7,2,2026-03-18,137,1,humidity,25.58671267296732,26.369150696154303,25.58671267296732,2062
User01,1,7,2,2026-03-19,138,1,humidity,24.276844544069277,26.15932034062191,24.276844544069277,1764
User01,1,7,2,2026-03-20,139,1,humidity,22.10433729674786,23.970362770071464,22.10433729674786,2085
User01,1,7,2,2026-03-21,140,1,humidity,24.315866428941334,27.63578012709416,24.315866428941334,2246
User01,1,7,2,2026-03-22,141,1,humidity,23.021761122332943,24.291367485506292,23.021761122332943,1747
User01,1,7,2,2026-03-23,142,1,humidity,14.765872011397647,17.3894945618029,14.732366058153472,1957
User01,1,7,2,2026-03-24,143,1,humidity,14.849179285351374,17.772928673812963,14.83404822778728,1934
User01,1,7,2,2026-03-25,144,1,humidity,20.715024992928704,23.275244495339802,20.711754737631107,1786
User01,1,7,2,2026-03-26,145,1,humidity,19.562621019005114,21.39817704167895,19.562621019005114,1939
User01,1,7,2,2026-03-27,146,1,humidity,17.355632791370613,19.00995714489435,17.35355326343398,2191
User01,1,7,2,2026-03-28,147,1,humidity,15.156394830819888,17.82719005537532,15.14587944697316,2010
User01,1,7,2,2026-03-29,148,1,humidity,22.221857007188596,23.68415468204366,22.221857007188596,1755
User01,1,7,2,2026-03-30,149,1,humidity,14.379894262124049,16.056426988575655,14.374619894527987,2029
User01,1,7,2,2026-03-31,150,1,humidity,12.663958296163964,15.589790274542375,12.536365718081903,1790
User01,1,7,2,2026-04-01,151,1,humidity,17.12735328930246,19.02561015857977,17.12735328930246,2021
User01,1,14,0,2025-11-14,16,1,temperature,0.918757469676448,1.064506136780944,0.45503906063225413,1863
User01,1,14,0,2025-11-15,17,1,temperature,0.8281121605384291,0.9736425270847896,0.3389265583391332,2153
User01,1,14,0,2025-11-16,18,1,temperature,0.7658479508350001,0.9235857784715263,0.26759182591369585,2210
User01,1,14,0,2025-11-17,19,1,temperature,2.088487199060065,2.2395807369441716,-2.0855798167537682,2052
User01,1,14,0,2025-11-18,20,1,temperature,1.3131427096962487,1.5258805899536212,-0.9484531948779352,1933
User01,1,14,0,2025-11-19,21,1,temperature,1.0965406369773214,1.2454370679690263,0.5109934665077878,2279
User01,1,14,0,2025-11-20,22,1,temperature,1.1435653933221488,1.3657515932870667,0.826354784800301,2039
User01,1,14,0,2025-11-21,23,1,temperature,1.0514380411317275,1.2229967598814002,0.6327696849660001,680
User01,1,14,0,2025-11-22,24,1,temperature,1.0390726214065797,1.2770624502479155,0.8945608988782193,745
User01,1,14,0,2025-11-23,25,1,temperature,0.9969555742244001,1.3784579577303953,0.12155709090299975,684
User01,1,14,0,2025-11-24,26,1,temperature,0.8741982860572761,1.0583419721187746,0.7126200713182028,767
User01,1,14,0,2025-11-25,27,1,temperature,1.0561182231778792,1.4056979604266098,0.816549688503208,794
User01,1,14,0,2025-11-26,28,1,temperature,0.999093944288909,1.1792465759377673,0.4762904322949833,1001
User01,1,14,0,2025-11-27,29,1,temperature,0.9161569978568032,1.1001401833634332,0.3597956531775831,1400
User01,1,14,0,2025-11-28,30,1,temperature,1.1963446485575453,1.4477639190443117,-0.6875934743423555,1648
User01,1,14,0,2025-11-29,31,1,temperature,1.0459745123214843,1.231127356903485,0.7543779505494292,1914
User01,1,14,0,2025-11-30,32,1,temperature,0.9369986229660998,1.1824596258263294,0.37846479626029195,1531
User01,1,14,0,2025-12-01,33,1,temperature,0.8016719560084552,0.9819767105558904,0.2043602865755002,1612
User01,1,14,0,2025-12-02,34,1,temperature,0.9076092610072233,1.0737751870216365,0.009074717337576272,1643
User01,1,14,0,2025-12-03,35,1,temperature,0.9055395815237106,1.217776133396488,-0.23742178792409033,1408
User01,1,14,0,2025-12-04,36,1,temperature,1.0436777286099002,1.264914723784401,-0.12204239597297137,1659
User01,1,14,0,2025-12-05,37,1,temperature,1.0219257086618567,1.231803539192339,0.04317479122376385,2025
User01,1,14,0,2025-12-06,38,1,temperature,1.0608399203655932,1.3068091563031954,0.6131025571012791,2252
User01,1,14,0,2025-12-07,39,1,temperature,1.3743981483308252,1.6320891898613468,1.2222964162701402,1818
User01,1,14,0,2025-12-08,40,1,temperature,1.0963352231927976,1.4737776348463112,0.8405174941908834,1745
User01,1,14,0,2025-12-09,41,1,temperature,1.2151513707712909,1.525429752407261,0.7448204104948237,2059
User01,1,14,0,2025-12-10,42,1,temperature,1.063516656329455,1.3760650127554628,0.6097859234114168,1970
User01,1,14,0,2025-12-11,43,1,temperature,0.8030279399967385,1.1916382858269117,0.4666141748765029,2140
User01,1,14,0,2025-12-12,44,1,temperature,1.1401854804278713,1.4281090646517145,0.7672881911682691,2299
User01,1,14,0,2025-12-13,45,1,temperature,1.1684553484882831,1.4268259605765572,0.588062543196426,1708
User01,1,14,0,2025-12-14,46,1,temperature,0.9299052165439639,1.4160574047219667,0.4784786736925933,1741
User01,1,14,0,2025-12-15,47,1,temperature,1.1129289348259739,1.2992016996259275,0.6908820681163843,1953
User01,1,14,0,2025-12-16,48,1,temperature,1.0479021383514495,1.3232672070856546,0.7702089390450134,2264
User01,1,14,0,2025-12-17,49,1,temperature,1.3361989759877975,1.7047340023373487,1.0052668579777442,2118
User01,1,14,0,2025-12-18,50,1,temperature,1.1645069176847591,1.4492248677682873,0.9007435766334498,2223
User01,1,14,0,2025-12-19,51,1,temperature,1.2532398778992675,1.5503307416917538,1.1521822062725082,2599
User01,1,14,0,2025-12-20,52,1,temperature,1.3233542144999932,1.6514466501631484,1.2290474037942383,2063
User01,1,14,0,2025-12-21,53,1,temperature,1.4111795437871029,1.8766963215994215,1.006962651722041,1822
User01,1,14,0,2025-12-22,54,1,temperature,1.6968967925759435,2.1372959696540375,1.3304318108271334,1837
User01,1,14,0,2025-12-23,55,1,temperature,2.884290251754607,3.087206167276396,2.8729862172338994,1996
User01,1,14,0,2025-12-24,56,1,temperature,1.8762774007014622,2.2830452457369557,1.809600335295568,1928
User01,1,14,0,2025-12-25,57,1,temperature,1.168307750329933,1.5919718300397352,0.07661720102813913,1699
User01,1,14,0,2025-12-26,58,1,temperature,1.0665484135409025,1.516160472493978,-0.009242016551333535,1490
User01,1,14,0,2025-12-27,59,1,temperature,2.1106365756021352,2.3908010708616,2.053035075007761,903
User01,1,14,0,2025-12-28,60,1,temperature,2.704531818688984,3.302967243977628,2.6917002007655633,1356
User01,1,14,0,2025-12-29,61,1,temperature,1.8086220764026069,2.0827224439433847,1.8035861574087086,930
User01,1,14,0,2025-12-30,62,1,temperature,1.915593845824743,2.3123459575238363,1.8074686888610223,905
User01,1,14,0,2025-12-31,63,1,temperature,1.1498970875625023,1.4728763008295984,-0.5444534624685399,1023
User01,1,14,0,2026-01-01,64,1,temperature,2.189689515672249,2.4337837676135363,2.115700118167611,878
User01,1,14,0,2026-01-02,65,1,temperature,1.9646336537377491,2.264295517505735,1.7473193504843483,1021
User01,1,14,0,2026-01-03,66,1,temperature,2.222348868641922,2.463656777526055,2.166715772194618,2609
User01,1,14,0,2026-01-04,67,1,temperature,1.1746157736127327,1.5973897632947314,-0.26234262205309083,2249
User01,1,14,0,2026-01-05,68,1,temperature,1.3011453348270021,1.5677581027914569,-0.7420663273961893,2065
User01,1,14,0,2026-01-06,69,1,temperature,1.1684971719268549,1.385079262396412,0.9801157822123199,1538
User01,1,14,0,2026-01-07,70,1,temperature,1.3361045032883692,1.7311451735971966,-0.3228536284706723,2193
User01,1,14,0,2026-01-08,71,1,temperature,1.1964876621336036,1.5617312439975597,0.1110383182380821,2311
User01,1,14,0,2026-01-09,72,1,temperature,1.0515872021287214,1.3215035145879797,0.49032247500625414,2265
User01,1,14,0,2026-01-10,73,1,temperature,2.0843145298961034,2.4401232198248297,1.9481291766674032,2236
User01,1,14,0,2026-01-11,74,1,temperature,1.8607847097991757,2.1059215944893577,-0.9970165871272556,2089
User01,1,14,0,2026-01-12,75,1,temperature,1.2352459709353358,1.56260357491531,-0.5155162519585023,2087
User01,1,14,0,2026-01-13,76,1,temperature,1.9222239559633667,2.271916688450619,-1.2673753204941343,2152
User01,1,14,0,2026-01-14,77,1,temperature,2.016334057851975,2.249541060782321,1.9736109161521453,1986
User01,1,14,0,2026-01-15,78,1,temperature,2.3489949439422144,2.6189515277597266,2.3139587641178214,2137
User01,1,14,0,2026-01-16,79,1,temperature,2.657043591737055,2.870685897983461,2.6568866398263444,2176
User01,1,14,0,2026-01-17,80,1,temperature,2.13765253687993,2.4122461004248676,2.092937665738202,2387
User01,1,14,0,2026-01-18,81,1,temperature,2.0822753855638436,2.4066936049198735,2.0487790719729073,2326
User01,1,14,0,2026-01-20,82,1,temperature,0.8927723334384924,1.3445215708985156,0.0744151829924482,2010
User01,1,14,0,2026-01-21,83,1,temperature,1.747526840897041,1.9892427971130517,-1.372516039420973,2036
User01,1,14,0,2026-01-22,84,1,temperature,1.9299669212369308,2.2093398161368496,-1.1310953437416118,1995
User01,1,14,0,2026-01-23,85,1,temperature,0.889476395562086,1.1564504635652197,0.3491090533497509,2204
User01,1,14,0,2026-01-24,86,1,temperature,1.1696202184025408,1.3941240188210955,-0.18678355034103972,2467
User01,1,14,0,2026-01-25,87,1,temperature,1.196200354532974,1.4767590974298719,-0.7891369058705737,2317
User01,1,14,0,2026-01-26,88,1,temperature,1.2643963423175866,1.5854054308093155,-0.8657782200519113,2093
User01,1,14,0,2026-01-27,89,1,temperature,1.3936733764761864,1.5470814979361276,-0.9818077075727032,2130
User01,1,14,0,2026-01-28,90,1,temperature,1.4676727464719221,1.6566426269106018,-0.7030385889143453,2051
User01,1,14,0,2026-01-29,91,1,temperature,1.9567771780063412,2.0953561418476148,-1.6107734140356114,2076
User01,1,14,0,2026-01-30,92,1,temperature,0.7408194327686034,0.9267125195132808,-0.12549526228440783,2267
User01,1,14,0,2026-01-31,93,1,temperature,0.9519055302671331,1.1878674296662002,-0.27372092139043513,2464
User01,1,14,0,2026-02-02,94,1,temperature,1.7042953102265919,1.9611828664557365,1.6824195155512511,2197
User01,1,14,0,2026-02-03,95,1,temperature,1.3727315364277195,1.7015853457446923,1.1906866097301432,2300
User01,1,14,0,2026-02-04,96,1,temperature,1.8629633771665495,2.0953791300418043,1.8006569111661592,2182
User01,1,14,0,2026-02-05,97,1,temperature,1.1637281509037827,1.6413122420375739,0.1610737913443258,2108
User01,1,14,0,2026-02-06,98,1,temperature,0.7706801317293026,1.1328400067211604,0.38358605205733126,2436
User01,1,14,0,2026-02-07,99,1,temperature,1.9111171864214975,2.1668113442199206,-0.9566169620390825,2571
User01,1,14,0,2026-02-08,100,1,temperature,1.422332418229352,1.6445194993351862,-1.1483093431126439,2147
User01,1,14,0,2026-02-10,101,1,temperature,1.972643838940817,2.2059803413957306,1.9577818632553359,1923
User01,1,14,0,2026-02-11,102,1,temperature,1.1557253250020119,1.532899693379064,1.036511536831694,2119
User01,1,14,0,2026-02-12,103,1,temperature,1.3708955393098954,1.726673790022992,1.3070748382818311,2293
User01,1,14,0,2026-02-13,104,1,temperature,1.9553037273121212,2.259420528783193,1.8471938552921454,2453
User01,1,14,0,2026-02-14,105,1,temperature,2.2311206842420557,2.3910367244383313,2.2270700514136257,1960
User01,1,14,0,2026-02-15,106,1,temperature,2.078772467725683,2.347200375072734,2.0787505813722396,2121
User01,1,14,0,2026-02-16,107,1,temperature,2.2271832726308096,2.4579054572322465,2.182228455106172,1936
User01,1,14,0,2026-02-17,108,1,temperature,1.9689483955867915,2.269619312092022,1.9212547728452292,2464
User01,1,14,0,2026-02-18,109,1,temperature,1.8641465247875786,2.1846501938954415,1.8104667743708105,2048
User01,1,14,0,2026-02-19,110,1,temperature,2.308492720886464,2.4892462680139658,2.3053924987356984,2107
User01,1,14,0,2026-02-20,111,1,temperature,2.188692207820827,2.4125590864532205,2.1870297138730397,2302
User01,1,14,0,2026-02-21,112,1,temperature,2.117369932847062,2.3996901382104245,2.107905738915368,2820
User01,1,14,0,2026-02-22,113,1,temperature,2.5594053775928716,2.6625303996710357,2.5594053775928716,2373
User01,1,14,0,2026-02-23,114,1,temperature,1.7468759405981675,2.051601469760873,1.611595886973249,2083
User01,1,14,0,2026-02-24,115,1,temperature,2.09164836750369,2.4019461627782195,1.9214774927955907,1207
User01,1,14,0,2026-02-25,116,1,temperature,1.7471172957022532,2.0884865074650043,1.61931095166711,2099
User01,1,14,0,2026-02-26,117,1,temperature,2.3424134351051165,2.524997550541576,2.340034302306676,2079
User01,1,14,0,2026-02-27,118,1,temperature,2.214752613575461,2.4347613129283316,2.1805388057733883,2151
User01,1,14,0,2026-02-28,119,1,temperature,2.4184050190464554,2.565322964514494,2.3888450765445293,2194
User01,1,14,0,2026-03-01,120,1,temperature,2.0278169563292208,2.3104837440676214,1.8314417796178297,2443
User01,1,14,0,2026-03-02,121,1,temperature,1.881205794320165,2.230140024202048,1.8781979775706117,2213
User01,1,14,0,2026-03-03,122,1,temperature,2.3078346791858664,2.5825799891465677,2.2896680286481548,2023
User01,1,14,0,2026-03-04,123,1,temperature,1.6827182612793283,1.9663166868222322,1.601064130664594,2026
User01,1,14,0,2026-03-05,124,1,temperature,1.4050042178890416,1.7599584226242442,1.3087735624045902,1574
User01,1,14,0,2026-03-06,125,1,temperature,1.982770753694204,2.2009472899251366,1.9727472425068182,2284
User01,1,14,0,2026-03-07,126,1,temperature,2.2286451919865002,2.3865736307859535,2.226285243219109,2179
User01,1,14,0,2026-03-08,127,1,temperature,0.9792778204503673,1.3526280022877488,0.290995530385672,2170
User01,1,14,0,2026-03-09,128,1,temperature,1.3704515730646976,1.6491233393573548,0.7457295521984034,2207
User01,1,14,0,2026-03-10,129,1,temperature,1.830967770634179,2.112280848696988,1.5777964541565141,1973
User01,1,14,0,2026-03-11,130,1,temperature,2.2179848862777276,2.6812678800836416,1.7338344071826992,2264
User01,1,14,0,2026-03-12,131,1,temperature,3.8447846436587394,4.039920663451857,3.094026210329229,2192
User01,1,14,0,2026-03-13,132,1,temperature,2.097456778332428,2.4437738654282475,2.0159286234907365,2280
User01,1,14,0,2026-03-14,133,1,temperature,1.94079370833741,2.2824654055480846,1.8792669263162498,2131
User01,1,14,0,2026-03-15,134,1,temperature,2.060236734067636,2.332721351730508,2.0248464555781123,2218
User01,1,14,0,2026-03-16,135,1,temperature,1.963417686831568,2.265079172056066,1.9606741924304358,2087
User01,1,14,0,2026-03-17,136,1,temperature,3.1196901394513636,3.2104935973739552,3.1196901394513636,1903
User01,1,14,0,2026-03-18,137,1,temperature,2.4347542249530574,2.727579036772768,2.4145243847951647,2062
User01,1,14,0,2026-03-19,138,1,temperature,4.164382382121364,4.242319048357979,4.164382382121364,1764
User01,1,14,0,2026-03-20,139,1,temperature,3.427307409478431,3.7064301075432864,3.3751022109228903,2085
User01,1,14,0,2026-03-21,140,1,temperature,2.2148697463960403,2.386786278887631,2.1996751223765996,2246
User01,1,14,0,2026-03-22,141,1,temperature,1.8873304533401773,2.1660948306356587,1.8001207441183367,1747
User01,1,14,0,2026-03-23,142,1,temperature,3.237594321619088,3.3596660830348455,3.2361469729942494,1957
User01,1,14,0,2026-03-24,143,1,temperature,3.8338693875811822,3.888109954511942,3.8338693875811822,1934
User01,1,14,0,2026-03-25,144,1,temperature,2.305523021115877,2.527094822377014,2.2792265757467125,1786
User01,1,14,0,2026-03-26,145,1,temperature,2.3034143685789394,2.451946291860885,2.2809334476558365,1939
User01,1,14,0,2026-03-27,146,1,temperature,2.230488622050361,2.4108071275645324,2.2121003446211653,2191
User01,1,14,0,2026-03-28,147,1,temperature,2.058081767145915,2.2693753388792905,2.02597878570406,2010
User01,1,14,0,2026-03-29,148,1,temperature,2.2220699464674256,2.4058194812962377,2.186667879613846,1755
User01,1,14,0,2026-03-30,149,1,temperature,2.251405995982991,2.426930472768509,2.193559505254497,2029
User01,1,14,0,2026-03-31,150,1,temperature,2.438575931179218,2.54020884723258,2.425908366140883,1790
User01,1,14,0,2026-04-01,151,1,temperature,1.9674172857171894,2.2168603195718064,1.9439207315290146,2021
User01,1,14,0,2025-11-14,16,1,humidity,10.651984059274785,12.377134828367213,10.56813458081359,1863
User01,1,14,0,2025-11-15,17,1,humidity,8.955402421832376,10.74064089325941,8.437048919096181,2153
User01,1,14,0,2025-11-16,18,1,humidity,9.055310101171521,10.706920015837659,8.738197925618325,2210
User01,1,14,0,2025-11-17,19,1,humidity,29.58166293354649,29.971257490125247,29.58166293354649,2052
User01,1,14,0,2025-11-18,20,1,humidity,30.115534792629017,30.764454957908146,30.115534792629017,1933
User01,1,14,0,2025-11-19,21,1,humidity,17.377411292660575,19.006679432282695,17.377411292660575,2279
User01,1,14,0,2025-11-20,22,1,humidity,15.446446631582003,16.36580982639776,15.446446631582003,2039
User01,1,14,0,2025-11-21,23,1,humidity,13.711286266120068,15.418696456187048,13.711286266120068,680
User01,1,14,0,2025-11-22,24,1,humidity,9.565842612376334,11.704641744502265,9.34455912106091,745
User01,1,14,0,2025-11-23,25,1,humidity,6.461562656358974,7.901170785268016,4.6900849547303505,684
User01,1,14,0,2025-11-24,26,1,humidity,6.450590305826965,7.624332246446325,3.9875450572862854,767
User01,1,14,0,2025-11-25,27,1,humidity,8.62787642528428,10.269854738938141,7.987677140619495,794
User01,1,14,0,2025-11-26,28,1,humidity,11.387249014855218,12.705026131529785,11.372370160943884,1001
User01,1,14,0,2025-11-27,29,1,humidity,14.224608202510394,15.457555283955013,14.219230555830935,1400
User01,1,14,0,2025-11-28,30,1,humidity,21.336790059726223,22.10993023365792,21.336790059726223,1648
User01,1,14,0,2025-11-29,31,1,humidity,14.101466906871055,15.90387239274232,13.999034530533738,1914
User01,1,14,0,2025-11-30,32,1,humidity,10.494842761128988,13.437307192563495,9.675145305954846,1531
User01,1,14,0,2025-12-01,33,1,humidity,19.72644746092241,20.556099170622094,19.72644746092241,1612
User01,1,14,0,2025-12-02,34,1,humidity,32.207649421993686,32.75101181270748,32.207649421993686,1643
User01,1,14,0,2025-12-03,35,1,humidity,31.976561004332765,32.5623597373827,31.976561004332765,1408
User01,1,14,0,2025-12-04,36,1,humidity,26.130633503698547,26.78478099988889,26.130633503698547,1659
User01,1,14,0,2025-12-05,37,1,humidity,25.68040848857361,26.94349309373685,25.68040848857361,2025
User01,1,14,0,2025-12-06,38,1,humidity,11.257233675843047,13.1096438491313,11.25650231536985,2252
User01,1,14,0,2025-12-07,39,1,humidity,8.854767998846372,11.133609869091803,7.329797308637439,1818
User01,1,14,0,2025-12-08,40,1,humidity,17.472736856649394,18.64117652684094,17.472736856649394,1745
User01,1,14,0,2025-12-09,41,1,humidity,16.49392668208951,17.90810467910687,16.49392668208951,2059
User01,1,14,0,2025-12-10,42,1,humidity,10.173905957282503,11.748773574571182,9.83684060369823,1970
User01,1,14,0,2025-12-11,43,1,humidity,17.235791864214555,18.336728946624955,17.235791864214555,2140
User01,1,14,0,2025-12-12,44,1,humidity,13.444829367699418,14.676006266647562,13.444829367699418,2299
User01,1,14,0,2025-12-13,45,1,humidity,16.52446093489649,17.66464353866098,16.52446093489649,1708
User01,1,14,0,2025-12-14,46,1,humidity,16.176549522224228,17.357745835624808,16.176549522224228,1741
User01,1,14,0,2025-12-15,47,1,humidity,13.021707539108657,14.405617640647408,13.014015807841098,1953
User01,1,14,0,2025-12-16,48,1,humidity,10.614943324395014,12.363160450655617,10.591999956553137,2264
User01,1,14,0,2025-12-17,49,1,humidity,10.655580085332753,12.197845780108715,10.654203778680222,2118
User01,1,14,0,2025-12-18,50,1,humidity,14.4693910671012,15.945289122598023,14.4693910671012,2223
User01,1,14,0,2025-12-19,51,1,humidity,12.492963287663574,14.11056014574995,12.492963287663574,2599
User01,1,14,0,2025-12-20,52,1,humidity,14.592471401569329,17.439043309420768,14.545694866493186,2063
User01,1,14,0,2025-12-21,53,1,humidity,17.878894960705114,19.265484034474564,17.878894960705114,1822
User01,1,14,0,2025-12-22,54,1,humidity,21.22515852967702,22.18112574501684,21.22515852967702,1837
User01,1,14,0,2025-12-23,55,1,humidity,20.328739830626557,21.660095876476294,20.328739830626557,1996
User01,1,14,0,2025-12-24,56,1,humidity,18.21177466658932,19.296368660261034,18.21177466658932,1928
User01,1,14,0,2025-12-25,57,1,humidity,27.1326819907985,29.325315800575332,27.1326819907985,1699
User01,1,14,0,2025-12-26,58,1,humidity,34.84608020649261,37.04239998760654,34.84608020649261,1490
User01,1,14,0,2025-12-27,59,1,humidity,18.18791388704382,20.499360149384902,18.18791388704382,903
User01,1,14,0,2025-12-28,60,1,humidity,13.388388459699211,15.603282504455722,13.370686860861685,1356
User01,1,14,0,2025-12-29,61,1,humidity,11.329319234440213,13.703584389500776,11.11474336441767,930
User01,1,14,0,2025-12-30,62,1,humidity,23.375480033337602,24.957189013869964,23.375480033337602,905
User01,1,14,0,2025-12-31,63,1,humidity,25.8534916751833,26.598996957900336,25.8534916751833,1023
User01,1,14,0,2026-01-01,64,1,humidity,29.62989451919433,30.737323475099934,29.62989451919433,878
User01,1,14,0,2026-01-02,65,1,humidity,24.03548736580119,25.35358212448007,24.03548736580119,1021
User01,1,14,0,2026-01-03,66,1,humidity,23.355606333252922,24.80290654062156,23.355606333252922,2609
User01,1,14,0,2026-01-04,67,1,humidity,23.772685491517475,25.100343258507063,23.772685491517475,2249
User01,1,14,0,2026-01-05,68,1,humidity,22.20975630574535,23.07631265092844,22.20975630574535,2065
User01,1,14,0,2026-01-06,69,1,humidity,19.85075045527676,20.640316769632896,19.85075045527676,1538
User01,1,14,0,2026-01-07,70,1,humidity,30.035021646738183,31.313590469452798,30.035021646738183,2193
User01,1,14,0,2026-01-08,71,1,humidity,31.864983125273422,32.41039019040813,31.864983125273422,2311
User01,1,14,0,2026-01-09,72,1,humidity,25.197200618665196,26.507133531988753,25.197200618665196,2265
User01,1,14,0,2026-01-10,73,1,humidity,34.00339495824274,34.874679040478476,34.00339495824274,2236
User01,1,14,0,2026-01-11,74,1,humidity,36.201465249451346,37.12415108507364,36.201465249451346,2089
User01,1,14,0,2026-01-12,75,1,humidity,35.067736154192666,36.262519743916386,35.067736154192666,2087
User01,1,14,0,2026-01-13,76,1,humidity,32.99122676728384,33.81538452385622,32.99122676728384,2152
User01,1,14,0,2026-01-14,77,1,humidity,18.46383044318759,21.93272881105272,18.321952505244607,1986
User01,1,14,0,2026-01-15,78,1,humidity,10.428699842477988,13.481231111904915,10.259525182429051,2137
User01,1,14,0,2026-01-16,79,1,humidity,14.694578702145208,16.664096562302717,14.68665765859941,2176
User01,1,14,0,2026-01-17,80,1,humidity,17.441194557288675,18.45823229651848,17.441194557288675,2387
User01,1,14,0,2026-01-18,81,1,humidity,18.4587215915172,20.271982810094133,18.4587215915172,2326
User01,1,14,0,2026-01-20,82,1,humidity,32.14573446442948,32.9985394251338,32.14573446442948,2010
User01,1,14,0,2026-01-21,83,1,humidity,36.5963226945973,37.80245779042562,36.5963226945973,2036
User01,1,14,0,2026-01-22,84,1,humidity,31.353543449374587,32.444286231154834,31.353543449374587,1995
User01,1,14,0,2026-01-23,85,1,humidity,25.451940221790096,26.78594318891336,25.451940221790096,2204
User01,1,14,0,2026-01-24,86,1,humidity,25.50343275332709,26.660803805823743,25.50343275332709,2467
User01,1,14,0,2026-01-25,87,1,humidity,22.843414837166545,23.639773334143488,22.843414837166545,2317
User01,1,14,0,2026-01-26,88,1,humidity,21.38799261051385,21.722164138073712,21.38799261051385,2093
User01,1,14,0,2026-01-27,89,1,humidity,25.81117389467601,26.221700503511578,25.81117389467601,2130
User01,1,14,0,2026-01-28,90,1,humidity,23.743311376141754,24.04160126792016,23.743311376141754,2051
User01,1,14,0,2026-01-29,91,1,humidity,25.024191089130372,25.258076898640514,25.024191089130372,2076
User01,1,14,0,2026-01-30,92,1,humidity,24.569495730628937,24.835419199712806,24.569495730628937,2267
User01,1,14,0,2026-01-31,93,1,humidity,22.85032547906059,23.183101728113062,22.85032547906059,2464
User01,1,14,0,2026-02-02,94,1,humidity,16.335244365204066,17.105774241132664,16.335244365204066,2197
User01,1,14,0,2026-02-03,95,1,humidity,14.466084374026643,15.52466713103267,14.466084374026643,2300
User01,1,14,0,2026-02-04,96,1,humidity,6.484543173583451,8.5634817878579,5.386434483641819,2182
User01,1,14,0,2026-02-05,97,1,humidity,15.851095157774889,16.47919629055155,15.851095157774889,2108
User01,1,14,0,2026-02-06,98,1,humidity,21.63960380588814,21.87198763238333,21.63960380588814,2436
User01,1,14,0,2026-02-07,99,1,humidity,23.660958406793377,23.898364272571467,23.660958406793377,2571
User01,1,14,0,2026-02-08,100,1,humidity,22.917320124453273,23.198213855287694,22.917320124453273,2147
User01,1,14,0,2026-02-10,101,1,humidity,9.385747916162678,10.324740801433425,9.385747916162678,1923
User01,1,14,0,2026-02-11,102,1,humidity,14.698564916115066,15.072294242854692,14.698564916115066,2119
User01,1,14,0,2026-02-12,103,1,humidity,10.501271908093779,11.95030539760276,10.501271908093779,2293
User01,1,14,0,2026-02-13,104,1,humidity,5.006837713263514,6.948031109899745,3.385925098553879,2453
User01,1,14,0,2026-02-14,105,1,humidity,7.606072291380356,8.805829781285661,-5.921000419205397,1960
User01,1,14,0,2026-02-15,106,1,humidity,7.718362858848231,10.257652029016874,7.425239359829463,2121
User01,1,14,0,2026-02-16,107,1,humidity,11.749786332533034,12.751611025234489,11.749786332533034,1936
User01,1,14,0,2026-02-17,108,1,humidity,16.01140221068778,17.439220783007265,16.01140221068778,2464
User01,1,14,0,2026-02-18,109,1,humidity,10.818193766051948,12.761587679303947,10.802614190838554,2048
User01,1,14,0,2026-02-19,110,1,humidity,9.236813280150159,11.662374313203397,9.231788174608422,2107
User01,1,14,0,2026-02-20,111,1,humidity,8.244520045090209,8.966571811187276,8.24446146982458,2302
User01,1,14,0,2026-02-21,112,1,humidity,5.729700233508909,7.7996487604127935,5.3311873246878605,2820
User01,1,14,0,2026-02-22,113,1,humidity,8.4444555664604,9.753234891758517,8.4444555664604,2373
User01,1,14,0,2026-02-23,114,1,humidity,16.24833786709072,16.830157444103374,16.24833786709072,2083
User01,1,14,0,2026-02-24,115,1,humidity,17.698370176643017,19.359259694292156,17.698370176643017,1207
User01,1,14,0,2026-02-25,116,1,humidity,8.384120499539545,10.452932020240523,8.32521147584041,2099
User01,1,14,0,2026-02-26,117,1,humidity,5.656214144276935,6.907333196412829,5.620241909304494,2079
User01,1,14,0,2026-02-27,118,1,humidity,4.390638151789323,5.269478459236239,2.689922040029914,2151
User01,1,14,0,2026-02-28,119,1,humidity,4.311710728096273,6.553066176033331,2.8757023192934152,2194
User01,1,14,0,2026-03-01,120,1,humidity,5.186609837109539,6.0990335956707895,-2.423261766695934,2443
User01,1,14,0,2026-03-02,121,1,humidity,12.692197956675463,13.214265400774066,12.692197956675463,2213
User01,1,14,0,2026-03-03,122,1,humidity,5.232730547878943,7.098227755284737,4.642097143970251,2023
User01,1,14,0,2026-03-04,123,1,humidity,6.438970564545853,9.115572820939471,6.128140058727969,2026
User01,1,14,0,2026-03-05,124,1,humidity,18.313908399926138,19.232087234451484,18.313908399926138,1574
User01,1,14,0,2026-03-06,125,1,humidity,13.586724845288224,13.878779420344717,13.586724845288224,2284
User01,1,14,0,2026-03-07,126,1,humidity,15.144416910885127,15.774104159034513,15.144416910885127,2179
User01,1,14,0,2026-03-08,127,1,humidity,19.9941911482132,20.773765183851946,19.9941911482132,2170
User01,1,14,0,2026-03-09,128,1,humidity,11.254179723354708,12.28015599969422,11.254179723354708,2207
User01,1,14,0,2026-03-10,129,1,humidity,14.822300175821136,15.92393781651586,14.822300175821136,1973
User01,1,14,0,2026-03-11,130,1,humidity,12.759856050253536,13.538115481791642,12.759856050253536,2264
User01,1,14,0,2026-03-12,131,1,humidity,7.952519769560727,11.766130164736468,6.893465921499395,2192
User01,1,14,0,2026-03-13,132,1,humidity,8.249006687176726,9.25548330361834,8.238990888313493,2280
User01,1,14,0,2026-03-14,133,1,humidity,8.316742204252678,9.682930041314652,8.202557775648705,2131
User01,1,14,0,2026-03-15,134,1,humidity,9.036257168452186,11.385512934227728,8.982120778821193,2218
User01,1,14,0,2026-03-16,135,1,humidity,12.395676019146302,13.897417613708393,12.395676019146302,2087
User01,1,14,0,2026-03-17,136,1,humidity,7.982415566604641,10.110937773541629,7.885090177641961,1903
User01,1,14,0,2026-03-18,137,1,humidity,9.03241510106229,10.227755933011316,9.032402797928787,2062
User01,1,14,0,2026-03-19,138,1,humidity,8.28513400217244,10.272596804529963,8.275343083750428,1764
User01,1,14,0,2026-03-20,139,1,humidity,6.08772834844217,7.988566105811131,5.784660753742591,2085
User01,1,14,0,2026-03-21,140,1,humidity,10.042209539070027,14.332020449368843,9.626260517099297,2246
User01,1,14,0,2026-03-22,141,1,humidity,6.035790837526769,7.455749952683613,5.751333280374758,1747
User01,1,14,0,2026-03-23,142,1,humidity,5.53569514075795,6.21062293572002,-1.5907075640870771,1957
User01,1,14,0,2026-03-24,143,1,humidity,5.196163483916622,6.05647841866959,-1.3007981219751252,1934
User01,1,14,0,2026-03-25,144,1,humidity,5.00829742745118,7.2735017863850695,3.8899942444446305,1786
User01,1,14,0,2026-03-26,145,1,humidity,4.486256171544623,6.421277264782888,4.108574750187234,1939
User01,1,14,0,2026-03-27,146,1,humidity,3.9419795001366698,5.08126149171387,0.926804070570297,2191
User01,1,14,0,2026-03-28,147,1,humidity,4.426754587608906,6.088289271588385,0.11468972708291625,2010
User01,1,14,0,2026-03-29,148,1,humidity,5.750149296184228,7.064595526739185,3.33980014613238,1755
User01,1,14,0,2026-03-30,149,1,humidity,3.958457484694109,4.753814174525191,-0.7113600167651313,2029
User01,1,14,0,2026-03-31,150,1,humidity,5.656759121922672,6.742574291619989,-3.150250429760882,1790
User01,1,14,0,2026-04-01,151,1,humidity,4.64396981873846,5.839466045163138,1.7643397930301998,2021
User01,1,14,1,2025-11-14,16,1,temperature,0.8992684666429971,1.0738174226976596,0.4969442272536411,1863
User01,1,14,1,2025-11-15,17,1,temperature,0.8422193869385476,0.9811192441326689,0.3890883789783427,2153
User01,1,14,1,2025-11-16,18,1,temperature,0.7241930977203331,0.8747633195384434,0.24806002757414528,2210
User01,1,14,1,2025-11-17,19,1,temperature,2.016093418231182,2.168904193516227,-2.000734100095226,2052
User01,1,14,1,2025-11-18,20,1,temperature,1.286032537439426,1.4951725055983667,-0.9224982761188395,1933
User01,1,14,1,2025-11-19,21,1,temperature,1.08572734558259,1.2320985304193668,0.5061408358347983,2279
User01,1,14,1,2025-11-20,22,1,temperature,1.1304038210563365,1.3705319160342269,0.8683655810028044,2039
User01,1,14,1,2025-11-21,23,1,temperature,1.0580422473609208,1.2169186396742686,0.6763458679029183,680
User01,1,14,1,2025-11-22,24,1,temperature,1.072606606242513,1.302178406435256,0.9532051186245878,745
User01,1,14,1,2025-11-23,25,1,temperature,1.0228331763943728,1.4093950006065679,0.17561878723968607,684
User01,1,14,1,2025-11-24,26,1,temperature,0.8616422684453049,1.0412428222889496,0.6944610631265565,767
User01,1,14,1,2025-11-25,27,1,temperature,1.0234738736013052,1.3721171432836317,0.7944032704250944,794
User01,1,14,1,2025-11-26,28,1,temperature,1.008069936721682,1.1602745778196537,0.5101482211465546,1001
User01,1,14,1,2025-11-27,29,1,temperature,0.8999585696802281,1.0625409485640633,0.3754044282361076,1400
User01,1,14,1,2025-11-28,30,1,temperature,1.192767171503303,1.4377119754927574,-0.6621623718616122,1648
User01,1,14,1,2025-11-29,31,1,temperature,1.099170977156367,1.2809109779460324,0.8173784703675839,1914
User01,1,14,1,2025-11-30,32,1,temperature,0.9292134612364834,1.18725230710221,0.3769508400283536,1531
User01,1,14,1,2025-12-01,33,1,temperature,0.8300011716155459,1.0324303959370509,0.29934069201670627,1612
User01,1,14,1,2025-12-02,34,1,temperature,0.9166186992195473,1.0877295713672863,0.10170940813389592,1643
User01,1,14,1,2025-12-03,35,1,temperature,0.8850360278319754,1.1893460905516042,-0.15825551511365518,1408
User01,1,14,1,2025-12-04,36,1,temperature,1.0517824258891586,1.279137508156588,-0.07943514045381316,1659
User01,1,14,1,2025-12-05,37,1,temperature,0.9903210555673374,1.190106796779527,0.0539114022979132,2025
User01,1,14,1,2025-12-06,38,1,temperature,1.0929576775038201,1.3405118140173933,0.6759997317323085,2252
User01,1,14,1,2025-12-07,39,1,temperature,1.347321887688193,1.5933543756807425,1.2037379992752937,1818
User01,1,14,1,2025-12-08,40,1,temperature,1.0722839338697834,1.4322747533044045,0.8578522292825583,1745
User01,1,14,1,2025-12-09,41,1,temperature,1.1952797622075584,1.494500520624595,0.7211659953396817,2059
User01,1,14,1,2025-12-10,42,1,temperature,1.0696906403934507,1.4015667728970347,0.681242463074548,1970
User01,1,14,1,2025-12-11,43,1,temperature,0.8140088649350328,1.1926431657715828,0.47218824651108376,2140
User01,1,14,1,2025-12-12,44,1,temperature,1.1603921154410033,1.4125881497231405,0.7845124302445357,2299
User01,1,14,1,2025-12-13,45,1,temperature,1.1679642295399235,1.4490183348857941,0.6454984346162764,1708
User01,1,14,1,2025-12-14,46,1,temperature,0.9106910330164137,1.409094079009198,0.4967184029276982,1741
User01,1,14,1,2025-12-15,47,1,temperature,1.1404254390837738,1.3380817860841308,0.6970110823842112,1953
User01,1,14,1,2025-12-16,48,1,temperature,1.007562680653952,1.2857144726383232,0.7919122492334636,2264
User01,1,14,1,2025-12-17,49,1,temperature,1.3832616511958657,1.7366271108037705,1.0643614024133345,2118
User01,1,14,1,2025-12-18,50,1,temperature,1.138391530368852,1.4430689066436784,0.9252441540494784,2223
User01,1,14,1,2025-12-19,51,1,temperature,1.3005136087157685,1.591396559257828,1.211899498794377,2599
User01,1,14,1,2025-12-20,52,1,temperature,1.3536038213456412,1.6516195507092413,1.2688588080999152,2063
User01,1,14,1,2025-12-21,53,1,temperature,1.4239128062367186,1.8528801553648315,1.056697714237768,1822
User01,1,14,1,2025-12-22,54,1,temperature,1.6568489060225908,2.102129486602447,1.3334902701760398,1837
User01,1,14,1,2025-12-23,55,1,temperature,2.9038330274398296,3.077616237398812,2.901475095337848,1996
User01,1,14,1,2025-12-24,56,1,temperature,1.8689169274187738,2.278359948798544,1.8319051317134398,1928
User01,1,14,1,2025-12-25,57,1,temperature,1.1900478436385875,1.7118984357045115,-0.04904728416379297,1699
User01,1,14,1,2025-12-26,58,1,temperature,1.0734565586647282,1.5742317538189288,-0.016253716329040088,1490
User01,1,14,1,2025-12-27,59,1,temperature,2.1028275377704495,2.3665733158599123,2.056453547393187,903
User01,1,14,1,2025-12-28,60,1,temperature,2.778521582103628,3.371234053126586,2.7683144453221638,1356
User01,1,14,1,2025-12-29,61,1,temperature,1.917330048193053,2.1582765420061327,1.9168051699073778,930
User01,1,14,1,2025-12-30,62,1,temperature,1.9495058027440015,2.349498433472947,1.7966009803589733,905
User01,1,14,1,2025-12-31,63,1,temperature,1.1003379852157558,1.4122399184499903,-0.5228761367156076,1023
User01,1,14,1,2026-01-01,64,1,temperature,2.274206619022694,2.520011367068093,2.228994596254427,878
User01,1,14,1,2026-01-02,65,1,temperature,1.930158405080097,2.282330380685836,1.7610218763894088,1021
User01,1,14,1,2026-01-03,66,1,temperature,2.2745370947213193,2.519248830219945,2.22924142555072,2609
User01,1,14,1,2026-01-04,67,1,temperature,1.0947243073030468,1.556478041648398,-0.2337985835622858,2249
User01,1,14,1,2026-01-05,68,1,temperature,1.2294080566553873,1.5052056860318614,-0.6600584467616627,2065
User01,1,14,1,2026-01-06,69,1,temperature,1.3840420853675914,1.6040971565746893,1.2157753878993898,1538
User01,1,14,1,2026-01-07,70,1,temperature,1.3662556920833329,1.7768421352933863,-0.38001623129501155,2193
User01,1,14,1,2026-01-08,71,1,temperature,1.1642537623493594,1.5605365488600247,0.15402672879414445,2311
User01,1,14,1,2026-01-09,72,1,temperature,1.1105385349555745,1.404828923963116,0.499283469407663,2265
User01,1,14,1,2026-01-10,73,1,temperature,2.0006325447394513,2.3868840938309464,1.8725120916163533,2236
User01,1,14,1,2026-01-11,74,1,temperature,1.9189070500458478,2.2102084466191068,-1.0568742381786735,2089
User01,1,14,1,2026-01-12,75,1,temperature,1.2796610874378904,1.6680097897490078,-0.5857842263980831,2087
User01,1,14,1,2026-01-13,76,1,temperature,1.8627071375749806,2.1839350366526555,-1.1693701615442442,2152
User01,1,14,1,2026-01-14,77,1,temperature,2.142270210215744,2.3590721802127246,2.051492712641946,1986
User01,1,14,1,2026-01-15,78,1,temperature,2.349113889715414,2.608614169968559,2.3209145133567683,2137
User01,1,14,1,2026-01-16,79,1,temperature,2.688323598589226,2.9042528267043304,2.688039073054922,2176
User01,1,14,1,2026-01-17,80,1,temperature,2.178077594206815,2.4467784932275918,2.130033875546125,2387
User01,1,14,1,2026-01-18,81,1,temperature,1.985475364186034,2.3277239972776984,1.928559761107306,2326
User01,1,14,1,2026-01-20,82,1,temperature,0.9585141467969083,1.3851454598960662,0.014528578631299789,2010
User01,1,14,1,2026-01-21,83,1,temperature,1.746170656682626,2.047750266453176,-1.3522112502239956,2036
User01,1,14,1,2026-01-22,84,1,temperature,1.9170024432638415,2.20460739683941,-1.0981233208086858,1995
User01,1,14,1,2026-01-23,85,1,temperature,0.9536012980681922,1.2281127298979788,0.3362835504069313,2204
User01,1,14,1,2026-01-24,86,1,temperature,1.155768633381847,1.3934025481117407,-0.14886896026106622,2467
User01,1,14,1,2026-01-25,87,1,temperature,1.0685280893666715,1.4007626669581252,-0.5594374762885935,2317
User01,1,14,1,2026-01-26,88,1,temperature,1.1125940116315751,1.4378993727619132,-0.5772470753491467,2093
User01,1,14,1,2026-01-27,89,1,temperature,1.2852122391190999,1.4690174589376177,-0.6920244458075726,2130
User01,1,14,1,2026-01-28,90,1,temperature,1.3665793663242618,1.553211667502531,-0.38867698377719145,2051
User01,1,14,1,2026-01-29,91,1,temperature,1.7593227293051479,1.9101824991582268,-1.2847229191591754,2076
User01,1,14,1,2026-01-30,92,1,temperature,0.6894031508626736,0.9163276783258694,0.16466724933703453,2267
User01,1,14,1,2026-01-31,93,1,temperature,0.8715827138876848,1.0992320081024596,0.09679630247358618,2464
User01,1,14,1,2026-02-02,94,1,temperature,1.958612228914035,2.1941087287928376,1.9482807740031005,2197
User01,1,14,1,2026-02-03,95,1,temperature,1.6341572769142758,2.0028777849833523,1.556172778054486,2300
User01,1,14,1,2026-02-04,96,1,temperature,2.1456798643331503,2.372714580019578,2.1090288864517666,2182
User01,1,14,1,2026-02-05,97,1,temperature,1.1838611879802445,1.7210876369896881,0.48121400495152744,2108
User01,1,14,1,2026-02-06,98,1,temperature,0.9730615135588893,1.3017113265702605,0.739944240329527,2436
User01,1,14,1,2026-02-07,99,1,temperature,1.8278584167486072,2.0795887926562564,-0.6292394108783369,2571
User01,1,14,1,2026-02-08,100,1,temperature,1.1645936321479746,1.4436084280779522,-0.8792751118140693,2147
User01,1,14,1,2026-02-10,101,1,temperature,2.2949874481314017,2.5095948070604908,2.2934203021832325,1923
User01,1,14,1,2026-02-11,102,1,temperature,1.406191414574129,1.7503522813536792,1.3699445440645466,2119
User01,1,14,1,2026-02-12,103,1,temperature,1.5270228409109539,1.8512189136631587,1.4800976746783938,2293
User01,1,14,1,2026-02-13,104,1,temperature,2.205789175203765,2.4921072677420657,2.123066089202355,2453
User01,1,14,1,2026-02-14,105,1,temperature,2.489450982536904,2.6353999627240396,2.488710286479574,1960
User01,1,14,1,2026-02-15,106,1,temperature,2.331444174329045,2.567100921757345,2.331444174329045,2121
User01,1,14,1,2026-02-16,107,1,temperature,2.5187894977603547,2.7332765387266207,2.4910957097938438,1936
User01,1,14,1,2026-02-17,108,1,temperature,2.242199766995046,2.5210522031496376,2.229538368529583,2464
User01,1,14,1,2026-02-18,109,1,temperature,2.084149199937654,2.3768575185707577,2.0623148165723095,2048
User01,1,14,1,2026-02-19,110,1,temperature,2.6072669274002718,2.7791208971111625,2.6052136764781966,2107
User01,1,14,1,2026-02-20,111,1,temperature,2.4361024945755383,2.6542164828816537,2.4358807163351743,2302
User01,1,14,1,2026-02-21,112,1,temperature,2.249081231425977,2.496846185261704,2.246176947617497,2820
User01,1,14,1,2026-02-22,113,1,temperature,2.8463077694583827,2.9507627476460465,2.8463077694583827,2373
User01,1,14,1,2026-02-23,114,1,temperature,1.989079016586391,2.2803311661387737,1.8930221887527816,2083
User01,1,14,1,2026-02-24,115,1,temperature,2.2382962249038787,2.5484145252782655,2.1415048803351318,1207
User01,1,14,1,2026-02-25,116,1,temperature,1.9237652396274207,2.289507700482071,1.855730927080162,2099
User01,1,14,1,2026-02-26,117,1,temperature,2.5746613348831078,2.7692871106655232,2.5741545679682236,2079
User01,1,14,1,2026-02-27,118,1,temperature,2.4208062321235295,2.6364595942664515,2.4064784166777886,2151
User01,1,14,1,2026-02-28,119,1,temperature,2.6633730011702195,2.809282803443523,2.650115828711762,2194
User01,1,14,1,2026-03-01,120,1,temperature,2.309436150002413,2.5688987322090737,2.1382704015052085,2443
User01,1,14,1,2026-03-02,121,1,temperature,2.2302956904503155,2.545420878756204,2.2288837133966495,2213
User01,1,14,1,2026-03-03,122,1,temperature,2.623548406395487,2.8898258866766833,2.6197598195703424,2023
User01,1,14,1,2026-03-04,123,1,temperature,1.9052893418578267,2.170749445244459,1.8479221650392905,2026
User01,1,14,1,2026-03-05,124,1,temperature,1.6761952238582025,2.011021006015855,1.6479673714843028,1574
User01,1,14,1,2026-03-06,125,1,temperature,2.339519971150344,2.520118802855629,2.336927837629593,2284
User01,1,14,1,2026-03-07,126,1,temperature,2.523114424973786,2.660208048913214,2.5230801361033,2179
User01,1,14,1,2026-03-08,127,1,temperature,1.022455815072416,1.461289973157869,0.5832077105490456,2170
User01,1,14,1,2026-03-09,128,1,temperature,1.5099497280258247,1.8295938088441255,1.0317693781977977,2207
User01,1,14,1,2026-03-10,129,1,temperature,2.0696831056149296,2.350427953671895,1.9178441658618441,1973
User01,1,14,1,2026-03-11,130,1,temperature,2.3057476787561275,2.8266560910385605,1.993302826003788,2264
User01,1,14,1,2026-03-12,131,1,temperature,4.004001680419241,4.207095653305188,3.349067042292656,2192
User01,1,14,1,2026-03-13,132,1,temperature,2.2893025732619185,2.605071626724915,2.2671966740917364,2280
User01,1,14,1,2026-03-14,133,1,temperature,2.1773296425537194,2.512646661742011,2.1537190817193808,2131
User01,1,14,1,2026-03-15,134,1,temperature,2.2841243227335837,2.537482293655715,2.2713334223956787,2218
User01,1,14,1,2026-03-16,135,1,temperature,2.187470701979893,2.4346850432478786,2.1874188176969223,2087
User01,1,14,1,2026-03-17,136,1,temperature,3.432054930525001,3.5113172559227044,3.432054930525001,1903
User01,1,14,1,2026-03-18,137,1,temperature,2.697956718937237,2.968238897362948,2.6936777693209057,2062
User01,1,14,1,2026-03-19,138,1,temperature,4.396111012053839,4.4647075108665,4.396111012053839,1764
User01,1,14,1,2026-03-20,139,1,temperature,3.650151417148782,3.934239802025267,3.6261331578866316,2085
User01,1,14,1,2026-03-21,140,1,temperature,2.4786508926512743,2.6215179969493323,2.473541690723034,2246
User01,1,14,1,2026-03-22,141,1,temperature,2.1186087822300776,2.3743439699796163,2.0536914777207023,1747
User01,1,14,1,2026-03-23,142,1,temperature,3.422789262710101,3.5493859203264413,3.4220551926322154,1957
User01,1,14,1,2026-03-24,143,1,temperature,4.116790701348556,4.157275621255039,4.116790701348556,1934
User01,1,14,1,2026-03-25,144,1,temperature,2.6512806231841077,2.87843716860856,2.649217865959026,1786
User01,1,14,1,2026-03-26,145,1,temperature,2.5295949485823543,2.664568491831537,2.5245543107808586,1939
User01,1,14,1,2026-03-27,146,1,temperature,2.5081847162590014,2.6757877882286705,2.4901993033330294,2191
User01,1,14,1,2026-03-28,147,1,temperature,2.313421799629918,2.5170742398658774,2.290988290988735,2010
User01,1,14,1,2026-03-29,148,1,temperature,2.449805552716956,2.629953136083767,2.432558944482074,1755
User01,1,14,1,2026-03-30,149,1,temperature,2.4241980988281315,2.612479620871746,2.400416158496052,2029
User01,1,14,1,2026-03-31,150,1,temperature,2.674890844345987,2.769074376126173,2.6722008603277243,1790
User01,1,14,1,2026-04-01,151,1,temperature,2.224971085656363,2.456061760997085,2.208583018611776,2021
User01,1,14,1,2025-11-14,16,1,humidity,10.45871308522983,12.338323316536929,10.35427908238952,1863
User01,1,14,1,2025-11-15,17,1,humidity,8.885492004686524,10.788583237350778,8.448773364170673,2153
User01,1,14,1,2025-11-16,18,1,humidity,9.031998465462696,10.69512473714384,8.76741517720487,2210
User01,1,14,1,2025-11-17,19,1,humidity,29.782951245202437,30.19862605176292,29.782951245202437,2052
User01,1,14,1,2025-11-18,20,1,humidity,29.780720985871945,30.393794648913204,29.780720985871945,1933
User01,1,14,1,2025-11-19,21,1,humidity,16.987128856485914,18.599263754528003,16.987128856485914,2279
User01,1,14,1,2025-11-20,22,1,humidity,15.074525686368982,16.11442699798974,15.074525686368982,2039
User01,1,14,1,2025-11-21,23,1,humidity,13.926656587489873,15.85051967021121,13.925411166443853,680
User01,1,14,1,2025-11-22,24,1,humidity,9.707041693331075,11.850414316402471,9.459366197654356,745
User01,1,14,1,2025-11-23,25,1,humidity,5.974302368572877,7.759707209632279,4.089040708232736,684
User01,1,14,1,2025-11-24,26,1,humidity,6.185891893980497,7.595298120253156,3.717066841810162,767
User01,1,14,1,2025-11-25,27,1,humidity,8.480752022041072,10.16563072029524,7.774140277994023,794
User01,1,14,1,2025-11-26,28,1,humidity,11.095832956246669,12.513481554887564,11.057779761178146,1001
User01,1,14,1,2025-11-27,29,1,humidity,14.694622261847414,15.817279538370835,14.694203865142963,1400
User01,1,14,1,2025-11-28,30,1,humidity,21.32071960691254,22.11356265076438,21.32071960691254,1648
User01,1,14,1,2025-11-29,31,1,humidity,13.940865014538991,15.754678891040836,13.86442956631012,1914
User01,1,14,1,2025-11-30,32,1,humidity,9.606895141717803,12.80052903539281,8.908707454464206,1531
User01,1,14,1,2025-12-01,33,1,humidity,19.6951756978962,20.55175634472262,19.6951756978962,1612
User01,1,14,1,2025-12-02,34,1,humidity,32.155695472160886,32.658678591704046,32.155695472160886,1643
User01,1,14,1,2025-12-03,35,1,humidity,31.899558289060767,32.36163839188005,31.899558289060767,1408
User01,1,14,1,2025-12-04,36,1,humidity,26.07532555050136,26.68559068774233,26.07532555050136,1659
User01,1,14,1,2025-12-05,37,1,humidity,25.210920052966454,26.426697840301212,25.210920052966454,2025
User01,1,14,1,2025-12-06,38,1,humidity,10.831713903438695,12.462898782990194,10.831239500543083,2252
User01,1,14,1,2025-12-07,39,1,humidity,8.462363003132719,10.975329345430977,6.86681993665173,1818
User01,1,14,1,2025-12-08,40,1,humidity,16.562234026373943,17.366708911433697,16.56086546712456,1745
User01,1,14,1,2025-12-09,41,1,humidity,16.186948515043703,17.582456402151696,16.186948515043703,2059
User01,1,14,1,2025-12-10,42,1,humidity,9.703571978473164,11.297901367930207,9.414294379873393,1970
User01,1,14,1,2025-12-11,43,1,humidity,16.80811431638507,17.81005799657015,16.80811431638507,2140
User01,1,14,1,2025-12-12,44,1,humidity,13.162598903468389,14.379045218501927,13.159088872791992,2299
User01,1,14,1,2025-12-13,45,1,humidity,16.187423047033043,17.29667126259549,16.187423047033043,1708
User01,1,14,1,2025-12-14,46,1,humidity,15.700330338122543,16.785979993889654,15.700330338122543,1741
User01,1,14,1,2025-12-15,47,1,humidity,12.349300713893049,13.55772221788228,12.341792672249094,1953
User01,1,14,1,2025-12-16,48,1,humidity,10.340228491025528,11.854429067696712,10.288282159023648,2264
User01,1,14,1,2025-12-17,49,1,humidity,10.163853186974984,11.428666697938997,10.15576619808406,2118
User01,1,14,1,2025-12-18,50,1,humidity,13.513071740072744,14.7570942367094,13.51232519206544,2223
User01,1,14,1,2025-12-19,51,1,humidity,12.307318938496072,13.657673307091867,12.306839228815898,2599
User01,1,14,1,2025-12-20,52,1,humidity,13.949493743951734,16.82629583054124,13.939881038357445,2063
User01,1,14,1,2025-12-21,53,1,humidity,17.66417921101745,18.84512566371746,17.66417921101745,1822
User01,1,14,1,2025-12-22,54,1,humidity,20.48367770226892,21.226176988945465,20.48367770226892,1837
User01,1,14,1,2025-12-23,55,1,humidity,20.08855979043521,21.252249720310267,20.08855979043521,1996
User01,1,14,1,2025-12-24,56,1,humidity,16.921398559837765,17.718343613524965,16.921398559837765,1928
User01,1,14,1,2025-12-25,57,1,humidity,26.73090371788434,29.401392525447726,26.73090371788434,1699
User01,1,14,1,2025-12-26,58,1,humidity,35.03784059071719,37.31787204181052,35.03784059071719,1490
User01,1,14,1,2025-12-27,59,1,humidity,18.54964000557378,20.93604662206137,18.54964000557378,903
User01,1,14,1,2025-12-28,60,1,humidity,13.69943392005456,15.58324922206286,13.691011412334165,1356
User01,1,14,1,2025-12-29,61,1,humidity,11.302620287437527,13.508144930005713,11.149200520191709,930
User01,1,14,1,2025-12-30,62,1,humidity,22.015647714413017,23.3441772487419,22.015647714413017,905
User01,1,14,1,2025-12-31,63,1,humidity,24.949639865252166,25.572645798226223,24.949639865252166,1023
User01,1,14,1,2026-01-01,64,1,humidity,28.86737490597929,29.82218965261438,28.86737490597929,878
User01,1,14,1,2026-01-02,65,1,humidity,23.367263977690868,24.421407363464215,23.367263977690868,1021
User01,1,14,1,2026-01-03,66,1,humidity,22.96699849294844,24.348966978881652,22.96699849294844,2609
User01,1,14,1,2026-01-04,67,1,humidity,22.821136700288434,23.868107170669536,22.821136700288434,2249
User01,1,14,1,2026-01-05,68,1,humidity,21.8822156203984,22.654475656492753,21.8822156203984,2065
User01,1,14,1,2026-01-06,69,1,humidity,20.20211176783656,20.948398598708142,20.20211176783656,1538
User01,1,14,1,2026-01-07,70,1,humidity,28.96060747957268,30.200865146583276,28.96060747957268,2193
User01,1,14,1,2026-01-08,71,1,humidity,31.319218431079655,31.80015412337138,31.319218431079655,2311
User01,1,14,1,2026-01-09,72,1,humidity,24.398719766518383,25.56102304111639,24.398719766518383,2265
User01,1,14,1,2026-01-10,73,1,humidity,31.836423134597073,32.61326309962224,31.836423134597073,2236
User01,1,14,1,2026-01-11,74,1,humidity,34.595329329390836,35.48198739197939,34.595329329390836,2089
User01,1,14,1,2026-01-12,75,1,humidity,33.40632888364751,34.47226891701416,33.40632888364751,2087
User01,1,14,1,2026-01-13,76,1,humidity,32.690853607005245,33.336679541167484,32.690853607005245,2152
User01,1,14,1,2026-01-14,77,1,humidity,17.51091771611818,20.97806216781628,17.466934381388366,1986
User01,1,14,1,2026-01-15,78,1,humidity,10.325519126105283,13.17568351590516,10.210223052239332,2137
User01,1,14,1,2026-01-16,79,1,humidity,13.450473686718448,15.252284439449149,13.436437438499773,2176
User01,1,14,1,2026-01-17,80,1,humidity,17.165527188806404,18.05059115003715,17.165527188806404,2387
User01,1,14,1,2026-01-18,81,1,humidity,16.991475873580836,18.662713346061107,16.991475873580836,2326
User01,1,14,1,2026-01-20,82,1,humidity,30.644607071327467,31.40243937803992,30.644607071327467,2010
User01,1,14,1,2026-01-21,83,1,humidity,35.64963221767725,36.84681403997844,35.64963221767725,2036
User01,1,14,1,2026-01-22,84,1,humidity,30.13653368478895,31.07696861210274,30.13653368478895,1995
User01,1,14,1,2026-01-23,85,1,humidity,23.993060674488614,25.2123255871703,23.993060674488614,2204
User01,1,14,1,2026-01-24,86,1,humidity,25.155718169846793,26.316806034390464,25.155718169846793,2467
User01,1,14,1,2026-01-25,87,1,humidity,25.51468837242216,26.36558842095365,25.51468837242216,2317
User01,1,14,1,2026-01-26,88,1,humidity,23.81802916838197,24.103120506932164,23.81802916838197,2093
User01,1,14,1,2026-01-27,89,1,humidity,28.588524745747538,28.94521056250986,28.588524745747538,2130
User01,1,14,1,2026-01-28,90,1,humidity,26.26872086168015,26.499467204845743,26.26872086168015,2051
User01,1,14,1,2026-01-29,91,1,humidity,27.862339129944164,28.11237036932672,27.862339129944164,2076
User01,1,14,1,2026-01-30,92,1,humidity,27.364898232317607,27.579731481184577,27.364898232317607,2267
User01,1,14,1,2026-01-31,93,1,humidity,25.91015822909905,26.2176043561748,25.91015822909905,2464
User01,1,14,1,2026-02-02,94,1,humidity,17.846844427420642,18.620772740720014,17.846844427420642,2197
User01,1,14,1,2026-02-03,95,1,humidity,16.451624359860958,17.253181293210407,16.451624359860958,2300
User01,1,14,1,2026-02-04,96,1,humidity,8.26046877524352,10.128899251222958,7.587798907656618,2182
User01,1,14,1,2026-02-05,97,1,humidity,18.103060048437026,18.60797797806765,18.103060048437026,2108
User01,1,14,1,2026-02-06,98,1,humidity,23.66176026581291,23.907964747155123,23.66176026581291,2436
User01,1,14,1,2026-02-07,99,1,humidity,25.828483694090572,26.031586650919603,25.828483694090572,2571
User01,1,14,1,2026-02-08,100,1,humidity,25.140907493288797,25.40119575716383,25.140907493288797,2147
User01,1,14,1,2026-02-10,101,1,humidity,11.792941517392814,12.34307148602144,11.792941517392814,1923
User01,1,14,1,2026-02-11,102,1,humidity,17.22346367089969,17.56572544626736,17.22346367089969,2119
User01,1,14,1,2026-02-12,103,1,humidity,12.876548222664288,14.106866219629582,12.876548222664288,2293
User01,1,14,1,2026-02-13,104,1,humidity,6.653555149809071,8.468374460130514,6.076700668563392,2453
User01,1,14,1,2026-02-14,105,1,humidity,6.1630942316764195,7.381854873242841,-3.43639871892649,1960
User01,1,14,1,2026-02-15,106,1,humidity,10.23727460831312,12.541549136527012,10.230390387588923,2121
User01,1,14,1,2026-02-16,107,1,humidity,14.307353263874912,14.930470922715456,14.307353263874912,1936
User01,1,14,1,2026-02-17,108,1,humidity,18.34203425709355,19.372263788452926,18.34203425709355,2464
User01,1,14,1,2026-02-18,109,1,humidity,13.074698839859915,15.188832168436372,13.074392774443583,2048
User01,1,14,1,2026-02-19,110,1,humidity,12.023063491486983,13.682912184154311,12.022563866704912,2107
User01,1,14,1,2026-02-20,111,1,humidity,10.37386452974227,11.011177924335984,10.37386452974227,2302
User01,1,14,1,2026-02-21,112,1,humidity,7.644369353507051,9.323909951217175,7.251264973757364,2820
User01,1,14,1,2026-02-22,113,1,humidity,11.31338113583815,12.444271676733182,11.31338113583815,2373
User01,1,14,1,2026-02-23,114,1,humidity,19.062608510339064,19.654194088611746,19.062608510339064,2083
User01,1,14,1,2026-02-24,115,1,humidity,19.083399384593676,20.358913371381075,19.083399384593676,1207
User01,1,14,1,2026-02-25,116,1,humidity,10.502094548821448,12.171763075462422,10.460860814335202,2099
User01,1,14,1,2026-02-26,117,1,humidity,8.443386366792083,9.911313992140064,8.440756959923386,2079
User01,1,14,1,2026-02-27,118,1,humidity,5.618987160597206,6.82814468388065,4.93840265313034,2151
User01,1,14,1,2026-02-28,119,1,humidity,5.359567566577079,7.460562733584201,4.940544100240986,2194
User01,1,14,1,2026-03-01,120,1,humidity,4.1729257060515925,5.359269012955604,-0.8977349475604978,2443
User01,1,14,1,2026-03-02,121,1,humidity,15.045287808303847,15.491819296528172,15.045287808303847,2213
User01,1,14,1,2026-03-03,122,1,humidity,7.455176407513195,8.988464114522374,7.282737695958816,2023
User01,1,14,1,2026-03-04,123,1,humidity,9.21796780294799,11.603736865848822,9.21365455788138,2026
User01,1,14,1,2026-03-05,124,1,humidity,20.115809927898248,20.681922462917356,20.115809927898248,1574
User01,1,14,1,2026-03-06,125,1,humidity,16.04856074704509,16.286156771372045,16.04856074704509,2284
User01,1,14,1,2026-03-07,126,1,humidity,17.578817107802344,18.15983046060904,17.578817107802344,2179
User01,1,14,1,2026-03-08,127,1,humidity,22.397464494636345,23.05319200341563,22.397464494636345,2170
User01,1,14,1,2026-03-09,128,1,humidity,13.218148908051555,13.933748104716104,13.218148908051555,2207
User01,1,14,1,2026-03-10,129,1,humidity,16.91512978245103,17.862454872455398,16.91512978245103,1973
User01,1,14,1,2026-03-11,130,1,humidity,14.796260927304322,15.510078002729493,14.796260927304322,2264
User01,1,14,1,2026-03-12,131,1,humidity,9.875448762817538,13.459719486629938,9.655314161592528,2192
User01,1,14,1,2026-03-13,132,1,humidity,10.31432129625282,11.102201616262619,10.312164200068192,2280
User01,1,14,1,2026-03-14,133,1,humidity,11.611702798738085,13.00772824157768,11.592041400069373,2131
User01,1,14,1,2026-03-15,134,1,humidity,11.472126641515134,13.331968316432782,11.472126641515134,2218
User01,1,14,1,2026-03-16,135,1,humidity,15.077966776038842,16.19496658770146,15.077966776038842,2087
User01,1,14,1,2026-03-17,136,1,humidity,10.412785392207097,12.160022447784794,10.412785392207097,1903
User01,1,14,1,2026-03-18,137,1,humidity,11.057602359716622,11.820612631937601,11.057602359716622,2062
User01,1,14,1,2026-03-19,138,1,humidity,10.939162977177945,12.574831173217332,10.937660280741067,1764
User01,1,14,1,2026-03-20,139,1,humidity,7.796218664948269,9.502231865313819,7.61064478604633,2085
User01,1,14,1,2026-03-21,140,1,humidity,12.03997543365637,15.992018358605996,11.81783915803775,2246
User01,1,14,1,2026-03-22,141,1,humidity,8.379864785484934,9.60890704779997,8.301927381540317,1747
User01,1,14,1,2026-03-23,142,1,humidity,5.4412182452397095,6.464793753273068,0.524435365440777,1957
User01,1,14,1,2026-03-24,143,1,humidity,4.660967134817675,5.91433327106366,0.9845542462479494,1934
User01,1,14,1,2026-03-25,144,1,humidity,6.761446386892697,9.235384799134739,6.329169802989302,1786
User01,1,14,1,2026-03-26,145,1,humidity,6.291582781779497,7.693495875404899,6.2521501823363685,1939
User01,1,14,1,2026-03-27,146,1,humidity,4.573061425624636,5.581533292049918,3.0998588117587165,2191
User01,1,14,1,2026-03-28,147,1,humidity,4.215654407861227,6.422018827496618,2.339041764363153,2010
User01,1,14,1,2026-03-29,148,1,humidity,6.940109820478906,8.819440241059125,5.573629154437636,1755
User01,1,14,1,2026-03-30,149,1,humidity,3.8324945497847223,4.928680393988139,1.4757209553302535,2029
User01,1,14,1,2026-03-31,150,1,humidity,5.096648350523789,6.406920886751337,-0.7150154107413359,1790
User01,1,14,1,2026-04-01,151,1,humidity,5.480178966625453,7.0722064848707475,4.276509269622573,2021
User01,1,14,2,2025-11-14,16,1,temperature,0.929167587285653,1.0824844915696468,0.512527171818772,1863
User01,1,14,2,2025-11-15,17,1,temperature,0.8418218320763493,0.9865715268783524,0.38862643772146455,2153
User01,1,14,2,2025-11-16,18,1,temperature,0.6643424080517927,0.8263898593946692,0.24182957162945692,2210
User01,1,14,2,2025-11-17,19,1,temperature,1.987652018404617,2.147681683853742,-1.9759395461445943,2052
User01,1,14,2,2025-11-18,20,1,temperature,1.3030919590158023,1.5184930835470916,-0.9615095023801387,1933
User01,1,14,2,2025-11-19,21,1,temperature,1.0740566091440487,1.2325387977959625,0.5342912635580146,2279
User01,1,14,2,2025-11-20,22,1,temperature,1.1456288040398968,1.3908521468037913,0.8939930863130153,2039
User01,1,14,2,2025-11-21,23,1,temperature,1.1074837986975101,1.2431892785384664,0.7537066849931874,680
User01,1,14,2,2025-11-22,24,1,temperature,1.1023931406639111,1.3468226030510844,0.9978750787734088,745
User01,1,14,2,2025-11-23,25,1,temperature,1.0026032564319793,1.4018206845436683,0.2554907063128623,684
User01,1,14,2,2025-11-24,26,1,temperature,0.9054037618030316,1.0944260051637222,0.7542957363109818,767
User01,1,14,2,2025-11-25,27,1,temperature,1.0248875729744134,1.3760899006902307,0.7819701723381356,794
User01,1,14,2,2025-11-26,28,1,temperature,0.9883208088479627,1.1484555683560964,0.5349541515703319,1001
User01,1,14,2,2025-11-27,29,1,temperature,0.886337332881545,1.0513828399586171,0.37240082272577535,1400
User01,1,14,2,2025-11-28,30,1,temperature,1.175011391844348,1.418077364902222,-0.6601207693821819,1648
User01,1,14,2,2025-11-29,31,1,temperature,1.0972841647921585,1.2765684955743137,0.8211686293634042,1914
User01,1,14,2,2025-11-30,32,1,temperature,0.974498721066485,1.2091388138727532,0.41492173398562726,1531
User01,1,14,2,2025-12-01,33,1,temperature,0.8463926575743803,1.0514741799066,0.3136759321109437,1612
User01,1,14,2,2025-12-02,34,1,temperature,0.906359562624362,1.0654350172425648,0.07594846573668106,1643
User01,1,14,2,2025-12-03,35,1,temperature,0.8952331197636945,1.1781797102366016,-0.13846886773408817,1408
User01,1,14,2,2025-12-04,36,1,temperature,1.0432689816776204,1.267723181333179,-0.08709911353626283,1659
User01,1,14,2,2025-12-05,37,1,temperature,0.9941661466873424,1.199832578175456,0.04034405891564637,2025
User01,1,14,2,2025-12-06,38,1,temperature,1.0889908013640233,1.347664105408267,0.6711574304608827,2252
User01,1,14,2,2025-12-07,39,1,temperature,1.3502074462591418,1.603719947473216,1.2144604077811827,1818
User01,1,14,2,2025-12-08,40,1,temperature,1.1649047043801495,1.5289195115576917,0.9401822896832102,1745
User01,1,14,2,2025-12-09,41,1,temperature,1.1928000423433827,1.4906548942002207,0.7160176519437199,2059
User01,1,14,2,2025-12-10,42,1,temperature,1.0936737444302684,1.4186698506428113,0.6788188997087826,1970
User01,1,14,2,2025-12-11,43,1,temperature,0.7695270626067283,1.1824446708438805,0.5052357752624598,2140
User01,1,14,2,2025-12-12,44,1,temperature,1.1284372208409867,1.4199105675288008,0.7892386073443745,2299
User01,1,14,2,2025-12-13,45,1,temperature,1.1949672310802946,1.477917107537141,0.6922087800717707,1708
User01,1,14,2,2025-12-14,46,1,temperature,0.8803935287677421,1.3874045950058116,0.47610321083260876,1741
User01,1,14,2,2025-12-15,47,1,temperature,1.117168781979786,1.304451192641554,0.6588390215915426,1953
User01,1,14,2,2025-12-16,48,1,temperature,1.0283315035615623,1.2882963666074325,0.754820042756213,2264
User01,1,14,2,2025-12-17,49,1,temperature,1.394565408525689,1.7123044584080531,1.0283566645390185,2118
User01,1,14,2,2025-12-18,50,1,temperature,1.142899548951161,1.4500620609536592,0.9244479312058587,2223
User01,1,14,2,2025-12-19,51,1,temperature,1.2779743976908555,1.5585818970253393,1.1685594776519874,2599
User01,1,14,2,2025-12-20,52,1,temperature,1.337285775740548,1.6448525464868315,1.263614471429629,2063
User01,1,14,2,2025-12-21,53,1,temperature,1.354572041397174,1.7982835306305698,0.9411162844707776,1822
User01,1,14,2,2025-12-22,54,1,temperature,1.6106984710922245,2.064501853248496,1.2575011392639426,1837
User01,1,14,2,2025-12-23,55,1,temperature,2.864310255389532,3.0657060660944926,2.8511180561438407,1996
User01,1,14,2,2025-12-24,56,1,temperature,1.8349701925890918,2.2443671024868905,1.8029028001991878,1928
User01,1,14,2,2025-12-25,57,1,temperature,1.120720746122712,1.6073427844522696,0.1090792467074545,1699
User01,1,14,2,2025-12-26,58,1,temperature,0.9834692126881402,1.4818103376193779,0.0008601423252870414,1490
User01,1,14,2,2025-12-27,59,1,temperature,2.1891125943115948,2.478256294945434,2.177100278834401,903
User01,1,14,2,2025-12-28,60,1,temperature,2.6375609184957205,3.2577360688927266,2.624787841244348,1356
User01,1,14,2,2025-12-29,61,1,temperature,1.935646397246239,2.182573317678283,1.9329087046249411,930
User01,1,14,2,2025-12-30,62,1,temperature,1.9459847547709497,2.335410358371281,1.8334548470345047,905
User01,1,14,2,2025-12-31,63,1,temperature,1.0938581004945507,1.4034269715562253,-0.554943323994379,1023
User01,1,14,2,2026-01-01,64,1,temperature,2.2476307248618665,2.5077785887194532,2.2082443822708933,878
User01,1,14,2,2026-01-02,65,1,temperature,1.936449107922693,2.267410469376555,1.744786755858011,1021
User01,1,14,2,2026-01-03,66,1,temperature,2.2921598951974507,2.5280722341648323,2.2213516960938566,2609
User01,1,14,2,2026-01-04,67,1,temperature,1.0943655237884196,1.5461453542421462,-0.23233254571429438,2249
User01,1,14,2,2026-01-05,68,1,temperature,1.215237606480698,1.4976067731185223,-0.6750102930606263,2065
User01,1,14,2,2026-01-06,69,1,temperature,1.3046947249333531,1.5387643940901863,1.1631504694060388,1538
User01,1,14,2,2026-01-07,70,1,temperature,1.3309163007412266,1.7179808198893276,-0.3597160008017186,2193
User01,1,14,2,2026-01-08,71,1,temperature,1.1353823417813595,1.5139003362549432,0.1808553554633805,2311
User01,1,14,2,2026-01-09,72,1,temperature,1.0598816879947113,1.3464526629659723,0.47934369602149307,2265
User01,1,14,2,2026-01-10,73,1,temperature,1.9447738053331733,2.297804509023761,1.7823293729087832,2236
User01,1,14,2,2026-01-11,74,1,temperature,1.8655292044619725,2.1484506937897154,-1.0400279854144407,2089
User01,1,14,2,2026-01-12,75,1,temperature,1.262563095890836,1.6069574242775528,-0.6168951837020689,2087
User01,1,14,2,2026-01-13,76,1,temperature,1.9112576877755885,2.2389986514285374,-1.2408263918828317,2152
User01,1,14,2,2026-01-14,77,1,temperature,2.0618853003289552,2.280632030404255,2.0165852310259296,1986
User01,1,14,2,2026-01-15,78,1,temperature,2.2764527445681444,2.53820326090994,2.243558283692084,2137
User01,1,14,2,2026-01-16,79,1,temperature,2.6055944262167365,2.8206426762965298,2.605013242767184,2176
User01,1,14,2,2026-01-17,80,1,temperature,2.0964740917212463,2.3732943482094053,2.0524072138221285,2387
User01,1,14,2,2026-01-18,81,1,temperature,1.9408305214663713,2.285533458335962,1.901620717755701,2326
User01,1,14,2,2026-01-20,82,1,temperature,0.9061521925799679,1.3525553414494613,0.08534443725552171,2010
User01,1,14,2,2026-01-21,83,1,temperature,1.7557617732009445,1.9993574412158268,-1.4052134507580438,2036
User01,1,14,2,2026-01-22,84,1,temperature,1.8883763055501184,2.1433624184986666,-1.1123734809640455,1995
User01,1,14,2,2026-01-23,85,1,temperature,0.9261571124649111,1.1616599181012517,0.3258847408213227,2204
User01,1,14,2,2026-01-24,86,1,temperature,1.1196060497124682,1.3512755584894598,-0.16270578972535235,2467
User01,1,14,2,2026-01-25,87,1,temperature,1.1906170517542911,1.5466251712868193,-0.6484035374145961,2317
User01,1,14,2,2026-01-26,88,1,temperature,1.2389214513156281,1.5562801103124593,-0.80967409370738,2093
User01,1,14,2,2026-01-27,89,1,temperature,1.3556852446661976,1.5313976513223875,-0.8947784682214523,2130
User01,1,14,2,2026-01-28,90,1,temperature,1.3937036650412298,1.6061817025975043,-0.5614828370401186,2051
User01,1,14,2,2026-01-29,91,1,temperature,1.8621973691872502,2.01857376575217,-1.4561355742798485,2076
User01,1,14,2,2026-01-30,92,1,temperature,0.7265197464562317,0.9015581204105394,-0.06726857361044428,2267
User01,1,14,2,2026-01-31,93,1,temperature,0.9553552059324123,1.189258299094172,-0.0028265654218056885,2464
User01,1,14,2,2026-02-02,94,1,temperature,1.811218073631828,2.0644554400021913,1.791077723429941,2197
User01,1,14,2,2026-02-03,95,1,temperature,1.4696229406900785,1.8028467111515227,1.3280591285332328,2300
User01,1,14,2,2026-02-04,96,1,temperature,2.026692210016136,2.254443922824458,1.974793544476478,2182
User01,1,14,2,2026-02-05,97,1,temperature,1.232644845366794,1.7185607504432114,0.26997115631187807,2108
User01,1,14,2,2026-02-06,98,1,temperature,0.9059890325461598,1.272380392401473,0.5272301433864844,2436
User01,1,14,2,2026-02-07,99,1,temperature,1.9585273666063712,2.166223185482157,-0.7876885509912025,2571
User01,1,14,2,2026-02-08,100,1,temperature,1.3776331747846642,1.5573718125124951,-1.113408710259596,2147
User01,1,14,2,2026-02-10,101,1,temperature,2.0409749996743494,2.2407628841287464,2.0394029766544635,1923
User01,1,14,2,2026-02-11,102,1,temperature,1.25880465439928,1.6183463933115156,1.1741576051783724,2119
User01,1,14,2,2026-02-12,103,1,temperature,1.5040035875631437,1.8191855043364205,1.4523105829756482,2293
User01,1,14,2,2026-02-13,104,1,temperature,2.059308673752511,2.3656266028289354,2.0218700111471803,2453
User01,1,14,2,2026-02-14,105,1,temperature,2.3084165881305574,2.474653903247534,2.296795012505771,1960
User01,1,14,2,2026-02-15,106,1,temperature,2.1696272447490896,2.4220473225156103,2.1695329013491795,2121
User01,1,14,2,2026-02-16,107,1,temperature,2.3085162632171885,2.519022554057726,2.2724933230072826,1936
User01,1,14,2,2026-02-17,108,1,temperature,2.1040924030889783,2.394328001186864,2.068212572786145,2464
User01,1,14,2,2026-02-18,109,1,temperature,1.908879036444654,2.2181170035405424,1.8710128268636737,2048
User01,1,14,2,2026-02-19,110,1,temperature,2.3850342421659962,2.5835437192907764,2.3777531812891395,2107
User01,1,14,2,2026-02-20,111,1,temperature,2.2906775196305817,2.503874525896142,2.29031929266388,2302
User01,1,14,2,2026-02-21,112,1,temperature,2.201922845696767,2.4956527742170125,2.196962482198579,2820
User01,1,14,2,2026-02-22,113,1,temperature,2.7231269356042502,2.8582505128122233,2.7230898575139872,2373
User01,1,14,2,2026-02-23,114,1,temperature,1.8949097673016113,2.2065322954477957,1.818513211095512,2083
User01,1,14,2,2026-02-24,115,1,temperature,2.1723443774939524,2.4659712003418712,2.0755844805181707,1207
User01,1,14,2,2026-02-25,116,1,temperature,1.8698739037818457,2.2092891021364824,1.790774385219271,2099
User01,1,14,2,2026-02-26,117,1,temperature,2.531498725383835,2.749532400466138,2.5298098779347753,2079
User01,1,14,2,2026-02-27,118,1,temperature,2.3141720338010763,2.537271596918443,2.2959181195583294,2151
User01,1,14,2,2026-02-28,119,1,temperature,2.4650468836019375,2.6276692554059107,2.4475928747844726,2194
User01,1,14,2,2026-03-01,120,1,temperature,2.179664056648163,2.454007965273646,1.972279326521732,2443
User01,1,14,2,2026-03-02,121,1,temperature,1.9730595111926368,2.291022681736822,1.9707696285082643,2213
User01,1,14,2,2026-03-03,122,1,temperature,2.2875275122101177,2.5452134493813183,2.2725367431460057,2023
User01,1,14,2,2026-03-04,123,1,temperature,1.7448975082026386,2.036039451147113,1.6830904716962474,2026
User01,1,14,2,2026-03-05,124,1,temperature,1.5045809762602147,1.8539129488793011,1.4263745775062453,1574
User01,1,14,2,2026-03-06,125,1,temperature,2.080644737925381,2.2860366085948485,2.066721224729696,2284
User01,1,14,2,2026-03-07,126,1,temperature,2.3758866719286647,2.5399175803101186,2.375864737558993,2179
User01,1,14,2,2026-03-08,127,1,temperature,1.0078201108683336,1.4234525900554644,0.3633231495466842,2170
User01,1,14,2,2026-03-09,128,1,temperature,1.3918325114864134,1.6898079525549126,0.8955026660786229,2207
User01,1,14,2,2026-03-10,129,1,temperature,1.8629600191304014,2.1370884617361194,1.6330461292265295,1973
User01,1,14,2,2026-03-11,130,1,temperature,2.251875492100565,2.695827746773049,1.782990853875473,2264
User01,1,14,2,2026-03-12,131,1,temperature,3.8862933119315812,4.088149467490677,3.178675278366613,2192
User01,1,14,2,2026-03-13,132,1,temperature,2.173825974632408,2.5030216473611766,2.1364322938891815,2280
User01,1,14,2,2026-03-14,133,1,temperature,2.0447169577108264,2.372142981643175,2.0032204625003196,2131
User01,1,14,2,2026-03-15,134,1,temperature,2.0476126725207595,2.3229691511470585,2.0143156235106106,2218
User01,1,14,2,2026-03-16,135,1,temperature,2.081420099411081,2.3326626068484932,2.081420099411081,2087
User01,1,14,2,2026-03-17,136,1,temperature,3.2025627722535557,3.275685699470345,3.2025627722535557,1903
User01,1,14,2,2026-03-18,137,1,temperature,2.5003860121265085,2.7765121891117004,2.4750599445146095,2062
User01,1,14,2,2026-03-19,138,1,temperature,4.182420758603258,4.250681818668573,4.182420758603258,1764
User01,1,14,2,2026-03-20,139,1,temperature,3.5065390533059677,3.790870443271602,3.4768672364005004,2085
User01,1,14,2,2026-03-21,140,1,temperature,2.3122046894692105,2.4575543811428258,2.302524348630464,2246
User01,1,14,2,2026-03-22,141,1,temperature,1.9555205148958474,2.2134824300213802,1.8725302961497576,1747
User01,1,14,2,2026-03-23,142,1,temperature,3.319869455381754,3.4456098066330165,3.3186020575211472,1957
User01,1,14,2,2026-03-24,143,1,temperature,3.8735006773115477,3.926885212392557,3.8735006773115477,1934
User01,1,14,2,2026-03-25,144,1,temperature,2.3940190617591113,2.6182045577884168,2.380287072136921,1786
User01,1,14,2,2026-03-26,145,1,temperature,2.3297718945431387,2.4732843143101526,2.3237602489604336,1939
User01,1,14,2,2026-03-27,146,1,temperature,2.3227263255181443,2.489544842219249,2.3060183654031245,2191
User01,1,14,2,2026-03-28,147,1,temperature,2.087957729348304,2.3054712980079444,2.0613020940123046,2010
User01,1,14,2,2026-03-29,148,1,temperature,2.3300398940188134,2.544862583362964,2.2954574381290898,1755
User01,1,14,2,2026-03-30,149,1,temperature,2.167664611928807,2.3496612648550728,2.1131156805471605,2029
User01,1,14,2,2026-03-31,150,1,temperature,2.521115532889615,2.6219382854249216,2.514227813929833,1790
User01,1,14,2,2026-04-01,151,1,temperature,1.9960500056970443,2.2558010009951266,1.974898404778605,2021
User01,1,14,2,2025-11-14,16,1,humidity,10.793073395838766,12.42714876330471,10.669584244459719,1863
User01,1,14,2,2025-11-15,17,1,humidity,9.350315351063859,11.031829509586183,9.051022962407156,2153
User01,1,14,2,2025-11-16,18,1,humidity,9.054603717291908,10.631988490707121,8.629141973438484,2210
User01,1,14,2,2025-11-17,19,1,humidity,30.11883936174045,30.510250930626942,30.11883936174045,2052
User01,1,14,2,2025-11-18,20,1,humidity,30.186402771385687,30.754959497694635,30.186402771385687,1933
User01,1,14,2,2025-11-19,21,1,humidity,17.62942947230661,19.19609031679916,17.629370305300128,2279
User01,1,14,2,2025-11-20,22,1,humidity,15.63794700478953,16.473975478551345,15.637583437039751,2039
User01,1,14,2,2025-11-21,23,1,humidity,14.353519742577888,16.05754283703647,14.3466380782339,680
User01,1,14,2,2025-11-22,24,1,humidity,10.364992168832915,12.193639546211864,10.119621811051832,745
User01,1,14,2,2025-11-23,25,1,humidity,6.196073961778796,7.815136217164435,4.551961746205392,684
User01,1,14,2,2025-11-24,26,1,humidity,6.4721028044375295,7.732732956162173,4.238087649246435,767
User01,1,14,2,2025-11-25,27,1,humidity,8.57002880262115,10.110768213565812,8.025206331504839,794
User01,1,14,2,2025-11-26,28,1,humidity,11.600668506879654,12.784374172161353,11.520253683599941,1001
User01,1,14,2,2025-11-27,29,1,humidity,14.367720310962376,15.485758761978719,14.361791641893742,1400
User01,1,14,2,2025-11-28,30,1,humidity,21.432494223444024,22.179244336687276,21.432494223444024,1648
User01,1,14,2,2025-11-29,31,1,humidity,14.277611688035027,16.014327861126272,14.245329254193777,1914
User01,1,14,2,2025-11-30,32,1,humidity,10.272088487974289,13.388207618039878,9.779250551560041,1531
User01,1,14,2,2025-12-01,33,1,humidity,20.231691598674047,20.992788683502365,20.231691598674047,1612
User01,1,14,2,2025-12-02,34,1,humidity,32.36010709690568,32.83942294383717,32.36010709690568,1643
User01,1,14,2,2025-12-03,35,1,humidity,32.49416963851897,32.96308327980621,32.49416963851897,1408
User01,1,14,2,2025-12-04,36,1,humidity,26.808033513981968,27.353409708365128,26.808033513981968,1659
User01,1,14,2,2025-12-05,37,1,humidity,25.659145463631287,26.77288655007204,25.659145463631287,2025
User01,1,14,2,2025-12-06,38,1,humidity,11.38558771852728,12.895509002362427,11.343423888593025,2252
User01,1,14,2,2025-12-07,39,1,humidity,8.761129996603348,11.02456409528393,7.354546857085773,1818
User01,1,14,2,2025-12-08,40,1,humidity,16.617474995736924,17.493396021357242,16.61731083312869,1745
User01,1,14,2,2025-12-09,41,1,humidity,16.801223095199493,17.948316626008616,16.801223095199493,2059
User01,1,14,2,2025-12-10,42,1,humidity,9.96079977572704,11.395436730794431,9.733753962645856,1970
User01,1,14,2,2025-12-11,43,1,humidity,17.33451182592147,18.191779540866836,17.33451182592147,2140
User01,1,14,2,2025-12-12,44,1,humidity,13.494381282930584,14.653088573148501,13.444498114537403,2299
User01,1,14,2,2025-12-13,45,1,humidity,16.293578596361964,17.30574288235548,16.293578596361964,1708
User01,1,14,2,2025-12-14,46,1,humidity,16.185377787989385,17.13895316280486,16.185377787989385,1741
User01,1,14,2,2025-12-15,47,1,humidity,12.636571329759983,14.016721504654578,12.623126129198893,1953
User01,1,14,2,2025-12-16,48,1,humidity,10.61740931409765,12.235379427626295,10.590238302231603,2264
User01,1,14,2,2025-12-17,49,1,humidity,10.32535471414261,11.590290901403375,10.308844488483087,2118
User01,1,14,2,2025-12-18,50,1,humidity,13.9749441587878,15.450526122965226,13.974917166307396,2223
User01,1,14,2,2025-12-19,51,1,humidity,12.658699060394628,14.057826410381576,12.657909107183373,2599
User01,1,14,2,2025-12-20,52,1,humidity,14.863396491431194,17.687015734277498,14.826020894544378,2063
User01,1,14,2,2025-12-21,53,1,humidity,18.074861215993067,19.2272109056269,18.074861215993067,1822
User01,1,14,2,2025-12-22,54,1,humidity,21.17420330539034,21.986639538926287,21.17420330539034,1837
User01,1,14,2,2025-12-23,55,1,humidity,20.00087943880679,21.21175761689646,20.00087943880679,1996
User01,1,14,2,2025-12-24,56,1,humidity,16.95005151783088,17.85761643758146,16.95005151783088,1928
User01,1,14,2,2025-12-25,57,1,humidity,28.238348806436626,30.609770867669216,28.238348806436626,1699
User01,1,14,2,2025-12-26,58,1,humidity,35.763760255249565,38.11210362977525,35.763760255249565,1490
User01,1,14,2,2025-12-27,59,1,humidity,19.122724778272378,21.47560957359767,19.122724778272378,903
User01,1,14,2,2025-12-28,60,1,humidity,13.368072197143661,15.484431558551094,13.362523129306156,1356
User01,1,14,2,2025-12-29,61,1,humidity,11.83681684440787,13.644757804786003,11.609255669210217,930
User01,1,14,2,2025-12-30,62,1,humidity,23.079604737830824,24.39346668146419,23.079604737830824,905
User01,1,14,2,2025-12-31,63,1,humidity,25.514673626134076,26.197199029680633,25.514673626134076,1023
User01,1,14,2,2026-01-01,64,1,humidity,29.484396503211233,30.463793380632374,29.484396503211233,878
User01,1,14,2,2026-01-02,65,1,humidity,23.985618615506993,25.08661777733443,23.985618615506993,1021
User01,1,14,2,2026-01-03,66,1,humidity,24.328981729970153,25.61574304465271,24.328981729970153,2609
User01,1,14,2,2026-01-04,67,1,humidity,24.357665139837554,25.3819852874694,24.357665139837554,2249
User01,1,14,2,2026-01-05,68,1,humidity,22.78081903395153,23.535897572559616,22.78081903395153,2065
User01,1,14,2,2026-01-06,69,1,humidity,20.378304659216212,21.20717628100356,20.378304659216212,1538
User01,1,14,2,2026-01-07,70,1,humidity,30.301782714505716,31.34769151062205,30.301782714505716,2193
User01,1,14,2,2026-01-08,71,1,humidity,32.34433305211441,32.771517367912736,32.34433305211441,2311
User01,1,14,2,2026-01-09,72,1,humidity,25.119002579639883,26.193454528121702,25.119002579639883,2265
User01,1,14,2,2026-01-10,73,1,humidity,32.788197573534326,33.47035355330979,32.788197573534326,2236
User01,1,14,2,2026-01-11,74,1,humidity,35.67059921423451,36.54128858765066,35.67059921423451,2089
User01,1,14,2,2026-01-12,75,1,humidity,34.03726711534394,35.07504683298979,34.03726711534394,2087
User01,1,14,2,2026-01-13,76,1,humidity,32.84177724978448,33.56496749848731,32.84177724978448,2152
User01,1,14,2,2026-01-14,77,1,humidity,17.64613678291689,21.096756685071217,17.64318896890348,1986
User01,1,14,2,2026-01-15,78,1,humidity,10.572881103922256,13.541718325890606,10.449483412004037,2137
User01,1,14,2,2026-01-16,79,1,humidity,13.772541217263068,15.518845416566776,13.770889888468883,2176
User01,1,14,2,2026-01-17,80,1,humidity,16.786704460522067,17.714476002395184,16.786704460522067,2387
User01,1,14,2,2026-01-18,81,1,humidity,17.725072716752994,19.201446723440835,17.724674598256364,2326
User01,1,14,2,2026-01-20,82,1,humidity,31.639924200049524,32.35683384277202,31.639924200049524,2010
User01,1,14,2,2026-01-21,83,1,humidity,36.26430018908156,37.2578391729945,36.26430018908156,2036
User01,1,14,2,2026-01-22,84,1,humidity,31.31406317069732,32.26707720207045,31.31406317069732,1995
User01,1,14,2,2026-01-23,85,1,humidity,25.181008577213433,26.332820071366864,25.181008577213433,2204
User01,1,14,2,2026-01-24,86,1,humidity,25.569681348632653,26.63793164529904,25.569681348632653,2467
User01,1,14,2,2026-01-25,87,1,humidity,24.03445348170768,25.677018779799294,24.03445348170768,2317
User01,1,14,2,2026-01-26,88,1,humidity,21.29637158495188,21.758964579444616,21.29637158495188,2093
User01,1,14,2,2026-01-27,89,1,humidity,26.01061342660126,26.510805002912505,26.01061342660126,2130
User01,1,14,2,2026-01-28,90,1,humidity,23.771461518807268,24.22997100678603,23.771461518807268,2051
User01,1,14,2,2026-01-29,91,1,humidity,25.715156267997486,26.146853859035126,25.715156267997486,2076
User01,1,14,2,2026-01-30,92,1,humidity,24.111271752753964,24.507077189815735,24.111271752753964,2267
User01,1,14,2,2026-01-31,93,1,humidity,23.860107228274668,24.391710468146282,23.860107228274668,2464
User01,1,14,2,2026-02-02,94,1,humidity,16.160537036367185,17.170436828876422,16.160537036367185,2197
User01,1,14,2,2026-02-03,95,1,humidity,14.065303775328038,15.375834986975745,14.065303775328038,2300
User01,1,14,2,2026-02-04,96,1,humidity,7.291096052101208,9.432754707706945,6.031828806832789,2182
User01,1,14,2,2026-02-05,97,1,humidity,15.129626117017446,15.889048779043732,15.129626117017446,2108
User01,1,14,2,2026-02-06,98,1,humidity,21.530452011020518,21.93823051457774,21.530452011020518,2436
User01,1,14,2,2026-02-07,99,1,humidity,23.73158953906626,24.228370876344204,23.73158953906626,2571
User01,1,14,2,2026-02-08,100,1,humidity,21.961411722880506,22.416791826378397,21.961411722880506,2147
User01,1,14,2,2026-02-10,101,1,humidity,9.085245362788143,10.16625989773036,9.079131724320904,1923
User01,1,14,2,2026-02-11,102,1,humidity,14.994422102500275,15.644996232992916,14.96137878929207,2119
User01,1,14,2,2026-02-12,103,1,humidity,10.873674561347205,12.490111702978812,10.80022730293219,2293
User01,1,14,2,2026-02-13,104,1,humidity,5.858604865886649,7.59645836301394,3.93755678211002,2453
User01,1,14,2,2026-02-14,105,1,humidity,7.952017879404556,9.102633980009118,-6.2359284957314305,1960
User01,1,14,2,2026-02-15,106,1,humidity,7.761367106597229,10.385766227391374,7.168374519365714,2121
User01,1,14,2,2026-02-16,107,1,humidity,11.251913544103871,12.238581985467157,11.174617954039073,1936
User01,1,14,2,2026-02-17,108,1,humidity,15.49423521805045,16.903683820748043,15.49423521805045,2464
User01,1,14,2,2026-02-18,109,1,humidity,10.764019488574066,13.2357700147258,10.726085708928546,2048
User01,1,14,2,2026-02-19,110,1,humidity,9.422091867728895,11.916646836507242,8.99939790151753,2107
User01,1,14,2,2026-02-20,111,1,humidity,8.063291800541862,9.269525953912588,7.981384107352491,2302
User01,1,14,2,2026-02-21,112,1,humidity,6.078112446380777,8.412178857920496,4.324121376798318,2820
User01,1,14,2,2026-02-22,113,1,humidity,9.07701518830248,11.068165109808607,8.883780977729,2373
User01,1,14,2,2026-02-23,114,1,humidity,16.34548553698539,17.194920670380856,16.34548553698539,2083
User01,1,14,2,2026-02-24,115,1,humidity,17.48598900781645,20.37234819947643,17.48598900781645,1207
User01,1,14,2,2026-02-25,116,1,humidity,8.50112623043345,10.750648097976923,7.4917721718507355,2099
User01,1,14,2,2026-02-26,117,1,humidity,6.227769141144449,7.943678600923891,6.040944418898915,2079
User01,1,14,2,2026-02-27,118,1,humidity,4.557915855226802,5.624519114606547,1.854767559476939,2151
User01,1,14,2,2026-02-28,119,1,humidity,4.620969725655765,6.573049724142867,1.8463868624150386,2194
User01,1,14,2,2026-03-01,120,1,humidity,5.448452578118732,6.41244831121872,-2.654304252502516,2443
User01,1,14,2,2026-03-02,121,1,humidity,12.172769564908572,12.823567131813766,12.172769564908572,2213
User01,1,14,2,2026-03-03,122,1,humidity,4.602991397642435,6.7068168359286275,3.4979041850005714,2023
User01,1,14,2,2026-03-04,123,1,humidity,6.28936746465044,9.555521134403197,5.886783439045867,2026
User01,1,14,2,2026-03-05,124,1,humidity,17.86126343973593,18.930414951182325,17.86126343973593,1574
User01,1,14,2,2026-03-06,125,1,humidity,12.722322116412238,13.131069427202323,12.722322116412238,2284
User01,1,14,2,2026-03-07,126,1,humidity,15.173462818429526,16.184939075186318,15.173462818429526,2179
User01,1,14,2,2026-03-08,127,1,humidity,19.210937078144745,20.245073818437312,19.210937078144745,2170
User01,1,14,2,2026-03-09,128,1,humidity,10.95546578727888,12.679192639637833,10.95546578727888,2207
User01,1,14,2,2026-03-10,129,1,humidity,13.627027700807213,14.72898725373448,13.627027700807213,1973
User01,1,14,2,2026-03-11,130,1,humidity,11.664558218755925,12.807490481050511,11.602507063159424,2264
User01,1,14,2,2026-03-12,131,1,humidity,8.47989841131818,11.858211226628367,6.117076642254422,2192
User01,1,14,2,2026-03-13,132,1,humidity,7.511837929107226,8.828663816735906,7.458275962454051,2280
User01,1,14,2,2026-03-14,133,1,humidity,8.675921243455686,10.702255623447316,8.506533548180213,2131
User01,1,14,2,2026-03-15,134,1,humidity,8.2951664006204,10.909382861445197,7.995322000331819,2218
User01,1,14,2,2026-03-16,135,1,humidity,12.632859925855884,14.21674333484194,12.630816610178279,2087
User01,1,14,2,2026-03-17,136,1,humidity,7.346729024824518,9.485369526085492,7.231277881396346,1903
User01,1,14,2,2026-03-18,137,1,humidity,8.493991872460997,9.82264229840371,8.483157305658931,2062
User01,1,14,2,2026-03-19,138,1,humidity,7.92848608918699,10.314942135200939,7.51963416017329,1764
User01,1,14,2,2026-03-20,139,1,humidity,5.625174157355324,7.638052365659573,5.078761525535786,2085
User01,1,14,2,2026-03-21,140,1,humidity,9.623530398864297,14.148955297574446,9.150624505385112,2246
User01,1,14,2,2026-03-22,141,1,humidity,5.743991508041501,7.504488868497798,5.490358458035908,1747
User01,1,14,2,2026-03-23,142,1,humidity,6.525172481494345,7.288290045725037,-1.982339337948938,1957
User01,1,14,2,2026-03-24,143,1,humidity,5.931459745708561,7.262993306150437,-2.128716382091941,1934
User01,1,14,2,2026-03-25,144,1,humidity,5.2513859995465735,8.482721525303875,3.466589816945396,1786
User01,1,14,2,2026-03-26,145,1,humidity,4.420797148312244,7.11746066527661,2.9544066836760483,1939
User01,1,14,2,2026-03-27,146,1,humidity,4.411552433926146,5.44437207148504,-0.011485239305031305,2191
User01,1,14,2,2026-03-28,147,1,humidity,4.888981343732521,6.2396595226936125,-0.8829560503346016,2010
User01,1,14,2,2026-03-29,148,1,humidity,6.207011669977434,7.495872672086042,3.223624846953638,1755
User01,1,14,2,2026-03-30,149,1,humidity,4.6902107340874,5.617260534907465,-2.5104638284464733,2029
User01,1,14,2,2026-03-31,150,1,humidity,6.677515903440757,7.975185748669615,-3.710977966824106,1790
User01,1,14,2,2026-04-01,151,1,humidity,4.91945049502913,6.435142205940995,1.023994490498828,2021
User02,2,0,0,2026-07-19,1,0,temperature,3.120549199061673,3.256982961366182,-3.120549199061673,3505
User02,2,0,0,2026-07-20,2,0,temperature,3.574367379162548,3.6700335243015667,-3.574367379162548,3516
User02,2,0,0,2026-07-21,3,0,temperature,3.6304371683105456,3.758133941119892,-3.6304371683105456,3332
User02,2,0,0,2026-07-22,4,0,temperature,3.2669577698403174,3.3227947577816663,-3.2669577698403174,3376
User02,2,0,0,2026-07-23,5,0,temperature,3.494972367509401,3.5720290652044446,-3.494972367509401,3227
User02,2,0,0,2026-07-24,6,0,temperature,3.287837454296704,3.3722566399447005,-3.287837454296704,3828
User02,2,0,0,2026-07-26,7,0,temperature,3.622078188200158,3.714228375197745,-3.622078188200158,2274
User02,2,0,0,2026-07-27,8,0,temperature,3.2255898168136983,3.314573102702423,-3.2255898168136983,3068
User02,2,0,0,2026-07-28,9,0,temperature,2.3580188171929577,2.5634373337511716,-2.3580188171929577,2705
User02,2,0,0,2026-07-31,10,0,temperature,6.206635925934968,6.719849669452929,-6.206635925934968,3036
User02,2,0,0,2026-08-01,11,0,temperature,6.129429537267966,7.231387868774076,-6.129429537267966,2723
User02,2,0,0,2026-08-02,12,0,temperature,5.768261830338018,6.65843020616555,-5.768261830338018,2859
User02,2,0,0,2026-08-03,13,0,temperature,5.8809222173087825,6.692888241618593,-5.8809222173087825,3680
User02,2,0,0,2026-08-04,14,0,temperature,5.267620415884443,5.994338629113847,-5.267620415884443,3671
User02,2,0,0,2026-08-05,15,0,temperature,5.455951048828148,6.265726528658717,-5.455951048828148,3360
User02,2,0,0,2026-08-06,16,1,temperature,6.02405921884278,6.443264859966751,-6.02405921884278,2467
User02,2,0,0,2026-08-07,17,1,temperature,6.333322983866438,6.934376282008908,-6.333322983866438,3596
User02,2,0,0,2026-08-08,18,1,temperature,5.815733929602728,6.190660965476248,-5.815733929602728,2781
User02,2,0,0,2026-08-09,19,1,temperature,4.369536893665791,4.624140202076078,-4.369536893665791,3675
User02,2,0,0,2026-08-10,20,1,temperature,4.6735720698621614,4.933745658763942,-4.6735720698621614,2630
User02,2,0,0,2026-08-11,21,1,temperature,4.992734549433984,5.259666016533422,-4.992734549433984,2806
User02,2,0,0,2026-08-12,22,1,temperature,5.392866517570408,5.602704768304368,-5.392866517570408,2985
User02,2,0,0,2026-08-13,23,1,temperature,4.697331784834797,5.0193508310873645,-4.697331784834797,3353
User02,2,0,0,2026-08-14,24,1,temperature,5.639699256958492,5.860388561184242,-5.639699256958492,3768
User02,2,0,0,2026-08-15,25,1,temperature,5.090036199124901,5.331788720002485,-5.090036199124901,3170
User02,2,0,0,2026-08-16,26,1,temperature,4.6031509864220155,4.899779537412272,-4.6031509864220155,3965
User02,2,0,0,2026-08-17,27,1,temperature,5.023104637991231,5.365376647728378,-5.023104637991231,2468
User02,2,0,0,2026-08-18,28,1,temperature,5.397161529655003,5.736219749874817,-5.397161529655003,2800
User02,2,0,0,2026-08-19,29,1,temperature,5.878225894167666,6.3210670317752635,-5.878225894167666,3445
User02,2,0,0,2026-08-20,30,1,temperature,5.0074744029501845,5.480752918206343,-5.0074744029501845,3580
User02,2,0,0,2026-08-21,31,1,temperature,5.452014026123758,5.723753925257137,-5.452014026123758,2472
User02,2,0,0,2026-08-22,32,1,temperature,5.001903669214725,5.411467845510728,-5.001903669214725,2819
User02,2,0,0,2026-08-23,33,1,temperature,4.554852303935498,4.767064253154067,-4.554852303935498,2601
User02,2,0,0,2026-08-24,34,1,temperature,4.1834128498840695,4.205863778606448,-4.1834128498840695,1220
User02,2,0,0,2026-08-25,35,1,temperature,4.603306977486258,4.730689795302366,-4.603306977486258,1223
User02,2,0,0,2026-08-26,36,1,temperature,5.040924563672277,5.374437971355423,-5.040924563672277,3196
User02,2,0,0,2026-08-27,37,1,temperature,5.206992712637429,5.448728560335351,-5.206992712637429,3798
User02,2,0,0,2026-08-28,38,1,temperature,3.8085132373162907,3.903626955895902,-3.8085132373162907,2463
User02,2,0,0,2026-08-29,39,1,temperature,4.03268836669525,4.119307711448584,-4.03268836669525,2697
User02,2,0,0,2026-08-30,40,1,temperature,3.6239636555744488,3.6982327647204687,-3.6239636555744488,1841
User02,2,0,0,2026-08-31,41,1,temperature,3.7343262800871075,3.807150022094516,-3.7343262800871075,3117
User02,2,0,0,2026-09-01,42,1,temperature,3.2232517391313342,3.3933362482294833,-3.2232517391313342,2482
User02,2,0,0,2026-09-02,43,1,temperature,3.515911300245676,3.7832929345115365,-3.515911300245676,3077
User02,2,0,0,2026-09-03,44,1,temperature,4.144482851393231,4.387573447843979,-4.144482851393231,2737
User02,2,0,0,2026-09-04,45,1,temperature,4.430352835540052,4.712453748129077,-4.430352835540052,2223
User02,2,0,0,2026-09-05,46,1,temperature,6.0663304383824705,6.1357692746545975,-6.0663304383824705,1739
User02,2,0,0,2026-09-06,47,1,temperature,5.950492480258561,6.058760876336918,-5.950492480258561,1594
User02,2,0,0,2026-09-07,48,1,temperature,5.79741456973756,5.828597452166939,-5.79741456973756,1587
User02,2,0,0,2026-09-08,49,1,temperature,6.20701433868041,6.261641566953821,-6.20701433868041,1828
User02,2,0,0,2026-09-09,50,1,temperature,6.426982475099816,6.495844359183159,-6.426982475099816,2219
User02,2,0,0,2026-09-10,51,1,temperature,6.580245019326459,6.699856066839186,-6.580245019326459,1417
User02,2,0,0,2026-07-19,1,0,humidity,31.336591163611523,35.3205950606873,-31.336591163611523,3505
User02,2,0,0,2026-07-20,2,0,humidity,36.36683033356714,40.34968112765616,-36.36683033356714,3516
User02,2,0,0,2026-07-21,3,0,humidity,36.45811054114998,39.508517485680215,-36.45811054114998,3332
User02,2,0,0,2026-07-22,4,0,humidity,42.42847605804523,44.57356990558074,-42.42847605804523,3376
User02,2,0,0,2026-07-23,5,0,humidity,37.465194100518545,40.02971207361267,-37.465194100518545,3227
User02,2,0,0,2026-07-24,6,0,humidity,33.8534746373065,36.34551589764574,-33.8534746373065,3828
User02,2,0,0,2026-07-26,7,0,humidity,36.17252263240902,39.60269540836311,-36.17252263240902,2274
User02,2,0,0,2026-07-27,8,0,humidity,39.50670547088159,40.810293197502276,-39.50670547088159,3068
User02,2,0,0,2026-07-28,9,0,humidity,36.15614164289164,41.55399640050988,-36.15614164289164,2705
User02,2,0,0,2026-07-31,10,0,humidity,18.09464648900234,20.316200975575857,-18.09464648900234,3036
User02,2,0,0,2026-08-01,11,0,humidity,27.409482606341022,30.21976857464789,-27.409482606341022,2723
User02,2,0,0,2026-08-02,12,0,humidity,17.303191707545537,19.827525417511048,-17.303191707545537,2859
User02,2,0,0,2026-08-03,13,0,humidity,15.877902726099082,18.813939471419356,-15.664647617570552,3680
User02,2,0,0,2026-08-04,14,0,humidity,17.846410065648673,20.86753689719317,-17.846410065648673,3671
User02,2,0,0,2026-08-05,15,0,humidity,19.06326235790507,20.553004733415243,-19.06326235790507,3360
User02,2,0,0,2026-08-06,16,1,humidity,20.686266952631097,24.672446747998634,-20.686266952631097,2467
User02,2,0,0,2026-08-07,17,1,humidity,13.81581909170858,18.145060513853814,-13.789913039565917,3596
User02,2,0,0,2026-08-08,18,1,humidity,17.334142071429067,21.702809599051694,-17.334142071429067,2781
User02,2,0,0,2026-08-09,19,1,humidity,17.13799402168108,21.29174354023349,-17.124284112716616,3675
User02,2,0,0,2026-08-10,20,1,humidity,18.418510682347026,21.288411400168922,-18.394842756702104,2630
User02,2,0,0,2026-08-11,21,1,humidity,7.136310046217359,10.165923573939144,-4.665526802082527,2806
User02,2,0,0,2026-08-12,22,1,humidity,13.107672946937125,16.85820444708653,-12.401296946533131,2985
User02,2,0,0,2026-08-13,23,1,humidity,14.813572805537804,18.88941394895881,-14.811997928385626,3353
User02,2,0,0,2026-08-14,24,1,humidity,24.205849032608675,26.728120947827712,-24.205849032608675,3768
User02,2,0,0,2026-08-15,25,1,humidity,22.407983484860125,24.902630172399807,-22.407983484860125,3170
User02,2,0,0,2026-08-16,26,1,humidity,28.055576735215094,29.76535673350112,-28.055576735215094,3965
User02,2,0,0,2026-08-17,27,1,humidity,30.063485323535115,32.09056203147451,-30.063485323535115,2468
User02,2,0,0,2026-08-18,28,1,humidity,26.472834185153342,28.93253864994245,-26.472834185153342,2800
User02,2,0,0,2026-08-19,29,1,humidity,28.932562320008003,31.699486495752833,-28.932562320008003,3445
User02,2,0,0,2026-08-20,30,1,humidity,26.99640112856998,29.518974642929802,-26.99640112856998,3580
User02,2,0,0,2026-08-21,31,1,humidity,30.088870336862858,32.3698234430141,-30.088870336862858,2472
User02,2,0,0,2026-08-22,32,1,humidity,30.621041131706743,31.633926948204035,-30.621041131706743,2819
User02,2,0,0,2026-08-23,33,1,humidity,32.81436111308953,34.47115730631104,-32.81436111308953,2601
User02,2,0,0,2026-08-24,34,1,humidity,20.269004229276938,20.50313186890058,-20.269004229276938,1220
User02,2,0,0,2026-08-25,35,1,humidity,22.561564967604635,24.416296151619065,-22.561564967604635,1223
User02,2,0,0,2026-08-26,36,1,humidity,22.08246405645356,23.813355275262463,-22.08246405645356,3196
User02,2,0,0,2026-08-27,37,1,humidity,26.95146587921159,28.434136004092135,-26.95146587921159,3798
User02,2,0,0,2026-08-28,38,1,humidity,32.064859149793286,34.25369746937473,-32.064859149793286,2463
User02,2,0,0,2026-08-29,39,1,humidity,28.490951804945322,30.834983501473022,-28.490951804945322,2697
User02,2,0,0,2026-08-30,40,1,humidity,26.96715916758112,29.961594817366638,-26.96715916758112,1841
User02,2,0,0,2026-08-31,41,1,humidity,36.057088535088454,37.792656237431935,-36.057088535088454,3117
User02,2,0,0,2026-09-01,42,1,humidity,33.48759776225536,37.640902346700386,-33.48759776225536,2482
User02,2,0,0,2026-09-02,43,1,humidity,33.59571604343125,36.28852202332113,-33.59571604343125,3077
User02,2,0,0,2026-09-03,44,1,humidity,14.332238976612667,16.900340030152837,-14.332238976612667,2737
User02,2,0,0,2026-09-04,45,1,humidity,5.999100676890354,7.238268425872057,0.14266714509076156,2223
User02,2,0,0,2026-09-05,46,1,humidity,3.2247578193291764,4.225555959444625,-2.5062726932241493,1739
User02,2,0,0,2026-09-06,47,1,humidity,9.108940021126873,11.36462597072794,-9.108940021126873,1594
User02,2,0,0,2026-09-07,48,1,humidity,7.949910469633904,9.17997609899244,-7.949910469633904,1587
User02,2,0,0,2026-09-08,49,1,humidity,4.74496186121282,6.2702693699098075,-2.9576679044275798,1828
User02,2,0,0,2026-09-09,50,1,humidity,7.998348791621984,9.21867236392333,6.140140593103124,2219
User02,2,0,0,2026-09-10,51,1,humidity,4.651115450666512,6.037275605663924,-0.5663358099347465,1417
User02,2,0,1,2026-07-19,1,0,temperature,3.185229505956205,3.323016313736384,-3.185229505956205,3505
User02,2,0,1,2026-07-20,2,0,temperature,3.635321202343589,3.7277243265634734,-3.635321202343589,3516
User02,2,0,1,2026-07-21,3,0,temperature,3.7229594307693588,3.850847414585004,-3.7229594307693588,3332
User02,2,0,1,2026-07-22,4,0,temperature,3.3681320519578932,3.423522495742529,-3.3681320519578932,3376
User02,2,0,1,2026-07-23,5,0,temperature,3.578511414912974,3.658964189432902,-3.578511414912974,3227
User02,2,0,1,2026-07-24,6,0,temperature,3.448094421978089,3.5366501174794123,-3.448094421978089,3828
User02,2,0,1,2026-07-26,7,0,temperature,3.6820451599474393,3.765445305485613,-3.6820451599474393,2274
User02,2,0,1,2026-07-27,8,0,temperature,3.254019342683485,3.334472151609201,-3.254019342683485,3068
User02,2,0,1,2026-07-28,9,0,temperature,2.4412491699022314,2.6411527191153197,-2.4412491699022314,2705
User02,2,0,1,2026-07-31,10,0,temperature,6.282920476502367,6.785699015952095,-6.282920476502367,3036
User02,2,0,1,2026-08-01,11,0,temperature,6.1692886784972165,7.253013942216663,-6.1692886784972165,2723
User02,2,0,1,2026-08-02,12,0,temperature,5.888309987424978,6.770720475142892,-5.888309987424978,2859
User02,2,0,1,2026-08-03,13,0,temperature,6.001063445591286,6.820898281813533,-6.001063445591286,3680
User02,2,0,1,2026-08-04,14,0,temperature,5.388386119549772,6.134444400200212,-5.388386119549772,3671
User02,2,0,1,2026-08-05,15,0,temperature,5.551731063882754,6.357565340135713,-5.551731063882754,3360
User02,2,0,1,2026-08-06,16,1,temperature,6.116677254129055,6.528080572315554,-6.116677254129055,2467
User02,2,0,1,2026-08-07,17,1,temperature,6.413028736212134,6.989534937625674,-6.413028736212134,3596
User02,2,0,1,2026-08-08,18,1,temperature,5.906282172667279,6.284062964605763,-5.906282172667279,2781
User02,2,0,1,2026-08-09,19,1,temperature,4.439173688808215,4.693382095382842,-4.439173688808215,3675
User02,2,0,1,2026-08-10,20,1,temperature,4.711785621283011,4.969619965576942,-4.711785621283011,2630
User02,2,0,1,2026-08-11,21,1,temperature,5.076723157034433,5.34370299336125,-5.076723157034433,2806
User02,2,0,1,2026-08-12,22,1,temperature,5.475232151177271,5.68601380024686,-5.475232151177271,2985
User02,2,0,1,2026-08-13,23,1,temperature,4.793674084058896,5.119058787839175,-4.793674084058896,3353
User02,2,0,1,2026-08-14,24,1,temperature,5.749468683834736,5.961580472244273,-5.749468683834736,3768
User02,2,0,1,2026-08-15,25,1,temperature,5.176197787774433,5.4192399156783635,-5.176197787774433,3170
User02,2,0,1,2026-08-16,26,1,temperature,4.641317717855034,4.934147321537202,-4.641317717855034,3965
User02,2,0,1,2026-08-17,27,1,temperature,5.051479153655092,5.391236273662304,-5.051479153655092,2468
User02,2,0,1,2026-08-18,28,1,temperature,5.521262639967602,5.877236463826741,-5.521262639967602,2800
User02,2,0,1,2026-08-19,29,1,temperature,5.9371622252650305,6.378670592445855,-5.9371622252650305,3445
User02,2,0,1,2026-08-20,30,1,temperature,5.063093066091398,5.531104461687728,-5.063093066091398,3580
User02,2,0,1,2026-08-21,31,1,temperature,5.507925749485567,5.771354817245454,-5.507925749485567,2472
User02,2,0,1,2026-08-22,32,1,temperature,5.05870780730383,5.456208666770862,-5.05870780730383,2819
User02,2,0,1,2026-08-23,33,1,temperature,4.671677919933319,4.867177851847442,-4.671677919933319,2601
User02,2,0,1,2026-08-24,34,1,temperature,4.259183992567959,4.283272760383148,-4.259183992567959,1220
User02,2,0,1,2026-08-25,35,1,temperature,4.672235336846067,4.795063943056672,-4.672235336846067,1223
User02,2,0,1,2026-08-26,36,1,temperature,5.09258366304084,5.418392438128679,-5.09258366304084,3196
User02,2,0,1,2026-08-27,37,1,temperature,5.328620041013294,5.558487511795938,-5.328620041013294,3798
User02,2,0,1,2026-08-28,38,1,temperature,3.8664880567859266,3.952737792054201,-3.8664880567859266,2463
User02,2,0,1,2026-08-29,39,1,temperature,4.103081555645872,4.183446243870122,-4.103081555645872,2697
User02,2,0,1,2026-08-30,40,1,temperature,3.7106376931383314,3.788124349433321,-3.7106376931383314,1841
User02,2,0,1,2026-08-31,41,1,temperature,3.846235402155341,3.9280535349382726,-3.846235402155341,3117
User02,2,0,1,2026-09-01,42,1,temperature,3.2630504738037214,3.4242403835118913,-3.2630504738037214,2482
User02,2,0,1,2026-09-02,43,1,temperature,3.61622078456165,3.8809566807101614,-3.61622078456165,3077
User02,2,0,1,2026-09-03,44,1,temperature,4.1985553426425755,4.436585344857981,-4.1985553426425755,2737
User02,2,0,1,2026-09-04,45,1,temperature,4.552561521122955,4.832504044213689,-4.552561521122955,2223
User02,2,0,1,2026-09-05,46,1,temperature,6.141514264825548,6.203685547590532,-6.141514264825548,1739
User02,2,0,1,2026-09-06,47,1,temperature,6.055332440303903,6.165777889431046,-6.055332440303903,1594
User02,2,0,1,2026-09-07,48,1,temperature,5.823831563689085,5.849205491636185,-5.823831563689085,1587
User02,2,0,1,2026-09-08,49,1,temperature,6.33885639038986,6.3938390606913265,-6.33885639038986,1828
User02,2,0,1,2026-09-09,50,1,temperature,6.541487042673597,6.6036736587305445,-6.541487042673597,2219
User02,2,0,1,2026-09-10,51,1,temperature,6.6673791197098975,6.779431823382637,-6.6673791197098975,1417
User02,2,0,1,2026-07-19,1,0,humidity,31.238644520535075,35.23046544085697,-31.238644520535075,3505
User02,2,0,1,2026-07-20,2,0,humidity,36.35168971927526,40.19013472459881,-36.35168971927526,3516
User02,2,0,1,2026-07-21,3,0,humidity,36.369485423791325,39.28179285531158,-36.369485423791325,3332
User02,2,0,1,2026-07-22,4,0,humidity,42.181039932195276,44.27376949216069,-42.181039932195276,3376
User02,2,0,1,2026-07-23,5,0,humidity,37.800271493410506,40.33915869482564,-37.800271493410506,3227
User02,2,0,1,2026-07-24,6,0,humidity,33.093133916476674,35.60837095095554,-33.093133916476674,3828
User02,2,0,1,2026-07-26,7,0,humidity,35.86738191114672,39.15003429664219,-35.86738191114672,2274
User02,2,0,1,2026-07-27,8,0,humidity,39.54231333126401,40.787283031672494,-39.54231333126401,3068
User02,2,0,1,2026-07-28,9,0,humidity,36.28703898972654,41.720649686799874,-36.28703898972654,2705
User02,2,0,1,2026-07-31,10,0,humidity,17.95134215760336,20.11937416528506,-17.95134215760336,3036
User02,2,0,1,2026-08-01,11,0,humidity,27.433472373311588,30.275461877868445,-27.433472373311588,2723
User02,2,0,1,2026-08-02,12,0,humidity,17.22442130848175,19.60869978002435,-17.22442130848175,2859
User02,2,0,1,2026-08-03,13,0,humidity,15.78554689810407,18.574842510343217,-15.570778282575427,3680
User02,2,0,1,2026-08-04,14,0,humidity,17.888757127109802,20.76076571225413,-17.888108897575794,3671
User02,2,0,1,2026-08-05,15,0,humidity,18.826369007299522,20.252742797595584,-18.826369007299522,3360
User02,2,0,1,2026-08-06,16,1,humidity,20.71593209234989,24.586834055785328,-20.71593209234989,2467
User02,2,0,1,2026-08-07,17,1,humidity,13.726329738017633,17.808913090085465,-13.707839566190009,3596
User02,2,0,1,2026-08-08,18,1,humidity,17.31805200292927,21.557519556597487,-17.31805200292927,2781
User02,2,0,1,2026-08-09,19,1,humidity,17.24728873840111,21.267029055089075,-17.22972100550663,3675
User02,2,0,1,2026-08-10,20,1,humidity,18.478068582236446,21.30632087056355,-18.45055829847061,2630
User02,2,0,1,2026-08-11,21,1,humidity,6.873441922406983,9.930219738943338,-4.5470374906039615,2806
User02,2,0,1,2026-08-12,22,1,humidity,12.520401661247742,16.177667487556047,-11.833023738124096,2985
User02,2,0,1,2026-08-13,23,1,humidity,14.579452663471121,18.482994898787503,-14.574549428860804,3353
User02,2,0,1,2026-08-14,24,1,humidity,23.80743883009967,26.40989217094775,-23.80743883009967,3768
User02,2,0,1,2026-08-15,25,1,humidity,22.338913991706885,24.772983464404323,-22.338913991706885,3170
User02,2,0,1,2026-08-16,26,1,humidity,28.094823109972783,29.793314609653766,-28.094823109972783,3965
User02,2,0,1,2026-08-17,27,1,humidity,30.17983427487581,32.16514171136405,-30.17983427487581,2468
User02,2,0,1,2026-08-18,28,1,humidity,26.399576589121835,28.776204427097277,-26.399576589121835,2800
User02,2,0,1,2026-08-19,29,1,humidity,28.868950272518184,31.68082982443049,-28.868950272518184,3445
User02,2,0,1,2026-08-20,30,1,humidity,27.27674344786983,29.750870391389164,-27.27674344786983,3580
User02,2,0,1,2026-08-21,31,1,humidity,30.254721389766146,32.52336610228086,-30.254721389766146,2472
User02,2,0,1,2026-08-22,32,1,humidity,30.404052783580244,31.467150520796142,-30.404052783580244,2819
User02,2,0,1,2026-08-23,33,1,humidity,32.75100435980981,34.365025663889824,-32.75100435980981,2601
User02,2,0,1,2026-08-24,34,1,humidity,20.384880536033418,20.616424329676168,-20.384880536033418,1220
User02,2,0,1,2026-08-25,35,1,humidity,22.823177017689893,24.54309602126592,-22.823177017689893,1223
User02,2,0,1,2026-08-26,36,1,humidity,22.435107967756313,24.086033282107675,-22.435107967756313,3196
User02,2,0,1,2026-08-27,37,1,humidity,26.1248042636287,27.53927183462742,-26.1248042636287,3798
User02,2,0,1,2026-08-28,38,1,humidity,32.59051154862184,34.80455319569738,-32.59051154862184,2463
User02,2,0,1,2026-08-29,39,1,humidity,28.447455711937625,30.812630983171076,-28.447455711937625,2697
User02,2,0,1,2026-08-30,40,1,humidity,27.534317302161114,30.42354289315953,-27.534317302161114,1841
User02,2,0,1,2026-08-31,41,1,humidity,36.22050289791208,37.89047061739322,-36.22050289791208,3117
User02,2,0,1,2026-09-01,42,1,humidity,33.77627184766095,38.1456018892456,-33.77627184766095,2482
User02,2,0,1,2026-09-02,43,1,humidity,33.655607388855586,36.322494694784645,-33.655607388855586,3077
User02,2,0,1,2026-09-03,44,1,humidity,14.551703003321906,17.009627274294203,-14.55138256694904,2737
User02,2,0,1,2026-09-04,45,1,humidity,5.7071715864357815,6.957823406731245,0.10639736005074091,2223
User02,2,0,1,2026-09-05,46,1,humidity,3.1496971069873196,3.983273404379681,-2.6083431557503447,1739
User02,2,0,1,2026-09-06,47,1,humidity,9.18841612123376,11.165380858606163,-9.18841612123376,1594
User02,2,0,1,2026-09-07,48,1,humidity,7.644844911859724,8.729100136920426,-7.644844911859724,1587
User02,2,0,1,2026-09-08,49,1,humidity,4.389066709603403,5.800133831109912,-2.1007934281005776,1828
User02,2,0,1,2026-09-09,50,1,humidity,7.818064670635674,8.838244010322697,6.064663701161639,2219
User02,2,0,1,2026-09-10,51,1,humidity,4.400914825050143,5.664425670872503,-0.4116448008708464,1417
User02,2,0,2,2026-07-19,1,0,temperature,3.2051358654441815,3.328749463552092,-3.2051358654441815,3505
User02,2,0,2,2026-07-20,2,0,temperature,3.6441349360479394,3.7213772003620185,-3.6441349360479394,3516
User02,2,0,2,2026-07-21,3,0,temperature,3.710002075381081,3.828437244563738,-3.710002075381081,3332
User02,2,0,2,2026-07-22,4,0,temperature,3.4273558189031217,3.472356030344444,-3.4273558189031217,3376
User02,2,0,2,2026-07-23,5,0,temperature,3.6242375340855957,3.6865949375179405,-3.6242375340855957,3227
User02,2,0,2,2026-07-24,6,0,temperature,3.3625380468374595,3.443119045482915,-3.3625380468374595,3828
User02,2,0,2,2026-07-26,7,0,temperature,3.735810472511802,3.806586541607755,-3.735810472511802,2274
User02,2,0,2,2026-07-27,8,0,temperature,3.2786897818373255,3.3528613934668487,-3.2786897818373255,3068
User02,2,0,2,2026-07-28,9,0,temperature,2.4752715636597897,2.6663200566248615,-2.4752715636597897,2705
User02,2,0,2,2026-07-31,10,0,temperature,6.277232545970373,6.773217261066461,-6.277232545970373,3036
User02,2,0,2,2026-08-01,11,0,temperature,6.189269348634281,7.234136415189361,-6.189269348634281,2723
User02,2,0,2,2026-08-02,12,0,temperature,5.888155101958561,6.713550864588057,-5.888155101958561,2859
User02,2,0,2,2026-08-03,13,0,temperature,6.00329301394177,6.795973939809737,-6.00329301394177,3680
User02,2,0,2,2026-08-04,14,0,temperature,5.406617147646247,6.116589122552195,-5.406617147646247,3671
User02,2,0,2,2026-08-05,15,0,temperature,5.615301826634225,6.384444659865818,-5.615301826634225,3360
User02,2,0,2,2026-08-06,16,1,temperature,6.173696408273771,6.559907227703841,-6.173696408273771,2467
User02,2,0,2,2026-08-07,17,1,temperature,6.4262326601944135,7.0090016140036235,-6.4262326601944135,3596
User02,2,0,2,2026-08-08,18,1,temperature,5.9518385075154745,6.315387342513436,-5.9518385075154745,2781
User02,2,0,2,2026-08-09,19,1,temperature,4.472571126935827,4.71234059897977,-4.472571126935827,3675
User02,2,0,2,2026-08-10,20,1,temperature,4.773717831828396,5.014678759245663,-4.773717831828396,2630
User02,2,0,2,2026-08-11,21,1,temperature,5.097414905433195,5.346606513917155,-5.097414905433195,2806
User02,2,0,2,2026-08-12,22,1,temperature,5.475374148569483,5.676187850217556,-5.475374148569483,2985
User02,2,0,2,2026-08-13,23,1,temperature,4.79425974729126,5.094677603195295,-4.79425974729126,3353
User02,2,0,2,2026-08-14,24,1,temperature,5.7247684938188295,5.938622359982803,-5.7247684938188295,3768
User02,2,0,2,2026-08-15,25,1,temperature,5.248752620323507,5.4722364952358395,-5.248752620323507,3170
User02,2,0,2,2026-08-16,26,1,temperature,4.674887770907781,4.959268668959248,-4.674887770907781,3965
User02,2,0,2,2026-08-17,27,1,temperature,5.102510796640594,5.417413973775882,-5.102510796640594,2468
User02,2,0,2,2026-08-18,28,1,temperature,5.511624266870869,5.833175341163477,-5.511624266870869,2800
User02,2,0,2,2026-08-19,29,1,temperature,6.03034311281512,6.449260786328019,-6.03034311281512,3445
User02,2,0,2,2026-08-20,30,1,temperature,5.156940236519785,5.611802024033384,-5.156940236519785,3580
User02,2,0,2,2026-08-21,31,1,temperature,5.557045191521022,5.8167248976803405,-5.557045191521022,2472
User02,2,0,2,2026-08-22,32,1,temperature,5.109801680909647,5.51668157337287,-5.109801680909647,2819
User02,2,0,2,2026-08-23,33,1,temperature,4.673010299183336,4.873826467633075,-4.673010299183336,2601
User02,2,0,2,2026-08-24,34,1,temperature,4.296073056521174,4.316857377938282,-4.296073056521174,1220
User02,2,0,2,2026-08-25,35,1,temperature,4.817332439033303,4.95918731424558,-4.817332439033303,1223
User02,2,0,2,2026-08-26,36,1,temperature,5.21452802502233,5.552012109498044,-5.21452802502233,3196
User02,2,0,2,2026-08-27,37,1,temperature,5.357691531592357,5.617200073695912,-5.357691531592357,3798
User02,2,0,2,2026-08-28,38,1,temperature,3.984905113998111,4.078299641885459,-3.984905113998111,2463
User02,2,0,2,2026-08-29,39,1,temperature,4.166068357562451,4.255706100872537,-4.166068357562451,2697
User02,2,0,2,2026-08-30,40,1,temperature,3.774060465741442,3.8500990148289542,-3.774060465741442,1841
User02,2,0,2,2026-08-31,41,1,temperature,3.8536412687823827,3.927250847654752,-3.8536412687823827,3117
User02,2,0,2,2026-09-01,42,1,temperature,3.3958396061799974,3.548436684552536,-3.3958396061799974,2482
User02,2,0,2,2026-09-02,43,1,temperature,3.6657160063498955,3.931078960398231,-3.6657160063498955,3077
User02,2,0,2,2026-09-03,44,1,temperature,4.327577399155435,4.5676862336536885,-4.327577399155435,2737
User02,2,0,2,2026-09-04,45,1,temperature,4.604102991647076,4.8822754238211585,-4.604102991647076,2223
User02,2,0,2,2026-09-05,46,1,temperature,6.269467104018955,6.338693422940869,-6.269467104018955,1739
User02,2,0,2,2026-09-06,47,1,temperature,6.119626390155939,6.2200374522818604,-6.119626390155939,1594
User02,2,0,2,2026-09-07,48,1,temperature,6.034148202074008,6.069973076913874,-6.034148202074008,1587
User02,2,0,2,2026-09-08,49,1,temperature,6.41053383872156,6.46144039552671,-6.41053383872156,1828
User02,2,0,2,2026-09-09,50,1,temperature,6.64260514341303,6.717167169349308,-6.64260514341303,2219
User02,2,0,2,2026-09-10,51,1,temperature,6.720705798659589,6.844986296635633,-6.720705798659589,1417
User02,2,0,2,2026-07-19,1,0,humidity,32.062479685725684,35.94718002190045,-32.062479685725684,3505
User02,2,0,2,2026-07-20,2,0,humidity,37.2196858641419,41.09211212454818,-37.2196858641419,3516
User02,2,0,2,2026-07-21,3,0,humidity,37.298511524881974,40.19977215205746,-37.298511524881974,3332
User02,2,0,2,2026-07-22,4,0,humidity,43.354573451661835,45.441833981676616,-43.354573451661835,3376
User02,2,0,2,2026-07-23,5,0,humidity,38.46939857397769,40.98704237639405,-38.46939857397769,3227
User02,2,0,2,2026-07-24,6,0,humidity,34.64066607422612,37.06791174327729,-34.64066607422612,3828
User02,2,0,2,2026-07-26,7,0,humidity,37.35019198206131,40.70639094714053,-37.35019198206131,2274
User02,2,0,2,2026-07-27,8,0,humidity,40.47476848590275,41.76078373284462,-40.47476848590275,3068
User02,2,0,2,2026-07-28,9,0,humidity,37.44394512190729,42.75759378932874,-37.44394512190729,2705
User02,2,0,2,2026-07-31,10,0,humidity,18.96766987138951,21.13807182806454,-18.96766987138951,3036
User02,2,0,2,2026-08-01,11,0,humidity,28.38822685221089,31.168653961120416,-28.38822685221089,2723
User02,2,0,2,2026-08-02,12,0,humidity,18.459666411787882,20.765255857432418,-18.459666411787882,2859
User02,2,0,2,2026-08-03,13,0,humidity,16.52822079149789,19.35651839575518,-16.3707303039758,3680
User02,2,0,2,2026-08-04,14,0,humidity,18.764053870922073,21.60876481347914,-18.763807019636083,3671
User02,2,0,2,2026-08-05,15,0,humidity,19.892352083625568,21.26100215058004,-19.892352083625568,3360
User02,2,0,2,2026-08-06,16,1,humidity,21.649190817563856,25.285063715425235,-21.649190817563856,2467
User02,2,0,2,2026-08-07,17,1,humidity,14.738996643142238,18.861185426315867,-14.730490776465103,3596
User02,2,0,2,2026-08-08,18,1,humidity,18.074557548210514,22.282145773760202,-18.074557548210514,2781
User02,2,0,2,2026-08-09,19,1,humidity,17.888668225208487,21.866621452940688,-17.87166671247995,3675
User02,2,0,2,2026-08-10,20,1,humidity,19.500312940166804,22.21616936102916,-19.493083381942295,2630
User02,2,0,2,2026-08-11,21,1,humidity,7.363659947252947,10.613064369236989,-5.512747363882609,2806
User02,2,0,2,2026-08-12,22,1,humidity,13.519452234663397,17.3414970377266,-13.054615292638344,2985
User02,2,0,2,2026-08-13,23,1,humidity,15.593673329562833,19.458430764315658,-15.588379165048847,3353
User02,2,0,2,2026-08-14,24,1,humidity,25.03804525221982,27.43412880994434,-25.03804525221982,3768
User02,2,0,2,2026-08-15,25,1,humidity,23.318111246664042,25.715192183004483,-23.318111246664042,3170
User02,2,0,2,2026-08-16,26,1,humidity,28.850223838432896,30.576476884371655,-28.850223838432896,3965
User02,2,0,2,2026-08-17,27,1,humidity,30.96480607299509,32.97833052849701,-30.96480607299509,2468
User02,2,0,2,2026-08-18,28,1,humidity,27.163746177454133,29.505387970350053,-27.163746177454133,2800
User02,2,0,2,2026-08-19,29,1,humidity,29.822085807550504,32.52196020867983,-29.822085807550504,3445
User02,2,0,2,2026-08-20,30,1,humidity,27.862255080858798,30.329321673076826,-27.862255080858798,3580
User02,2,0,2,2026-08-21,31,1,humidity,31.144899185407063,33.54113917798918,-31.144899185407063,2472
User02,2,0,2,2026-08-22,32,1,humidity,31.609433616468287,32.620024569342156,-31.609433616468287,2819
User02,2,0,2,2026-08-23,33,1,humidity,33.99972777571353,35.57253432818941,-33.99972777571353,2601
User02,2,0,2,2026-08-24,34,1,humidity,21.239428344011372,21.49133135980271,-21.239428344011372,1220
User02,2,0,2,2026-08-25,35,1,humidity,23.706077249954266,25.500543448069617,-23.706077249954266,1223
User02,2,0,2,2026-08-26,36,1,humidity,23.09672729527528,24.823430452074035,-23.09672729527528,3196
User02,2,0,2,2026-08-27,37,1,humidity,28.23258920405024,29.69686533241861,-28.23258920405024,3798
User02,2,0,2,2026-08-28,38,1,humidity,33.49975372704023,35.59095533690242,-33.49975372704023,2463
User02,2,0,2,2026-08-29,39,1,humidity,29.496780821439895,31.776595555101693,-29.496780821439895,2697
User02,2,0,2,2026-08-30,40,1,humidity,28.20337417983475,31.17784410781673,-28.20337417983475,1841
User02,2,0,2,2026-08-31,41,1,humidity,37.14731255392311,38.87699315367554,-37.14731255392311,3117
User02,2,0,2,2026-09-01,42,1,humidity,34.63251139378359,38.87561452553543,-34.63251139378359,2482
User02,2,0,2,2026-09-02,43,1,humidity,34.72367287098887,37.457400496308466,-34.72367287098887,3077
User02,2,0,2,2026-09-03,44,1,humidity,15.520838673872474,17.89354859252884,-15.520513822163187,2737
User02,2,0,2,2026-09-04,45,1,humidity,6.214369021695544,7.426955921778404,-0.9501629384883903,2223
User02,2,0,2,2026-09-05,46,1,humidity,3.823673925124341,4.768520027453103,-3.5070638835414156,1739
User02,2,0,2,2026-09-06,47,1,humidity,10.23519659008754,12.261083665245064,-10.23519659008754,1594
User02,2,0,2,2026-09-07,48,1,humidity,8.868533774887554,9.927287190855607,-8.868533774887554,1587
User02,2,0,2,2026-09-08,49,1,humidity,5.321012471451638,6.879442302724977,-4.0436704138939294,1828
User02,2,0,2,2026-09-09,50,1,humidity,6.599862070369029,8.178728866069681,4.564220538306526,2219
User02,2,0,2,2026-09-10,51,1,humidity,4.857499870733732,6.3282651987890395,-1.7006287882152864,1417
User02,2,1,0,2026-07-21,3,0,temperature,3.068277076800554,3.235712597832245,-3.068277076800554,3332
User02,2,1,0,2026-07-22,4,0,temperature,2.686131842218209,2.7512675274370317,-2.686131842218209,3376
User02,2,1,0,2026-07-23,5,0,temperature,2.7813792605073266,2.875063003313635,-2.7813792605073266,3227
User02,2,1,0,2026-07-24,6,0,temperature,2.7669641703474737,2.8680326463965455,-2.7669641703474737,3828
User02,2,1,0,2026-07-26,7,0,temperature,2.9909140892493493,3.1020884595088383,-2.9909140892493493,2274
User02,2,1,0,2026-07-27,8,0,temperature,2.660493632623357,2.7869771367946146,-2.660493632623357,3068
User02,2,1,0,2026-07-28,9,0,temperature,1.829813326392648,2.0932797360301296,-1.8252634315905807,2705
User02,2,1,0,2026-07-31,10,0,temperature,5.589761630687058,6.174487656498054,-5.589761630687058,3036
User02,2,1,0,2026-08-01,11,0,temperature,5.583479807764788,6.795345799462905,-5.583479807764788,2723
User02,2,1,0,2026-08-02,12,0,temperature,5.229655038211913,6.225117259124755,-5.229655038211913,2859
User02,2,1,0,2026-08-03,13,0,temperature,5.237751759501973,6.155608379947267,-5.237751759501973,3680
User02,2,1,0,2026-08-04,14,0,temperature,4.643200529828273,5.437363767312986,-4.643200529828273,3671
User02,2,1,0,2026-08-05,15,0,temperature,4.813468002484888,5.719442541842736,-4.813468002484888,3360
User02,2,1,0,2026-08-06,16,1,temperature,5.421663038619196,5.881165579136551,-5.421663038619196,2467
User02,2,1,0,2026-08-07,17,1,temperature,5.73452090762479,6.372560203731706,-5.73452090762479,3596
User02,2,1,0,2026-08-08,18,1,temperature,5.194365531341259,5.607281813552322,-5.194365531341259,2781
User02,2,1,0,2026-08-09,19,1,temperature,3.7137974603111363,3.979953235835446,-3.7137974603111363,3675
User02,2,1,0,2026-08-10,20,1,temperature,4.0748838275039425,4.382070289550358,-4.0748838275039425,2630
User02,2,1,0,2026-08-11,21,1,temperature,4.375183367629068,4.674866326171594,-4.375183367629068,2806
User02,2,1,0,2026-08-12,22,1,temperature,4.788481793757637,5.0444534571665764,-4.788481793757637,2985
User02,2,1,0,2026-08-13,23,1,temperature,4.136608670596122,4.510180115339848,-4.136608670596122,3353
User02,2,1,0,2026-08-14,24,1,temperature,5.119044414441968,5.365885843601363,-5.119044414441968,3768
User02,2,1,0,2026-08-15,25,1,temperature,4.449970138398172,4.722232247746105,-4.449970138398172,3170
User02,2,1,0,2026-08-16,26,1,temperature,4.015013017418031,4.355210991180745,-4.015013017418031,3965
User02,2,1,0,2026-08-17,27,1,temperature,4.410753381034041,4.808416775065429,-4.410753381034041,2468
User02,2,1,0,2026-08-18,28,1,temperature,4.789796209914792,5.1753485513283355,-4.789796209914792,2800
User02,2,1,0,2026-08-19,29,1,temperature,5.2673419052681805,5.7567822922096346,-5.2673419052681805,3445
User02,2,1,0,2026-08-20,30,1,temperature,4.324402496474021,4.847864689426897,-4.324402496474021,3580
User02,2,1,0,2026-08-21,31,1,temperature,4.733597038317278,4.999223476826502,-4.733597038317278,2472
User02,2,1,0,2026-08-22,32,1,temperature,4.25745195876685,4.713237057467757,-4.25745195876685,2819
User02,2,1,0,2026-08-23,33,1,temperature,3.9296935753267075,4.136654988333805,-3.9296935753267075,2601
User02,2,1,0,2026-08-24,34,1,temperature,3.436003570235149,3.450559600907296,-3.436003570235149,1220
User02,2,1,0,2026-08-25,35,1,temperature,3.9040421417519697,4.044649892071313,-3.9040421417519697,1223
User02,2,1,0,2026-08-26,36,1,temperature,4.311063769324219,4.675505173607474,-4.311063769324219,3196
User02,2,1,0,2026-08-27,37,1,temperature,4.558271111958857,4.807072348629146,-4.558271111958857,3798
User02,2,1,0,2026-08-28,38,1,temperature,3.096842365722023,3.2062788971148275,-3.096842365722023,2463
User02,2,1,0,2026-08-29,39,1,temperature,3.403724280996098,3.4996865404825916,-3.403724280996098,2697
User02,2,1,0,2026-08-30,40,1,temperature,2.931582536848714,3.017035495954209,-2.931582536848714,1841
User02,2,1,0,2026-08-31,41,1,temperature,3.1216222626613024,3.205043223017157,-3.1216222626613024,3117
User02,2,1,0,2026-09-01,42,1,temperature,2.5736204392117767,2.7517319205303346,-2.5736204392117767,2482
User02,2,1,0,2026-09-02,43,1,temperature,2.896443963181638,3.186348215385295,-2.896443963181638,3077
User02,2,1,0,2026-09-03,44,1,temperature,3.4804290297393514,3.7474493454705438,-3.4804290297393514,2737
User02,2,1,0,2026-09-04,45,1,temperature,3.7856483387919257,4.106827294886204,-3.7856483387919257,2223
User02,2,1,0,2026-09-05,46,1,temperature,5.311843335951742,5.384592364004757,-5.311843335951742,1739
User02,2,1,0,2026-09-06,47,1,temperature,5.285722696210483,5.4116803632290695,-5.285722696210483,1594
User02,2,1,0,2026-09-07,48,1,temperature,5.149562684850427,5.177867964449966,-5.149562684850427,1587
User02,2,1,0,2026-09-08,49,1,temperature,5.59806202490228,5.667416717406523,-5.59806202490228,1828
User02,2,1,0,2026-09-09,50,1,temperature,5.739248854577179,5.80669065987962,-5.739248854577179,2219
User02,2,1,0,2026-09-10,51,1,temperature,5.806821032931616,5.930672379476782,-5.806821032931616,1417
User02,2,1,0,2026-07-21,3,0,humidity,31.135075229272992,34.5877459293281,-31.135075229272992,3332
User02,2,1,0,2026-07-22,4,0,humidity,36.9361501590574,39.21174605815292,-36.9361501590574,3376
User02,2,1,0,2026-07-23,5,0,humidity,31.869101578306115,34.71808649282823,-31.869101578306115,3227
User02,2,1,0,2026-07-24,6,0,humidity,28.013707630358564,30.976432289401348,-28.013707630358564,3828
User02,2,1,0,2026-07-26,7,0,humidity,30.202455244426243,33.86072397694578,-30.202455244426243,2274
User02,2,1,0,2026-07-27,8,0,humidity,33.89175335592367,35.22756374871761,-33.89175335592367,3068
User02,2,1,0,2026-07-28,9,0,humidity,31.115534129488267,36.78017697342716,-30.64629975094017,2705
User02,2,1,0,2026-07-31,10,0,humidity,12.592154903626449,15.514348414784584,-12.564208240172395,3036
User02,2,1,0,2026-08-01,11,0,humidity,21.797138325198336,25.153700824356942,-21.797138325198336,2723
User02,2,1,0,2026-08-02,12,0,humidity,11.973141314808766,15.168091067530911,-11.8517807150747,2859
User02,2,1,0,2026-08-03,13,0,humidity,10.741403751418408,14.355220542497534,-9.939871451333921,3680
User02,2,1,0,2026-08-04,14,0,humidity,12.958816862207899,16.484607357698202,-12.618086324591278,3671
User02,2,1,0,2026-08-05,15,0,humidity,13.552039598106765,15.424046371178223,-13.551248753972732,3360
User02,2,1,0,2026-08-06,16,1,humidity,15.608093352737441,20.287365731122033,-15.280635873796555,2467
User02,2,1,0,2026-08-07,17,1,humidity,10.433284812593424,14.302266074042192,-8.307046164720973,3596
User02,2,1,0,2026-08-08,18,1,humidity,11.950632140629462,17.368428523980704,-11.739848646648708,2781
User02,2,1,0,2026-08-09,19,1,humidity,12.536932923654671,16.82092428837481,-11.462744152349758,3675
User02,2,1,0,2026-08-10,20,1,humidity,13.277136833920197,16.528814401225958,-12.7684472046124,2630
User02,2,1,0,2026-08-11,21,1,humidity,7.19459070370953,8.70544730446258,0.8360218443794012,2806
User02,2,1,0,2026-08-12,22,1,humidity,10.177665475291171,13.145641193583339,-6.701704813716111,2985
User02,2,1,0,2026-08-13,23,1,humidity,11.469986697822888,14.82813754357892,-9.370268935393826,3353
User02,2,1,0,2026-08-14,24,1,humidity,18.264606383692346,21.41090803728195,-18.264606383692346,3768
User02,2,1,0,2026-08-15,25,1,humidity,16.959852314138,20.016282352430313,-16.959852314138,3170
User02,2,1,0,2026-08-16,26,1,humidity,22.44325006327458,24.374798056108755,-22.44325006327458,3965
User02,2,1,0,2026-08-17,27,1,humidity,24.217718379706525,26.54386136130206,-24.217718379706525,2468
User02,2,1,0,2026-08-18,28,1,humidity,21.112081403131786,24.030829011160083,-21.112081403131786,2800
User02,2,1,0,2026-08-19,29,1,humidity,23.074140415184065,26.253948698123676,-23.074140415184065,3445
User02,2,1,0,2026-08-20,30,1,humidity,21.210235246202156,24.13810170912912,-21.210235246202156,3580
User02,2,1,0,2026-08-21,31,1,humidity,23.68135338117796,26.028199415621597,-23.68135338117796,2472
User02,2,1,0,2026-08-22,32,1,humidity,24.008730985268993,25.230553426446722,-24.008730985268993,2819
User02,2,1,0,2026-08-23,33,1,humidity,26.698973720851868,28.523966375723074,-26.698973720851868,2601
User02,2,1,0,2026-08-24,34,1,humidity,14.393713983228956,14.560638638220906,-14.393713983228956,1220
User02,2,1,0,2026-08-25,35,1,humidity,16.822364491969044,19.027978291532293,-16.822364491969044,1223
User02,2,1,0,2026-08-26,36,1,humidity,16.28494465349418,18.28922509943622,-16.28494465349418,3196
User02,2,1,0,2026-08-27,37,1,humidity,20.563130966724486,22.293563964984298,-20.559000268232342,3798
User02,2,1,0,2026-08-28,38,1,humidity,25.985071404560475,28.492573222384458,-25.985071404560475,2463
User02,2,1,0,2026-08-29,39,1,humidity,22.601136516612176,25.26910281736944,-22.601136516612176,2697
User02,2,1,0,2026-08-30,40,1,humidity,21.103341646721834,24.718776397366813,-21.103341646721834,1841
User02,2,1,0,2026-08-31,41,1,humidity,30.31031635617848,32.18026644268842,-30.31031635617848,3117
User02,2,1,0,2026-09-01,42,1,humidity,27.60234014346184,32.06375855597056,-27.60234014346184,2482
User02,2,1,0,2026-09-02,43,1,humidity,27.674933889322332,30.732505215121638,-27.674933889322332,3077
User02,2,1,0,2026-09-03,44,1,humidity,9.079187777230533,12.011113325371443,-8.463297204827041,2737
User02,2,1,0,2026-09-04,45,1,humidity,7.188457755046378,8.892786766260732,5.702674199561627,2223
User02,2,1,0,2026-09-05,46,1,humidity,4.421082551974693,4.941362024253056,3.7834171574474165,1739
User02,2,1,0,2026-09-06,47,1,humidity,3.8840178277789814,7.225623856474588,-2.9551128416920016,1594
User02,2,1,0,2026-09-07,48,1,humidity,2.99676547031485,4.578179854966457,-2.2138102987438613,1587
User02,2,1,0,2026-09-08,49,1,humidity,5.028839055156994,6.270905304478926,3.326550730463806,1828
User02,2,1,0,2026-09-09,50,1,humidity,13.176653458540516,13.588915241821654,12.090561723134888,2219
User02,2,1,0,2026-09-10,51,1,humidity,7.910422746836497,8.676075292776387,6.089528437594205,1417
User02,2,1,1,2026-07-21,3,0,temperature,3.034971923382654,3.2338428155861356,-3.034971923382654,3332
User02,2,1,1,2026-07-22,4,0,temperature,2.664443626278485,2.7581799918393695,-2.664443626278485,3376
User02,2,1,1,2026-07-23,5,0,temperature,2.791200436147615,2.9125462473591193,-2.791200436147615,3227
User02,2,1,1,2026-07-24,6,0,temperature,2.660002406919267,2.791841846965731,-2.660002406919267,3828
User02,2,1,1,2026-07-26,7,0,temperature,2.9384416705910614,3.062003665061365,-2.9384416705910614,2274
User02,2,1,1,2026-07-27,8,0,temperature,2.5851263088328595,2.7262158465233397,-2.5851263088328595,3068
User02,2,1,1,2026-07-28,9,0,temperature,1.8446842702690314,2.1370748050563213,-1.838588941876684,2705
User02,2,1,1,2026-07-31,10,0,temperature,5.580955776210557,6.206217523928493,-5.580955776210557,3036
User02,2,1,1,2026-08-01,11,0,temperature,5.599895331962471,6.837524491970957,-5.599895331962471,2723
User02,2,1,1,2026-08-02,12,0,temperature,5.156140544173041,6.1838038110515345,-5.156140544173041,2859
User02,2,1,1,2026-08-03,13,0,temperature,5.2627180540568546,6.213149264002752,-5.2627180540568546,3680
User02,2,1,1,2026-08-04,14,0,temperature,4.65175526905429,5.5046700824636075,-4.651567812571674,3671
User02,2,1,1,2026-08-05,15,0,temperature,4.776467298742432,5.710242481336226,-4.776467298742432,3360
User02,2,1,1,2026-08-06,16,1,temperature,5.4257849005468834,5.91408738937104,-5.4257849005468834,2467
User02,2,1,1,2026-08-07,17,1,temperature,5.675667265444832,6.3250174802400005,-5.675667265444832,3596
User02,2,1,1,2026-08-08,18,1,temperature,5.151731513036035,5.597019614126735,-5.151731513036035,2781
User02,2,1,1,2026-08-09,19,1,temperature,3.676399462010743,3.97039408507667,-3.676399462010743,3675
User02,2,1,1,2026-08-10,20,1,temperature,3.9961962816855943,4.31692522220564,-3.9961962816855943,2630
User02,2,1,1,2026-08-11,21,1,temperature,4.331712084934763,4.6483235937642835,-4.331712084934763,2806
User02,2,1,1,2026-08-12,22,1,temperature,4.73215744228893,5.006979226336573,-4.73215744228893,2985
User02,2,1,1,2026-08-13,23,1,temperature,4.0706177514038675,4.482353589639135,-4.0706177514038675,3353
User02,2,1,1,2026-08-14,24,1,temperature,5.073267441832367,5.351996932944399,-5.073267441832367,3768
User02,2,1,1,2026-08-15,25,1,temperature,4.417882909060075,4.694140383244167,-4.417882909060075,3170
User02,2,1,1,2026-08-16,26,1,temperature,3.9067174431849048,4.263626557294789,-3.9067174431849048,3965
User02,2,1,1,2026-08-17,27,1,temperature,4.411196488211847,4.841102769352807,-4.411196488211847,2468
User02,2,1,1,2026-08-18,28,1,temperature,4.807589549302834,5.235204399451174,-4.807589549302834,2800
User02,2,1,1,2026-08-19,29,1,temperature,5.228401862091588,5.7394947144053905,-5.228401862091588,3445
User02,2,1,1,2026-08-20,30,1,temperature,4.278143620232569,4.817121318825967,-4.278143620232569,3580
User02,2,1,1,2026-08-21,31,1,temperature,4.718402709923375,5.028800705485819,-4.718402709923375,2472
User02,2,1,1,2026-08-22,32,1,temperature,4.207129923018347,4.676903436637307,-4.207129923018347,2819
User02,2,1,1,2026-08-23,33,1,temperature,3.8637019058564737,4.092634603815197,-3.8637019058564737,2601
User02,2,1,1,2026-08-24,34,1,temperature,3.3795294291305744,3.397831449127481,-3.3795294291305744,1220
User02,2,1,1,2026-08-25,35,1,temperature,3.83362036633988,3.9797358434111065,-3.83362036633988,1223
User02,2,1,1,2026-08-26,36,1,temperature,4.302902934406962,4.686365065653496,-4.302902934406962,3196
User02,2,1,1,2026-08-27,37,1,temperature,4.472739785344458,4.745635655111733,-4.472739785344458,3798
User02,2,1,1,2026-08-28,38,1,temperature,3.1106747163104256,3.2184407508578023,-3.1106747163104256,2463
User02,2,1,1,2026-08-29,39,1,temperature,3.354514255977199,3.4517422121901187,-3.354514255977199,2697
User02,2,1,1,2026-08-30,40,1,temperature,2.931429989415578,3.017913542357916,-2.931429989415578,1841
User02,2,1,1,2026-08-31,41,1,temperature,3.085888109912144,3.1780675924693056,-3.085888109912144,3117
User02,2,1,1,2026-09-01,42,1,temperature,2.52971059912549,2.746364665342997,-2.52971059912549,2482
User02,2,1,1,2026-09-02,43,1,temperature,2.8724090402546776,3.1878043053246747,-2.8723324926020446,3077
User02,2,1,1,2026-09-03,44,1,temperature,3.4489821344961604,3.7376125903756736,-3.4489821344961604,2737
User02,2,1,1,2026-09-04,45,1,temperature,3.7126878897729507,4.04853798874533,-3.7126878897729507,2223
User02,2,1,1,2026-09-05,46,1,temperature,5.328829869488514,5.394880944524902,-5.328829869488514,1739
User02,2,1,1,2026-09-06,47,1,temperature,5.242922247930036,5.361370953691757,-5.242922247930036,1594
User02,2,1,1,2026-09-07,48,1,temperature,5.0728246829516115,5.103017748875891,-5.0728246829516115,1587
User02,2,1,1,2026-09-08,49,1,temperature,5.518281615448606,5.575185829777405,-5.518281615448606,1828
User02,2,1,1,2026-09-09,50,1,temperature,5.715574932050132,5.784271993808828,-5.715574932050132,2219
User02,2,1,1,2026-09-10,51,1,temperature,5.801533166899171,5.930866484767916,-5.801533166899171,1417
User02,2,1,1,2026-07-21,3,0,humidity,30.900234367246004,34.166551616174395,-30.900234367246004,3332
User02,2,1,1,2026-07-22,4,0,humidity,36.43636288175147,38.65699238750717,-36.43636288175147,3376
User02,2,1,1,2026-07-23,5,0,humidity,32.31589440618028,35.15383817932628,-32.31589440618028,3227
User02,2,1,1,2026-07-24,6,0,humidity,26.266036654373554,29.31480359595842,-26.266036654373554,3828
User02,2,1,1,2026-07-26,7,0,humidity,29.792586473425782,33.320553926061066,-29.792586473425782,2274
User02,2,1,1,2026-07-27,8,0,humidity,33.270191101548164,34.50430282767258,-33.270191101548164,3068
User02,2,1,1,2026-07-28,9,0,humidity,30.722859339518962,36.4464709339126,-30.30105679461718,2705
User02,2,1,1,2026-07-31,10,0,humidity,12.274551191383232,15.07204089067016,-12.257405752025674,3036
User02,2,1,1,2026-08-01,11,0,humidity,21.610601836640623,24.91171621770481,-21.610601836640623,2723
User02,2,1,1,2026-08-02,12,0,humidity,11.047620629616857,14.071660510025163,-10.967446171388625,2859
User02,2,1,1,2026-08-03,13,0,humidity,10.479649388823267,13.967088657818724,-9.703858113008616,3680
User02,2,1,1,2026-08-04,14,0,humidity,12.805481133686042,16.09521202042081,-12.492673778658213,3671
User02,2,1,1,2026-08-05,15,0,humidity,13.312244729633099,14.972320242478657,-13.311897778294764,3360
User02,2,1,1,2026-08-06,16,1,humidity,15.508721508004866,19.9581125786336,-15.265914401861485,2467
User02,2,1,1,2026-08-07,17,1,humidity,9.631570902361831,13.152988267293608,-7.852115994168383,3596
User02,2,1,1,2026-08-08,18,1,humidity,11.613747876941664,16.876448294405392,-11.481266700408245,2781
User02,2,1,1,2026-08-09,19,1,humidity,12.267418864796833,16.42091847767149,-11.317283082806213,3675
User02,2,1,1,2026-08-10,20,1,humidity,13.025178979059024,15.964046266907163,-12.366748263418383,2630
User02,2,1,1,2026-08-11,21,1,humidity,6.954299605669868,8.349542959372666,0.9905722482780517,2806
User02,2,1,1,2026-08-12,22,1,humidity,9.42049888902514,11.967940984088067,-5.93719543798892,2985
User02,2,1,1,2026-08-13,23,1,humidity,10.624286096648405,13.531391122427129,-8.546889107923528,3353
User02,2,1,1,2026-08-14,24,1,humidity,17.210518396923547,20.610095848651234,-17.210518396923547,3768
User02,2,1,1,2026-08-15,25,1,humidity,16.910921703742787,19.91933919542459,-16.910921703742787,3170
User02,2,1,1,2026-08-16,26,1,humidity,21.731835326233213,23.42668155168707,-21.731835326233213,3965
User02,2,1,1,2026-08-17,27,1,humidity,24.289574185889737,26.55157140745743,-24.289574185889737,2468
User02,2,1,1,2026-08-18,28,1,humidity,20.98975928932786,23.77883750921499,-20.98975928932786,2800
User02,2,1,1,2026-08-19,29,1,humidity,22.681984958023055,25.752511964464468,-22.681984958023055,3445
User02,2,1,1,2026-08-20,30,1,humidity,21.379822905401305,24.205414225425624,-21.379822905401305,3580
User02,2,1,1,2026-08-21,31,1,humidity,23.589677295055328,25.86956630309187,-23.589677295055328,2472
User02,2,1,1,2026-08-22,32,1,humidity,23.386328325157734,24.611188990061727,-23.386328325157734,2819
User02,2,1,1,2026-08-23,33,1,humidity,25.71976726709559,27.263408832612992,-25.71976726709559,2601
User02,2,1,1,2026-08-24,34,1,humidity,14.373105436864817,14.533491808843118,-14.373105436864817,1220
User02,2,1,1,2026-08-25,35,1,humidity,16.95934279307235,19.03825958827766,-16.95934279307235,1223
User02,2,1,1,2026-08-26,36,1,humidity,16.776957731697905,18.69951317760833,-16.776957731697905,3196
User02,2,1,1,2026-08-27,37,1,humidity,19.490950006278677,21.13856348571669,-19.48697488863999,3798
User02,2,1,1,2026-08-28,38,1,humidity,26.137570425563737,28.589693753699123,-26.137570425563737,2463
User02,2,1,1,2026-08-29,39,1,humidity,22.098992071000964,24.80628391680005,-22.098990433861005,2697
User02,2,1,1,2026-08-30,40,1,humidity,21.226921502180176,24.507709144813045,-21.226921502180176,1841
User02,2,1,1,2026-08-31,41,1,humidity,29.76457312070799,31.486437431755455,-29.76457312070799,3117
User02,2,1,1,2026-09-01,42,1,humidity,27.542273175676716,32.237955751558154,-27.542273175676716,2482
User02,2,1,1,2026-09-02,43,1,humidity,27.151714627748504,30.01201613568685,-27.151714627748504,3077
User02,2,1,1,2026-09-03,44,1,humidity,9.296385765195849,11.9724725296968,-8.63676033425549,2737
User02,2,1,1,2026-09-04,45,1,humidity,6.688424693727001,8.6828989193631,6.160080222024147,2223
User02,2,1,1,2026-09-05,46,1,humidity,3.8991988076216857,4.357627115363398,3.6040950199637543,1739
User02,2,1,1,2026-09-06,47,1,humidity,2.8096663259403187,5.913523020602801,-2.258681962206389,1594
User02,2,1,1,2026-09-07,48,1,humidity,2.625622685846917,4.181032889140063,-1.7970112648762087,1587
User02,2,1,1,2026-09-08,49,1,humidity,5.632522680978913,6.725899868338137,4.497511476773915,1828
User02,2,1,1,2026-09-09,50,1,humidity,13.52457567384303,14.006909580526058,12.485021734021423,2219
User02,2,1,1,2026-09-10,51,1,humidity,7.426245723936592,8.074527654640255,6.515681432805817,1417
User02,2,1,2,2026-07-21,3,0,temperature,3.0231188766878074,3.2021074162260397,-3.0231188766878074,3332
User02,2,1,2,2026-07-22,4,0,temperature,2.6769777021893213,2.7763296004325895,-2.6769777021893213,3376
User02,2,1,2,2026-07-23,5,0,temperature,2.723632023816454,2.8509810458397045,-2.723632023816454,3227
User02,2,1,2,2026-07-24,6,0,temperature,2.807143936239665,2.9215085938228276,-2.807143936239665,3828
User02,2,1,2,2026-07-26,7,0,temperature,3.0094539320499933,3.1609349238754274,-3.0094539320499933,2274
User02,2,1,2,2026-07-27,8,0,temperature,2.6536188861139722,2.797866096372433,-2.6536188861139722,3068
User02,2,1,2,2026-07-28,9,0,temperature,1.9109621510117962,2.1853916012649828,-1.908322355235045,2705
User02,2,1,2,2026-07-31,10,0,temperature,5.649300913456805,6.272771472715977,-5.649300913456805,3036
User02,2,1,2,2026-08-01,11,0,temperature,5.627538562218844,6.859486005415515,-5.627538562218844,2723
User02,2,1,2,2026-08-02,12,0,temperature,5.268766217344743,6.266866765484478,-5.268766217344743,2859
User02,2,1,2,2026-08-03,13,0,temperature,5.239527919841281,6.196287545324642,-5.239527919841281,3680
User02,2,1,2,2026-08-04,14,0,temperature,4.601189330239631,5.453426802179791,-4.6004001921380775,3671
User02,2,1,2,2026-08-05,15,0,temperature,4.764431213044512,5.729502193304724,-4.764431213044512,3360
User02,2,1,2,2026-08-06,16,1,temperature,5.396995441468159,5.887105348073537,-5.396995441468159,2467
User02,2,1,2,2026-08-07,17,1,temperature,5.698045129870106,6.3583012526206435,-5.698045129870106,3596
User02,2,1,2,2026-08-08,18,1,temperature,5.14894259641062,5.580017460467914,-5.14894259641062,2781
User02,2,1,2,2026-08-09,19,1,temperature,3.6794004791084154,4.003052021802326,-3.6794004791084154,3675
User02,2,1,2,2026-08-10,20,1,temperature,4.056936027633621,4.391415350980895,-4.056936027633621,2630
User02,2,1,2,2026-08-11,21,1,temperature,4.326146340491677,4.6571261568702536,-4.326146340491677,2806
User02,2,1,2,2026-08-12,22,1,temperature,4.755296514759593,5.033635733401434,-4.755296514759593,2985
User02,2,1,2,2026-08-13,23,1,temperature,4.104334206705003,4.519848309521843,-4.104334206705003,3353
User02,2,1,2,2026-08-14,24,1,temperature,5.172070081384447,5.432467204416163,-5.172070081384447,3768
User02,2,1,2,2026-08-15,25,1,temperature,4.385877041102171,4.692219615025302,-4.385877041102171,3170
User02,2,1,2,2026-08-16,26,1,temperature,4.002641234220334,4.401445085126709,-4.002641234220334,3965
User02,2,1,2,2026-08-17,27,1,temperature,4.441366319043376,4.8836609749651965,-4.441366319043376,2468
User02,2,1,2,2026-08-18,28,1,temperature,4.7348008376507815,5.1565463149289394,-4.7348008376507815,2800
User02,2,1,2,2026-08-19,29,1,temperature,5.286410813451206,5.8170308851106185,-5.286410813451206,3445
User02,2,1,2,2026-08-20,30,1,temperature,4.31220086914871,4.890969643882262,-4.31220086914871,3580
User02,2,1,2,2026-08-21,31,1,temperature,4.757705200718535,5.082221451214627,-4.757705200718535,2472
User02,2,1,2,2026-08-22,32,1,temperature,4.396301884732755,4.871741251750904,-4.396301884732755,2819
User02,2,1,2,2026-08-23,33,1,temperature,3.9474676372014916,4.17625456129691,-3.9474676372014916,2601
User02,2,1,2,2026-08-24,34,1,temperature,3.3823376592986354,3.4084294433146813,-3.3823376592986354,1220
User02,2,1,2,2026-08-25,35,1,temperature,3.8738123139481653,4.052567002008571,-3.8738123139481653,1223
User02,2,1,2,2026-08-26,36,1,temperature,4.282960131414793,4.699656873170258,-4.282960131414793,3196
User02,2,1,2,2026-08-27,37,1,temperature,4.692026758055219,4.9207470413374725,-4.692026758055219,3798
User02,2,1,2,2026-08-28,38,1,temperature,3.1421620721343344,3.273198129542896,-3.1421620721343344,2463
User02,2,1,2,2026-08-29,39,1,temperature,3.470377108707557,3.5827534288441956,-3.470377108707557,2697
User02,2,1,2,2026-08-30,40,1,temperature,2.9627887587544985,3.082926409559951,-2.9627887587544985,1841
User02,2,1,2,2026-08-31,41,1,temperature,3.1589061479864875,3.2692427720881567,-3.1589061479864875,3117
User02,2,1,2,2026-09-01,42,1,temperature,2.6349724470806875,2.8946738640125873,-2.6349724470806875,2482
User02,2,1,2,2026-09-02,43,1,temperature,2.934133208437435,3.273426941115473,-2.9334279114722324,3077
User02,2,1,2,2026-09-03,44,1,temperature,3.5022033361261884,3.8085437479300803,-3.5022033361261884,2737
User02,2,1,2,2026-09-04,45,1,temperature,3.746578064119101,4.099926589440964,-3.746578064119101,2223
User02,2,1,2,2026-09-05,46,1,temperature,5.384562612233475,5.465835803512986,-5.384562612233475,1739
User02,2,1,2,2026-09-06,47,1,temperature,5.369888610412943,5.515213987540993,-5.369888610412943,1594
User02,2,1,2,2026-09-07,48,1,temperature,5.152721528319141,5.1839989413867045,-5.152721528319141,1587
User02,2,1,2,2026-09-08,49,1,temperature,5.660922864876102,5.73838408495549,-5.660922864876102,1828
User02,2,1,2,2026-09-09,50,1,temperature,5.88428836562584,5.961053049446435,-5.88428836562584,2219
User02,2,1,2,2026-09-10,51,1,temperature,5.931879643301712,6.056612125178301,-5.931879643301712,1417
User02,2,1,2,2026-07-21,3,0,humidity,31.628842798338486,35.150765391111236,-31.628842798338486,3332
User02,2,1,2,2026-07-22,4,0,humidity,37.46121166091307,39.95649456229892,-37.46121166091307,3376
User02,2,1,2,2026-07-23,5,0,humidity,32.456586479436496,35.49092328364041,-32.456586479436496,3227
User02,2,1,2,2026-07-24,6,0,humidity,28.559754489815653,31.605425319378487,-28.559754489815653,3828
User02,2,1,2,2026-07-26,7,0,humidity,31.153073312367493,35.05540937456513,-31.153073312367493,2274
User02,2,1,2,2026-07-27,8,0,humidity,34.539491820924276,35.97791348732613,-34.539491820924276,3068
User02,2,1,2,2026-07-28,9,0,humidity,32.4008403033617,38.154843988290686,-31.79922416984023,2705
User02,2,1,2,2026-07-31,10,0,humidity,13.583972175684643,16.429069936660763,-13.583691016455465,3036
User02,2,1,2,2026-08-01,11,0,humidity,22.837668479224824,26.36647194765584,-22.837668479224824,2723
User02,2,1,2,2026-08-02,12,0,humidity,12.843306640377627,15.978245267282308,-12.744771531099577,2859
User02,2,1,2,2026-08-03,13,0,humidity,11.196291420836253,14.836295378980433,-10.489072934884438,3680
User02,2,1,2,2026-08-04,14,0,humidity,13.318498408369559,16.8450899344489,-12.934421896918352,3671
User02,2,1,2,2026-08-05,15,0,humidity,13.993591734483292,15.979322067233008,-13.990817721535063,3360
User02,2,1,2,2026-08-06,16,1,humidity,16.191159622100493,20.919689381399238,-15.838557735490252,2467
User02,2,1,2,2026-08-07,17,1,humidity,11.02227962399495,14.948207425911516,-8.76436553402888,3596
User02,2,1,2,2026-08-08,18,1,humidity,12.500123538009076,17.969921336995665,-12.1619962144099,2781
User02,2,1,2,2026-08-09,19,1,humidity,13.179976552069999,17.50586040198782,-11.873793908816808,3675
User02,2,1,2,2026-08-10,20,1,humidity,14.068319986230934,17.31280409973692,-13.416889049966134,2630
User02,2,1,2,2026-08-11,21,1,humidity,7.37171248995121,9.09156781451515,0.4113831838033641,2806
User02,2,1,2,2026-08-12,22,1,humidity,10.387786928005069,13.574790583491698,-7.064269874944406,2985
User02,2,1,2,2026-08-13,23,1,humidity,12.029240403677811,15.380259525167736,-9.739712949191462,3353
User02,2,1,2,2026-08-14,24,1,humidity,18.95825997478549,22.146091127108594,-18.957284574243324,3768
User02,2,1,2,2026-08-15,25,1,humidity,17.24337322189053,20.450985370950328,-17.24337322189053,3170
User02,2,1,2,2026-08-16,26,1,humidity,23.029062328033756,25.153967693196837,-23.029062328033756,3965
User02,2,1,2,2026-08-17,27,1,humidity,25.093574069711355,27.61758696967749,-25.093574069711355,2468
User02,2,1,2,2026-08-18,28,1,humidity,21.426508722220007,24.45533177914026,-21.426508722220007,2800
User02,2,1,2,2026-08-19,29,1,humidity,23.752045268027604,27.07061541785646,-23.752045268027604,3445
User02,2,1,2,2026-08-20,30,1,humidity,21.763612349686547,24.849545876257654,-21.763612349686547,3580
User02,2,1,2,2026-08-21,31,1,humidity,24.4837312821385,27.181088170137535,-24.4837312821385,2472
User02,2,1,2,2026-08-22,32,1,humidity,25.22409824009124,26.479659195559652,-25.22409824009124,2819
User02,2,1,2,2026-08-23,33,1,humidity,27.323526808948557,29.157221773431527,-27.323526808948557,2601
User02,2,1,2,2026-08-24,34,1,humidity,14.99241535130495,15.274120062094825,-14.99241535130495,1220
User02,2,1,2,2026-08-25,35,1,humidity,17.47542637809768,19.879265270997287,-17.47542637809768,1223
User02,2,1,2,2026-08-26,36,1,humidity,16.842444841418633,19.056894688498275,-16.842444841418633,3196
User02,2,1,2,2026-08-27,37,1,humidity,21.822344265741172,23.555034434415465,-21.786537191279233,3798
User02,2,1,2,2026-08-28,38,1,humidity,27.021713339338124,29.50063902820914,-27.021713339338124,2463
User02,2,1,2,2026-08-29,39,1,humidity,23.54643888518709,26.236913284129106,-23.535938956234432,2697
User02,2,1,2,2026-08-30,40,1,humidity,22.038006413323384,25.69493306137091,-22.038006413323384,1841
User02,2,1,2,2026-08-31,41,1,humidity,31.03286036557575,32.98506933944547,-31.03286036557575,3117
User02,2,1,2,2026-09-01,42,1,humidity,28.635623604013915,33.54159655270708,-28.635623604013915,2482
User02,2,1,2,2026-09-02,43,1,humidity,28.340463679063877,31.62613740953321,-28.340463679063877,3077
User02,2,1,2,2026-09-03,44,1,humidity,9.965985202580347,12.798240713772572,-9.280817953443519,2737
User02,2,1,2,2026-09-04,45,1,humidity,7.086451595648318,8.910855116304399,5.302769121252564,2223
User02,2,1,2,2026-09-05,46,1,humidity,3.743627830778171,4.397946750996003,2.897642210148933,1739
User02,2,1,2,2026-09-06,47,1,humidity,4.5750969882796815,7.659212401865676,-3.8447960504645957,1594
User02,2,1,2,2026-09-07,48,1,humidity,3.727569936021837,5.089995339005254,-2.6642375529109215,1587
User02,2,1,2,2026-09-08,49,1,humidity,4.729648029844306,5.922250253195267,2.551758746550078,1828
User02,2,1,2,2026-09-09,50,1,humidity,12.017547960342482,12.648637134805545,10.802590555108866,2219
User02,2,1,2,2026-09-10,51,1,humidity,6.997364244807388,7.778145435682631,4.906646983228342,1417
User02,2,3,0,2026-07-23,5,0,temperature,1.431819726732206,1.5606652252470816,-1.431819726732206,3227
User02,2,3,0,2026-07-24,6,0,temperature,1.4089095895251667,1.5748435010798372,-1.4060765197322973,3828
User02,2,3,0,2026-07-26,7,0,temperature,1.614415676636875,1.74475439006584,-1.614415676636875,2274
User02,2,3,0,2026-07-27,8,0,temperature,1.2385627415492027,1.4140011058435427,-1.2266548778916506,3068
User02,2,3,0,2026-07-28,9,0,temperature,0.7336578638484506,1.0395015494144713,-0.3789147520644212,2705
User02,2,3,0,2026-07-31,10,0,temperature,4.178528179801629,4.84531818733703,-4.165304729380379,3036
User02,2,3,0,2026-08-01,11,0,temperature,4.128413804794857,5.560688529385337,-4.11199749892055,2723
User02,2,3,0,2026-08-02,12,0,temperature,3.854441231539798,5.0490166543764206,-3.845133116040151,2859
User02,2,3,0,2026-08-03,13,0,temperature,3.897874467805538,5.021789734960866,-3.887729988889271,3680
User02,2,3,0,2026-08-04,14,0,temperature,3.3761084031321955,4.360902514182419,-3.345154811852097,3671
User02,2,3,0,2026-08-05,15,0,temperature,3.5335401233068793,4.646274125812588,-3.5148481239220333,3360
User02,2,3,0,2026-08-06,16,1,temperature,4.063468430271548,4.631701500945077,-4.060170455981725,2467
User02,2,3,0,2026-08-07,17,1,temperature,4.382595707826508,5.181398800084917,-4.378709743004341,3596
User02,2,3,0,2026-08-08,18,1,temperature,3.8843838109820674,4.403985619136047,-3.8843838109820674,2781
User02,2,3,0,2026-08-09,19,1,temperature,2.3892793089278386,2.765591511047831,-2.3890954221061507,3675
User02,2,3,0,2026-08-10,20,1,temperature,2.7118848223234537,3.1141708627564175,-2.706822662538531,2630
User02,2,3,0,2026-08-11,21,1,temperature,3.0680460962974716,3.462672440323654,-3.0680460962974716,2806
User02,2,3,0,2026-08-12,22,1,temperature,3.4617513838378047,3.7970996102495995,-3.4617513838378047,2985
User02,2,3,0,2026-08-13,23,1,temperature,2.77819466673639,3.25809229777224,-2.77819466673639,3353
User02,2,3,0,2026-08-14,24,1,temperature,3.707008087279083,4.0192003684241975,-3.707008087279083,3768
User02,2,3,0,2026-08-15,25,1,temperature,3.1478199879513813,3.5031181508551072,-3.1478199879513813,3170
User02,2,3,0,2026-08-16,26,1,temperature,2.648513710093919,3.0814055340830935,-2.648513710093919,3965
User02,2,3,0,2026-08-17,27,1,temperature,2.975603435087456,3.442130330899241,-2.975603435087456,2468
User02,2,3,0,2026-08-18,28,1,temperature,3.500671308972031,3.98287781730506,-3.500671308972031,2800
User02,2,3,0,2026-08-19,29,1,temperature,3.9144671927231918,4.51054057982539,-3.9131130767514133,3445
User02,2,3,0,2026-08-20,30,1,temperature,3.0387787832880315,3.740415385872299,-3.0387787832880315,3580
User02,2,3,0,2026-08-21,31,1,temperature,3.3757806981114094,3.6997125711218715,-3.3757806981114094,2472
User02,2,3,0,2026-08-22,32,1,temperature,2.935692336516666,3.5617843065511496,-2.9187167558594056,2819
User02,2,3,0,2026-08-23,33,1,temperature,2.547966039058827,2.8463305129336507,-2.547966039058827,2601
User02,2,3,0,2026-08-24,34,1,temperature,2.1862310821259237,2.208851052139192,-2.1862310821259237,1220
User02,2,3,0,2026-08-25,35,1,temperature,2.628048250284525,2.837284921430288,-2.628048250284525,1223
User02,2,3,0,2026-08-26,36,1,temperature,3.030524556074864,3.5321390000816573,-3.029981491915084,3196
User02,2,3,0,2026-08-27,37,1,temperature,3.2688818308232896,3.6099307505055793,-3.2688818308232896,3798
User02,2,3,0,2026-08-28,38,1,temperature,1.7464373319882291,1.9309270770503064,-1.7464373319882291,2463
User02,2,3,0,2026-08-29,39,1,temperature,2.0547129816559204,2.2162479140859075,-2.0547129816559204,2697
User02,2,3,0,2026-08-30,40,1,temperature,1.63531462163626,1.7834423106312545,-1.6345252111715012,1841
User02,2,3,0,2026-08-31,41,1,temperature,1.753976145852676,1.8770921110991323,-1.753976145852676,3117
User02,2,3,0,2026-09-01,42,1,temperature,1.2578302658424065,1.559920590825016,-1.2539214715567542,2482
User02,2,3,0,2026-09-02,43,1,temperature,1.603163327586146,2.054216634864358,-1.5643428197689173,3077
User02,2,3,0,2026-09-03,44,1,temperature,2.2279678067723174,2.6115482473203055,-2.208976274724208,2737
User02,2,3,0,2026-09-04,45,1,temperature,2.519911216027691,2.968907632721278,-2.506784790142054,2223
User02,2,3,0,2026-09-05,46,1,temperature,3.9950423516588844,4.11425493228829,-3.9950423516588844,1739
User02,2,3,0,2026-09-06,47,1,temperature,3.947251091998481,4.116652333431652,-3.947251091998481,1594
User02,2,3,0,2026-09-07,48,1,temperature,3.9204307592145478,3.9654365280869635,-3.9204307592145478,1587
User02,2,3,0,2026-09-08,49,1,temperature,4.288211066192857,4.377578247064461,-4.288211066192857,1828
User02,2,3,0,2026-09-09,50,1,temperature,4.403526606669924,4.500475724921479,-4.403526606669924,2219
User02,2,3,0,2026-09-10,51,1,temperature,4.448411023191926,4.618393972283298,-4.448411023191926,1417
User02,2,3,0,2026-07-23,5,0,humidity,19.35424465962542,23.614346281016275,-19.35424465962542,3227
User02,2,3,0,2026-07-24,6,0,humidity,15.477996090010885,19.715668933767535,-14.712600685784787,3828
User02,2,3,0,2026-07-26,7,0,humidity,17.63234883471644,22.668491344216978,-17.308507993673867,2274
User02,2,3,0,2026-07-27,8,0,humidity,20.9282409400066,22.751092243777812,-20.9282409400066,3068
User02,2,3,0,2026-07-28,9,0,humidity,23.575259777201648,26.439558357479633,-17.4565631252727,2705
User02,2,3,0,2026-07-31,10,0,humidity,6.533424155633949,8.886984572574756,-0.15890259174233667,3036
User02,2,3,0,2026-08-01,11,0,humidity,12.184165332972924,15.06435250400217,-8.79979633568585,2723
User02,2,3,0,2026-08-02,12,0,humidity,7.50228935742869,8.93446797279659,1.0931856290400455,2859
User02,2,3,0,2026-08-03,13,0,humidity,8.653396117769176,10.683134212433021,2.6457693345035556,3680
User02,2,3,0,2026-08-04,14,0,humidity,8.20121297373236,10.633309312144135,-0.5155133347514717,3671
User02,2,3,0,2026-08-05,15,0,humidity,5.694324578170753,7.432754089474722,-1.3289051490285986,3360
User02,2,3,0,2026-08-06,16,1,humidity,11.78204500958625,13.511785417463848,-2.6467816829777386,2467
User02,2,3,0,2026-08-07,17,1,humidity,10.196484409982167,11.827426446208888,4.502008395350112,3596
User02,2,3,0,2026-08-08,18,1,humidity,10.385173397722117,12.743551718675967,0.5817192793613669,2781
User02,2,3,0,2026-08-09,19,1,humidity,11.428587586374451,12.263584749700696,1.0114458376052018,3675
User02,2,3,0,2026-08-10,20,1,humidity,8.794843092232822,10.236786327828016,-0.2317697458318038,2630
User02,2,3,0,2026-08-11,21,1,humidity,13.96772348865898,15.56763091780189,13.080723775914334,2806
User02,2,3,0,2026-08-12,22,1,humidity,10.051477710447799,12.262080980555751,5.684334589532345,2985
User02,2,3,0,2026-08-13,23,1,humidity,10.046942462624532,11.32182009726294,3.5036399163945977,3353
User02,2,3,0,2026-08-14,24,1,humidity,10.794197908266112,11.98473953164023,-4.835396796385805,3768
User02,2,3,0,2026-08-15,25,1,humidity,9.417818246217095,11.448096307431681,-4.536093831862733,3170
User02,2,3,0,2026-08-16,26,1,humidity,9.543045776237673,12.826815187173992,-9.447832770730923,3965
User02,2,3,0,2026-08-17,27,1,humidity,11.640639399678697,15.379111268026096,-11.336132750365618,2468
User02,2,3,0,2026-08-18,28,1,humidity,12.601549197569,14.74438187138299,-9.178808935537727,2800
User02,2,3,0,2026-08-19,29,1,humidity,13.369588280024713,15.938565051729352,-10.144941044861726,3445
User02,2,3,0,2026-08-20,30,1,humidity,9.604615041219509,14.027271791529692,-8.583932964972218,3580
User02,2,3,0,2026-08-21,31,1,humidity,10.722435129087552,14.233316703472743,-10.398085257426647,2472
User02,2,3,0,2026-08-22,32,1,humidity,11.062854693316316,13.285247351712718,-10.87929668410866,2819
User02,2,3,0,2026-08-23,33,1,humidity,13.50728121726199,15.881032453952733,-12.973665158874253,2601
User02,2,3,0,2026-08-24,34,1,humidity,2.378988029022718,2.933914667650985,-2.2202150200457544,1220
User02,2,3,0,2026-08-25,35,1,humidity,5.595542837771943,9.906503775578576,-4.420423602501945,1223
User02,2,3,0,2026-08-26,36,1,humidity,7.469891250471749,9.054776405549218,-3.8796957192251966,3196
User02,2,3,0,2026-08-27,37,1,humidity,9.551170281965952,11.382106931985993,-7.811234671875831,3798
User02,2,3,0,2026-08-28,38,1,humidity,13.462367110624374,17.472011918542627,-13.07836743629621,2463
User02,2,3,0,2026-08-29,39,1,humidity,13.196153385815641,14.686729110840238,-9.729741313827434,2697
User02,2,3,0,2026-08-30,40,1,humidity,11.068965722374823,15.420058754096377,-8.503834122505415,1841
User02,2,3,0,2026-08-31,41,1,humidity,17.087689235107284,19.814648090770014,-17.087689235107284,3117
User02,2,3,0,2026-09-01,42,1,humidity,16.042600678929922,21.553636275301397,-14.77096965369397,2482
User02,2,3,0,2026-09-02,43,1,humidity,17.21355447970022,19.42489955035134,-14.520459338371305,3077
User02,2,3,0,2026-09-03,44,1,humidity,7.786641967663419,9.34159667540924,4.014466531030444,2737
User02,2,3,0,2026-09-04,45,1,humidity,18.272974795333795,19.3472050848834,18.272974795333795,2223
User02,2,3,0,2026-09-05,46,1,humidity,16.62915836939301,16.93695932611753,16.604470940202408,1739
User02,2,3,0,2026-09-06,47,1,humidity,11.293097155644954,11.846989532545035,10.159613071785795,1594
User02,2,3,0,2026-09-07,48,1,humidity,10.348458271733307,10.73861350670891,9.949426357170767,1587
User02,2,3,0,2026-09-08,49,1,humidity,16.517927914964716,17.185261283430233,16.441682741923838,1828
User02,2,3,0,2026-09-09,50,1,humidity,25.414345361022193,25.921939140357445,25.137709870520677,2219
User02,2,3,0,2026-09-10,51,1,humidity,19.397673733872637,20.21214223135667,19.397673733872637,1417
User02,2,3,1,2026-07-23,5,0,temperature,1.2855008040889844,1.5325636047268254,-1.2855008040889844,3227
User02,2,3,1,2026-07-24,6,0,temperature,1.2312901145766135,1.4795195855077532,-1.2089253894756977,3828
User02,2,3,1,2026-07-26,7,0,temperature,1.4134114822822794,1.6258871020489545,-1.408581190546028,2274
User02,2,3,1,2026-07-27,8,0,temperature,1.1241498559671501,1.3783522589325787,-1.070534970303491,3068
User02,2,3,1,2026-07-28,9,0,temperature,0.8258180485244169,1.1687076974636457,-0.3531887731123795,2705
User02,2,3,1,2026-07-31,10,0,temperature,4.090188073087886,4.869773486911769,-4.071474726790267,3036
User02,2,3,1,2026-08-01,11,0,temperature,4.177437863960978,5.675909130456343,-4.101547422652116,2723
User02,2,3,1,2026-08-02,12,0,temperature,3.831751536625287,5.0474485857756575,-3.6948685090709787,2859
User02,2,3,1,2026-08-03,13,0,temperature,3.8185373072614035,5.0460306959149275,-3.777520066407513,3680
User02,2,3,1,2026-08-04,14,0,temperature,3.2796981111581465,4.334457357890657,-3.164281990262867,3671
User02,2,3,1,2026-08-05,15,0,temperature,3.3514068505678867,4.541389415844996,-3.2848595192543786,3360
User02,2,3,1,2026-08-06,16,1,temperature,3.9315090656853364,4.579626206770575,-3.925025497567248,2467
User02,2,3,1,2026-08-07,17,1,temperature,4.220999641184732,5.054736045600484,-4.208266472774787,3596
User02,2,3,1,2026-08-08,18,1,temperature,3.660954205382369,4.26743662115585,-3.657671957243009,2781
User02,2,3,1,2026-08-09,19,1,temperature,2.1472669642244924,2.604062558168688,-2.1408378611384067,3675
User02,2,3,1,2026-08-10,20,1,temperature,2.556898547084014,3.0049680458252768,-2.5134295474608006,2630
User02,2,3,1,2026-08-11,21,1,temperature,2.8600032626089185,3.329304323585763,-2.8600032626089185,2806
User02,2,3,1,2026-08-12,22,1,temperature,3.2671197321196273,3.653118326720247,-3.2671197321196273,2985
User02,2,3,1,2026-08-13,23,1,temperature,2.576123731642645,3.1912394048042603,-2.576123731642645,3353
User02,2,3,1,2026-08-14,24,1,temperature,3.6244523696847244,4.0139371738781024,-3.6244523696847244,3768
User02,2,3,1,2026-08-15,25,1,temperature,2.9439331347969317,3.3496928811707902,-2.9439331347969317,3170
User02,2,3,1,2026-08-16,26,1,temperature,2.41574711452472,2.9500682464363077,-2.41574711452472,3965
User02,2,3,1,2026-08-17,27,1,temperature,2.9226509232208375,3.5519558788024654,-2.9226509232208375,2468
User02,2,3,1,2026-08-18,28,1,temperature,3.3254150443078276,3.921386779880051,-3.3254150443078276,2800
User02,2,3,1,2026-08-19,29,1,temperature,3.7544439736429682,4.4470710227714605,-3.7537608348575504,3445
User02,2,3,1,2026-08-20,30,1,temperature,2.811814822557737,3.6173478592670887,-2.811814822557737,3580
User02,2,3,1,2026-08-21,31,1,temperature,3.2198949898284774,3.6536110493397045,-3.2198949898284774,2472
User02,2,3,1,2026-08-22,32,1,temperature,2.840088531295241,3.4607775572753683,-2.7582162946907607,2819
User02,2,3,1,2026-08-23,33,1,temperature,2.3883129763010906,2.7394756876686417,-2.3883129763010906,2601
User02,2,3,1,2026-08-24,34,1,temperature,1.9037941938139946,1.934064654021171,-1.9037941938139946,1220
User02,2,3,1,2026-08-25,35,1,temperature,2.3265022745693136,2.5723797888155935,-2.3265022745693136,1223
User02,2,3,1,2026-08-26,36,1,temperature,2.83794929748816,3.42402940197811,-2.837731783240679,3196
User02,2,3,1,2026-08-27,37,1,temperature,3.0565101722267096,3.4279217532384427,-3.0565101722267096,3798
User02,2,3,1,2026-08-28,38,1,temperature,1.6362258083194965,1.8521739354952966,-1.6362258083194965,2463
User02,2,3,1,2026-08-29,39,1,temperature,1.8997399691764756,2.085503785220014,-1.8997399691764756,2697
User02,2,3,1,2026-08-30,40,1,temperature,1.5056275824232168,1.6889073475223602,-1.5023559299551528,1841
User02,2,3,1,2026-08-31,41,1,temperature,1.6046724552263523,1.7778110110264673,-1.6046724552263523,3117
User02,2,3,1,2026-09-01,42,1,temperature,1.2093772724628367,1.5296239357835988,-1.0633609829997557,2482
User02,2,3,1,2026-09-02,43,1,temperature,1.5522215530037637,2.0054543050592595,-1.4155373579370674,3077
User02,2,3,1,2026-09-03,44,1,temperature,2.118284004761406,2.500482453442422,-2.000296843758195,2737
User02,2,3,1,2026-09-04,45,1,temperature,2.37615545119379,2.814073717659816,-2.2751871649475564,2223
User02,2,3,1,2026-09-05,46,1,temperature,3.888836399808224,3.9927735581596133,-3.888836399808224,1739
User02,2,3,1,2026-09-06,47,1,temperature,3.8036791196577964,3.9761467489258826,-3.8036791196577964,1594
User02,2,3,1,2026-09-07,48,1,temperature,3.711962412603776,3.7612752409748063,-3.711962412603776,1587
User02,2,3,1,2026-09-08,49,1,temperature,4.10042487808289,4.1835354062017975,-4.10042487808289,1828
User02,2,3,1,2026-09-09,50,1,temperature,4.244841306082523,4.3413926710338435,-4.244841306082523,2219
User02,2,3,1,2026-09-10,51,1,temperature,4.371874498228437,4.5449422347985,-4.371836801733767,1417
User02,2,3,1,2026-07-23,5,0,humidity,19.78747826674558,24.491087407870094,-19.78747826674558,3227
User02,2,3,1,2026-07-24,6,0,humidity,15.12693739351426,19.668447081917737,-14.052093396896767,3828
User02,2,3,1,2026-07-26,7,0,humidity,17.557397583664553,22.585939208880944,-16.90247671003827,2274
User02,2,3,1,2026-07-27,8,0,humidity,20.74894313729539,22.878787352814854,-20.745950754428392,3068
User02,2,3,1,2026-07-28,9,0,humidity,24.436815431026943,27.413506363735895,-17.87261063333479,2705
User02,2,3,1,2026-07-31,10,0,humidity,6.410620929163781,8.852885432709188,-0.4768767450749435,3036
User02,2,3,1,2026-08-01,11,0,humidity,13.270900032098593,15.974580903514187,-9.404366380425184,2723
User02,2,3,1,2026-08-02,12,0,humidity,8.392365302211909,9.664837493279192,1.256136278085031,2859
User02,2,3,1,2026-08-03,13,0,humidity,8.875200848803875,11.030239414323352,2.417445081792225,3680
User02,2,3,1,2026-08-04,14,0,humidity,8.69890391357217,10.951722319789374,-0.4596906733267192,3671
User02,2,3,1,2026-08-05,15,0,humidity,6.13018192825772,7.815159882047932,-1.1407770661597887,3360
User02,2,3,1,2026-08-06,16,1,humidity,12.001496359694043,13.696379169374993,-2.8003135096596963,2467
User02,2,3,1,2026-08-07,17,1,humidity,10.534207861748072,12.011208455196986,4.5074015607156115,3596
User02,2,3,1,2026-08-08,18,1,humidity,10.947773218327104,13.233562026674218,0.8295569913916501,2781
User02,2,3,1,2026-08-09,19,1,humidity,11.772689677386339,12.756592130792102,1.3832700519973047,3675
User02,2,3,1,2026-08-10,20,1,humidity,9.512383183673391,11.042992691909571,-0.09177456694287581,2630
User02,2,3,1,2026-08-11,21,1,humidity,14.035480853837191,15.783492993686522,13.159728514299092,2806
User02,2,3,1,2026-08-12,22,1,humidity,10.171674994218455,12.455415116679266,5.823954939073829,2985
User02,2,3,1,2026-08-13,23,1,humidity,10.547235917527264,11.974481881293206,3.9550767568780696,3353
User02,2,3,1,2026-08-14,24,1,humidity,12.017280061919026,13.217182804886157,-5.192239757326985,3768
User02,2,3,1,2026-08-15,25,1,humidity,10.197103901986702,12.18279432841486,-4.516242404124845,3170
User02,2,3,1,2026-08-16,26,1,humidity,9.53974759976836,12.965936398182274,-9.097559786126082,3965
User02,2,3,1,2026-08-17,27,1,humidity,13.1447453891893,16.76231055672276,-12.069388764873898,2468
User02,2,3,1,2026-08-18,28,1,humidity,13.15899297544373,15.238357160745785,-9.064287397955843,2800
User02,2,3,1,2026-08-19,29,1,humidity,14.11261301399007,16.361394728236867,-10.229811369755085,3445
User02,2,3,1,2026-08-20,30,1,humidity,10.508125085150395,14.656469272012025,-8.654440367315582,3580
User02,2,3,1,2026-08-21,31,1,humidity,11.52488404532221,15.256615252926197,-10.76066169912852,2472
User02,2,3,1,2026-08-22,32,1,humidity,11.539121531429682,13.641683685226468,-11.092909964417506,2819
User02,2,3,1,2026-08-23,33,1,humidity,13.35704648017189,15.8856265682757,-12.985350144785075,2601
User02,2,3,1,2026-08-24,34,1,humidity,2.600597420120499,3.1866423332157154,-1.8161823797372358,1220
User02,2,3,1,2026-08-25,35,1,humidity,5.8903199898559135,9.830197421297166,-3.9992531368513125,1223
User02,2,3,1,2026-08-26,36,1,humidity,8.119985918313748,9.70033304947842,-4.264110885942222,3196
User02,2,3,1,2026-08-27,37,1,humidity,9.490245895801568,11.157235888616354,-7.344658422802769,3798
User02,2,3,1,2026-08-28,38,1,humidity,14.10368518664255,18.12273752348599,-13.638119404966977,2463
User02,2,3,1,2026-08-29,39,1,humidity,13.727654600674368,15.192125618269337,-9.891276912184438,2697
User02,2,3,1,2026-08-30,40,1,humidity,11.004406814817457,15.578096452476455,-9.004710773683875,1841
User02,2,3,1,2026-08-31,41,1,humidity,17.336204688083395,20.274999084724826,-17.29711504259382,3117
User02,2,3,1,2026-09-01,42,1,humidity,17.297825135904766,22.80007445946342,-15.015609991387365,2482
User02,2,3,1,2026-09-02,43,1,humidity,17.90891233197893,19.780503656376847,-14.585037589105857,3077
User02,2,3,1,2026-09-03,44,1,humidity,7.9224907562543105,9.68946166513042,3.986572105676656,2737
User02,2,3,1,2026-09-04,45,1,humidity,18.529143848465083,19.659475392710533,18.52867255017454,2223
User02,2,3,1,2026-09-05,46,1,humidity,15.877434786620451,16.124924944731212,15.852271459053458,1739
User02,2,3,1,2026-09-06,47,1,humidity,11.132238787228005,11.590093563316849,10.103847552486398,1594
User02,2,3,1,2026-09-07,48,1,humidity,10.55880762424289,11.021254530422317,10.145342825873142,1587
User02,2,3,1,2026-09-08,49,1,humidity,16.85589789652362,17.59208870092825,16.81464578803079,1828
User02,2,3,1,2026-09-09,50,1,humidity,25.084077973385238,25.689481327091528,24.81630819651115,2219
User02,2,3,1,2026-09-10,51,1,humidity,18.559535668190104,19.16950599172544,18.559535668190104,1417
User02,2,3,2,2026-07-23,5,0,temperature,0.8624982712734062,1.2908921030294263,-0.6196466997855729,3227
User02,2,3,2,2026-07-24,6,0,temperature,0.9644908312247669,1.3334641677365038,-0.802252820894174,3828
User02,2,3,2,2026-07-26,7,0,temperature,1.1247016786053834,1.5540646177581523,-0.9541367323109596,2274
User02,2,3,2,2026-07-27,8,0,temperature,0.9976662712089156,1.4045846122764885,-0.6908354605097582,3068
User02,2,3,2,2026-07-28,9,0,temperature,1.054680946666309,1.327351799276006,0.07239509883844673,2705
User02,2,3,2,2026-07-31,10,0,temperature,3.9277705960672256,4.8756075854203145,-3.831708890466824,3036
User02,2,3,2,2026-08-01,11,0,temperature,4.0875592706915285,5.626474769041526,-3.753327012845073,2723
User02,2,3,2,2026-08-02,12,0,temperature,3.811264991385341,4.897501837525613,-3.32066721299695,2859
User02,2,3,2,2026-08-03,13,0,temperature,3.464486113913761,4.7477565854713895,-3.2367224659227785,3680
User02,2,3,2,2026-08-04,14,0,temperature,3.0495810383990034,4.083099311863855,-2.6112214991917995,3671
User02,2,3,2,2026-08-05,15,0,temperature,3.2060836186488135,4.387260402419602,-2.759658109706317,3360
User02,2,3,2,2026-08-06,16,1,temperature,3.3965930232284056,4.231664735334695,-3.3455188700211433,2467
User02,2,3,2,2026-08-07,17,1,temperature,3.754305691233585,4.745266440929283,-3.6610810178131867,3596
User02,2,3,2,2026-08-08,18,1,temperature,3.1647386603335623,3.8823252451999837,-3.1294550787679896,2781
User02,2,3,2,2026-08-09,19,1,temperature,1.7886292417936436,2.3433115227354806,-1.5616051489644864,3675
User02,2,3,2,2026-08-10,20,1,temperature,2.278575172158685,2.8178820601090426,-2.0636928833842556,2630
User02,2,3,2,2026-08-11,21,1,temperature,2.4342346297483584,3.0523762773384973,-2.3439377589505828,2806
User02,2,3,2,2026-08-12,22,1,temperature,2.8236957554805384,3.3571354004351073,-2.78670683327122,2985
User02,2,3,2,2026-08-13,23,1,temperature,2.2309526837414504,3.000983339184317,-2.0904551243634932,3353
User02,2,3,2,2026-08-14,24,1,temperature,3.150414508094957,3.669416467852133,-3.150414508094957,3768
User02,2,3,2,2026-08-15,25,1,temperature,2.2787432877163987,2.940486572229161,-2.2672236861059964,3170
User02,2,3,2,2026-08-16,26,1,temperature,2.0346018410259097,2.7750788749230186,-1.9442473498292998,3965
User02,2,3,2,2026-08-17,27,1,temperature,2.5789460710929575,3.393149239419265,-2.485217125171304,2468
User02,2,3,2,2026-08-18,28,1,temperature,2.906059811882119,3.620663553304044,-2.8099717770729002,2800
User02,2,3,2,2026-08-19,29,1,temperature,3.334880161670977,4.142131697515382,-3.237112884714794,3445
User02,2,3,2,2026-08-20,30,1,temperature,2.2750414088421604,3.2092349300435163,-2.156446420660651,3580
User02,2,3,2,2026-08-21,31,1,temperature,2.508095448372318,3.0205285083203686,-2.489796629804881,2472
User02,2,3,2,2026-08-22,32,1,temperature,2.6615262113729905,3.1446683366628103,-2.26938481280481,2819
User02,2,3,2,2026-08-23,33,1,temperature,1.7329555434856332,2.166964381612124,-1.6875402453605592,2601
User02,2,3,2,2026-08-24,34,1,temperature,1.2932369861261983,1.3783576034173781,-1.2867521893925995,1220
User02,2,3,2,2026-08-25,35,1,temperature,1.718702185025862,2.140294720705761,-1.7173641270644222,1223
User02,2,3,2,2026-08-26,36,1,temperature,2.2482861813339268,2.919410443925247,-2.1152965053277275,3196
User02,2,3,2,2026-08-27,37,1,temperature,2.612906131291405,2.982178085223004,-2.61104342189988,3798
User02,2,3,2,2026-08-28,38,1,temperature,1.0751742690801631,1.4464229079893325,-0.9864760251487026,2463
User02,2,3,2,2026-08-29,39,1,temperature,1.4621530396884501,1.7776439548609226,-1.4123380824379346,2697
User02,2,3,2,2026-08-30,40,1,temperature,0.9841763102562104,1.2977920320350962,-0.8512220443067969,1841
User02,2,3,2,2026-08-31,41,1,temperature,1.1437896128869467,1.4045288053219858,-1.0138554343701798,3117
User02,2,3,2,2026-09-01,42,1,temperature,1.102558669134713,1.3774774787571469,-0.5146077783310404,2482
User02,2,3,2,2026-09-02,43,1,temperature,1.270518256120294,1.7075103858242147,-0.7192315945328974,3077
User02,2,3,2,2026-09-03,44,1,temperature,1.766526755735275,2.114020289703686,-1.392381986355664,2737
User02,2,3,2,2026-09-04,45,1,temperature,2.0492155627262996,2.3593196466712723,-1.6111947063516279,2223
User02,2,3,2,2026-09-05,46,1,temperature,3.1695574090857344,3.396903470843886,-3.1695574090857344,1739
User02,2,3,2,2026-09-06,47,1,temperature,3.2107721360841066,3.4822078093943976,-3.18814823785067,1594
User02,2,3,2,2026-09-07,48,1,temperature,3.1266000012855377,3.1958836571954867,-3.1266000012855377,1587
User02,2,3,2,2026-09-08,49,1,temperature,3.5170921324868494,3.6708212675178564,-3.5170921324868494,1828
User02,2,3,2,2026-09-09,50,1,temperature,3.719663528413219,3.8664159731202594,-3.7170831716085404,2219
User02,2,3,2,2026-09-10,51,1,temperature,3.750160903384827,3.953491525690091,-3.741247961657451,1417
User02,2,3,2,2026-07-23,5,0,humidity,15.533330472886867,21.58988555307398,-14.452123857900077,3227
User02,2,3,2,2026-07-24,6,0,humidity,14.920220153737201,18.844692460910824,-11.374375015562704,3828
User02,2,3,2,2026-07-26,7,0,humidity,17.948184156121787,22.131089804921775,-13.611294067242216,2274
User02,2,3,2,2026-07-27,8,0,humidity,18.083138171809427,21.211402965068398,-17.771533542446004,3068
User02,2,3,2,2026-07-28,9,0,humidity,25.160154364797283,27.420900055573487,-14.90601681718091,2705
User02,2,3,2,2026-07-31,10,0,humidity,8.252283581457167,10.418511681420462,1.8244602023532395,3036
User02,2,3,2,2026-08-01,11,0,humidity,14.631953277419322,16.651948915987283,-6.641962170018892,2723
User02,2,3,2,2026-08-02,12,0,humidity,10.300360892410335,11.86549030995606,3.953594708499024,2859
User02,2,3,2,2026-08-03,13,0,humidity,12.083123010740586,13.680530593569452,6.771107008954864,3680
User02,2,3,2,2026-08-04,14,0,humidity,11.166802173664342,13.005677460509538,4.089596771505137,3671
User02,2,3,2,2026-08-05,15,0,humidity,9.018599183156693,10.236489130122047,3.213623245679529,3360
User02,2,3,2,2026-08-06,16,1,humidity,13.843632689594235,15.92037934210535,1.6187615838123155,2467
User02,2,3,2,2026-08-07,17,1,humidity,14.507874538052125,16.577543941629262,8.791188407096184,3596
User02,2,3,2,2026-08-08,18,1,humidity,13.926953924863827,15.90479073952216,5.185680651226171,2781
User02,2,3,2,2026-08-09,19,1,humidity,13.887342406860572,15.847950424020937,6.027031926926345,3675
User02,2,3,2,2026-08-10,20,1,humidity,11.722721944141744,13.75078756787348,3.6667028106663477,2630
User02,2,3,2,2026-08-11,21,1,humidity,18.367907180224666,20.503338395180393,17.554456854348373,2806
User02,2,3,2,2026-08-12,22,1,humidity,13.413133870522092,16.145874874276917,9.698467417391926,2985
User02,2,3,2,2026-08-13,23,1,humidity,13.431557379315073,15.673360862543701,7.638965455258438,3353
User02,2,3,2,2026-08-14,24,1,humidity,11.580606034461203,13.145010820676182,-1.6691927514548355,3768
User02,2,3,2,2026-08-15,25,1,humidity,11.380460428141905,12.442877862030729,0.9524502175910144,3170
User02,2,3,2,2026-08-16,26,1,humidity,9.764587933060032,12.567798006153103,-5.405502448350013,3965
User02,2,3,2,2026-08-17,27,1,humidity,13.338761820061242,16.308666774094583,-8.300242030998428,2468
User02,2,3,2,2026-08-18,28,1,humidity,13.106761639333348,14.755910988265649,-4.849894330018286,2800
User02,2,3,2,2026-08-19,29,1,humidity,13.606835839118682,15.74335807319057,-6.153335464982516,3445
User02,2,3,2,2026-08-20,30,1,humidity,10.638905672817053,13.027866207996972,-3.2968004560646453,3580
User02,2,3,2,2026-08-21,31,1,humidity,10.543279117687604,13.22697709776929,-5.367889819672852,2472
User02,2,3,2,2026-08-22,32,1,humidity,9.753227682015828,11.621995917162115,-7.462906496285499,2819
User02,2,3,2,2026-08-23,33,1,humidity,11.672931425413571,13.371406410433625,-8.171379998882712,2601
User02,2,3,2,2026-08-24,34,1,humidity,4.209124357545699,4.857815719118955,2.900629597590854,1220
User02,2,3,2,2026-08-25,35,1,humidity,8.676666295129078,10.497361069926034,0.843088954093845,1223
User02,2,3,2,2026-08-26,36,1,humidity,8.701234410819435,9.903966778317775,1.7136124646043003,3196
User02,2,3,2,2026-08-27,37,1,humidity,9.160430250885746,10.397729481103346,-4.336901590045974,3798
User02,2,3,2,2026-08-28,38,1,humidity,12.586112488105806,15.04652065892814,-8.645151719434105,2463
User02,2,3,2,2026-08-29,39,1,humidity,11.93413169492685,13.468162780322752,-6.128840526299442,2697
User02,2,3,2,2026-08-30,40,1,humidity,12.67584428725963,14.73948474830889,-3.953472247436871,1841
User02,2,3,2,2026-08-31,41,1,humidity,14.490922194974509,17.29204708639011,-12.835603239048915,3117
User02,2,3,2,2026-09-01,42,1,humidity,16.961348445585838,20.789861590147485,-10.728860174497331,2482
User02,2,3,2,2026-09-02,43,1,humidity,15.946002281932692,17.822931472378638,-9.503671980153568,3077
User02,2,3,2,2026-09-03,44,1,humidity,11.119792395121365,13.12478134528695,8.842665249100001,2737
User02,2,3,2,2026-09-04,45,1,humidity,23.66675003735254,24.908912562858436,23.66675003735254,2223
User02,2,3,2,2026-09-05,46,1,humidity,21.658202860104875,22.347222889076225,21.640511736648033,1739
User02,2,3,2,2026-09-06,47,1,humidity,15.567579972047916,16.514560294969648,14.61411315342434,1594
User02,2,3,2,2026-09-07,48,1,humidity,15.167869817859497,15.818459483732923,14.943779085415256,1587
User02,2,3,2,2026-09-08,49,1,humidity,20.894506362205725,21.632107725311005,20.86946721119441,1828
User02,2,3,2,2026-09-09,50,1,humidity,29.01252663267328,29.795290667063796,28.86134395545703,2219
User02,2,3,2,2026-09-10,51,1,humidity,23.301555020498444,24.27029972480068,23.301555020498444,1417
User02,2,7,0,2026-07-28,9,0,temperature,1.0938638785070347,1.3073907026521367,0.9631162119130726,2705
User02,2,7,0,2026-07-31,10,0,temperature,2.944058032591382,3.6164524089853103,-2.8070904346734538,3036
User02,2,7,0,2026-08-01,11,0,temperature,3.1336385753575713,4.4142874128112455,-2.6883907059682777,2723
User02,2,7,0,2026-08-02,12,0,temperature,3.1812702893366587,4.033895816078113,-2.577790180233548,2859
User02,2,7,0,2026-08-03,13,0,temperature,2.775352042192108,3.9301460825130614,-2.5446911837274664,3680
User02,2,7,0,2026-08-04,14,0,temperature,2.4452286081342294,3.300574539105896,-2.0505790789830662,3671
User02,2,7,0,2026-08-05,15,0,temperature,2.706184769388147,3.661720344419245,-2.2768757960368666,3360
User02,2,7,0,2026-08-06,16,1,temperature,2.873578836482462,3.50979078907897,-2.802737551012543,2467
User02,2,7,0,2026-08-07,17,1,temperature,3.3335682818882697,4.107786776496272,-3.1066915356568328,3596
User02,2,7,0,2026-08-08,18,1,temperature,2.6675538477356766,3.2827018950270705,-2.6480195000727256,2781
User02,2,7,0,2026-08-09,19,1,temperature,1.3318867659405298,1.7538703396772184,-1.1809569287640003,3675
User02,2,7,0,2026-08-10,20,1,temperature,1.6422067368917264,2.0343020715876112,-1.443578473770767,2630
User02,2,7,0,2026-08-11,21,1,temperature,1.8280572542421778,2.2792361977762927,-1.7787888794053068,2806
User02,2,7,0,2026-08-12,22,1,temperature,2.218969369607583,2.620528245627675,-2.191579476509425,2985
User02,2,7,0,2026-08-13,23,1,temperature,1.6224891690059577,2.14366028920912,-1.5318232765209636,3353
User02,2,7,0,2026-08-14,24,1,temperature,2.3621294317540222,2.7293912972351055,-2.3619302743369817,3768
User02,2,7,0,2026-08-15,25,1,temperature,1.9088604072051703,2.364323470718629,-1.902478284798515,3170
User02,2,7,0,2026-08-16,26,1,temperature,1.5032765047547454,2.0657001364450847,-1.4621810464623874,3965
User02,2,7,0,2026-08-17,27,1,temperature,1.6442489817453,2.138431844495449,-1.5852617382988474,2468
User02,2,7,0,2026-08-18,28,1,temperature,2.2514081526236898,2.765587267741297,-2.188017480208565,2800
User02,2,7,0,2026-08-19,29,1,temperature,2.7102983056966403,3.3935770824438447,-2.648934148956286,3445
User02,2,7,0,2026-08-20,30,1,temperature,1.9328505429160587,2.7889637141739225,-1.8491466563254924,3580
User02,2,7,0,2026-08-21,31,1,temperature,2.148732940147324,2.543250396576081,-2.137783927328691,2472
User02,2,7,0,2026-08-22,32,1,temperature,2.246372069598426,2.598055992132651,-1.6685986126509427,2819
User02,2,7,0,2026-08-23,33,1,temperature,1.3862432406257614,1.825160311527392,-1.3412363307459605,2601
User02,2,7,0,2026-08-24,34,1,temperature,1.1259264753668197,1.1569307942898335,-1.0986581312474182,1220
User02,2,7,0,2026-08-25,35,1,temperature,1.5202499653379618,1.8671737634562202,-1.5193150495469763,1223
User02,2,7,0,2026-08-26,36,1,temperature,1.9239007192795006,2.5441902737114153,-1.8355275052845095,3196
User02,2,7,0,2026-08-27,37,1,temperature,2.123540438384672,2.603158433712427,-2.1227225082391725,3798
User02,2,7,0,2026-08-28,38,1,temperature,0.6810810618907518,0.9488751941846403,-0.5064666277532199,2463
User02,2,7,0,2026-08-29,39,1,temperature,0.8793095086731195,1.148075632566491,-0.8049588394829961,2697
User02,2,7,0,2026-08-30,40,1,temperature,0.5774661048803521,0.8048814990320285,-0.38304087686624105,1841
User02,2,7,0,2026-08-31,41,1,temperature,0.5939752777102328,0.8238658812756979,-0.5114421415715379,3117
User02,2,7,0,2026-09-01,42,1,temperature,0.6420597921054632,0.8226999077710143,-0.031188090852150418,2482
User02,2,7,0,2026-09-02,43,1,temperature,0.9471086900981607,1.322301463254479,-0.34503549992219873,3077
User02,2,7,0,2026-09-03,44,1,temperature,1.4144087787000883,1.672909815073699,-1.0206356730943515,2737
User02,2,7,0,2026-09-04,45,1,temperature,1.8063818571661776,2.0576260760953864,-1.3430685593326834,2223
User02,2,7,0,2026-09-05,46,1,temperature,2.72119795525753,2.915485590691494,-2.72119795525753,1739
User02,2,7,0,2026-09-06,47,1,temperature,2.722706591449882,2.9536742143128754,-2.702284986251459,1594
User02,2,7,0,2026-09-07,48,1,temperature,2.728831296526306,2.7947243170562346,-2.728831296526306,1587
User02,2,7,0,2026-09-08,49,1,temperature,3.1118777545572116,3.2460940219301606,-3.1118646191974566,1828
User02,2,7,0,2026-09-09,50,1,temperature,3.1943523086169727,3.333730443565222,-3.186305063949369,2219
User02,2,7,0,2026-09-10,51,1,temperature,3.217071215167527,3.4150608893171643,-3.1805503176907215,1417
User02,2,7,0,2026-07-28,9,0,humidity,16.456383210243043,18.146662163431007,-2.0120463059887617,2705
User02,2,7,0,2026-07-31,10,0,humidity,16.10120405620097,17.88096385863021,15.155636017860594,3036
User02,2,7,0,2026-08-01,11,0,humidity,11.374186732084624,13.442639585318286,7.2521651702979,2723
User02,2,7,0,2026-08-02,12,0,humidity,16.03336978246006,17.291765764597578,15.674867648672526,2859
User02,2,7,0,2026-08-03,13,0,humidity,18.801132686692057,20.313312131889273,18.067547042545954,3680
User02,2,7,0,2026-08-04,14,0,humidity,15.352426975791856,17.20012619976354,14.283575234437524,3671
User02,2,7,0,2026-08-05,15,0,humidity,13.633745694904245,14.513826135392767,12.976181434207879,3360
User02,2,7,0,2026-08-06,16,1,humidity,15.07674292441128,17.606209735715016,11.968632510716748,2467
User02,2,7,0,2026-08-07,17,1,humidity,19.5336198687415,21.63013435211439,19.228751925442534,3596
User02,2,7,0,2026-08-08,18,1,humidity,17.12855985314026,18.787017991811023,14.911485205201725,2781
User02,2,7,0,2026-08-09,19,1,humidity,15.565203034588988,18.88659874984744,15.07808850611294,3675
User02,2,7,0,2026-08-10,20,1,humidity,14.407367190438302,17.096902072077476,14.181428112905687,2630
User02,2,7,0,2026-08-11,21,1,humidity,27.931473075594866,28.95649020428737,27.931473075594866,2806
User02,2,7,0,2026-08-12,22,1,humidity,20.723264660723462,22.549675863906952,20.147667685092507,2985
User02,2,7,0,2026-08-13,23,1,humidity,18.079192780314603,20.313698243303207,18.053366115959168,3353
User02,2,7,0,2026-08-14,24,1,humidity,11.0817044306094,14.017949595296471,10.514720758000324,3768
User02,2,7,0,2026-08-15,25,1,humidity,11.230053981640918,13.622207633529062,9.99696020339316,3170
User02,2,7,0,2026-08-16,26,1,humidity,8.141257738798474,9.025652856694295,4.4884990945681,3965
User02,2,7,0,2026-08-17,27,1,humidity,7.62191198103373,9.007697061063338,4.328684757056099,2468
User02,2,7,0,2026-08-18,28,1,humidity,9.030556002114047,11.347690892930752,5.646391610067782,2800
User02,2,7,0,2026-08-19,29,1,humidity,9.710053158296102,12.331878058710009,4.6449648469472224,3445
User02,2,7,0,2026-08-20,30,1,humidity,9.739863221509065,11.378182707858226,5.4607363053818245,3580
User02,2,7,0,2026-08-21,31,1,humidity,8.311031235827855,9.461924272753459,4.228773338107461,2472
User02,2,7,0,2026-08-22,32,1,humidity,6.264581789704244,8.287374386076788,3.947221655557117,2819
User02,2,7,0,2026-08-23,33,1,humidity,7.060807555563667,9.203654173550444,1.3899182186495573,2601
User02,2,7,0,2026-08-24,34,1,humidity,10.69344920537778,10.964566262189072,10.69344920537778,1220
User02,2,7,0,2026-08-25,35,1,humidity,11.605651049380164,12.23546083804694,8.53713542027596,1223
User02,2,7,0,2026-08-26,36,1,humidity,10.962665719797917,12.753972407621248,10.190070220629648,3196
User02,2,7,0,2026-08-27,37,1,humidity,7.411265467141901,9.857271818848554,5.981854240070163,3798
User02,2,7,0,2026-08-28,38,1,humidity,10.199313837882015,11.297578476234515,1.6138521680011855,2463
User02,2,7,0,2026-08-29,39,1,humidity,8.79897610054854,11.814388294700061,4.855389228490405,2697
User02,2,7,0,2026-08-30,40,1,humidity,13.189187249505766,13.934918219568893,6.135387070608274,1841
User02,2,7,0,2026-08-31,41,1,humidity,8.312488444127304,9.458376619580985,-2.537549748305913,3117
User02,2,7,0,2026-09-01,42,1,humidity,13.072126571188944,13.910959921555738,-0.5019727512012551,2482
User02,2,7,0,2026-09-02,43,1,humidity,10.428894682614073,12.348155197897926,0.07123286460698988,3077
User02,2,7,0,2026-09-03,44,1,humidity,18.46866206920878,19.935146791361504,18.137829137066433,2737
User02,2,7,0,2026-09-04,45,1,humidity,32.20841531618993,32.7872708362892,32.20841531618993,2223
User02,2,7,0,2026-09-05,46,1,humidity,31.50988065511905,31.739751133012014,31.50988065511905,1739
User02,2,7,0,2026-09-06,47,1,humidity,25.367274777250046,25.84078676324905,25.03080854660973,1594
User02,2,7,0,2026-09-07,48,1,humidity,24.316830248988584,24.60637126107992,24.26637196952199,1587
User02,2,7,0,2026-09-08,49,1,humidity,30.63003895406411,31.01368494939133,30.63003895406411,1828
User02,2,7,0,2026-09-09,50,1,humidity,39.39543835979203,39.97538259787852,39.39543835979203,2219
User02,2,7,0,2026-09-10,51,1,humidity,34.46249526520669,35.027218114896705,34.46249526520669,1417
User02,2,7,1,2026-07-28,9,0,temperature,1.0157587116377722,1.2000949871946334,0.7381822571188049,2705
User02,2,7,1,2026-07-31,10,0,temperature,3.075094991217016,3.7992096225512992,-2.9046002741880574,3036
User02,2,7,1,2026-08-01,11,0,temperature,3.405489950938879,4.691332820626606,-2.912252110245956,2723
User02,2,7,1,2026-08-02,12,0,temperature,3.3760911151375668,4.194598165422859,-2.6407346675900865,2859
User02,2,7,1,2026-08-03,13,0,temperature,2.9384715293927166,4.116104142868659,-2.6509293010202115,3680
User02,2,7,1,2026-08-04,14,0,temperature,2.5872226544574857,3.459615880061216,-2.1059438409598226,3671
User02,2,7,1,2026-08-05,15,0,temperature,2.757494876305634,3.7286696369182915,-2.2694218249767766,3360
User02,2,7,1,2026-08-06,16,1,temperature,2.9864930342858553,3.66533708947628,-2.913301850434771,2467
User02,2,7,1,2026-08-07,17,1,temperature,3.403158183525782,4.178248950525673,-3.183060471733918,3596
User02,2,7,1,2026-08-08,18,1,temperature,2.6656010915037607,3.3240586147467885,-2.625964244700105,2781
User02,2,7,1,2026-08-09,19,1,temperature,1.3594946692492091,1.7815249872382433,-1.1456773730776024,3675
User02,2,7,1,2026-08-10,20,1,temperature,1.7024061809732671,2.0766331187691955,-1.461161132237031,2630
User02,2,7,1,2026-08-11,21,1,temperature,1.8867592264815647,2.3423283788014726,-1.7983243903732793,2806
User02,2,7,1,2026-08-12,22,1,temperature,2.237450482661746,2.6515707576843908,-2.199021048653713,2985
User02,2,7,1,2026-08-13,23,1,temperature,1.6816800871555095,2.2643396063531367,-1.5386081741266089,3353
User02,2,7,1,2026-08-14,24,1,temperature,2.502162965182102,2.929765945381671,-2.5016251234867917,3768
User02,2,7,1,2026-08-15,25,1,temperature,1.9258701335500479,2.396708899884274,-1.9195319112702292,3170
User02,2,7,1,2026-08-16,26,1,temperature,1.5501419609133131,2.096993794416383,-1.4290336498231861,3965
User02,2,7,1,2026-08-17,27,1,temperature,1.9189716113779882,2.4732887529643617,-1.7688979440477315,2468
User02,2,7,1,2026-08-18,28,1,temperature,2.3335176973030927,2.8732725544133997,-2.220463547000329,2800
User02,2,7,1,2026-08-19,29,1,temperature,2.830241256243919,3.5271233110868785,-2.7130285307973954,3445
User02,2,7,1,2026-08-20,30,1,temperature,1.9835872608902094,2.8277857967186786,-1.8318862326044882,3580
User02,2,7,1,2026-08-21,31,1,temperature,2.245556460967869,2.7376473333724216,-2.2244755857571072,2472
User02,2,7,1,2026-08-22,32,1,temperature,2.3127706983658616,2.661207260727972,-1.7331246206448132,2819
User02,2,7,1,2026-08-23,33,1,temperature,1.4719723010248613,1.9210541445234637,-1.414056254079612,2601
User02,2,7,1,2026-08-24,34,1,temperature,1.0285745188587074,1.0741046266301963,-1.0251103661851304,1220
User02,2,7,1,2026-08-25,35,1,temperature,1.4303780270019877,1.7872479848076022,-1.4300315046797214,1223
User02,2,7,1,2026-08-26,36,1,temperature,2.0048156135175486,2.629415490811553,-1.8753826797280087,3196
User02,2,7,1,2026-08-27,37,1,temperature,2.0943111554012748,2.61448565689098,-2.0942378529551475,3798
User02,2,7,1,2026-08-28,38,1,temperature,0.7071935667521901,1.0029784319939612,-0.6162274445477729,2463
User02,2,7,1,2026-08-29,39,1,temperature,0.9222967156526665,1.1637483812329272,-0.8618230448535972,2697
User02,2,7,1,2026-08-30,40,1,temperature,0.620949652620031,0.8527529892607548,-0.4832507554441862,1841
User02,2,7,1,2026-08-31,41,1,temperature,0.6747585243361278,0.8794564730953781,-0.5668269331349258,3117
User02,2,7,1,2026-09-01,42,1,temperature,0.7568030170663783,0.9541385767255209,-0.0645335749506119,2482
User02,2,7,1,2026-09-02,43,1,temperature,1.0466573982126055,1.4267199369356363,-0.4290123628652436,3077
User02,2,7,1,2026-09-03,44,1,temperature,1.5091225946698548,1.7462437952694474,-1.0212314068512223,2737
User02,2,7,1,2026-09-04,45,1,temperature,1.8412874103040515,2.0679146171226024,-1.3154016958904169,2223
User02,2,7,1,2026-09-05,46,1,temperature,2.824646303692367,2.9772614858843913,-2.8245734814494994,1739
User02,2,7,1,2026-09-06,47,1,temperature,2.7689618565904195,2.991829049890444,-2.760806894144039,1594
User02,2,7,1,2026-09-07,48,1,temperature,2.728818300865993,2.7901298954545317,-2.728781228487416,1587
User02,2,7,1,2026-09-08,49,1,temperature,3.1125864577688427,3.2224136080365753,-3.1125864577688427,1828
User02,2,7,1,2026-09-09,50,1,temperature,3.2406767313682967,3.359765339796037,-3.2396652030443946,2219
User02,2,7,1,2026-09-10,51,1,temperature,3.355793566454475,3.532778562236644,-3.3163681839039723,1417
User02,2,7,1,2026-07-28,9,0,humidity,18.019277917433346,19.50027369698921,-3.6532414307858883,2705
User02,2,7,1,2026-07-31,10,0,humidity,15.368512473146916,16.931743205052392,14.315916379382895,3036
User02,2,7,1,2026-08-01,11,0,humidity,11.01079298531896,12.850090554485952,5.608869973693681,2723
User02,2,7,1,2026-08-02,12,0,humidity,15.425812211385164,17.028494426866608,15.053324290522808,2859
User02,2,7,1,2026-08-03,13,0,humidity,17.99284653558588,19.405227461479132,16.868189076509264,3680
User02,2,7,1,2026-08-04,14,0,humidity,14.85008591215279,16.701103204742555,13.59924768092025,3671
User02,2,7,1,2026-08-05,15,0,humidity,13.18394864045989,14.177728872813917,12.51717629938943,3360
User02,2,7,1,2026-08-06,16,1,humidity,14.252497808269686,16.834420794415767,10.878076446310933,2467
User02,2,7,1,2026-08-07,17,1,humidity,18.665211899264886,20.83432834301792,18.32728871372046,3596
User02,2,7,1,2026-08-08,18,1,humidity,16.987488626704994,18.648272769455122,14.498916550053211,2781
User02,2,7,1,2026-08-09,19,1,humidity,15.573606779453403,19.057964948220555,15.030167448584857,3675
User02,2,7,1,2026-08-10,20,1,humidity,14.080327145603052,16.887872542230035,13.850668854357968,2630
User02,2,7,1,2026-08-11,21,1,humidity,27.244801143589054,28.282639049756273,27.244801143589054,2806
User02,2,7,1,2026-08-12,22,1,humidity,20.324373975106713,22.16190232434519,19.733947755874055,2985
User02,2,7,1,2026-08-13,23,1,humidity,17.709512628627483,20.263547421611072,17.674072385210735,3353
User02,2,7,1,2026-08-14,24,1,humidity,10.810695756619841,13.938888681859984,9.176083864021434,3768
User02,2,7,1,2026-08-15,25,1,humidity,11.048317006335802,13.449272809855136,9.389510091073541,3170
User02,2,7,1,2026-08-16,26,1,humidity,8.354258275767455,9.24210608093869,4.208573266190318,3965
User02,2,7,1,2026-08-17,27,1,humidity,8.328029879132146,9.749555693352427,2.678281131573603,2468
User02,2,7,1,2026-08-18,28,1,humidity,8.974590727060624,11.66847394565691,5.1157032408939545,2800
User02,2,7,1,2026-08-19,29,1,humidity,9.601907974379772,12.43831883595316,3.6055502775862687,3445
User02,2,7,1,2026-08-20,30,1,humidity,10.080493632854372,11.63422451865997,4.87853422291707,3580
User02,2,7,1,2026-08-21,31,1,humidity,8.267436622936884,10.069200590894107,2.790371308102392,2472
User02,2,7,1,2026-08-22,32,1,humidity,5.965779339037072,7.867730065930603,2.634937770205236,2819
User02,2,7,1,2026-08-23,33,1,humidity,7.393075398275648,8.806579899835492,0.23883829029752116,2601
User02,2,7,1,2026-08-24,34,1,humidity,10.548095097876484,10.826943943314298,10.548095097876484,1220
User02,2,7,1,2026-08-25,35,1,humidity,11.739338276124636,12.333275632837505,8.647458485779866,1223
User02,2,7,1,2026-08-26,36,1,humidity,10.102750019089846,12.264765666368003,9.118689556646835,3196
User02,2,7,1,2026-08-27,37,1,humidity,7.368327340063669,9.989930293844486,5.773804888356385,3798
User02,2,7,1,2026-08-28,38,1,humidity,10.74297283018765,11.49642200047842,0.0700454874139478,2463
User02,2,7,1,2026-08-29,39,1,humidity,9.010059228175018,11.958542722140843,3.9181025830359504,2697
User02,2,7,1,2026-08-30,40,1,humidity,12.869827689127028,13.212052581201153,4.742468136057317,1841
User02,2,7,1,2026-08-31,41,1,humidity,9.26132287135039,10.228144819850964,-3.35808534812423,3117
User02,2,7,1,2026-09-01,42,1,humidity,15.129255293649342,15.975719149435552,-1.5117801907417623,2482
User02,2,7,1,2026-09-02,43,1,humidity,11.066429899309211,12.832951982643875,-1.0768025218266517,3077
User02,2,7,1,2026-09-03,44,1,humidity,17.83055738555137,19.424512931613105,17.515876083286518,2737
User02,2,7,1,2026-09-04,45,1,humidity,31.85271111291624,32.42718672846245,31.85271111291624,2223
User02,2,7,1,2026-09-05,46,1,humidity,30.300307874895786,30.438441414601165,30.300307874895786,1739
User02,2,7,1,2026-09-06,47,1,humidity,24.427661795541567,24.78874044028257,24.11214756663917,1594
User02,2,7,1,2026-09-07,48,1,humidity,23.723143788164986,23.965350096089868,23.664869357364125,1587
User02,2,7,1,2026-09-08,49,1,humidity,30.22146985759652,30.610851291116678,30.22146985759652,1828
User02,2,7,1,2026-09-09,50,1,humidity,38.505090676266,39.033212977678104,38.504986500918804,2219
User02,2,7,1,2026-09-10,51,1,humidity,32.71318774177682,33.051735588449276,32.71318774177682,1417
User02,2,7,2,2026-07-28,9,0,temperature,1.0688818392841652,1.23015617255503,0.7858460493315381,2705
User02,2,7,2,2026-07-31,10,0,temperature,3.2126923620880663,3.969320096343397,-3.0226460331446585,3036
User02,2,7,2,2026-08-01,11,0,temperature,3.460937232085636,4.755328976863911,-2.8860293907298415,2723
User02,2,7,2,2026-08-02,12,0,temperature,3.385606029074028,4.23333324636578,-2.6895745030104066,2859
User02,2,7,2,2026-08-03,13,0,temperature,2.912854563007647,4.050572800456276,-2.539854512056409,3680
User02,2,7,2,2026-08-04,14,0,temperature,2.63793588356225,3.455916673552228,-2.035942316142338,3671
User02,2,7,2,2026-08-05,15,0,temperature,2.8772449143319467,3.8247416588802032,-2.2561717415667673,3360
User02,2,7,2,2026-08-06,16,1,temperature,2.932207739293518,3.6602601170747313,-2.8294692733722537,2467
User02,2,7,2,2026-08-07,17,1,temperature,3.3270354194893166,4.189232121016425,-3.116300034453787,3596
User02,2,7,2,2026-08-08,18,1,temperature,2.658747467333949,3.306412939506687,-2.5983073780139136,2781
User02,2,7,2,2026-08-09,19,1,temperature,1.4640972736832747,1.871560355740224,-1.1040375103479327,3675
User02,2,7,2,2026-08-10,20,1,temperature,1.818654730918624,2.180472235521464,-1.4843871363845271,2630
User02,2,7,2,2026-08-11,21,1,temperature,1.8825117532443858,2.3468677941557825,-1.7209151124670838,2806
User02,2,7,2,2026-08-12,22,1,temperature,2.284346945813977,2.718855011550346,-2.206153094041106,2985
User02,2,7,2,2026-08-13,23,1,temperature,1.7889811406811105,2.335479875217932,-1.5346263496667647,3353
User02,2,7,2,2026-08-14,24,1,temperature,2.4775314296842286,2.9106345652089467,-2.4772124446812724,3768
User02,2,7,2,2026-08-15,25,1,temperature,1.8399096228407188,2.4101387818645863,-1.794581298177635,3170
User02,2,7,2,2026-08-16,26,1,temperature,1.6444370255447136,2.191638165954205,-1.4406861693468445,3965
User02,2,7,2,2026-08-17,27,1,temperature,1.930911992204487,2.473230295238346,-1.730353692359032,2468
User02,2,7,2,2026-08-18,28,1,temperature,2.3462684241349816,2.864174296105664,-2.165861142450887,2800
User02,2,7,2,2026-08-19,29,1,temperature,2.8840268138124827,3.573686815092126,-2.693781889578209,3445
User02,2,7,2,2026-08-20,30,1,temperature,1.9753533771767045,2.826868516460309,-1.7561440524946248,3580
User02,2,7,2,2026-08-21,31,1,temperature,2.1040795800356684,2.586145084970296,-2.0662256764860887,2472
User02,2,7,2,2026-08-22,32,1,temperature,2.3293325581221946,2.684827098440357,-1.730587595796677,2819
User02,2,7,2,2026-08-23,33,1,temperature,1.4151415452407927,1.8319808567909277,-1.2939693384011175,2601
User02,2,7,2,2026-08-24,34,1,temperature,0.9985016810298164,1.06522152024222,-0.9725444767731793,1220
User02,2,7,2,2026-08-25,35,1,temperature,1.410863415804395,1.8400525515804316,-1.403206410549471,1223
User02,2,7,2,2026-08-26,36,1,temperature,1.9664158777650218,2.550363257730907,-1.7170042993787131,3196
User02,2,7,2,2026-08-27,37,1,temperature,2.1483094002359038,2.5892986651938346,-2.144216808593272,3798
User02,2,7,2,2026-08-28,38,1,temperature,0.7679538798136534,1.0075845989850005,-0.49958033718499584,2463
User02,2,7,2,2026-08-29,39,1,temperature,0.9905631910077115,1.240207484497532,-0.8474767828035316,2697
User02,2,7,2,2026-08-30,40,1,temperature,0.7020798551553222,0.9180656732073874,-0.3545744086931998,1841
User02,2,7,2,2026-08-31,41,1,temperature,0.7674474231722145,0.9630293493318598,-0.5292002327222349,3117
User02,2,7,2,2026-09-01,42,1,temperature,0.8849643459525744,1.0557854065031873,-0.06692819175781073,2482
User02,2,7,2,2026-09-02,43,1,temperature,1.1063706963123057,1.4535933419427776,-0.28296845221441314,3077
User02,2,7,2,2026-09-03,44,1,temperature,1.496355996036949,1.7427687672807912,-0.9632004615847495,2737
User02,2,7,2,2026-09-04,45,1,temperature,1.8149175132794637,2.033255306910917,-1.216719670556175,2223
User02,2,7,2,2026-09-05,46,1,temperature,2.6732358404709506,2.9077190960367187,-2.6727801227703174,1739
User02,2,7,2,2026-09-06,47,1,temperature,2.715875745778405,2.997665819531996,-2.6858044727732078,1594
User02,2,7,2,2026-09-07,48,1,temperature,2.6578690311246893,2.722588047243088,-2.6578690311246893,1587
User02,2,7,2,2026-09-08,49,1,temperature,3.070278701142533,3.2279770947500452,-3.068792490381636,1828
User02,2,7,2,2026-09-09,50,1,temperature,3.25781760083215,3.3997696497589995,-3.2494110599436543,2219
User02,2,7,2,2026-09-10,51,1,temperature,3.2540281736296284,3.451496850187725,-3.2242523002130166,1417
User02,2,7,2,2026-07-28,9,0,humidity,19.024746659860966,20.325784726303727,-4.368224009025236,2705
User02,2,7,2,2026-07-31,10,0,humidity,14.689648300409262,16.303942950236724,13.069270185547332,3036
User02,2,7,2,2026-08-01,11,0,humidity,11.811832853435913,13.79951610525164,5.2276406348585205,2723
User02,2,7,2,2026-08-02,12,0,humidity,14.549033412905864,16.133660650335557,13.784746682349923,2859
User02,2,7,2,2026-08-03,13,0,humidity,18.67290542583326,20.26516903493523,17.7323155215443,3680
User02,2,7,2,2026-08-04,14,0,humidity,15.313095251044928,17.332619732733157,13.972767084663067,3671
User02,2,7,2,2026-08-05,15,0,humidity,13.234844694200111,14.562171778424238,12.327046137947303,3360
User02,2,7,2,2026-08-06,16,1,humidity,15.370034644360219,18.23309264689293,10.80351478180318,2467
User02,2,7,2,2026-08-07,17,1,humidity,19.330815431009704,21.57383516984817,18.077479475296325,3596
User02,2,7,2,2026-08-08,18,1,humidity,17.794780958657945,19.439650277273437,14.540149398651765,2781
User02,2,7,2,2026-08-09,19,1,humidity,15.875761790926832,19.602322278130536,14.65623169118159,3675
User02,2,7,2,2026-08-10,20,1,humidity,14.042101037916519,16.99195858739746,13.11270418420538,2630
User02,2,7,2,2026-08-11,21,1,humidity,27.77172231278836,29.296606589360866,27.77172231278836,2806
User02,2,7,2,2026-08-12,22,1,humidity,20.499171732141058,22.554163790933245,19.47579359969209,2985
User02,2,7,2,2026-08-13,23,1,humidity,17.171766879641552,20.393234829950476,17.047949543362044,3353
User02,2,7,2,2026-08-14,24,1,humidity,11.446701173295123,13.601712592135863,8.75232298305601,3768
User02,2,7,2,2026-08-15,25,1,humidity,11.888450159089096,14.195042890852456,9.874607880609844,3170
User02,2,7,2,2026-08-16,26,1,humidity,8.493559466726365,9.787466934123058,3.2201611981188094,3965
User02,2,7,2,2026-08-17,27,1,humidity,8.947774412639076,10.461946711143813,2.7163590916935156,2468
User02,2,7,2,2026-08-18,28,1,humidity,10.569550254749114,12.456540605251321,5.691187895821167,2800
User02,2,7,2,2026-08-19,29,1,humidity,10.70447074509164,13.303774256203988,3.070769374142705,3445
User02,2,7,2,2026-08-20,30,1,humidity,10.528760099018847,12.252005236013739,4.819496421408414,3580
User02,2,7,2,2026-08-21,31,1,humidity,10.035609323291952,11.262463474071456,3.008789208738059,2472
User02,2,7,2,2026-08-22,32,1,humidity,6.632638707229372,8.221841101512343,1.6404624843358908,2819
User02,2,7,2,2026-08-23,33,1,humidity,8.40359681378803,10.043932211376248,-0.15362772868036936,2601
User02,2,7,2,2026-08-24,34,1,humidity,10.037672642610818,10.605609303342968,10.024723442968458,1220
User02,2,7,2,2026-08-25,35,1,humidity,12.14752543416883,12.764415443516864,8.060143664519826,1223
User02,2,7,2,2026-08-26,36,1,humidity,11.007415213211807,13.316991213832454,9.914359171135915,3196
User02,2,7,2,2026-08-27,37,1,humidity,6.953474558076173,9.691293173686557,4.036913784862367,3798
User02,2,7,2,2026-08-28,38,1,humidity,10.517591627044407,11.542755178793188,0.10222608109722177,2463
User02,2,7,2,2026-08-29,39,1,humidity,9.710640501136586,12.301691587100896,3.2015454814952924,2697
User02,2,7,2,2026-08-30,40,1,humidity,13.813026610218856,14.661843299357418,4.9973359110679185,1841
User02,2,7,2,2026-08-31,41,1,humidity,9.862281499982613,11.344838247018638,-4.077032785230902,3117
User02,2,7,2,2026-09-01,42,1,humidity,14.7460329567549,16.398521896165242,-2.347448393687193,2482
User02,2,7,2,2026-09-02,43,1,humidity,12.545567609321964,14.289058227992118,-1.0407122905522237,3077
User02,2,7,2,2026-09-03,44,1,humidity,17.763035799500596,19.39132364430216,17.1632495913383,2737
User02,2,7,2,2026-09-04,45,1,humidity,31.740102316952996,32.518366584536615,31.740102316952996,2223
User02,2,7,2,2026-09-05,46,1,humidity,30.730409644954033,31.160592963957512,30.730409644954033,1739
User02,2,7,2,2026-09-06,47,1,humidity,24.07562939406712,24.783008547092546,23.58192425242167,1594
User02,2,7,2,2026-09-07,48,1,humidity,23.603063110699964,23.981555663663176,23.552483199954025,1587
User02,2,7,2,2026-09-08,49,1,humidity,29.263112316582216,29.748977073129712,29.263112316582216,1828
User02,2,7,2,2026-09-09,50,1,humidity,37.50021918283199,38.13302253162965,37.48674852747444,2219
User02,2,7,2,2026-09-10,51,1,humidity,32.38146268963225,33.0562562198419,32.38146268963225,1417
User02,2,14,0,2026-08-06,16,1,temperature,2.372823011228677,2.9332440624230802,-2.2091973240107516,2467
User02,2,14,0,2026-08-07,17,1,temperature,2.946044272880104,3.5686708239433127,-2.495757616870215,3596
User02,2,14,0,2026-08-08,18,1,temperature,2.126896582499431,2.745462561673259,-2.0451679218043157,2781
User02,2,14,0,2026-08-09,19,1,temperature,1.0263394315122163,1.3174237456911964,-0.6328657450649965,3675
User02,2,14,0,2026-08-10,20,1,temperature,1.3490542443762932,1.6437790472773202,-0.8488763188664683,2630
User02,2,14,0,2026-08-11,21,1,temperature,1.2735212237750222,1.617018671228323,-1.0929477287316545,2806
User02,2,14,0,2026-08-12,22,1,temperature,1.695203276803363,2.0386656042130498,-1.548547031768406,2985
User02,2,14,0,2026-08-13,23,1,temperature,1.169166962892658,1.5308802299452902,-0.9107668173566789,3353
User02,2,14,0,2026-08-14,24,1,temperature,1.6915358808007135,2.0911261601087134,-1.6680678120421477,3768
User02,2,14,0,2026-08-15,25,1,temperature,1.36204706166716,1.7627169937985152,-1.2982500880728929,3170
User02,2,14,0,2026-08-16,26,1,temperature,1.1401096597436056,1.570669505311206,-0.9289058742237208,3965
User02,2,14,0,2026-08-17,27,1,temperature,1.099580322159116,1.4046955467876376,-0.8228285912964909,2468
User02,2,14,0,2026-08-18,28,1,temperature,1.6904854426201683,2.117342749924039,-1.496962834514779,2800
User02,2,14,0,2026-08-19,29,1,temperature,2.1934680697115954,2.7858238432714346,-1.996907246052586,3445
User02,2,14,0,2026-08-20,30,1,temperature,1.580823612211728,2.2946798767514736,-1.321651521771349,3580
User02,2,14,0,2026-08-21,31,1,temperature,1.6597190377140913,2.0345344183361296,-1.6136163821641927,2472
User02,2,14,0,2026-08-22,32,1,temperature,1.8710404644230898,2.100647580575838,-0.9896718600412193,2819
User02,2,14,0,2026-08-23,33,1,temperature,1.11600312698741,1.4724368817818902,-0.8580797532187336,2601
User02,2,14,0,2026-08-24,34,1,temperature,0.7668777353982685,0.8359333407063037,-0.6943408668231059,1220
User02,2,14,0,2026-08-25,35,1,temperature,1.2234565453489117,1.590802089169263,-1.1926008286833918,1223
User02,2,14,0,2026-08-26,36,1,temperature,1.6235574176258332,2.116521803096638,-1.3603537909419496,3196
User02,2,14,0,2026-08-27,37,1,temperature,1.7578713847092944,2.222338848759511,-1.568543213302525,3798
User02,2,14,0,2026-08-28,38,1,temperature,0.5636875899344149,0.7257596556783565,0.07343607327538143,2463
User02,2,14,0,2026-08-29,39,1,temperature,0.6292349901952967,0.8344571272216853,-0.2051796593328663,2697
User02,2,14,0,2026-08-30,40,1,temperature,0.5347281078277902,0.7013255673275118,0.21159476492496226,1841
User02,2,14,0,2026-08-31,41,1,temperature,0.5125154964211509,0.6631378964560771,0.08652900919996973,3117
User02,2,14,0,2026-09-01,42,1,temperature,0.6870688183934377,0.8141149664666553,0.48316244516234275,2482
User02,2,14,0,2026-09-02,43,1,temperature,0.9441988845062574,1.190544491009593,0.2084007997813076,3077
User02,2,14,0,2026-09-03,44,1,temperature,1.08742885513425,1.314531543058007,-0.48059718591193124,2737
User02,2,14,0,2026-09-04,45,1,temperature,1.4923376868065927,1.664317779747619,-0.8316607578721309,2223
User02,2,14,0,2026-09-05,46,1,temperature,2.1012407620147755,2.3366455905280583,-2.0849016443806327,1739
User02,2,14,0,2026-09-06,47,1,temperature,2.0665799367302795,2.347738328086959,-2.0266242923088487,1594
User02,2,14,0,2026-09-07,48,1,temperature,2.0910974998132486,2.182835416178361,-2.081111685873033,1587
User02,2,14,0,2026-09-08,49,1,temperature,2.5645829129991795,2.7245254153804814,-2.5607150829109586,1828
User02,2,14,0,2026-09-09,50,1,temperature,2.7102662878295636,2.8671694753712935,-2.678736222285341,2219
User02,2,14,0,2026-09-10,51,1,temperature,2.6124361392385933,2.815777425194503,-2.5343668038796197,1417
User02,2,14,0,2026-08-06,16,1,humidity,11.906175828438556,13.75252785082917,6.287038089381386,2467
User02,2,14,0,2026-08-07,17,1,humidity,14.957829365769516,16.2591460580855,13.715027392021987,3596
User02,2,14,0,2026-08-08,18,1,humidity,13.006938464867664,14.034872815532045,9.485445428768735,2781
User02,2,14,0,2026-08-09,19,1,humidity,11.347505918687016,13.64991836014693,9.193909446085781,3675
User02,2,14,0,2026-08-10,20,1,humidity,10.284139776534,12.51382481321113,8.689410708029275,2630
User02,2,14,0,2026-08-11,21,1,humidity,22.93812603713922,24.160624283680242,22.937831045674596,2806
User02,2,14,0,2026-08-12,22,1,humidity,16.271893552690752,17.974060028846676,15.184739629410567,2985
User02,2,14,0,2026-08-13,23,1,humidity,12.923601229592212,15.02994333566865,12.731777972064462,3353
User02,2,14,0,2026-08-14,24,1,humidity,8.81861458970186,10.191239724985827,5.5899251790738465,3768
User02,2,14,0,2026-08-15,25,1,humidity,7.960082500687975,9.041523822985498,4.330206997385959,3170
User02,2,14,0,2026-08-16,26,1,humidity,5.289031651360623,7.238812912501054,-1.3974528454043242,3965
User02,2,14,0,2026-08-17,27,1,humidity,5.194115781968154,6.2559688717189434,-0.43497381081953995,2468
User02,2,14,0,2026-08-18,28,1,humidity,7.804996177346967,8.91474225123137,0.790891128060691,2800
User02,2,14,0,2026-08-19,29,1,humidity,8.144519623185898,10.39944404109205,-0.5778816108291326,3445
User02,2,14,0,2026-08-20,30,1,humidity,7.128352596888025,8.848630658535225,-0.6621025819922158,3580
User02,2,14,0,2026-08-21,31,1,humidity,6.408148124171714,7.988682938112594,-2.1168382047745182,2472
User02,2,14,0,2026-08-22,32,1,humidity,5.526376490885422,6.807055229146281,-1.1404716390089342,2819
User02,2,14,0,2026-08-23,33,1,humidity,8.621279248126369,9.820382664593446,-4.918940094172822,2601
User02,2,14,0,2026-08-24,34,1,humidity,4.321113818143438,4.950616768903966,4.191815376763785,1220
User02,2,14,0,2026-08-25,35,1,humidity,7.159622511001979,8.332910021178446,1.5015919182018327,1223
User02,2,14,0,2026-08-26,36,1,humidity,6.818149229706707,8.075665799810329,3.732928832365866,3196
User02,2,14,0,2026-08-27,37,1,humidity,6.747698173838063,7.520660792350622,0.4473969464971801,3798
User02,2,14,0,2026-08-28,38,1,humidity,9.849638335234287,11.344068686419243,-4.284853369469343,2463
User02,2,14,0,2026-08-29,39,1,humidity,9.727921461984414,10.738421898381166,-0.6077863134955714,2697
User02,2,14,0,2026-08-30,40,1,humidity,10.846991631230765,11.61078344648807,0.4316215727884406,1841
User02,2,14,0,2026-08-31,41,1,humidity,9.473454836846752,11.793234853265094,-8.17002816412057,3117
User02,2,14,0,2026-09-01,42,1,humidity,12.37534692523734,14.535920874411794,-6.516025932954474,2482
User02,2,14,0,2026-09-02,43,1,humidity,11.764818194906523,12.827722474919181,-5.9197735066691095,3077
User02,2,14,0,2026-09-03,44,1,humidity,13.136602891857883,14.53216858675535,12.150522682080373,2737
User02,2,14,0,2026-09-04,45,1,humidity,26.11602766179465,26.658409305644152,26.11602766179465,2223
User02,2,14,0,2026-09-05,46,1,humidity,25.942028945390735,26.18826568815836,25.942028945390735,1739
User02,2,14,0,2026-09-06,47,1,humidity,20.448289837263562,20.825444010046613,19.882168194721785,1594
User02,2,14,0,2026-09-07,48,1,humidity,19.235030930540947,19.546959808327397,19.14798338744988,1587
User02,2,14,0,2026-09-08,49,1,humidity,24.960104555180575,25.40967551845147,24.960104555180575,1828
User02,2,14,0,2026-09-09,50,1,humidity,33.371516356958665,33.989008025324665,33.32433910688554,2219
User02,2,14,0,2026-09-10,51,1,humidity,29.014492394449245,29.552147928767454,29.014492394449245,1417
User02,2,14,1,2026-08-06,16,1,temperature,2.436907555425532,3.024159604622743,-2.301263368148441,2467
User02,2,14,1,2026-08-07,17,1,temperature,2.9503370898594468,3.5960653295119935,-2.547317853520257,3596
User02,2,14,1,2026-08-08,18,1,temperature,2.12283160019418,2.7469438113848055,-2.0138936180033102,2781
User02,2,14,1,2026-08-09,19,1,temperature,1.0584409952776956,1.3545894946666241,-0.586617836151051,3675
User02,2,14,1,2026-08-10,20,1,temperature,1.2566413281123012,1.5442618959030199,-0.7873124121379896,2630
User02,2,14,1,2026-08-11,21,1,temperature,1.2463848183872628,1.5815885763017536,-1.0513416212920277,2806
User02,2,14,1,2026-08-12,22,1,temperature,1.6157887506051958,2.0003295152749594,-1.4664996181552075,2985
User02,2,14,1,2026-08-13,23,1,temperature,1.202877705047267,1.5740811550621334,-0.9235671222299595,3353
User02,2,14,1,2026-08-14,24,1,temperature,1.7307874432676509,2.169665287724564,-1.709305275745294,3768
User02,2,14,1,2026-08-15,25,1,temperature,1.3361521573969546,1.731051672946685,-1.2920246434915394,3170
User02,2,14,1,2026-08-16,26,1,temperature,1.1641928155276131,1.579690347820018,-0.9348637029045238,3965
User02,2,14,1,2026-08-17,27,1,temperature,1.176203246087884,1.5369654095441987,-0.8809548888952129,2468
User02,2,14,1,2026-08-18,28,1,temperature,1.637704478654074,2.0997232172352605,-1.4338824230382639,2800
User02,2,14,1,2026-08-19,29,1,temperature,2.2797809055929465,2.90800641088396,-2.0688604984734877,3445
User02,2,14,1,2026-08-20,30,1,temperature,1.6003926490500557,2.307064364179603,-1.3174526851007917,3580
User02,2,14,1,2026-08-21,31,1,temperature,1.7686615100502672,2.2001974765509664,-1.7199365578595651,2472
User02,2,14,1,2026-08-22,32,1,temperature,1.9169818507404663,2.159472594299096,-1.10202691466283,2819
User02,2,14,1,2026-08-23,33,1,temperature,1.1972020882336638,1.579864014163811,-0.9768317145426475,2601
User02,2,14,1,2026-08-24,34,1,temperature,0.7918482588804128,0.8227350795666365,-0.7473180346435994,1220
User02,2,14,1,2026-08-25,35,1,temperature,1.1600934806381695,1.5377686235622923,-1.1358058767232482,1223
User02,2,14,1,2026-08-26,36,1,temperature,1.685214858457275,2.1792552447360207,-1.3631506437346017,3196
User02,2,14,1,2026-08-27,37,1,temperature,1.808819469999898,2.2880307963820443,-1.6042323261405493,3798
User02,2,14,1,2026-08-28,38,1,temperature,0.5383995181511348,0.6815272862932609,-0.0385242289518941,2463
User02,2,14,1,2026-08-29,39,1,temperature,0.6465004559260571,0.8057586171280401,-0.20444372829761545,2697
User02,2,14,1,2026-08-30,40,1,temperature,0.5627324708144265,0.7496211706454907,0.14541557431274302,1841
User02,2,14,1,2026-08-31,41,1,temperature,0.5279712797181183,0.6769743419760063,0.0697677024814848,3117
User02,2,14,1,2026-09-01,42,1,temperature,0.7271044177270422,0.8693853724735362,0.46942176087621645,2482
User02,2,14,1,2026-09-02,43,1,temperature,0.9505242242812961,1.19974379700204,0.09652427889951067,3077
User02,2,14,1,2026-09-03,44,1,temperature,1.1310534302239459,1.323786258262093,-0.4853158345851235,2737
User02,2,14,1,2026-09-04,45,1,temperature,1.5009430376787416,1.672368143711153,-0.8069610331464873,2223
User02,2,14,1,2026-09-05,46,1,temperature,2.0670923438660935,2.298760202015284,-2.051585980187314,1739
User02,2,14,1,2026-09-06,47,1,temperature,2.1291396913520004,2.403350958970723,-2.0932117491769455,1594
User02,2,14,1,2026-09-07,48,1,temperature,2.112605544373094,2.2028966257281244,-2.103041936297824,1587
User02,2,14,1,2026-09-08,49,1,temperature,2.579226598053633,2.7271101236912054,-2.5775544730604385,1828
User02,2,14,1,2026-09-09,50,1,temperature,2.65558923423031,2.7954434534264285,-2.6450615486301894,2219
User02,2,14,1,2026-09-10,51,1,temperature,2.6706900932274924,2.857078588432893,-2.5945532677310723,1417
User02,2,14,1,2026-08-06,16,1,humidity,11.971893648960165,13.737016700977707,6.4390395953481345,2467
User02,2,14,1,2026-08-07,17,1,humidity,15.03902395105231,16.421196051587053,14.027574059455112,3596
User02,2,14,1,2026-08-08,18,1,humidity,13.153624931738484,14.204504114742857,9.860456412978875,2781
User02,2,14,1,2026-08-09,19,1,humidity,11.980110986969217,14.383491373457568,10.08208341936484,3675
User02,2,14,1,2026-08-10,20,1,humidity,10.610672203472113,12.79846316543497,9.556764545568148,2630
User02,2,14,1,2026-08-11,21,1,humidity,23.403092371187633,24.583048904683803,23.403092371187633,2806
User02,2,14,1,2026-08-12,22,1,humidity,16.830302251713064,18.58171983239949,15.887930880621692,2985
User02,2,14,1,2026-08-13,23,1,humidity,13.276654556738206,15.477693320978341,13.162204042581154,3353
User02,2,14,1,2026-08-14,24,1,humidity,9.1574909262459,10.556003506682,5.810402048995626,3768
User02,2,14,1,2026-08-15,25,1,humidity,8.000875423373618,9.059491151258856,4.777503137138697,3170
User02,2,14,1,2026-08-16,26,1,humidity,5.634563325877929,7.240601366490786,-0.9088500682809136,3965
User02,2,14,1,2026-08-17,27,1,humidity,5.653916626612424,6.717701055819651,-0.22398270049457733,2468
User02,2,14,1,2026-08-18,28,1,humidity,7.989218135677368,8.99145652148836,1.4647104967279847,2800
User02,2,14,1,2026-08-19,29,1,humidity,8.373102064617001,10.614074668187262,-0.6466289612194727,3445
User02,2,14,1,2026-08-20,30,1,humidity,7.424831897634713,8.998292743013321,-0.41914492929754715,3580
User02,2,14,1,2026-08-21,31,1,humidity,6.878773986527752,8.47856520152016,-2.2906053509147513,2472
User02,2,14,1,2026-08-22,32,1,humidity,5.6664759714293815,6.889568616634625,-1.4681581507037136,2819
User02,2,14,1,2026-08-23,33,1,humidity,8.757196555895336,9.679301656104597,-5.0908895295714,2601
User02,2,14,1,2026-08-24,34,1,humidity,4.463144676306756,4.94495607253399,4.400712690140238,1220
User02,2,14,1,2026-08-25,35,1,humidity,7.82577428326991,8.714400227524767,2.212170676469057,1223
User02,2,14,1,2026-08-26,36,1,humidity,7.336015038555027,8.597242056296663,4.035327688530819,3196
User02,2,14,1,2026-08-27,37,1,humidity,6.960081491617423,7.787435246074302,0.9054991265706646,3798
User02,2,14,1,2026-08-28,38,1,humidity,10.374716754879232,11.670591095283108,-4.350608822205595,2463
User02,2,14,1,2026-08-29,39,1,humidity,10.000707980008887,11.314738794836863,-0.1296629490173324,2697
User02,2,14,1,2026-08-30,40,1,humidity,11.009106724142836,11.679916476846495,0.5557376205563801,1841
User02,2,14,1,2026-08-31,41,1,humidity,9.605175198112676,11.62290571710641,-7.648148023634418,3117
User02,2,14,1,2026-09-01,42,1,humidity,13.371271222094306,15.388740496000603,-6.3885410566294345,2482
User02,2,14,1,2026-09-02,43,1,humidity,11.843785391303772,12.805449097784088,-5.953802883799867,3077
User02,2,14,1,2026-09-03,44,1,humidity,13.340951068377741,14.705465166944148,12.45486763454706,2737
User02,2,14,1,2026-09-04,45,1,humidity,26.809735213686814,27.320314406524815,26.809735213686814,2223
User02,2,14,1,2026-09-05,46,1,humidity,26.6312553820687,26.84158461041278,26.6312553820687,1739
User02,2,14,1,2026-09-06,47,1,humidity,20.593514800177427,20.951400292870023,20.06499063757144,1594
User02,2,14,1,2026-09-07,48,1,humidity,19.467051512221918,19.740588796195006,19.388473013620924,1587
User02,2,14,1,2026-09-08,49,1,humidity,25.420054248690676,25.854049038484384,25.420054248690676,1828
User02,2,14,1,2026-09-09,50,1,humidity,33.948864436021886,34.51785908236941,33.900940483168334,2219
User02,2,14,1,2026-09-10,51,1,humidity,29.073968971789146,29.51196196728698,29.073968971789146,1417
User02,2,14,2,2026-08-06,16,1,temperature,2.453120847974125,3.0372351951571575,-2.2702728666488734,2467
User02,2,14,2,2026-08-07,17,1,temperature,2.9806592161988084,3.66458788027158,-2.550728227365053,3596
User02,2,14,2,2026-08-08,18,1,temperature,2.1751131050919317,2.807054044955828,-2.0866761944107104,2781
User02,2,14,2,2026-08-09,19,1,temperature,1.139330474149252,1.411904919676396,-0.6361248089531678,3675
User02,2,14,2,2026-08-10,20,1,temperature,1.4073105383192301,1.6917945279144044,-0.9017063249943026,2630
User02,2,14,2,2026-08-11,21,1,temperature,1.3685712083520707,1.735918519182788,-1.1217405576419996,2806
User02,2,14,2,2026-08-12,22,1,temperature,1.8012701688675825,2.145493384046318,-1.6269874992615683,2985
User02,2,14,2,2026-08-13,23,1,temperature,1.275535781363942,1.6409100339766391,-0.93526950010862,3353
User02,2,14,2,2026-08-14,24,1,temperature,1.7707721742073652,2.1994878988824524,-1.751920061470509,3768
User02,2,14,2,2026-08-15,25,1,temperature,1.431994819640322,1.8870315163208224,-1.3358087030589714,3170
User02,2,14,2,2026-08-16,26,1,temperature,1.238918504096038,1.640549225118261,-0.9201265599918256,3965
User02,2,14,2,2026-08-17,27,1,temperature,1.2344947049238868,1.526154277068899,-0.9182272286229379,2468
User02,2,14,2,2026-08-18,28,1,temperature,1.7835746437119968,2.179805207180437,-1.5416787761389101,2800
User02,2,14,2,2026-08-19,29,1,temperature,2.360521548271452,2.9290457287439016,-2.0844857740928147,3445
User02,2,14,2,2026-08-20,30,1,temperature,1.677131263638845,2.4079082820134445,-1.3512497721027266,3580
User02,2,14,2,2026-08-21,31,1,temperature,1.6913958606328938,2.1214772121705137,-1.6270504123704455,2472
User02,2,14,2,2026-08-22,32,1,temperature,1.9093936615381886,2.1480292331685966,-1.04038932156784,2819
User02,2,14,2,2026-08-23,33,1,temperature,1.1538690141600574,1.5158737181668465,-0.8777344899168247,2601
User02,2,14,2,2026-08-24,34,1,temperature,0.7508183142421756,0.8142799385436849,-0.6853918098702234,1220
User02,2,14,2,2026-08-25,35,1,temperature,1.1660370781368705,1.5659426726430796,-1.125762970154154,1223
User02,2,14,2,2026-08-26,36,1,temperature,1.6934459579172898,2.1628981852583413,-1.3094489799545732,3196
User02,2,14,2,2026-08-27,37,1,temperature,1.7169655227411262,2.208545230728064,-1.5852641207896467,3798
User02,2,14,2,2026-08-28,38,1,temperature,0.5908390968846391,0.7432988396316801,0.020811927455637456,2463
User02,2,14,2,2026-08-29,39,1,temperature,0.6627963812289267,0.876175413319587,-0.18955444607101207,2697
User02,2,14,2,2026-08-30,40,1,temperature,0.5969928214140271,0.7760180198790699,0.15543539473396784,1841
User02,2,14,2,2026-08-31,41,1,temperature,0.5078506207037213,0.6559075525969096,0.02464264115747897,3117
User02,2,14,2,2026-09-01,42,1,temperature,0.6964842406822365,0.8495930914700477,0.39525009368753744,2482
User02,2,14,2,2026-09-02,43,1,temperature,1.0382774334389284,1.2714044350339204,0.21127526166673086,3077
User02,2,14,2,2026-09-03,44,1,temperature,1.2116736082367143,1.3895614002509502,-0.5175870585016249,2737
User02,2,14,2,2026-09-04,45,1,temperature,1.5606652258293292,1.7210012961606116,-0.8188025396655733,2223
User02,2,14,2,2026-09-05,46,1,temperature,2.142609793146341,2.3848456607725455,-2.1210853994485186,1739
User02,2,14,2,2026-09-06,47,1,temperature,2.1580053607790313,2.4314214917915566,-2.110248094797544,1594
User02,2,14,2,2026-09-07,48,1,temperature,2.144696967462166,2.222035577988194,-2.1348750457689034,1587
User02,2,14,2,2026-09-08,49,1,temperature,2.571471616206884,2.7300270878818536,-2.567006453883982,1828
User02,2,14,2,2026-09-09,50,1,temperature,2.736192354587339,2.8847657254147863,-2.717536747482909,2219
User02,2,14,2,2026-09-10,51,1,temperature,2.697420355793194,2.8890292134764284,-2.6218602439916614,1417
User02,2,14,2,2026-08-06,16,1,humidity,12.009246502876588,13.960162232907399,5.894448182156834,2467
User02,2,14,2,2026-08-07,17,1,humidity,14.761611315632274,16.13749238290788,13.415131967282184,3596
User02,2,14,2,2026-08-08,18,1,humidity,13.303398286159775,14.357149798037543,9.164376282415164,2781
User02,2,14,2,2026-08-09,19,1,humidity,11.765366533765977,14.28325542200476,9.27250357361275,3675
User02,2,14,2,2026-08-10,20,1,humidity,10.098075898095495,12.39008887312522,8.420042024011343,2630
User02,2,14,2,2026-08-11,21,1,humidity,22.893952622518828,24.261682498227163,22.893542191475557,2806
User02,2,14,2,2026-08-12,22,1,humidity,15.8367855086022,17.68293010644349,14.67081317903594,2985
User02,2,14,2,2026-08-13,23,1,humidity,12.873494891267335,15.159133758811278,12.594021082071984,3353
User02,2,14,2,2026-08-14,24,1,humidity,8.637837099540356,10.114413731289103,5.201665862308568,3768
User02,2,14,2,2026-08-15,25,1,humidity,8.3528298874542,9.37603766018278,4.194985773031923,3170
User02,2,14,2,2026-08-16,26,1,humidity,5.676676669856115,7.447175530701643,-1.4051357906173099,3965
User02,2,14,2,2026-08-17,27,1,humidity,5.330666720715182,6.768984793924104,-0.6225772972291368,2468
User02,2,14,2,2026-08-18,28,1,humidity,8.031397078831535,9.205435319637727,0.7466497827495029,2800
User02,2,14,2,2026-08-19,29,1,humidity,8.548483467916505,10.956739553449859,-1.1367608666465272,3445
User02,2,14,2,2026-08-20,30,1,humidity,7.737369299679474,9.487665600318955,-0.8795913252304861,3580
User02,2,14,2,2026-08-21,31,1,humidity,7.039979199521621,9.03655412982074,-2.408458638577102,2472
User02,2,14,2,2026-08-22,32,1,humidity,5.516586566716618,6.673103327166897,-1.6246576134720927,2819
User02,2,14,2,2026-08-23,33,1,humidity,8.842115997890344,9.915923219881691,-5.3797892499200435,2601
User02,2,14,2,2026-08-24,34,1,humidity,4.17525221472718,4.780027361191441,3.884840054124259,1220
User02,2,14,2,2026-08-25,35,1,humidity,7.573729516653504,8.77861238314109,1.716303699040096,1223
User02,2,14,2,2026-08-26,36,1,humidity,7.102815131770346,8.548030606764163,3.9986916690934335,3196
User02,2,14,2,2026-08-27,37,1,humidity,6.605204885300898,7.601862824992948,0.19071752880542342,3798
User02,2,14,2,2026-08-28,38,1,humidity,10.478827757238971,11.891884888655808,-4.739600140310189,2463
User02,2,14,2,2026-08-29,39,1,humidity,10.081949471473632,11.422197235115762,-0.47099367293802663,2697
User02,2,14,2,2026-08-30,40,1,humidity,11.304541186184125,12.25215554773762,0.01963467182657337,1841
User02,2,14,2,2026-08-31,41,1,humidity,10.01054003473526,12.347613000732858,-8.496214881610697,3117
User02,2,14,2,2026-09-01,42,1,humidity,13.37255882401791,15.978409438761478,-7.365218689740552,2482
User02,2,14,2,2026-09-02,43,1,humidity,12.353917700148685,13.497222673998772,-5.940586705355126,3077
User02,2,14,2,2026-09-03,44,1,humidity,12.895329052594521,14.321251713570888,11.863946747616401,2737
User02,2,14,2,2026-09-04,45,1,humidity,26.08057976696894,26.672957076255358,26.08057976696894,2223
User02,2,14,2,2026-09-05,46,1,humidity,25.980452401105843,26.254644940031405,25.980452401105843,1739
User02,2,14,2,2026-09-06,47,1,humidity,19.934890331727473,20.33675932041405,19.348907758667863,1594
User02,2,14,2,2026-09-07,48,1,humidity,18.928098332499587,19.22812381669483,18.840550338285365,1587
User02,2,14,2,2026-09-08,49,1,humidity,24.806484045794214,25.260545980499725,24.806484045794214,1828
User02,2,14,2,2026-09-09,50,1,humidity,32.90650944971117,33.499454269977164,32.85921253573095,2219
User02,2,14,2,2026-09-10,51,1,humidity,28.359182804385465,28.857221853757395,28.359182804385465,1417
User07,3,0,0,2026-04-03,1,0,temperature,2.3236131759613383,2.7383857593559013,2.249752326477262,2075
User07,3,0,0,2026-04-04,2,0,temperature,2.4970011180776757,2.847477740034751,2.4210495380901094,1777
User07,3,0,0,2026-04-05,3,0,temperature,2.5261279513751975,2.934210549577159,2.486747000232526,1923
User07,3,0,0,2026-04-06,4,0,temperature,2.291141276774217,2.7848640114155367,2.1453072803155724,1821
User07,3,0,0,2026-04-07,5,0,temperature,1.7731186490343471,2.2994744248909504,1.426703148562453,1156
User07,3,0,0,2026-04-08,6,0,temperature,2.1911128651538703,2.6158752375248286,2.003820333929271,1809
User07,3,0,0,2026-04-09,7,0,temperature,2.378655338112992,2.859735386955093,2.3260251155120506,1844
User07,3,0,0,2026-04-10,8,0,temperature,2.427926526735501,2.846817376865492,2.152816534705068,2118
User07,3,0,0,2026-04-11,9,0,temperature,2.2718277779765534,2.720217737784538,1.9638567214030238,1737
User07,3,0,0,2026-04-13,10,0,temperature,2.498901606995238,2.7240513698542705,2.278954508740396,1780
User07,3,0,0,2026-04-14,11,0,temperature,2.1323264846620344,2.565333791175309,2.0118778139846913,1829
User07,3,0,0,2026-04-15,12,0,temperature,2.3174268315159754,2.7216766894387545,2.219957074574863,1751
User07,3,0,0,2026-04-16,13,0,temperature,1.7899797034058607,2.1225427833170407,1.6009566606378702,1603
User07,3,0,0,2026-04-17,14,0,temperature,2.6600477954714514,3.2309790533107208,2.56666250915276,709
User07,3,0,0,2026-04-18,15,0,temperature,2.8736192645754417,3.2665890103434796,2.753044471615345,2201
User07,3,0,0,2026-04-19,16,1,temperature,2.172680459542331,2.673642531868271,2.043401336220586,1334
User07,3,0,0,2026-04-20,17,1,temperature,2.661717274403397,3.2058914328714505,2.455981944770454,1930
User07,3,0,0,2026-04-21,18,1,temperature,2.237775202954368,2.6159303297255474,2.0728794565585993,2021
User07,3,0,0,2026-04-22,19,1,temperature,2.900654187984363,3.2545341986279954,2.669787334655641,1333
User07,3,0,0,2026-04-23,20,1,temperature,2.22061252158811,2.640187793085353,2.1729816661664607,1147
User07,3,0,0,2026-04-24,21,1,temperature,2.603454856535887,2.938499398503732,1.6478977589551596,1221
User07,3,0,0,2026-04-25,22,1,temperature,3.974370695218381,4.349209778929718,3.9673949216510085,2304
User07,3,0,0,2026-04-26,23,1,temperature,2.567218265560738,2.8206431177027316,2.419940325659205,1467
User07,3,0,0,2026-04-27,24,1,temperature,2.2668235204236518,2.6881329490762673,2.242736297012559,1138
User07,3,0,0,2026-04-28,25,1,temperature,2.7370732360400907,3.1246857917287136,2.691093427061374,1138
User07,3,0,0,2026-04-29,26,1,temperature,3.1521549031133365,3.3180137164028154,3.1499531971766097,1247
User07,3,0,0,2026-04-30,27,1,temperature,2.8092441077603665,3.201362424246828,2.7913851534793483,1062
User07,3,0,0,2026-05-01,28,1,temperature,2.633953272893174,2.9737597787892405,2.541965849047018,1051
User07,3,0,0,2026-05-02,29,1,temperature,2.739734205315401,2.989055620888055,2.739734205315401,1834
User07,3,0,0,2026-05-03,30,1,temperature,2.9601314226923514,3.291866717414625,2.7647737824617846,1404
User07,3,0,0,2026-05-04,31,1,temperature,2.521395128862254,2.8989529214199075,2.4613276031112914,1064
User07,3,0,0,2026-05-05,32,1,temperature,1.6581803738664496,2.0644132978829286,1.6321114025171546,870
User07,3,0,0,2026-05-06,33,1,temperature,3.439117541222057,3.6712057271897756,3.439117541222057,1233
User07,3,0,0,2026-05-07,34,1,temperature,2.774607671647791,3.1907045394884492,2.730285952030238,1232
User07,3,0,0,2026-05-08,35,1,temperature,4.305138536602086,4.4550159220183865,4.305138536602086,345
User07,3,0,0,2026-05-09,36,1,temperature,2.561813155033646,2.9765582864603095,2.4166449035431126,947
User07,3,0,0,2026-05-10,37,1,temperature,3.0379191213398764,3.3906191032902417,3.0169125799508896,1297
User07,3,0,0,2026-05-11,38,1,temperature,2.2782495446352473,2.6889479644966325,2.1636380876316816,2113
User07,3,0,0,2026-05-12,39,1,temperature,2.879335471617813,3.1197591376105027,2.879335471617813,1014
User07,3,0,0,2026-05-13,40,1,temperature,2.695530225612687,2.9307878032145065,2.695530225612687,1231
User07,3,0,0,2026-05-14,41,1,temperature,2.0372863429306998,2.3036752494406008,2.029167946710904,891
User07,3,0,0,2026-05-15,42,1,temperature,2.357237326223996,2.6130536681960415,2.348468546002992,1116
User07,3,0,0,2026-05-16,43,1,temperature,1.1750674878568568,1.4573601049383558,0.7228914499226652,1387
User07,3,0,0,2026-05-17,44,1,temperature,1.4952678173407288,1.7679731657861246,1.453989134091817,1246
User07,3,0,0,2026-05-18,45,1,temperature,1.5570208817822386,1.9159506703134979,1.5018962325446121,1428
User07,3,0,0,2026-05-19,46,1,temperature,1.7087132708848656,2.152290394561722,1.460421220613892,1594
User07,3,0,0,2026-05-20,47,1,temperature,1.5009786908666989,1.7630006234283877,1.3639682596291207,1785
User07,3,0,0,2026-05-21,48,1,temperature,1.6972509035589607,2.024514351845144,1.6508405076769996,881
User07,3,0,0,2026-05-22,49,1,temperature,1.5606201356763583,2.0118014272704143,1.5415436866695584,1044
User07,3,0,0,2026-05-23,50,1,temperature,1.3864705853222685,1.807503162363369,0.9202242428128363,703
User07,3,0,0,2026-05-24,51,1,temperature,1.4762628124180885,1.8960776789897837,1.3929230224109586,1215
User07,3,0,0,2026-05-25,52,1,temperature,1.4875605033604011,1.8709992232241492,1.2877916483930667,2037
User07,3,0,0,2026-05-26,53,1,temperature,1.1511604826905764,1.3921664760051276,0.4933869075547214,2014
User07,3,0,0,2026-05-27,54,1,temperature,1.155458645782377,1.4171745421680388,0.648561862366793,2204
User07,3,0,0,2026-05-28,55,1,temperature,1.0686165509941918,1.3200120337338248,0.45364481457915745,782
User07,3,0,0,2026-05-29,56,1,temperature,1.4718551085298395,1.713791864374353,0.8968964333195469,871
User07,3,0,0,2026-05-30,57,1,temperature,1.179932781531441,1.5690572332517676,0.8783536954939108,931
User07,3,0,0,2026-05-31,58,1,temperature,1.4714747940093464,1.7215680520130126,0.5843814819738149,1227
User07,3,0,0,2026-06-01,59,1,temperature,0.8240735020164859,1.036848016855295,0.3708039098597842,979
User07,3,0,0,2026-06-02,60,1,temperature,1.6385215411041796,1.914131416074345,-1.224236712090743,872
User07,3,0,0,2026-06-03,61,1,temperature,1.0943147405992277,1.3513821584269472,-0.29149059109859765,1394
User07,3,0,0,2026-06-06,62,1,temperature,0.9552389843631545,1.1870131028726234,0.053288009273092116,1209
User07,3,0,0,2026-06-08,63,1,temperature,1.1225315919021346,1.3173872480579187,0.7891407695461515,1054
User07,3,0,0,2026-06-09,64,1,temperature,1.5762064789407653,1.9000680206777156,1.2870096774449065,1475
User07,3,0,0,2026-06-10,65,1,temperature,1.0263712053364413,1.2660605975101467,0.09882777286995131,1550
User07,3,0,0,2026-06-11,66,1,temperature,1.031612026781521,1.2981311162558629,0.42792556513953844,1580
User07,3,0,0,2026-06-12,67,1,temperature,1.2735837879630867,1.464277040706518,1.195743406065793,1021
User07,3,0,0,2026-06-14,68,1,temperature,1.0610871058691835,1.2878701706934548,0.19518465948777985,1308
User07,3,0,0,2026-06-15,69,1,temperature,1.0207637934181304,1.3053251540173119,-0.676781747668161,1368
User07,3,0,0,2026-06-16,70,1,temperature,1.1369137708026766,1.4685787016604392,-0.7613941896427944,1304
User07,3,0,0,2026-06-17,71,1,temperature,1.0464916561053883,1.326951795371793,-0.493324220200312,1835
User07,3,0,0,2026-06-18,72,1,temperature,1.14955213564388,1.4713321856066048,-0.662432866098819,1376
User07,3,0,0,2026-06-19,73,1,temperature,1.1400827106226739,1.4078927107925732,-0.6989627408571659,2144
User07,3,0,0,2026-06-20,74,1,temperature,1.2234281933036402,1.5688630071387921,0.46294128821525826,1382
User07,3,0,0,2026-06-21,75,1,temperature,1.0736966108887451,1.302068899619659,0.5623113925721509,1414
User07,3,0,0,2026-06-22,76,1,temperature,1.0734074232927981,1.2675340008896379,0.4262554304721109,1993
User07,3,0,0,2026-06-23,77,1,temperature,1.0210740132397986,1.2479958940661238,0.5665478165247302,3249
User07,3,0,0,2026-06-24,78,1,temperature,0.7630674246790835,0.9607287350171639,0.33332357268361523,2216
User07,3,0,0,2026-06-25,79,1,temperature,0.9324131823321,1.1812379208271686,0.4237687262603268,1368
User07,3,0,0,2026-06-27,80,1,temperature,1.1741608688457437,1.4849969100903786,-0.8981983306990134,824
User07,3,0,0,2026-06-28,81,1,temperature,0.932592030145385,1.3305372394624526,0.3149885263352943,994
User07,3,0,0,2026-06-29,82,1,temperature,0.9907812697186418,1.2892330060944037,-0.8726357850054693,804
User07,3,0,0,2026-06-30,83,1,temperature,0.6691343840906424,0.8889898697362003,-0.2002063637704635,906
User07,3,0,0,2026-07-01,84,1,temperature,1.1517723811532339,1.3786923165812057,-0.8368428901539602,1461
User07,3,0,0,2026-07-02,85,1,temperature,1.0822892166190134,1.3356876933964343,-0.7697781630290174,988
User07,3,0,0,2026-07-03,86,1,temperature,0.6927826829754125,0.9185284190086462,-0.05966602896167827,1265
User07,3,0,0,2026-07-04,87,1,temperature,1.219607283616886,1.4866257536848992,-0.9288325268822235,819
User07,3,0,0,2026-07-05,88,1,temperature,1.4905366440432,1.776464779247785,-1.2975285365043858,1200
User07,3,0,0,2026-07-06,89,1,temperature,1.7444094330773319,2.0165828809106,-1.4486369341891707,1549
User07,3,0,0,2026-07-07,90,1,temperature,1.8926056662085116,2.1731190990254023,-1.6356135894560213,810
User07,3,0,0,2026-07-08,91,1,temperature,1.4003636008996116,1.6604093760851757,-1.349462508936668,1774
User07,3,0,0,2026-07-09,92,1,temperature,2.1406608261648374,2.396790317155239,-2.064553561851148,2008
User07,3,0,0,2026-07-10,93,1,temperature,1.4606549861728264,1.7507913036444158,-1.332492765950995,1213
User07,3,0,0,2026-07-11,94,1,temperature,1.477811412898386,1.7929266752508597,-1.350782622941977,764
User07,3,0,0,2026-07-13,95,1,temperature,2.3738286536955595,2.6485209507860716,-2.2233335719953407,1751
User07,3,0,0,2026-07-14,96,1,temperature,2.498196557673053,2.7041557718002136,-2.4930626529199893,1829
User07,3,0,0,2026-07-15,97,1,temperature,1.4403749000733854,1.68593756024902,-1.417982650411712,1044
User07,3,0,0,2026-07-16,98,1,temperature,1.4033499277186172,1.6817592443506413,-1.3404068445756205,785
User07,3,0,0,2026-07-17,99,1,temperature,2.279550379204318,2.6359165847437467,-2.195434375195802,2065
User07,3,0,0,2026-07-18,100,1,temperature,1.6170868655183992,1.98727404979888,-1.4528660176232016,1561
User07,3,0,0,2026-04-03,1,0,humidity,5.796739406826451,7.595385517071169,0.056025071410285954,2075
User07,3,0,0,2026-04-04,2,0,humidity,10.68536442287232,12.601862474874682,-5.906866240334316,1777
User07,3,0,0,2026-04-05,3,0,humidity,7.744224104727664,10.31931103996704,3.983688401412071,1923
User07,3,0,0,2026-04-06,4,0,humidity,7.0485487462852765,9.170286193369959,4.373074476755821,1821
User07,3,0,0,2026-04-07,5,0,humidity,6.7483539972948465,8.869201073482529,3.9239011882419566,1156
User07,3,0,0,2026-04-08,6,0,humidity,7.1411386984729806,8.880723347360016,1.5252095385160847,1809
User07,3,0,0,2026-04-09,7,0,humidity,8.094668281154991,9.84451878265895,-5.033482163553639,1844
User07,3,0,0,2026-04-10,8,0,humidity,8.578361441799313,10.100973898699156,-5.751651007066809,2118
User07,3,0,0,2026-04-11,9,0,humidity,7.3352161834441345,8.752022345755405,-4.555227280304561,1737
User07,3,0,0,2026-04-13,10,0,humidity,7.985250406932778,9.855632794303064,-5.312415497646022,1780
User07,3,0,0,2026-04-14,11,0,humidity,13.844463332852271,16.503074843680963,-12.54697439125341,1829
User07,3,0,0,2026-04-15,12,0,humidity,13.987533195599983,15.256769456971625,-13.4973010812465,1751
User07,3,0,0,2026-04-16,13,0,humidity,6.7487635476150984,8.270710597182603,3.256675642132081,1603
User07,3,0,0,2026-04-17,14,0,humidity,10.616669669275641,13.858219263768664,10.386631935612245,709
User07,3,0,0,2026-04-18,15,0,humidity,8.74327880573846,10.292588069225145,7.797766538904146,2201
User07,3,0,0,2026-04-19,16,1,humidity,11.896334896428998,14.084021615416042,11.771132810887162,1334
User07,3,0,0,2026-04-20,17,1,humidity,21.02481601859791,22.94263212938979,21.02481601859791,1930
User07,3,0,0,2026-04-21,18,1,humidity,15.332651210325439,16.799969523158364,15.332651210325439,2021
User07,3,0,0,2026-04-22,19,1,humidity,12.477144863935134,14.588826956519805,11.723231387399288,1333
User07,3,0,0,2026-04-23,20,1,humidity,8.421548607872168,10.67819239991426,6.70355198614932,1147
User07,3,0,0,2026-04-24,21,1,humidity,10.855914693051899,13.877485246644676,5.798989868468912,1221
User07,3,0,0,2026-04-25,22,1,humidity,17.242808575030377,20.42954596836823,15.531930159909908,2304
User07,3,0,0,2026-04-26,23,1,humidity,11.590280763688636,14.445265866858321,11.242519318551322,1467
User07,3,0,0,2026-04-27,24,1,humidity,7.523348425714537,10.04485659647585,6.873362735856704,1138
User07,3,0,0,2026-04-28,25,1,humidity,10.03135827406811,11.78259855629508,7.237784605873675,1138
User07,3,0,0,2026-04-29,26,1,humidity,6.69489359771463,7.920375804364268,5.389838036973945,1247
User07,3,0,0,2026-04-30,27,1,humidity,7.289061700195262,9.174640542570067,4.992504770503927,1062
User07,3,0,0,2026-05-01,28,1,humidity,7.082557078960013,8.793765662923049,1.806530437208614,1051
User07,3,0,0,2026-05-02,29,1,humidity,6.1185586045731615,7.68955867622645,2.720494949883382,1834
User07,3,0,0,2026-05-03,30,1,humidity,7.271318676726719,8.84240633905795,-1.7590334733868394,1404
User07,3,0,0,2026-05-04,31,1,humidity,7.5199830318906535,8.979119527253886,1.796285483823061,1064
User07,3,0,0,2026-05-05,32,1,humidity,10.960990981065045,12.211854885444614,10.844282666143323,870
User07,3,0,0,2026-05-06,33,1,humidity,6.168904753044107,7.867593512129183,0.146488238307087,1233
User07,3,0,0,2026-05-07,34,1,humidity,6.699992843397312,9.416186118577501,4.228705927684956,1232
User07,3,0,0,2026-05-08,35,1,humidity,8.2010548293105,10.02210537996834,7.199050470937684,345
User07,3,0,0,2026-05-09,36,1,humidity,10.27324439297922,12.056784272206817,7.7700013784559445,947
User07,3,0,0,2026-05-10,37,1,humidity,12.626543331605731,15.689398982767893,11.602213686386888,1297
User07,3,0,0,2026-05-11,38,1,humidity,9.41687154049928,10.803447991606971,-7.526364361057633,2113
User07,3,0,0,2026-05-12,39,1,humidity,11.555339872584034,13.02988136812242,-10.756804480848524,1014
User07,3,0,0,2026-05-13,40,1,humidity,7.665608032598605,8.954225233842836,-6.555374511909188,1231
User07,3,0,0,2026-05-14,41,1,humidity,10.902188248366938,12.693017146592693,-10.459232424460268,891
User07,3,0,0,2026-05-15,42,1,humidity,8.389035027428681,10.07066159464889,-7.034627420774039,1116
User07,3,0,0,2026-05-16,43,1,humidity,5.621997988034175,7.146193570808289,3.822217968204161,1387
User07,3,0,0,2026-05-17,44,1,humidity,12.312445436810405,13.664525513002747,12.179074218468655,1246
User07,3,0,0,2026-05-18,45,1,humidity,11.775986274756912,13.581862779612283,10.588981808430018,1428
User07,3,0,0,2026-05-19,46,1,humidity,8.349779183448005,10.281554909601667,-0.13363420597959036,1594
User07,3,0,0,2026-05-20,47,1,humidity,5.3715167188114,6.612313659965322,0.1556403799274039,1785
User07,3,0,0,2026-05-21,48,1,humidity,6.604032454890008,8.02622280453436,2.024256254873476,881
User07,3,0,0,2026-05-22,49,1,humidity,8.110344145100575,10.507405425351948,7.46188545172175,1044
User07,3,0,0,2026-05-23,50,1,humidity,8.753734863636453,9.87879443743746,-4.924427777619685,703
User07,3,0,0,2026-05-24,51,1,humidity,8.74224303910316,10.277941328353133,-6.519055661525384,1215
User07,3,0,0,2026-05-25,52,1,humidity,8.950742107713175,10.873600480867728,-7.407243400770703,2037
User07,3,0,0,2026-05-26,53,1,humidity,13.167197751217492,14.96057908330408,-12.90257016085736,2014
User07,3,0,0,2026-05-27,54,1,humidity,9.932509433947741,11.881391026903465,-8.936540769551101,2204
User07,3,0,0,2026-05-28,55,1,humidity,5.088159368188006,6.471117997367258,-2.4299972180789045,782
User07,3,0,0,2026-05-29,56,1,humidity,8.983851807879601,10.63668129195045,4.2915099341162195,871
User07,3,0,0,2026-05-30,57,1,humidity,9.162387719817193,10.560319367357733,-7.522167710969346,931
User07,3,0,0,2026-05-31,58,1,humidity,16.173229954453078,18.637949286476328,16.050613621663718,1227
User07,3,0,0,2026-06-01,59,1,humidity,14.274599015833338,15.684416340725084,14.247933018752681,979
User07,3,0,0,2026-06-02,60,1,humidity,5.190831366047838,6.1931967213609544,0.6615807941039791,872
User07,3,0,0,2026-06-03,61,1,humidity,5.220563302967683,6.320809013656187,-1.0156136462852878,1394
User07,3,0,0,2026-06-06,62,1,humidity,8.496670646367416,10.554828756229012,8.135732893372607,1209
User07,3,0,0,2026-06-08,63,1,humidity,9.405004899625466,11.176187103890879,8.758838684115979,1054
User07,3,0,0,2026-06-09,64,1,humidity,18.83583247747133,20.84947048151813,18.803886147476657,1475
User07,3,0,0,2026-06-10,65,1,humidity,7.36545260458434,9.0431854990665,5.584678314546306,1550
User07,3,0,0,2026-06-11,66,1,humidity,8.668127459039859,10.398821590327843,7.600959788956275,1580
User07,3,0,0,2026-06-12,67,1,humidity,13.845643656291504,14.947500421347915,13.841502463927968,1021
User07,3,0,0,2026-06-14,68,1,humidity,7.069310752251036,8.70907325707079,-1.1762510926471923,1308
User07,3,0,0,2026-06-15,69,1,humidity,5.955118073461302,7.207855619436683,1.8977721082205006,1368
User07,3,0,0,2026-06-16,70,1,humidity,8.28801668923402,9.790917082042016,7.572289095849908,1304
User07,3,0,0,2026-06-17,71,1,humidity,9.376249120451826,10.963665838855025,8.693059420675278,1835
User07,3,0,0,2026-06-18,72,1,humidity,9.95281748193053,11.611057250132365,9.112188214633855,1376
User07,3,0,0,2026-06-19,73,1,humidity,9.067384651232164,10.711784462407202,-8.313688616468227,2144
User07,3,0,0,2026-06-20,74,1,humidity,6.129960371921367,7.6823332419078465,2.4698840630691667,1382
User07,3,0,0,2026-06-21,75,1,humidity,4.743269884481969,6.286167637893352,-0.40218478581294453,1414
User07,3,0,0,2026-06-22,76,1,humidity,5.360282457417842,6.853607342760959,1.310918588127514,1993
User07,3,0,0,2026-06-23,77,1,humidity,15.469309997624965,16.697575230052852,15.235752606679004,3249
User07,3,0,0,2026-06-24,78,1,humidity,13.47673771170044,14.738503919831457,13.3357196150463,2216
User07,3,0,0,2026-06-25,79,1,humidity,6.4432359034510895,7.748082051591445,5.15539864021834,1368
User07,3,0,0,2026-06-27,80,1,humidity,10.112575618503227,11.944126893395516,9.5978694800123,824
User07,3,0,0,2026-06-28,81,1,humidity,6.849898510898557,8.648338224166562,4.71248885375692,994
User07,3,0,0,2026-06-29,82,1,humidity,5.665324399387138,6.490075063719571,2.635593699736302,804
User07,3,0,0,2026-06-30,83,1,humidity,11.515213296478807,12.777529748247003,11.411568035786999,906
User07,3,0,0,2026-07-01,84,1,humidity,5.304474708041403,6.810472740756633,-2.7668428134547653,1461
User07,3,0,0,2026-07-02,85,1,humidity,6.655318426863677,7.821136194566232,-0.9277063590032587,988
User07,3,0,0,2026-07-03,86,1,humidity,4.7950770174214785,6.133678257916254,-0.9332089232880716,1265
User07,3,0,0,2026-07-04,87,1,humidity,9.045089658707369,11.234670566062816,-8.362327624301656,819
User07,3,0,0,2026-07-05,88,1,humidity,14.850536291182395,16.51621542923737,-14.675680395930483,1200
User07,3,0,0,2026-07-06,89,1,humidity,14.26197847350361,16.236245958963035,-13.688403748384076,1549
User07,3,0,0,2026-07-07,90,1,humidity,10.529794860780656,12.671223152837298,-8.205319082731373,810
User07,3,0,0,2026-07-08,91,1,humidity,10.958066676814855,12.264411946019171,-10.862147448333934,1774
User07,3,0,0,2026-07-09,92,1,humidity,13.917692306376486,15.097140426736141,-13.775777171665426,2008
User07,3,0,0,2026-07-10,93,1,humidity,13.530804084444785,15.079594621026903,-13.26875297534881,1213
User07,3,0,0,2026-07-11,94,1,humidity,10.492669844835941,12.056959041166817,-9.969839270323533,764
User07,3,0,0,2026-07-13,95,1,humidity,11.116466353419959,12.852775561335886,-10.399915994740597,1751
User07,3,0,0,2026-07-14,96,1,humidity,12.267594931367876,13.538265338414918,-11.96984085358455,1829
User07,3,0,0,2026-07-15,97,1,humidity,6.123048715120572,7.611611502288096,-5.421662484094023,1044
User07,3,0,0,2026-07-16,98,1,humidity,8.758413247423464,10.34788541926623,-8.36342873814204,785
User07,3,0,0,2026-07-17,99,1,humidity,13.231206783223659,15.359989734368988,-12.244227165164066,2065
User07,3,0,0,2026-07-18,100,1,humidity,9.690624305207388,11.090508056518967,-9.151335035142582,1561
User07,3,0,1,2026-04-03,1,0,temperature,2.9893054012131666,3.411416646128402,2.9440108598489516,2075
User07,3,0,1,2026-04-04,2,0,temperature,3.1882781360897137,3.5520647324261,3.1474343152499507,1777
User07,3,0,1,2026-04-05,3,0,temperature,3.1655044583815664,3.624980813947008,3.1457982563345657,1923
User07,3,0,1,2026-04-06,4,0,temperature,2.954433200954868,3.4993281903523172,2.904814836026696,1821
User07,3,0,1,2026-04-07,5,0,temperature,2.402875898729167,3.0191497290282365,2.1587320765706806,1156
User07,3,0,1,2026-04-08,6,0,temperature,2.850776415043801,3.3173088994158046,2.739003426010374,1809
User07,3,0,1,2026-04-09,7,0,temperature,3.2208962327714765,3.6190051529514315,3.2052912311932498,1844
User07,3,0,1,2026-04-10,8,0,temperature,3.027608354306285,3.5065944627100687,2.8393086620276953,2118
User07,3,0,1,2026-04-11,9,0,temperature,2.843316072029517,3.315458036544118,2.614899538573193,1737
User07,3,0,1,2026-04-13,10,0,temperature,3.313049046136199,3.540197622259076,3.1278339397400092,1780
User07,3,0,1,2026-04-14,11,0,temperature,2.8369997223850763,3.2858167219504306,2.73209664297155,1829
User07,3,0,1,2026-04-15,12,0,temperature,3.0731801019177185,3.472163017117808,3.0096633094962195,1751
User07,3,0,1,2026-04-16,13,0,temperature,2.557237863001727,2.8912545142483097,2.423190170884735,1603
User07,3,0,1,2026-04-17,14,0,temperature,3.2815366169991567,3.830483015464134,3.248546579656343,709
User07,3,0,1,2026-04-18,15,0,temperature,3.5166106342258323,3.932263074476058,3.480119443026954,2201
User07,3,0,1,2026-04-19,16,1,temperature,2.8275212878905935,3.319911025420868,2.7719307027564906,1334
User07,3,0,1,2026-04-20,17,1,temperature,3.3052286833330835,3.851207081929769,3.1917630570452658,1930
User07,3,0,1,2026-04-21,18,1,temperature,2.9387003879884284,3.3039600833445646,2.895552345508382,2021
User07,3,0,1,2026-04-22,19,1,temperature,3.6181915253285695,3.9677343075011553,3.40323988157838,1333
User07,3,0,1,2026-04-23,20,1,temperature,2.859269614127274,3.289775497815977,2.8471462212701635,1147
User07,3,0,1,2026-04-24,21,1,temperature,3.046696412359032,3.386450687723356,2.3014328143671037,1221
User07,3,0,1,2026-04-25,22,1,temperature,4.618884104365694,4.950035241037574,4.618841399109008,2304
User07,3,0,1,2026-04-26,23,1,temperature,3.335744760856431,3.585104751561719,3.2139940507193536,1467
User07,3,0,1,2026-04-27,24,1,temperature,3.0716988946675876,3.497792164277065,3.0670200357966064,1138
User07,3,0,1,2026-04-28,25,1,temperature,3.443574315779105,3.8062211526931313,3.421790796304885,1138
User07,3,0,1,2026-04-29,26,1,temperature,3.9061837502182306,4.044603897196352,3.906000658155739,1247
User07,3,0,1,2026-04-30,27,1,temperature,3.6434163406579794,4.001885607223435,3.6428684695285027,1062
User07,3,0,1,2026-05-01,28,1,temperature,3.23841492163493,3.589629943774749,3.1987298891071005,1051
User07,3,0,1,2026-05-02,29,1,temperature,3.4580235849785588,3.7131935343719658,3.4580071467139484,1834
User07,3,0,1,2026-05-03,30,1,temperature,3.763728278334929,4.110372728033917,3.631516510114818,1404
User07,3,0,1,2026-05-04,31,1,temperature,3.294698719457371,3.6486504292709903,3.2726005966257334,1064
User07,3,0,1,2026-05-05,32,1,temperature,2.472736411665558,2.7743601500974084,2.468990072099578,870
User07,3,0,1,2026-05-06,33,1,temperature,4.185593554618847,4.405023964276798,4.185593554618847,1233
User07,3,0,1,2026-05-07,34,1,temperature,3.4639133076911937,3.889647117242557,3.433186069023994,1232
User07,3,0,1,2026-05-08,35,1,temperature,5.093441567260523,5.21915736804469,5.093441567260523,345
User07,3,0,1,2026-05-09,36,1,temperature,3.2608427878939454,3.6882646497556046,3.18940406429839,947
User07,3,0,1,2026-05-10,37,1,temperature,3.7527390284831026,4.092891589991648,3.74178903423807,1297
User07,3,0,1,2026-05-11,38,1,temperature,2.9760334513854256,3.3931226383738555,2.919843610108243,2113
User07,3,0,1,2026-05-12,39,1,temperature,3.5584108923577613,3.792905899896576,3.5584108923577613,1014
User07,3,0,1,2026-05-13,40,1,temperature,3.5977335735518157,3.835444264975277,3.5977335735518157,1231
User07,3,0,1,2026-05-14,41,1,temperature,2.996624215700156,3.190386759673964,2.994342216724817,891
User07,3,0,1,2026-05-15,42,1,temperature,2.996626162063741,3.2715967470499465,2.9934460242734096,1116
User07,3,0,1,2026-05-16,43,1,temperature,1.6354576678566426,2.034528390169076,1.4831720822747498,1387
User07,3,0,1,2026-05-17,44,1,temperature,2.2856496488966904,2.5622861574464437,2.2827680193971704,1246
User07,3,0,1,2026-05-18,45,1,temperature,2.2286727350791837,2.552171517262217,2.2073654274424666,1428
User07,3,0,1,2026-05-19,46,1,temperature,2.4096828514316155,2.80254744383203,2.2842776319366864,1594
User07,3,0,1,2026-05-20,47,1,temperature,2.2668933637710906,2.5240974433089125,2.2073584335835545,1785
User07,3,0,1,2026-05-21,48,1,temperature,2.5569401073414633,2.8214132783958763,2.5303117041701326,881
User07,3,0,1,2026-05-22,49,1,temperature,2.317997374793382,2.704363383397249,2.3168785748473897,1044
User07,3,0,1,2026-05-23,50,1,temperature,1.7864247580286774,2.2887607654636484,1.6487280621698648,703
User07,3,0,1,2026-05-24,51,1,temperature,2.214136161440862,2.5659246839777294,2.2048340571090663,1215
User07,3,0,1,2026-05-25,52,1,temperature,2.1771724324516395,2.4976033668373647,2.067659587532019,2037
User07,3,0,1,2026-05-26,53,1,temperature,1.674181539014626,1.904592267170272,1.3400943071399092,2014
User07,3,0,1,2026-05-27,54,1,temperature,1.7316335008999395,2.0205018435634057,1.4987080723353714,2204
User07,3,0,1,2026-05-28,55,1,temperature,1.4688414483553924,1.7558518478022809,1.2698948464582787,782
User07,3,0,1,2026-05-29,56,1,temperature,2.009154943438943,2.348105537543385,1.7741677957213786,871
User07,3,0,1,2026-05-30,57,1,temperature,2.0566895455842364,2.447925973650717,2.020776094180757,931
User07,3,0,1,2026-05-31,58,1,temperature,1.9804165707654948,2.2818469729532187,1.3001528052197524,1227
User07,3,0,1,2026-06-01,59,1,temperature,1.2135953901855674,1.4735868081241839,1.0399877789183511,979
User07,3,0,1,2026-06-02,60,1,temperature,1.5089341102238634,1.7675886994761976,-0.5099797039015328,872
User07,3,0,1,2026-06-03,61,1,temperature,1.2786689585887674,1.493138925169218,0.5430357172139326,1394
User07,3,0,1,2026-06-06,62,1,temperature,1.255369143956958,1.5369496237610607,0.9686540779143464,1209
User07,3,0,1,2026-06-08,63,1,temperature,1.6666268744792618,1.9285974248051354,1.5484213800159459,1054
User07,3,0,1,2026-06-09,64,1,temperature,2.1169021014507603,2.401386365280153,2.0082845041026642,1475
User07,3,0,1,2026-06-10,65,1,temperature,1.4136478078178316,1.6677436276982844,1.0167978383701075,1550
User07,3,0,1,2026-06-11,66,1,temperature,1.5029608416422138,1.8539578509569072,1.3136291388495571,1580
User07,3,0,1,2026-06-12,67,1,temperature,1.9649016551241245,2.1180746841573233,1.9444216475468867,1021
User07,3,0,1,2026-06-14,68,1,temperature,1.3466929271346688,1.6213419169229748,1.0102825576389267,1308
User07,3,0,1,2026-06-15,69,1,temperature,0.9095659459410331,1.1747152301676205,0.08404313762195657,1368
User07,3,0,1,2026-06-16,70,1,temperature,1.098133251060592,1.3400112594938305,0.10584837762668305,1304
User07,3,0,1,2026-06-17,71,1,temperature,1.0637550273642227,1.3501824852825028,0.3290511410726507,1835
User07,3,0,1,2026-06-18,72,1,temperature,1.04404619087462,1.290580879284205,0.1716153638756876,1376
User07,3,0,1,2026-06-19,73,1,temperature,1.0374774744766662,1.2629750296620808,0.016480443785038386,2144
User07,3,0,1,2026-06-20,74,1,temperature,1.469380988024408,1.8195757396347854,1.09621412289222,1382
User07,3,0,1,2026-06-21,75,1,temperature,1.5287571670769848,1.7793568422712693,1.345435563889828,1414
User07,3,0,1,2026-06-22,76,1,temperature,1.511962270886151,1.6963382180419206,1.2280905521837087,1993
User07,3,0,1,2026-06-23,77,1,temperature,1.4923899780978993,1.7137560879220695,1.3047040011475688,3249
User07,3,0,1,2026-06-24,78,1,temperature,1.3070146682109047,1.5020201779785234,1.1526190401948435,2216
User07,3,0,1,2026-06-25,79,1,temperature,1.359201509832162,1.6056809998326664,1.2255326624413396,1368
User07,3,0,1,2026-06-27,80,1,temperature,0.9523802345001549,1.201282009445787,0.014416621031049154,824
User07,3,0,1,2026-06-28,81,1,temperature,1.2284623577206772,1.5404975643617662,1.0826667485460817,994
User07,3,0,1,2026-06-29,82,1,temperature,0.7612282538472519,1.0182394744416694,0.0759611748789246,804
User07,3,0,1,2026-06-30,83,1,temperature,0.8377011841083181,1.0634433147168112,0.6237339687347194,906
User07,3,0,1,2026-07-01,84,1,temperature,0.852144948336239,1.065138571777574,0.03837500208186493,1461
User07,3,0,1,2026-07-02,85,1,temperature,0.892436624015159,1.0808483600610865,0.03258585486029325,988
User07,3,0,1,2026-07-03,86,1,temperature,1.0434785480608904,1.196772833171168,0.720454965941319,1265
User07,3,0,1,2026-07-04,87,1,temperature,1.1079513182199918,1.326686541217566,-0.07621074146255129,819
User07,3,0,1,2026-07-05,88,1,temperature,1.0442566716911603,1.3461472299054082,-0.4525152969506683,1200
User07,3,0,1,2026-07-06,89,1,temperature,1.3366449739982997,1.6015624655417562,-0.5466540299731,1549
User07,3,0,1,2026-07-07,90,1,temperature,1.3989775881599567,1.7674159009737065,-0.761866638228694,810
User07,3,0,1,2026-07-08,91,1,temperature,0.8346834769504871,1.086415203185688,-0.4917961540638466,1774
User07,3,0,1,2026-07-09,92,1,temperature,1.3792167635122674,1.7023006701922165,-1.1625495467110165,2008
User07,3,0,1,2026-07-10,93,1,temperature,0.8599083604658613,1.1781723184953354,-0.5279108676339279,1213
User07,3,0,1,2026-07-11,94,1,temperature,0.8791113022909823,1.158695610302633,-0.45989455094879467,764
User07,3,0,1,2026-07-13,95,1,temperature,1.6851731356522175,2.0065596899353975,-1.4585920176560871,1751
User07,3,0,1,2026-07-14,96,1,temperature,1.6626853919156102,1.9098477515300232,-1.636833728459056,1829
User07,3,0,1,2026-07-15,97,1,temperature,0.7017461572170335,0.9773739625570937,-0.48688266977737515,1044
User07,3,0,1,2026-07-16,98,1,temperature,0.7147801554429186,0.9830590392415776,-0.37177665979882335,785
User07,3,0,1,2026-07-17,99,1,temperature,1.5817130935835244,1.9209188247682334,-1.3310060298635913,2065
User07,3,0,1,2026-07-18,100,1,temperature,1.0922861111206015,1.4253327727405856,-0.5578099932243608,1561
User07,3,0,1,2026-04-03,1,0,humidity,6.047666297998633,7.9209154029587525,2.866566520117659,2075
User07,3,0,1,2026-04-04,2,0,humidity,9.841810219389451,12.036992742874105,-2.9462562179088314,1777
User07,3,0,1,2026-04-05,3,0,humidity,9.72070157103453,12.420785897436476,7.1180472487224264,1923
User07,3,0,1,2026-04-06,4,0,humidity,9.632832975146002,11.577343830727841,7.6924581017560385,1821
User07,3,0,1,2026-04-07,5,0,humidity,9.456361249869795,11.865896993703878,7.301936999120234,1156
User07,3,0,1,2026-04-08,6,0,humidity,8.780005913781245,10.811114594644353,4.685736063599437,1809
User07,3,0,1,2026-04-09,7,0,humidity,6.7918226102293096,8.90131476399558,-1.1608394733161307,1844
User07,3,0,1,2026-04-10,8,0,humidity,8.102511652692884,9.625039609518529,-2.522802608358004,2118
User07,3,0,1,2026-04-11,9,0,humidity,6.89564556417465,8.237832093565448,-1.9868463637918965,1737
User07,3,0,1,2026-04-13,10,0,humidity,6.340319093101671,8.050534775218207,-1.0556896355013459,1780
User07,3,0,1,2026-04-14,11,0,humidity,11.391374300974894,14.005148110099306,-8.983094473663362,1829
User07,3,0,1,2026-04-15,12,0,humidity,10.670753245540674,12.35361797444531,-10.01704787269642,1751
User07,3,0,1,2026-04-16,13,0,humidity,9.28905273005786,10.922347393718775,7.120711174139449,1603
User07,3,0,1,2026-04-17,14,0,humidity,13.841155299784226,16.450213546103054,13.608222880711985,709
User07,3,0,1,2026-04-18,15,0,humidity,11.928266470692234,13.52713251159615,11.411881695349562,2201
User07,3,0,1,2026-04-19,16,1,humidity,15.060155559535554,16.878089376909685,14.985642054612839,1334
User07,3,0,1,2026-04-20,17,1,humidity,23.75916579978627,25.538673244371157,23.75916579978627,1930
User07,3,0,1,2026-04-21,18,1,humidity,19.00635843110527,20.153247326688245,19.00635843110527,2021
User07,3,0,1,2026-04-22,19,1,humidity,15.335220706645147,17.22902907935735,15.009822629353229,1333
User07,3,0,1,2026-04-23,20,1,humidity,11.230995298464839,13.353622023848692,10.452414506460686,1147
User07,3,0,1,2026-04-24,21,1,humidity,11.31960217867209,14.696112985369457,8.276814861031342,1221
User07,3,0,1,2026-04-25,22,1,humidity,18.557287018037997,21.125062615208854,17.248744353679726,2304
User07,3,0,1,2026-04-26,23,1,humidity,14.887509855250178,17.17680852086007,14.828038372251193,1467
User07,3,0,1,2026-04-27,24,1,humidity,11.041445177743828,13.095180092901098,10.770852522150635,1138
User07,3,0,1,2026-04-28,25,1,humidity,12.403773680871552,13.965095250049826,10.49553089477792,1138
User07,3,0,1,2026-04-29,26,1,humidity,9.270184624126175,10.492494613747537,8.74385517033488,1247
User07,3,0,1,2026-04-30,27,1,humidity,10.16560447394276,11.79835135685076,8.84349115400678,1062
User07,3,0,1,2026-05-01,28,1,humidity,8.253868154033496,9.707838446191772,4.80048854108917,1051
User07,3,0,1,2026-05-02,29,1,humidity,8.099465793531733,9.818157776299794,6.1815397540149215,1834
User07,3,0,1,2026-05-03,30,1,humidity,7.192673024812063,8.95040584200172,2.3188983879032463,1404
User07,3,0,1,2026-05-04,31,1,humidity,9.471689926112713,11.07168289870844,5.30533837744791,1064
User07,3,0,1,2026-05-05,32,1,humidity,14.534856076997565,15.691027366933426,14.46347077106598,870
User07,3,0,1,2026-05-06,33,1,humidity,6.355867390858665,8.568466436025206,3.563239310054313,1233
User07,3,0,1,2026-05-07,34,1,humidity,9.11069016724355,11.7107657406191,7.913294363702845,1232
User07,3,0,1,2026-05-08,35,1,humidity,10.879937003989456,12.3884806654777,10.634242987672922,345
User07,3,0,1,2026-05-09,36,1,humidity,12.75895819192259,14.617671503923347,11.19811750845503,947
User07,3,0,1,2026-05-10,37,1,humidity,15.18189969687126,17.713123763039885,14.354012639183626,1297
User07,3,0,1,2026-05-11,38,1,humidity,7.452260011253914,8.94640210642665,-3.6040852132406496,2113
User07,3,0,1,2026-05-12,39,1,humidity,8.891702180371961,10.222520475539717,-7.367344906531584,1014
User07,3,0,1,2026-05-13,40,1,humidity,5.243506032011922,6.67063413354786,-2.0308461708130805,1231
User07,3,0,1,2026-05-14,41,1,humidity,7.090789325390763,9.120701322441347,-5.673196977614856,891
User07,3,0,1,2026-05-15,42,1,humidity,7.027210716081502,8.922616311508053,-4.220257645279362,1116
User07,3,0,1,2026-05-16,43,1,humidity,8.325572790332357,9.926412328062677,7.269260133771467,1387
User07,3,0,1,2026-05-17,44,1,humidity,16.33997136537366,17.45764920733871,16.213326866543014,1246
User07,3,0,1,2026-05-18,45,1,humidity,14.452363372877087,16.127916464503297,13.91348084091612,1428
User07,3,0,1,2026-05-19,46,1,humidity,8.30301784487603,10.332999190758054,3.3937255318475006,1594
User07,3,0,1,2026-05-20,47,1,humidity,6.716031180128385,7.865731891913397,4.137820483712089,1785
User07,3,0,1,2026-05-21,48,1,humidity,8.295805036974786,9.72271161479918,6.2200909210450535,881
User07,3,0,1,2026-05-22,49,1,humidity,11.348955408242402,13.363372086672307,10.966835983043815,1044
User07,3,0,1,2026-05-23,50,1,humidity,7.12084790744312,8.47626185789967,-1.3273532083130017,703
User07,3,0,1,2026-05-24,51,1,humidity,6.581065302509208,8.153306873915607,-3.0268544501838903,1215
User07,3,0,1,2026-05-25,52,1,humidity,6.5336017303685505,8.489497777842562,-4.054525051059754,2037
User07,3,0,1,2026-05-26,53,1,humidity,9.857761352523648,12.050397498360429,-9.403326945014383,2014
User07,3,0,1,2026-05-27,54,1,humidity,6.931222344923952,9.152635923242174,-5.053827810260085,2204
User07,3,0,1,2026-05-28,55,1,humidity,4.3340809510070875,5.678353065430715,0.7194643831175972,782
User07,3,0,1,2026-05-29,56,1,humidity,10.599462543356385,12.278297165905824,8.233058533805313,871
User07,3,0,1,2026-05-30,57,1,humidity,5.715005494958189,7.392306392723667,-2.3159209665584664,931
User07,3,0,1,2026-05-31,58,1,humidity,19.322462858070583,21.606888119345953,19.292039532195634,1227
User07,3,0,1,2026-06-01,59,1,humidity,17.07894195215223,18.211959365970216,17.06685230019317,979
User07,3,0,1,2026-06-02,60,1,humidity,7.187149337736989,8.476815373222495,4.048845662242519,872
User07,3,0,1,2026-06-03,61,1,humidity,6.023066483627023,7.156738448016293,2.8589740790997826,1394
User07,3,0,1,2026-06-06,62,1,humidity,12.516287610549297,13.743668658124998,12.404024736846313,1209
User07,3,0,1,2026-06-08,63,1,humidity,12.24466456671471,13.822442557031241,12.005329370057863,1054
User07,3,0,1,2026-06-09,64,1,humidity,21.48643521959434,22.73795928036827,21.478746893132428,1475
User07,3,0,1,2026-06-10,65,1,humidity,10.443325019594981,11.870957808973422,9.558582517368887,1550
User07,3,0,1,2026-06-11,66,1,humidity,11.891267097755662,13.26483250053912,11.541483089435403,1580
User07,3,0,1,2026-06-12,67,1,humidity,16.920058003257466,17.686810006861958,16.91447775996227,1021
User07,3,0,1,2026-06-14,68,1,humidity,6.873611651100052,8.470380210681816,1.8020529409045927,1308
User07,3,0,1,2026-06-15,69,1,humidity,7.217736189033162,8.512861714144291,5.360756321966339,1368
User07,3,0,1,2026-06-16,70,1,humidity,11.712343391505767,12.985787554668018,11.438458498614592,1304
User07,3,0,1,2026-06-17,71,1,humidity,12.475131035209547,13.831356187407724,11.888240745320466,1835
User07,3,0,1,2026-06-18,72,1,humidity,13.019605056571962,14.172911216337633,12.768421875593733,1376
User07,3,0,1,2026-06-19,73,1,humidity,6.949231749613732,8.70111349366079,-5.562355585736585,2144
User07,3,0,1,2026-06-20,74,1,humidity,7.0811244184857856,8.420793789043753,4.907919548746128,1382
User07,3,0,1,2026-06-21,75,1,humidity,5.113618435509878,6.25722316385515,2.7115218588199284,1414
User07,3,0,1,2026-06-22,76,1,humidity,6.7037352609936285,8.049606497932327,4.757149894419501,1993
User07,3,0,1,2026-06-23,77,1,humidity,18.69618919606381,19.732496982843042,18.643129731183585,3249
User07,3,0,1,2026-06-24,78,1,humidity,17.241547984008992,18.216863763062783,17.212280337302253,2216
User07,3,0,1,2026-06-25,79,1,humidity,8.938593533071689,10.08644204340993,8.541661574003792,1368
User07,3,0,1,2026-06-27,80,1,humidity,14.24708021054601,15.495348741825099,14.01677434460514,824
User07,3,0,1,2026-06-28,81,1,humidity,8.186635461686926,9.694551096201367,7.708129609360856,994
User07,3,0,1,2026-06-29,82,1,humidity,7.967875651992369,8.757033345484874,6.989877574209879,804
User07,3,0,1,2026-06-30,83,1,humidity,14.961545261020992,15.954682754458117,14.956369342430975,906
User07,3,0,1,2026-07-01,84,1,humidity,4.394919534448424,5.760902258505795,0.986613566294397,1461
User07,3,0,1,2026-07-02,85,1,humidity,6.694423909022254,7.79432710256966,2.9525187361291065,988
User07,3,0,1,2026-07-03,86,1,humidity,4.8578985334977975,6.180961792838065,2.83473329595244,1265
User07,3,0,1,2026-07-04,87,1,humidity,6.608560659489891,8.849034265723931,-4.3223358164847445,819
User07,3,0,1,2026-07-05,88,1,humidity,11.142774663137851,13.166870197394346,-10.823502129873129,1200
User07,3,0,1,2026-07-06,89,1,humidity,10.102041581709225,12.403252329343045,-8.755930588207189,1549
User07,3,0,1,2026-07-07,90,1,humidity,8.495013557400469,10.852484028855919,-4.220227106176902,810
User07,3,0,1,2026-07-08,91,1,humidity,7.371566559700427,8.78400502246012,-6.919534473539159,1774
User07,3,0,1,2026-07-09,92,1,humidity,10.329688068156736,11.683236787533223,-10.155204704371561,2008
User07,3,0,1,2026-07-10,93,1,humidity,9.885295590030571,11.456643514271782,-9.771082823882228,1213
User07,3,0,1,2026-07-11,94,1,humidity,7.392599862352642,8.732590565013133,-5.898126905524074,764
User07,3,0,1,2026-07-13,95,1,humidity,8.136632294684624,10.135093760385914,-7.522477520767774,1751
User07,3,0,1,2026-07-14,96,1,humidity,8.648741658163656,9.963101451995358,-8.336198959341525,1829
User07,3,0,1,2026-07-15,97,1,humidity,3.6476340940491663,4.847676411723881,-1.589711640438677,1044
User07,3,0,1,2026-07-16,98,1,humidity,4.9817299196656535,6.56656821510594,-3.922745372822232,785
User07,3,0,1,2026-07-17,99,1,humidity,10.265100384822999,12.194419957834342,-8.558302376123423,2065
User07,3,0,1,2026-07-18,100,1,humidity,6.448294724937087,7.986433635308395,-5.628699301075453,1561
User07,3,0,2,2026-04-03,1,0,temperature,2.761115084518022,3.130377080188858,2.717334511356608,2075
User07,3,0,2,2026-04-04,2,0,temperature,2.9039358777050217,3.2410975331409104,2.862462416009126,1777
User07,3,0,2,2026-04-05,3,0,temperature,2.949099700043994,3.3164391031834457,2.9285371108321026,1923
User07,3,0,2,2026-04-06,4,0,temperature,2.742582133407196,3.239915038741505,2.6993483561525515,1821
User07,3,0,2,2026-04-07,5,0,temperature,2.208079240099711,2.768040344135874,1.9600341198224485,1156
User07,3,0,2,2026-04-08,6,0,temperature,2.5755760095585885,2.9705484571796354,2.431510476251865,1809
User07,3,0,2,2026-04-09,7,0,temperature,2.932036771209981,3.3165971668863747,2.9031542444417253,1844
User07,3,0,2,2026-04-10,8,0,temperature,2.8225280513555893,3.241361390318226,2.645770047594844,2118
User07,3,0,2,2026-04-11,9,0,temperature,2.7353568775930635,3.1676012790184336,2.5221334926937478,1737
User07,3,0,2,2026-04-13,10,0,temperature,2.9482535843613067,3.1609587140275965,2.853714404677414,1780
User07,3,0,2,2026-04-14,11,0,temperature,2.7119390233347187,3.086112831818472,2.623447543210114,1829
User07,3,0,2,2026-04-15,12,0,temperature,2.9156830065912085,3.2360877941645145,2.8563415679269726,1751
User07,3,0,2,2026-04-16,13,0,temperature,2.1627170324127847,2.4533008939574925,2.0385003320118993,1603
User07,3,0,2,2026-04-17,14,0,temperature,2.958492148803263,3.4558763933774705,2.9344700315717462,709
User07,3,0,2,2026-04-18,15,0,temperature,3.108185976166002,3.4655179567486596,3.07165651050307,2201
User07,3,0,2,2026-04-19,16,1,temperature,2.5675505506182894,2.957350310187294,2.4730479570310764,1334
User07,3,0,2,2026-04-20,17,1,temperature,2.979908102184073,3.4497140611403543,2.879731863834092,1930
User07,3,0,2,2026-04-21,18,1,temperature,2.6315521012896945,2.943136242205068,2.5811993122168597,2021
User07,3,0,2,2026-04-22,19,1,temperature,3.344368231501378,3.6481112493952246,3.133421677705764,1333
User07,3,0,2,2026-04-23,20,1,temperature,2.4452067695168522,2.8327270996242557,2.4371706671718907,1147
User07,3,0,2,2026-04-24,21,1,temperature,2.815322966395925,3.1272128596541626,2.0327170630574543,1221
User07,3,0,2,2026-04-25,22,1,temperature,4.135896792895414,4.414708551815619,4.135556655915968,2304
User07,3,0,2,2026-04-26,23,1,temperature,2.9543372928452083,3.1714668211361325,2.8660851388417834,1467
User07,3,0,2,2026-04-27,24,1,temperature,2.7115483041917674,3.0855559371418555,2.7066015048298353,1138
User07,3,0,2,2026-04-28,25,1,temperature,3.0586611987357464,3.394337182536065,3.038027342940796,1138
User07,3,0,2,2026-04-29,26,1,temperature,3.5852451328110555,3.7065495247734646,3.5845015394829427,1247
User07,3,0,2,2026-04-30,27,1,temperature,3.3313633948405053,3.650128480649922,3.33135360869209,1062
User07,3,0,2,2026-05-01,28,1,temperature,3.038581873024775,3.3383441310432738,3.0207732058656687,1051
User07,3,0,2,2026-05-02,29,1,temperature,3.166113518730671,3.366130519093659,3.166113518730671,1834
User07,3,0,2,2026-05-03,30,1,temperature,3.3496707109125254,3.6670638881675046,3.2146495524399263,1404
User07,3,0,2,2026-05-04,31,1,temperature,3.0060263377560537,3.3235802463442976,2.9877760909418445,1064
User07,3,0,2,2026-05-05,32,1,temperature,2.293871662022695,2.6003870983837465,2.2916282747728247,870
User07,3,0,2,2026-05-06,33,1,temperature,3.9317274750903075,4.083562378864303,3.9317274750903075,1233
User07,3,0,2,2026-05-07,34,1,temperature,3.1977332359407646,3.614991291103917,3.1645340958040933,1232
User07,3,0,2,2026-05-08,35,1,temperature,4.742449708619084,4.828407287819023,4.742449708619084,345
User07,3,0,2,2026-05-09,36,1,temperature,2.9250011414904495,3.275639411049922,2.8588398343382275,947
User07,3,0,2,2026-05-10,37,1,temperature,3.5328966219834372,3.814168815213932,3.520671853507128,1297
User07,3,0,2,2026-05-11,38,1,temperature,2.731109692908375,3.0847358793995725,2.674206201565366,2113
User07,3,0,2,2026-05-12,39,1,temperature,3.300109693076306,3.479980619506328,3.300109693076306,1014
User07,3,0,2,2026-05-13,40,1,temperature,3.2268954298808303,3.4198103782804012,3.2268954298808303,1231
User07,3,0,2,2026-05-14,41,1,temperature,2.713260434580244,2.8619449648378645,2.713100643138412,891
User07,3,0,2,2026-05-15,42,1,temperature,2.6783468588617536,2.8732031946151424,2.676672603726584,1116
User07,3,0,2,2026-05-16,43,1,temperature,1.4861285024179682,1.779522247154022,1.3505743913306119,1387
User07,3,0,2,2026-05-17,44,1,temperature,1.9492962629564672,2.161402338183816,1.943093947378445,1246
User07,3,0,2,2026-05-18,45,1,temperature,1.938545072809525,2.2148867944115205,1.9227130735271312,1428
User07,3,0,2,2026-05-19,46,1,temperature,2.0030303996568324,2.32902526716024,1.8783051906918542,1594
User07,3,0,2,2026-05-20,47,1,temperature,1.8741084644520496,2.0573931117296844,1.8236468374000452,1785
User07,3,0,2,2026-05-21,48,1,temperature,2.0200381315172593,2.2258761014874966,1.9843827033370227,881
User07,3,0,2,2026-05-22,49,1,temperature,2.124741898834935,2.461092498003117,2.123585985068974,1044
User07,3,0,2,2026-05-23,50,1,temperature,1.574510460984255,2.0073451972166905,1.3195882641681835,703
User07,3,0,2,2026-05-24,51,1,temperature,1.9283510350592754,2.2277444784332587,1.9185379902593342,1215
User07,3,0,2,2026-05-25,52,1,temperature,1.84371366375803,2.1383716220519444,1.706475167825873,2037
User07,3,0,2,2026-05-26,53,1,temperature,1.3008463730535094,1.5109538809838143,0.9911872667781928,2014
User07,3,0,2,2026-05-27,54,1,temperature,1.3229479262665427,1.5819660069265247,1.0454007418730324,2204
User07,3,0,2,2026-05-28,55,1,temperature,1.1686962366381852,1.4231868996299712,0.9124613458442953,782
User07,3,0,2,2026-05-29,56,1,temperature,1.6251209442119985,1.9203556165776874,1.4030928802646465,871
User07,3,0,2,2026-05-30,57,1,temperature,1.6620672910642775,2.0169159964134553,1.6175904220846455,931
User07,3,0,2,2026-05-31,58,1,temperature,1.5392359987299271,1.8319123101227204,0.9118103800198201,1227
User07,3,0,2,2026-06-01,59,1,temperature,0.9372548679974999,1.1966960883835496,0.7999647923454719,979
User07,3,0,2,2026-06-02,60,1,temperature,1.275813024936182,1.5537206576032216,-0.6399369152997347,872
User07,3,0,2,2026-06-03,61,1,temperature,1.0101517566280782,1.218417134147094,0.22858591326895916,1394
User07,3,0,2,2026-06-06,62,1,temperature,0.9544818400170232,1.2225181446403368,0.5453984108130675,1209
User07,3,0,2,2026-06-08,63,1,temperature,1.3354742544093916,1.5428531208675544,1.2262538601760078,1054
User07,3,0,2,2026-06-09,64,1,temperature,1.6844016433702582,1.9926088898725174,1.5843894166548285,1475
User07,3,0,2,2026-06-10,65,1,temperature,1.110185605112866,1.3651143171550444,0.6302410955820803,1550
User07,3,0,2,2026-06-11,66,1,temperature,1.176570306441664,1.451057817765923,0.9802468548802261,1580
User07,3,0,2,2026-06-12,67,1,temperature,1.5129437655548648,1.6536933557694609,1.4822152383395095,1021
User07,3,0,2,2026-06-14,68,1,temperature,1.0843120085748021,1.3092189290775273,0.756624164618341,1308
User07,3,0,2,2026-06-15,69,1,temperature,0.7886838102731403,1.101169802260171,-0.2833374304537278,1368
User07,3,0,2,2026-06-16,70,1,temperature,0.8819425354467083,1.192445256740926,-0.1744917462238433,1304
User07,3,0,2,2026-06-17,71,1,temperature,0.8241092076790377,1.1215646283911833,-0.06922734775659935,1835
User07,3,0,2,2026-06-18,72,1,temperature,0.8895580115063337,1.134598522521454,-0.188457656951437,1376
User07,3,0,2,2026-06-19,73,1,temperature,0.8544530416770554,1.1046397747789334,-0.32681306629149026,2144
User07,3,0,2,2026-06-20,74,1,temperature,1.1624443603524872,1.5102994992801917,0.7805368918182852,1382
User07,3,0,2,2026-06-21,75,1,temperature,1.1658290716828377,1.4215373178076003,1.0168894285747971,1414
User07,3,0,2,2026-06-22,76,1,temperature,1.1261443481483813,1.2947126576208208,0.7616194767027187,1993
User07,3,0,2,2026-06-23,77,1,temperature,1.0302715349374976,1.2451199080513087,0.8290228527666036,3249
User07,3,0,2,2026-06-24,78,1,temperature,0.8325981044394892,1.0460790172250078,0.6239690188542018,2216
User07,3,0,2,2026-06-25,79,1,temperature,0.9574319493763014,1.1936415230057484,0.7286015763786355,1368
User07,3,0,2,2026-06-27,80,1,temperature,0.8733351301857061,1.178232079203589,-0.44781148285067485,824
User07,3,0,2,2026-06-28,81,1,temperature,0.8301650023916367,1.2237521621756753,0.5632289574512074,994
User07,3,0,2,2026-06-29,82,1,temperature,0.7364583628049751,1.024302721632023,-0.4711447379878872,804
User07,3,0,2,2026-06-30,83,1,temperature,0.5370213635554282,0.7967473356404317,0.12167731352965591,906
User07,3,0,2,2026-07-01,84,1,temperature,0.8049456924063766,1.004395578439407,-0.3968454109389126,1461
User07,3,0,2,2026-07-02,85,1,temperature,0.8862589658175937,1.1168139919189828,-0.36930754038891006,988
User07,3,0,2,2026-07-03,86,1,temperature,0.6476060509273999,0.8236153084148737,0.29712584102019635,1265
User07,3,0,2,2026-07-04,87,1,temperature,0.9885572327784506,1.2679538366609955,-0.26885475361061123,819
User07,3,0,2,2026-07-05,88,1,temperature,1.1311444551928365,1.4081118962039962,-0.8811378854990651,1200
User07,3,0,2,2026-07-06,89,1,temperature,1.3814922476977893,1.6006379146486351,-0.815011833623303,1549
User07,3,0,2,2026-07-07,90,1,temperature,1.4078596315134626,1.7352983641479476,-1.0491339937986015,810
User07,3,0,2,2026-07-08,91,1,temperature,1.034835928734664,1.2660122628879216,-0.9495083501032721,1774
User07,3,0,2,2026-07-09,92,1,temperature,1.4826386687872242,1.7251004936180663,-1.3698006272542922,2008
User07,3,0,2,2026-07-10,93,1,temperature,1.163594514200355,1.4021711780430655,-0.9771233933883318,1213
User07,3,0,2,2026-07-11,94,1,temperature,1.184101864623751,1.443864149678756,-0.9288948700944475,764
User07,3,0,2,2026-07-13,95,1,temperature,2.0102094964266577,2.260867353902304,-1.8275030660026599,1751
User07,3,0,2,2026-07-14,96,1,temperature,2.123874936102507,2.3098257237868793,-2.11837565248084,1829
User07,3,0,2,2026-07-15,97,1,temperature,0.98489968128917,1.1888028485267124,-0.9478407780768138,1044
User07,3,0,2,2026-07-16,98,1,temperature,1.0010237236931652,1.244746534705839,-0.9164245559367555,785
User07,3,0,2,2026-07-17,99,1,temperature,1.9690421338825246,2.3107031761690435,-1.8507996777996671,2065
User07,3,0,2,2026-07-18,100,1,temperature,1.1412232863588674,1.4650045913332361,-0.8773473944119381,1561
User07,3,0,2,2026-04-03,1,0,humidity,6.157240846689888,8.383934959909872,2.5058394210923676,2075
User07,3,0,2,2026-04-04,2,0,humidity,9.506976176823153,11.69285520726158,-3.627640400739716,1777
User07,3,0,2,2026-04-05,3,0,humidity,9.030253990636472,12.109631806457065,6.75235191862408,1923
User07,3,0,2,2026-04-06,4,0,humidity,8.962478579412771,10.848180893164743,7.1699572346246665,1821
User07,3,0,2,2026-04-07,5,0,humidity,8.403584724293383,11.010310358211115,6.789205992923635,1156
User07,3,0,2,2026-04-08,6,0,humidity,7.891484404030035,9.836203900303996,4.0804076711783255,1809
User07,3,0,2,2026-04-09,7,0,humidity,6.86605078045378,8.852313348147206,-2.388782096152163,1844
User07,3,0,2,2026-04-10,8,0,humidity,7.298410844324734,8.768995669948113,-2.5056852701568917,2118
User07,3,0,2,2026-04-11,9,0,humidity,6.194210817165558,7.590847338054087,-1.7524236912074331,1737
User07,3,0,2,2026-04-13,10,0,humidity,6.5903953655539995,8.427820222179252,-1.6074246621077553,1780
User07,3,0,2,2026-04-14,11,0,humidity,11.341453816665682,13.889673001861242,-8.943574481113085,1829
User07,3,0,2,2026-04-15,12,0,humidity,10.716740918615944,12.227841487181637,-9.852425731489198,1751
User07,3,0,2,2026-04-16,13,0,humidity,7.94147636861893,9.403922793903835,5.788841902336355,1603
User07,3,0,2,2026-04-17,14,0,humidity,13.639260712237071,15.619171358398363,13.499222099506929,709
User07,3,0,2,2026-04-18,15,0,humidity,10.651491133224757,11.841433845968163,10.155236981485167,2201
User07,3,0,2,2026-04-19,16,1,humidity,14.650374423116109,16.179683943445987,14.588319506467872,1334
User07,3,0,2,2026-04-20,17,1,humidity,22.98149750049184,24.50082216283876,22.98149750049184,1930
User07,3,0,2,2026-04-21,18,1,humidity,17.99181677642718,19.067243049472722,17.99181677642718,2021
User07,3,0,2,2026-04-22,19,1,humidity,14.58039096573233,16.370184326769554,14.363737478909309,1333
User07,3,0,2,2026-04-23,20,1,humidity,9.83874924310336,11.768505240165828,9.029950982945063,1147
User07,3,0,2,2026-04-24,21,1,humidity,10.612087492964104,13.635547424555604,7.666483152755764,1221
User07,3,0,2,2026-04-25,22,1,humidity,17.68618071308129,20.37132138716629,16.663304308927085,2304
User07,3,0,2,2026-04-26,23,1,humidity,14.115248878446405,16.503504704134826,14.039498570697136,1467
User07,3,0,2,2026-04-27,24,1,humidity,9.791310949165597,11.939810969662695,9.57041849094134,1138
User07,3,0,2,2026-04-28,25,1,humidity,11.17049644202554,12.570080550670239,9.306364959465897,1138
User07,3,0,2,2026-04-29,26,1,humidity,8.454838370407815,9.542125188842979,8.00402474281585,1247
User07,3,0,2,2026-04-30,27,1,humidity,9.302058308112372,10.604113406467533,7.83227201218538,1062
User07,3,0,2,2026-05-01,28,1,humidity,7.590372576188295,8.96116891791317,4.884376608957176,1051
User07,3,0,2,2026-05-02,29,1,humidity,7.1848421066703345,8.671081605215324,5.7618497179929165,1834
User07,3,0,2,2026-05-03,30,1,humidity,6.430065079086345,8.060714016200862,0.998241508577149,1404
User07,3,0,2,2026-05-04,31,1,humidity,8.42467705261268,10.320829186976253,4.830037146927471,1064
User07,3,0,2,2026-05-05,32,1,humidity,14.653465884209373,15.388866053411023,14.63184745835386,870
User07,3,0,2,2026-05-06,33,1,humidity,5.222947616396614,7.279073537375673,3.4016495973627174,1233
User07,3,0,2,2026-05-07,34,1,humidity,8.253035611584139,10.326732402181312,7.308059120031236,1232
User07,3,0,2,2026-05-08,35,1,humidity,10.220062420078076,11.32087365381324,9.899485901593877,345
User07,3,0,2,2026-05-09,36,1,humidity,11.556386941210098,13.250792989739029,10.418803317434069,947
User07,3,0,2,2026-05-10,37,1,humidity,14.678409088086486,16.990642343249654,13.993556369390001,1297
User07,3,0,2,2026-05-11,38,1,humidity,6.688167005720282,8.258792088179884,-3.996524636690546,2113
User07,3,0,2,2026-05-12,39,1,humidity,8.87209687443563,10.221257608388877,-7.959640221052332,1014
User07,3,0,2,2026-05-13,40,1,humidity,5.132793529166393,6.565154191247081,-3.1562944290906323,1231
User07,3,0,2,2026-05-14,41,1,humidity,7.031764507710674,8.915810853222776,-6.11399072811488,891
User07,3,0,2,2026-05-15,42,1,humidity,6.76657213743189,8.563265169485373,-5.112465088890799,1116
User07,3,0,2,2026-05-16,43,1,humidity,7.789588061527501,9.346908918773819,7.131735624157179,1387
User07,3,0,2,2026-05-17,44,1,humidity,15.385228534776989,16.389554913211,15.27141535631483,1246
User07,3,0,2,2026-05-18,45,1,humidity,14.020213089581246,15.688565550511239,13.544420338544741,1428
User07,3,0,2,2026-05-19,46,1,humidity,7.233021731382972,9.228036833661054,2.233985260081911,1594
User07,3,0,2,2026-05-20,47,1,humidity,5.232453752832788,6.344326536437016,3.104592202896314,1785
User07,3,0,2,2026-05-21,48,1,humidity,6.366318537554252,7.522987919272961,4.176015168399536,881
User07,3,0,2,2026-05-22,49,1,humidity,11.11984206420454,12.925801202302829,10.6459358748778,1044
User07,3,0,2,2026-05-23,50,1,humidity,7.210634326375817,8.565076489543985,-2.449311286228139,703
User07,3,0,2,2026-05-24,51,1,humidity,6.644373902698202,8.394724736140919,-3.4314716507754475,1215
User07,3,0,2,2026-05-25,52,1,humidity,6.971276113923306,8.929009457289476,-5.0598112840373135,2037
User07,3,0,2,2026-05-26,53,1,humidity,10.709785118272459,12.65040884708923,-10.332788793999978,2014
User07,3,0,2,2026-05-27,54,1,humidity,7.569472899889278,9.582937669611422,-6.5416175704564115,2204
User07,3,0,2,2026-05-28,55,1,humidity,4.43194554744017,5.69458924284563,-0.2789606786093488,782
User07,3,0,2,2026-05-29,56,1,humidity,9.842382050652478,11.411732800270602,7.054875435705132,871
User07,3,0,2,2026-05-30,57,1,humidity,6.178687236995994,7.576358140758025,-3.643480276992001,931
User07,3,0,2,2026-05-31,58,1,humidity,18.096179925538816,20.150029485277624,18.064339895148336,1227
User07,3,0,2,2026-06-01,59,1,humidity,16.93298150696557,17.91808764975785,16.921068280642192,979
User07,3,0,2,2026-06-02,60,1,humidity,6.365074557011601,7.419869686699622,3.60497509336082,872
User07,3,0,2,2026-06-03,61,1,humidity,5.10809513182719,6.300028843049025,1.8634982153803632,1394
User07,3,0,2,2026-06-06,62,1,humidity,11.145462091234998,12.573554641852297,11.077878730846168,1209
User07,3,0,2,2026-06-08,63,1,humidity,11.575358633473265,12.8987128734535,11.462076047476254,1054
User07,3,0,2,2026-06-09,64,1,humidity,20.34932288271322,21.609130131962175,20.33688439966805,1475
User07,3,0,2,2026-06-10,65,1,humidity,9.4813576139537,11.00277016961859,8.49192444671344,1550
User07,3,0,2,2026-06-11,66,1,humidity,10.856357960042706,12.061142808524231,10.556905927631568,1580
User07,3,0,2,2026-06-12,67,1,humidity,15.532364524142624,16.212428761242563,15.532364524142624,1021
User07,3,0,2,2026-06-14,68,1,humidity,6.072294141811807,7.769308970830659,1.6996554024886181,1308
User07,3,0,2,2026-06-15,69,1,humidity,6.462048786704146,7.7366038114636915,4.335664159831564,1368
User07,3,0,2,2026-06-16,70,1,humidity,10.954742146151537,12.21563036852097,10.662915558195934,1304
User07,3,0,2,2026-06-17,71,1,humidity,11.025073849772635,12.217147032428839,10.754994595498367,1835
User07,3,0,2,2026-06-18,72,1,humidity,12.332542975407993,13.454328764561213,12.047347301728927,1376
User07,3,0,2,2026-06-19,73,1,humidity,6.781413477169385,8.20309736803734,-6.064922244223135,2144
User07,3,0,2,2026-06-20,74,1,humidity,5.878747760442164,7.128751474098396,4.3276095353744966,1382
User07,3,0,2,2026-06-21,75,1,humidity,4.0850430479288535,5.445865612415488,1.8928082556558665,1414
User07,3,0,2,2026-06-22,76,1,humidity,5.845733436835263,7.000085661994994,3.437733913472708,1993
User07,3,0,2,2026-06-23,77,1,humidity,17.19599203777195,18.07087168305837,17.160412435658678,3249
User07,3,0,2,2026-06-24,78,1,humidity,15.248209025588736,16.281717964869536,15.21474455153076,2216
User07,3,0,2,2026-06-25,79,1,humidity,7.330807398543289,8.402918675094828,6.8730391268594495,1368
User07,3,0,2,2026-06-27,80,1,humidity,12.619988301277942,13.70507259845678,12.449274213883173,824
User07,3,0,2,2026-06-28,81,1,humidity,6.603047174815023,8.15705168669542,5.888047343559662,994
User07,3,0,2,2026-06-29,82,1,humidity,6.521355485671782,7.283985513797433,5.182688029907742,804
User07,3,0,2,2026-06-30,83,1,humidity,13.243419964503664,14.410622173098258,13.221175500323564,906
User07,3,0,2,2026-07-01,84,1,humidity,3.9980278876675532,5.300535132060478,-0.3473250360643981,1461
User07,3,0,2,2026-07-02,85,1,humidity,6.24111747034645,7.364647772689961,1.5896493094311481,988
User07,3,0,2,2026-07-03,86,1,humidity,4.004604500433476,5.303014234217713,1.5991072542963805,1265
User07,3,0,2,2026-07-04,87,1,humidity,6.344153824598594,8.429176317418559,-4.1470751039929326,819
User07,3,0,2,2026-07-05,88,1,humidity,12.379950219126096,14.005044701638553,-12.1567004723727,1200
User07,3,0,2,2026-07-06,89,1,humidity,10.687208265545552,12.426661354991243,-9.529070520289123,1549
User07,3,0,2,2026-07-07,90,1,humidity,7.857862402861275,9.994884232739494,-4.570215347614811,810
User07,3,0,2,2026-07-08,91,1,humidity,8.385357784947715,9.517647276178812,-8.189132016893398,1774
User07,3,0,2,2026-07-09,92,1,humidity,10.543861121747616,11.66470350380913,-10.32808866333519,2008
User07,3,0,2,2026-07-10,93,1,humidity,11.56217099323317,12.911763669774203,-11.537870222166164,1213
User07,3,0,2,2026-07-11,94,1,humidity,8.830356503922438,10.220780371350486,-7.363452740440587,764
User07,3,0,2,2026-07-13,95,1,humidity,9.097348475316236,10.824364668523238,-8.268704432223645,1751
User07,3,0,2,2026-07-14,96,1,humidity,10.101817643959354,11.379102569022482,-9.861299321216235,1829
User07,3,0,2,2026-07-15,97,1,humidity,4.228204612703945,5.375422582227485,-2.8980827118966848,1044
User07,3,0,2,2026-07-16,98,1,humidity,6.361967204202985,7.7292455409792975,-5.795954147039479,785
User07,3,0,2,2026-07-17,99,1,humidity,11.612635896398954,13.686273108194024,-10.3727813847455,2065
User07,3,0,2,2026-07-18,100,1,humidity,7.139117905995742,8.497862695982125,-6.478104738915202,1561
User07,3,1,0,2026-04-05,3,0,temperature,0.8173382957233243,1.0109764328660038,0.34969391585727383,1923
User07,3,1,0,2026-04-06,4,0,temperature,0.9087400294189991,1.176221311822565,-0.00853571546253337,1821
User07,3,1,0,2026-04-07,5,0,temperature,0.9792868718268913,1.2859724036272442,-0.34731828446907753,1156
User07,3,1,0,2026-04-08,6,0,temperature,0.9399681373898976,1.1377814385503557,-0.16160433863046247,1809
User07,3,1,0,2026-04-09,7,0,temperature,0.7591526449497459,0.9286719642867077,0.1540504371611082,1844
User07,3,1,0,2026-04-10,8,0,temperature,0.9648285389675626,1.3101019904082805,0.23896159221564806,2118
User07,3,1,0,2026-04-11,9,0,temperature,0.9134065921806881,1.1609038651106625,0.02476759783830597,1737
User07,3,1,0,2026-04-13,10,0,temperature,0.9227862177139786,1.1199910012893104,0.27537028431588517,1780
User07,3,1,0,2026-04-14,11,0,temperature,0.7324460747340188,0.9143358280138066,0.09796117791141372,1829
User07,3,1,0,2026-04-15,12,0,temperature,0.7407823393928781,0.9121893600974454,0.08015854332760287,1751
User07,3,1,0,2026-04-16,13,0,temperature,0.8035190107988258,1.0413798647918184,-0.6262562603147298,1603
User07,3,1,0,2026-04-17,14,0,temperature,0.9367452201727378,1.135392461806557,0.07138485268294494,709
User07,3,1,0,2026-04-18,15,0,temperature,0.9836711025406722,1.122418897236326,0.29148256535700345,2201
User07,3,1,0,2026-04-19,16,1,temperature,0.7197073008061428,0.9714603637639373,-0.5337469382462445,1334
User07,3,1,0,2026-04-20,17,1,temperature,0.7606542279406313,1.0693741784512472,-0.05356393127139456,1930
User07,3,1,0,2026-04-21,18,1,temperature,0.94654681848086,1.1828034023048073,-0.20473921624721944,2021
User07,3,1,0,2026-04-22,19,1,temperature,0.820747030341291,1.0600675914023963,0.19604909084441546,1333
User07,3,1,0,2026-04-23,20,1,temperature,0.8200043576155703,1.0284927157106665,0.055570598599195185,1147
User07,3,1,0,2026-04-24,21,1,temperature,1.4290695979696988,1.9020525637933914,-0.7776259238432528,1221
User07,3,1,0,2026-04-25,22,1,temperature,1.2976414447429305,1.509834497168065,1.0863639308454507,2304
User07,3,1,0,2026-04-26,23,1,temperature,0.684420596352943,0.9143606980118303,-0.006468286960265182,1467
User07,3,1,0,2026-04-27,24,1,temperature,0.6101033897184445,0.7538014382439797,0.09724566039317875,1138
User07,3,1,0,2026-04-28,25,1,temperature,0.9692361154032306,1.1094754748008642,0.22963038703024513,1138
User07,3,1,0,2026-04-29,26,1,temperature,0.7147198478653202,0.8000821250955978,0.5943019264195131,1247
User07,3,1,0,2026-04-30,27,1,temperature,0.787598668877434,0.9429144196935323,0.32361391693585223,1062
User07,3,1,0,2026-05-01,28,1,temperature,0.7491989531792124,1.0023091323933992,0.18294488723915714,1051
User07,3,1,0,2026-05-02,29,1,temperature,0.6341471402728737,0.7433046953997179,0.47537321139396677,1834
User07,3,1,0,2026-05-03,30,1,temperature,1.0177579715737026,1.238659177220919,0.3941415538499504,1404
User07,3,1,0,2026-05-04,31,1,temperature,0.8979474287439032,1.0864374351079078,0.22836351834689417,1064
User07,3,1,0,2026-05-05,32,1,temperature,1.1262286677374773,1.243130124251002,-0.6990683295927469,870
User07,3,1,0,2026-05-06,33,1,temperature,0.8857979374380076,0.9982006239795062,0.8840645598436192,1233
User07,3,1,0,2026-05-07,34,1,temperature,0.9691817182795861,1.202598041566057,0.4722759029087274,1232
User07,3,1,0,2026-05-08,35,1,temperature,1.8608498829366216,1.929140015590922,1.8608498829366216,345
User07,3,1,0,2026-05-09,36,1,temperature,0.99671451566956,1.200554871845501,-0.19321680454457643,947
User07,3,1,0,2026-05-10,37,1,temperature,0.6490077770576169,0.771885592590587,0.3036554372261861,1297
User07,3,1,0,2026-05-11,38,1,temperature,0.8927575116517238,1.0276325666721988,0.1263662162582004,2113
User07,3,1,0,2026-05-12,39,1,temperature,0.7203129493669973,0.8249736747723708,0.6640682861984973,1014
User07,3,1,0,2026-05-13,40,1,temperature,0.6043374127453844,0.7131181818430133,0.5053932524972202,1231
User07,3,1,0,2026-05-14,41,1,temperature,0.4725172162336829,0.6374422268534392,-0.30370863548597393,891
User07,3,1,0,2026-05-15,42,1,temperature,0.34505427220168733,0.4703843897833762,-0.1536778085143906,1116
User07,3,1,0,2026-05-16,43,1,temperature,1.390636558096876,1.5265974671423046,-1.360081587615021,1387
User07,3,1,0,2026-05-17,44,1,temperature,0.5582935009254275,0.6787850451377063,-0.4591792139901076,1246
User07,3,1,0,2026-05-18,45,1,temperature,0.8360902393397307,0.9978056289763332,-0.7935879328119925,1428
User07,3,1,0,2026-05-19,46,1,temperature,1.2677985219258603,1.3737241366940174,-1.2527992126427618,1594
User07,3,1,0,2026-05-20,47,1,temperature,1.197677047195288,1.264495336306545,-1.1961806208585959,1785
User07,3,1,0,2026-05-21,48,1,temperature,0.9864494534052037,1.05328788405448,-0.9816090241014157,881
User07,3,1,0,2026-05-22,49,1,temperature,0.6159550243120686,0.7435446910251929,-0.521405527763666,1044
User07,3,1,0,2026-05-23,50,1,temperature,1.3272411894538747,1.4318556662272541,-1.25194523419233,703
User07,3,1,0,2026-05-24,51,1,temperature,1.1199630373327254,1.2105806867637394,-1.1147308005289824,1215
User07,3,1,0,2026-05-25,52,1,temperature,1.2542448727073474,1.3366192268610926,-1.2471003214716512,2037
User07,3,1,0,2026-05-26,53,1,temperature,2.1968346039455726,2.271297923463414,-2.1873425821925556,2014
User07,3,1,0,2026-05-27,54,1,temperature,2.029489794285624,2.0716323448612664,-2.029489794285624,2204
User07,3,1,0,2026-05-28,55,1,temperature,2.0639680799474065,2.1567989795224065,-2.0635498386049496,782
User07,3,1,0,2026-05-29,56,1,temperature,1.7077001354833035,1.8268307164436477,-1.70498831799934,871
User07,3,1,0,2026-05-30,57,1,temperature,1.4556716312844267,1.5462590160063296,-1.4542687303942101,931
User07,3,1,0,2026-05-31,58,1,temperature,2.0623551494453287,2.170694594826723,-2.0583093266994283,1227
User07,3,1,0,2026-06-01,59,1,temperature,2.2886360497270104,2.346750825609216,-2.2886360497270104,979
User07,3,1,0,2026-06-02,60,1,temperature,3.0672646366955427,3.177009304680258,-3.0672646366955427,872
User07,3,1,0,2026-06-03,61,1,temperature,2.719597326607117,2.824224637833699,-2.7190517577705093,1394
User07,3,1,0,2026-06-06,62,1,temperature,2.334935166867454,2.4041853051823074,-2.3335317594522427,1209
User07,3,1,0,2026-06-08,63,1,temperature,1.9910455302485481,2.0335580234832213,-1.9910455302485481,1054
User07,3,1,0,2026-06-09,64,1,temperature,1.8373303375980772,1.9190493405018139,-1.7278202436244303,1475
User07,3,1,0,2026-06-10,65,1,temperature,2.3409787682799985,2.410002709909674,-2.3394955271173514,1550
User07,3,1,0,2026-06-11,66,1,temperature,2.1865296185516114,2.2406039412899936,-2.1865296185516114,1580
User07,3,1,0,2026-06-12,67,1,temperature,1.9697244975498893,2.0015576771541195,-1.9697244975498893,1021
User07,3,1,0,2026-06-14,68,1,temperature,2.5776827194419365,2.725488792866443,-2.5776827194419365,1308
User07,3,1,0,2026-06-15,69,1,temperature,3.167563861298421,3.1954811403822623,-3.167563861298421,1368
User07,3,1,0,2026-06-16,70,1,temperature,3.206465950441328,3.2629220222349087,-3.206465950441328,1304
User07,3,1,0,2026-06-17,71,1,temperature,3.174840140760829,3.2087485822608808,-3.1558943649846953,1835
User07,3,1,0,2026-06-18,72,1,temperature,3.452458636850702,3.5404256156819045,-3.452458636850702,1376
User07,3,1,0,2026-06-19,73,1,temperature,3.378578217580334,3.4275227561083166,-3.378578217580334,2144
User07,3,1,0,2026-06-20,74,1,temperature,2.573776455162373,2.7010878847275586,-2.421668122273718,1382
User07,3,1,0,2026-06-21,75,1,temperature,2.188117231792213,2.273058397247647,-2.162017224761643,1414
User07,3,1,0,2026-06-22,76,1,temperature,2.4452508671140687,2.5757358851821732,-2.4446938797918367,1993
User07,3,1,0,2026-06-23,77,1,temperature,2.3282932025533047,2.4545242952133974,-2.3282932025533047,3249
User07,3,1,0,2026-06-24,78,1,temperature,2.378434072276188,2.431046718749472,-2.378434072276188,2216
User07,3,1,0,2026-06-25,79,1,temperature,2.5555894216881496,2.631096186814366,-2.555163202042058,1368
User07,3,1,0,2026-06-27,80,1,temperature,3.6412942137086115,3.719891647268452,-3.6412942137086115,824
User07,3,1,0,2026-06-28,81,1,temperature,2.835375173041215,2.908173680905335,-2.798149697416211,994
User07,3,1,0,2026-06-29,82,1,temperature,3.4490158679905063,3.5037523210186468,-3.4490158679905063,804
User07,3,1,0,2026-06-30,83,1,temperature,3.177352024070204,3.1992948632887948,-3.177352024070204,906
User07,3,1,0,2026-07-01,84,1,temperature,3.504255167689711,3.5569187849262933,-3.504255167689711,1461
User07,3,1,0,2026-07-02,85,1,temperature,3.3330136960095915,3.3749408560957233,-3.3330136960095915,988
User07,3,1,0,2026-07-03,86,1,temperature,2.8799941572120815,2.8984761717462235,-2.8799941572120815,1265
User07,3,1,0,2026-07-04,87,1,temperature,3.247019278171829,3.27564675857416,-3.247019278171829,819
User07,3,1,0,2026-07-05,88,1,temperature,3.865434124648335,3.9090899865707076,-3.865434124648335,1200
User07,3,1,0,2026-07-06,89,1,temperature,3.7779567078709526,3.838522645756599,-3.7779567078709526,1549
User07,3,1,0,2026-07-07,90,1,temperature,3.85443667111094,3.9163261829128833,-3.85443667111094,810
User07,3,1,0,2026-07-08,91,1,temperature,4.0367892770423595,4.0619356953865955,-4.0367892770423595,1774
User07,3,1,0,2026-07-09,92,1,temperature,4.426276564648977,4.451358351568813,-4.426276564648977,2008
User07,3,1,0,2026-07-10,93,1,temperature,4.125142450025041,4.140390931840571,-4.125142450025041,1213
User07,3,1,0,2026-07-11,94,1,temperature,4.238012321133693,4.2564024495696335,-4.238012321133693,764
User07,3,1,0,2026-07-13,95,1,temperature,4.9863678956677635,5.021584274718648,-4.9863678956677635,1751
User07,3,1,0,2026-07-14,96,1,temperature,5.267396508673805,5.294483809456012,-5.267396508673805,1829
User07,3,1,0,2026-07-15,97,1,temperature,4.196563261110152,4.222392606258199,-4.196563261110152,1044
User07,3,1,0,2026-07-16,98,1,temperature,4.106890633431263,4.12482703680894,-4.106890633431263,785
User07,3,1,0,2026-07-17,99,1,temperature,5.02271321131364,5.126921752138485,-5.022650146391151,2065
User07,3,1,0,2026-07-18,100,1,temperature,3.990534907166143,4.0567723629851935,-3.990534907166143,1561
User07,3,1,0,2026-04-05,3,0,humidity,2.9250091555929645,4.464517211052348,1.5260665017579198,1923
User07,3,1,0,2026-04-06,4,0,humidity,4.0164178334396,5.056083063150036,2.4609380158457177,1821
User07,3,1,0,2026-04-07,5,0,humidity,4.672397703779253,5.367934463985001,4.345215440848398,1156
User07,3,1,0,2026-04-08,6,0,humidity,4.609146931755429,5.50687024791869,-0.12479793892022283,1809
User07,3,1,0,2026-04-09,7,0,humidity,7.428060406851585,8.248939565217169,-7.232233711091553,1844
User07,3,1,0,2026-04-10,8,0,humidity,6.95353152631199,7.704686807481428,-6.509231379428906,2118
User07,3,1,0,2026-04-11,9,0,humidity,5.718404611263947,6.418564098564872,-5.325489909443252,1737
User07,3,1,0,2026-04-13,10,0,humidity,8.199926043047194,9.697176622971396,-6.8468603498168195,1780
User07,3,1,0,2026-04-14,11,0,humidity,13.672320374223538,16.055462982386842,-13.293935743765092,1829
User07,3,1,0,2026-04-15,12,0,humidity,15.283647081186595,15.675159746184386,-15.283647081186595,1751
User07,3,1,0,2026-04-16,13,0,humidity,3.137807879390252,3.931877250396778,0.8604458537793174,1603
User07,3,1,0,2026-04-17,14,0,humidity,6.654614750894753,7.119149256002421,6.654614750894753,709
User07,3,1,0,2026-04-18,15,0,humidity,3.2994100256737204,3.5571452490381996,3.134026775411735,2201
User07,3,1,0,2026-04-19,16,1,humidity,7.183380371601665,7.908217841579726,7.183380371601665,1334
User07,3,1,0,2026-04-20,17,1,humidity,17.014437279431515,17.23260607530716,17.014437279431515,1930
User07,3,1,0,2026-04-21,18,1,humidity,12.859144598064177,13.203730499286259,12.859144598064177,2021
User07,3,1,0,2026-04-22,19,1,humidity,8.442311395262859,9.579193204461097,8.358625691643521,1333
User07,3,1,0,2026-04-23,20,1,humidity,4.542218413704025,5.309139309518746,4.40660580469748,1147
User07,3,1,0,2026-04-24,21,1,humidity,6.8575098834291515,7.596984067728038,1.7554059783134266,1221
User07,3,1,0,2026-04-25,22,1,humidity,9.479293885157459,11.665798131573407,8.185893043820705,2304
User07,3,1,0,2026-04-26,23,1,humidity,8.249372414939453,10.84702158846112,8.186191775212897,1467
User07,3,1,0,2026-04-27,24,1,humidity,5.410599287322048,5.810185061176537,5.248689988075708,1138
User07,3,1,0,2026-04-28,25,1,humidity,4.049154052206503,4.748756731252386,2.997204098044723,1138
User07,3,1,0,2026-04-29,26,1,humidity,3.009693946977189,3.48420342079164,1.5238273768944584,1247
User07,3,1,0,2026-04-30,27,1,humidity,2.7141879854636017,3.5129451052254366,1.3515602834332818,1062
User07,3,1,0,2026-05-01,28,1,humidity,3.6850309944605093,4.666849870133594,-1.7861357293093219,1051
User07,3,1,0,2026-05-02,29,1,humidity,2.4520286018576622,3.0683782894820752,0.6389656438188298,1834
User07,3,1,0,2026-05-03,30,1,humidity,6.028503941834612,7.234392193635169,-5.157533187613115,1404
User07,3,1,0,2026-05-04,31,1,humidity,4.231504120921136,4.918100235884105,-0.6443727510658515,1064
User07,3,1,0,2026-05-05,32,1,humidity,8.155865587104895,8.51919264129435,8.155865587104895,870
User07,3,1,0,2026-05-06,33,1,humidity,4.532970354792661,4.9044592174735975,-4.495559258667986,1233
User07,3,1,0,2026-05-07,34,1,humidity,1.8500968331924803,2.451474305791673,1.0638806788222368,1232
User07,3,1,0,2026-05-08,35,1,humidity,3.9785351035538694,4.838670985244101,3.5654981680009024,345
User07,3,1,0,2026-05-09,36,1,humidity,4.744155912664969,5.5397639630360525,3.5200321226256857,947
User07,3,1,0,2026-05-10,37,1,humidity,5.347366106940775,6.121757267539388,5.315487716003048,1297
User07,3,1,0,2026-05-11,38,1,humidity,8.757791976786395,9.262511888012156,-8.75490443754472,2113
User07,3,1,0,2026-05-12,39,1,humidity,13.181182218905734,13.470908772201028,-13.181182218905734,1014
User07,3,1,0,2026-05-13,40,1,humidity,8.361514971785528,8.54118468438852,-8.361514971785528,1231
User07,3,1,0,2026-05-14,41,1,humidity,13.652876619002077,14.098794976863946,-13.652876619002077,891
User07,3,1,0,2026-05-15,42,1,humidity,12.015750008478369,12.460318323075535,-12.015750008478369,1116
User07,3,1,0,2026-05-16,43,1,humidity,2.8716506501523575,3.5408431112119803,2.091785493716113,1387
User07,3,1,0,2026-05-17,44,1,humidity,11.904263025055588,12.250413584412609,11.89011825765976,1246
User07,3,1,0,2026-05-18,45,1,humidity,8.99381326750229,10.30753863639931,7.970984223085393,1428
User07,3,1,0,2026-05-19,46,1,humidity,5.604419152713074,6.527909660516611,-5.323661767976497,1594
User07,3,1,0,2026-05-20,47,1,humidity,4.071498888733254,4.618277478145068,-3.950938133201079,1785
User07,3,1,0,2026-05-21,48,1,humidity,3.771635464801435,4.2527031313522885,-3.5984601275195045,881
User07,3,1,0,2026-05-22,49,1,humidity,6.003976374563451,6.47248740231448,6.003976374563451,1044
User07,3,1,0,2026-05-23,50,1,humidity,8.062099788037404,8.22365998940364,-8.062099788037404,703
User07,3,1,0,2026-05-24,51,1,humidity,11.258477462812476,12.004293209027578,-11.257033987287253,1215
User07,3,1,0,2026-05-25,52,1,humidity,11.28318116956857,11.634507861334598,-11.27296626510788,2037
User07,3,1,0,2026-05-26,53,1,humidity,17.865785317389903,18.03925198013032,-17.865785317389903,2014
User07,3,1,0,2026-05-27,54,1,humidity,14.164082449420395,14.346853588502892,-14.164082449420395,2204
User07,3,1,0,2026-05-28,55,1,humidity,6.791508219952271,6.969727407528288,-6.772603504457282,782
User07,3,1,0,2026-05-29,56,1,humidity,3.2593719863829036,4.068132655048347,-0.46627714957669175,871
User07,3,1,0,2026-05-30,57,1,humidity,10.225670533217656,10.555880054284186,-10.214381258919046,931
User07,3,1,0,2026-05-31,58,1,humidity,11.10698507485651,12.012926822629163,11.10698507485651,1227
User07,3,1,0,2026-06-01,59,1,humidity,8.608990004525495,9.205940841552984,8.606584767875074,979
User07,3,1,0,2026-06-02,60,1,humidity,1.2022014999171378,1.547385319635175,0.12043191809779177,872
User07,3,1,0,2026-06-03,61,1,humidity,4.307512493798205,4.840471827322594,-4.195222324821494,1394
User07,3,1,0,2026-06-06,62,1,humidity,4.446111069116007,4.776644195079486,4.445316040350486,1209
User07,3,1,0,2026-06-08,63,1,humidity,3.0187436879493554,3.637970889587272,2.7877428926326604,1054
User07,3,1,0,2026-06-09,64,1,humidity,10.403605695437976,11.806176489482313,10.403605695437976,1475
User07,3,1,0,2026-06-10,65,1,humidity,2.56431447832215,3.0931296404324318,1.8113826982397196,1550
User07,3,1,0,2026-06-11,66,1,humidity,3.0699538179140324,3.6812405005140607,2.87820436353573,1580
User07,3,1,0,2026-06-12,67,1,humidity,5.476934885512478,5.829449498188531,5.476591305505553,1021
User07,3,1,0,2026-06-14,68,1,humidity,6.816275908634762,7.584668264013115,-6.800300504959562,1308
User07,3,1,0,2026-06-15,69,1,humidity,2.7456119483598878,3.5495242504507725,-2.289221690355866,1368
User07,3,1,0,2026-06-16,70,1,humidity,4.09168146154349,4.456871748375069,4.076303784392828,1304
User07,3,1,0,2026-06-17,71,1,humidity,4.677329778045908,5.364997836052196,4.422673386327984,1835
User07,3,1,0,2026-06-18,72,1,humidity,3.212551054310482,3.872895065944944,2.6028901166735126,1376
User07,3,1,0,2026-06-19,73,1,humidity,13.220368266594607,13.43773872879286,-13.220368266594607,2144
User07,3,1,0,2026-06-20,74,1,humidity,5.425116188708453,6.276923925032189,-4.4626808093681865,1382
User07,3,1,0,2026-06-21,75,1,humidity,6.273591067132259,6.670610664351474,-6.076298590171191,1414
User07,3,1,0,2026-06-22,76,1,humidity,5.929585638664554,6.446359536271583,-5.695096562017439,1993
User07,3,1,0,2026-06-23,77,1,humidity,7.213486580159772,8.048563608511293,7.072403668032779,3249
User07,3,1,0,2026-06-24,78,1,humidity,7.085885017076205,7.398405866364906,7.085885017076205,2216
User07,3,1,0,2026-06-25,79,1,humidity,1.9284465557399981,2.3502337181213644,-1.436566900815035,1368
User07,3,1,0,2026-06-27,80,1,humidity,3.6637154762495237,4.130716978518989,3.5466383885304986,824
User07,3,1,0,2026-06-28,81,1,humidity,3.55816315651058,4.557127439371244,-1.9668750352750812,994
User07,3,1,0,2026-06-29,82,1,humidity,2.5972761320356583,3.227444395530254,-1.3615774686858213,804
User07,3,1,0,2026-06-30,83,1,humidity,5.459688806250707,5.86549435295657,5.456933195257848,906
User07,3,1,0,2026-07-01,84,1,humidity,7.226757722425821,7.486237147977852,-7.226757722425821,1461
User07,3,1,0,2026-07-02,85,1,humidity,5.912746007668779,6.43928894867594,-5.894291475307857,988
User07,3,1,0,2026-07-03,86,1,humidity,8.369030919776657,9.064829315455903,-8.34381013816612,1265
User07,3,1,0,2026-07-04,87,1,humidity,11.317351470961059,11.634506801150238,-11.317351470961059,819
User07,3,1,0,2026-07-05,88,1,humidity,18.89327226104091,19.056165519144322,-18.89327226104091,1200
User07,3,1,0,2026-07-06,89,1,humidity,17.528895685312634,17.74440532252393,-17.528895685312634,1549
User07,3,1,0,2026-07-07,90,1,humidity,11.067599951124375,11.755104546978293,-11.067599951124375,810
User07,3,1,0,2026-07-08,91,1,humidity,15.54537726665496,15.694485638995012,-15.54537726665496,1774
User07,3,1,0,2026-07-09,92,1,humidity,16.739061550185315,16.854548294519816,-16.739061550185315,2008
User07,3,1,0,2026-07-10,93,1,humidity,19.434431384318955,19.53112781114977,-19.434431384318955,1213
User07,3,1,0,2026-07-11,94,1,humidity,15.084581519193573,15.160675697821148,-15.084581519193573,764
User07,3,1,0,2026-07-13,95,1,humidity,15.848236480241097,15.998754565363566,-15.848236480241097,1751
User07,3,1,0,2026-07-14,96,1,humidity,17.13419212993274,17.253068161457353,-17.13419212993274,1829
User07,3,1,0,2026-07-15,97,1,humidity,10.424235598506053,10.63143298323666,-10.424235598506053,1044
User07,3,1,0,2026-07-16,98,1,humidity,13.73282477126145,13.910808891394678,-13.73282477126145,785
User07,3,1,0,2026-07-17,99,1,humidity,17.217885964387378,18.368899405973387,-17.211363962114206,2065
User07,3,1,0,2026-07-18,100,1,humidity,12.774166271008866,13.04092807774488,-12.774166271008866,1561
User07,3,1,1,2026-04-05,3,0,temperature,0.8145856228103904,1.0296364352228613,0.3926670711805649,1923
User07,3,1,1,2026-04-06,4,0,temperature,0.9419379807478189,1.2056442563213323,0.04816633446975222,1821
User07,3,1,1,2026-04-07,5,0,temperature,0.921788197024581,1.2149462229078019,-0.20939379547846093,1156
User07,3,1,1,2026-04-08,6,0,temperature,0.9538755524934215,1.1466361291553593,-0.05783312291395965,1809
User07,3,1,1,2026-04-09,7,0,temperature,0.8368841554384233,1.0001444197507185,0.24729588105190795,1844
User07,3,1,1,2026-04-10,8,0,temperature,0.9670585598407585,1.2891632463361384,0.2893277960326139,2118
User07,3,1,1,2026-04-11,9,0,temperature,0.9115927817641943,1.1198676514694124,0.09543267703020632,1737
User07,3,1,1,2026-04-13,10,0,temperature,0.9604494154983005,1.1331205368341206,0.3160135468734139,1780
User07,3,1,1,2026-04-14,11,0,temperature,0.7102061538567519,0.8943824489984039,0.13645717915319955,1829
User07,3,1,1,2026-04-15,12,0,temperature,0.7116149595826443,0.8712957197384925,0.116095007544959,1751
User07,3,1,1,2026-04-16,13,0,temperature,0.7874012978629048,1.009607945354629,-0.5790881095162141,1603
User07,3,1,1,2026-04-17,14,0,temperature,0.9627228925640471,1.1833637788619518,0.21924260735037132,709
User07,3,1,1,2026-04-18,15,0,temperature,0.8302903675418882,0.9383071643036394,0.16029717700610469,2201
User07,3,1,1,2026-04-19,16,1,temperature,0.7198690013657922,0.9850273598350543,-0.4421915450137786,1334
User07,3,1,1,2026-04-20,17,1,temperature,0.8135598261289712,1.1419054941089535,0.07171385061990139,1930
User07,3,1,1,2026-04-21,18,1,temperature,0.9310272303563616,1.1651682474940652,-0.15709950623130942,2021
User07,3,1,1,2026-04-22,19,1,temperature,0.8986249843660952,1.144456253688095,0.25976905418015944,1333
User07,3,1,1,2026-04-23,20,1,temperature,0.8908078634638804,1.0958970945947368,-0.0005761999400038871,1147
User07,3,1,1,2026-04-24,21,1,temperature,1.3472717551536224,1.787228799624569,-0.6898118123265279,1221
User07,3,1,1,2026-04-25,22,1,temperature,1.0626830929525637,1.2302752800431518,0.9150453610176196,2304
User07,3,1,1,2026-04-26,23,1,temperature,0.7056967155554341,0.9263211431202166,0.019293220396050345,1467
User07,3,1,1,2026-04-27,24,1,temperature,0.6657931854735386,0.8483795602969166,0.17227117942622008,1138
User07,3,1,1,2026-04-28,25,1,temperature,0.9731963433735821,1.1422362239170976,0.26832266608489963,1138
User07,3,1,1,2026-04-29,26,1,temperature,0.6705351205245391,0.7500657064406305,0.5354100425931541,1247
User07,3,1,1,2026-04-30,27,1,temperature,0.8302881093751299,0.9583788158536556,0.41198368284702025,1062
User07,3,1,1,2026-05-01,28,1,temperature,0.7481053228220614,1.0248258786034594,0.12919194104367662,1051
User07,3,1,1,2026-05-02,29,1,temperature,0.6664406418830766,0.7766689161640886,0.5254777955767882,1834
User07,3,1,1,2026-05-03,30,1,temperature,1.0086062089256507,1.2389894231937713,0.41993828741262296,1404
User07,3,1,1,2026-05-04,31,1,temperature,0.8954986545912261,1.0673533361115863,0.23608247602047544,1064
User07,3,1,1,2026-05-05,32,1,temperature,1.1038271417037628,1.2312108206511887,-0.6790734772480931,870
User07,3,1,1,2026-05-06,33,1,temperature,0.9289070571300034,1.0555455085181658,0.9287569037269182,1233
User07,3,1,1,2026-05-07,34,1,temperature,0.980030381853092,1.215268616588732,0.5182527299644343,1232
User07,3,1,1,2026-05-08,35,1,temperature,1.8284651874659132,1.887054695027781,1.8284651874659132,345
User07,3,1,1,2026-05-09,36,1,temperature,1.0311802807872235,1.2546072106762192,-0.14918932397621518,947
User07,3,1,1,2026-05-10,37,1,temperature,0.698777128711291,0.8609057451792214,0.39550035631652164,1297
User07,3,1,1,2026-05-11,38,1,temperature,0.8777784688737007,1.024083785279953,0.23143079640259856,2113
User07,3,1,1,2026-05-12,39,1,temperature,0.7484919433651619,0.8895826802777344,0.7066372962451919,1014
User07,3,1,1,2026-05-13,40,1,temperature,0.600766854947543,0.7200973015867143,0.5056966768833533,1231
User07,3,1,1,2026-05-14,41,1,temperature,0.45963384308358685,0.6014294209756265,-0.2825094964604225,891
User07,3,1,1,2026-05-15,42,1,temperature,0.33031809110966337,0.4440035315513344,-0.20560152448283067,1116
User07,3,1,1,2026-05-16,43,1,temperature,1.3498995404108165,1.476371532690061,-1.288389233314405,1387
User07,3,1,1,2026-05-17,44,1,temperature,0.5073547667201855,0.634157093904186,-0.35640325439525733,1246
User07,3,1,1,2026-05-18,45,1,temperature,0.813471881835219,0.9801143767142492,-0.7181966001447179,1428
User07,3,1,1,2026-05-19,46,1,temperature,1.2059337863351232,1.3319801263574143,-1.1205443825008126,1594
User07,3,1,1,2026-05-20,47,1,temperature,1.1761183874966687,1.2465336248277827,-1.1697553488697636,1785
User07,3,1,1,2026-05-21,48,1,temperature,1.0698985583418252,1.1411177236900738,-1.0515176220011098,881
User07,3,1,1,2026-05-22,49,1,temperature,0.5791131191237502,0.7157787974289815,-0.49495319059584064,1044
User07,3,1,1,2026-05-23,50,1,temperature,1.2792153458955395,1.3993066801603116,-1.2465250075151553,703
User07,3,1,1,2026-05-24,51,1,temperature,1.090312597213754,1.1852349616825892,-1.031796648057235,1215
User07,3,1,1,2026-05-25,52,1,temperature,1.256055163704152,1.3353818820234717,-1.230415459477367,2037
User07,3,1,1,2026-05-26,53,1,temperature,2.0982224716907143,2.1714363731941746,-2.0938260212188857,2014
User07,3,1,1,2026-05-27,54,1,temperature,2.0342922899155016,2.0899896213088294,-2.033002883840112,2204
User07,3,1,1,2026-05-28,55,1,temperature,2.0177073327618276,2.081661558752277,-2.0132002178812436,782
User07,3,1,1,2026-05-29,56,1,temperature,1.7291617913557167,1.8700754291671138,-1.726588353368222,871
User07,3,1,1,2026-05-30,57,1,temperature,1.3877529470051508,1.4802067736078293,-1.3377015450675651,931
User07,3,1,1,2026-05-31,58,1,temperature,2.1491237865374826,2.237192266726114,-1.8201005665609533,1227
User07,3,1,1,2026-06-01,59,1,temperature,2.4158052914913672,2.4827129746113408,-2.4156364709841576,979
User07,3,1,1,2026-06-02,60,1,temperature,3.063017671453771,3.143026815090314,-3.063017671453771,872
User07,3,1,1,2026-06-03,61,1,temperature,2.714052371069167,2.8073614737406727,-2.714052371069167,1394
User07,3,1,1,2026-06-06,62,1,temperature,2.3607011435270224,2.4490315995316463,-2.336587719971226,1209
User07,3,1,1,2026-06-08,63,1,temperature,1.9639477868209991,2.0223162960296586,-1.9627417450607563,1054
User07,3,1,1,2026-06-09,64,1,temperature,1.9763929603260422,2.046198282699189,-1.7106970851622962,1475
User07,3,1,1,2026-06-10,65,1,temperature,2.2810834217216165,2.3500772739235525,-2.2783450280034465,1550
User07,3,1,1,2026-06-11,66,1,temperature,2.1262358809576725,2.2003115152880297,-2.125623374349605,1580
User07,3,1,1,2026-06-12,67,1,temperature,1.9662660721592164,2.0183360694422614,-1.9658025536581207,1021
User07,3,1,1,2026-06-14,68,1,temperature,2.513422921451868,2.651808299111332,-2.513422921451868,1308
User07,3,1,1,2026-06-15,69,1,temperature,3.146993862422049,3.1822293495504153,-3.146993862422049,1368
User07,3,1,1,2026-06-16,70,1,temperature,3.1794560960097322,3.2282511157433498,-3.1776689419094857,1304
User07,3,1,1,2026-06-17,71,1,temperature,3.0388377025914184,3.102149680648034,-3.007189359950427,1835
User07,3,1,1,2026-06-18,72,1,temperature,3.4292360982080385,3.528075238088982,-3.428265949516503,1376
User07,3,1,1,2026-06-19,73,1,temperature,3.302855930770278,3.365590282624893,-3.302855930770278,2144
User07,3,1,1,2026-06-20,74,1,temperature,2.623935207911646,2.753073331931579,-2.3863345129967284,1382
User07,3,1,1,2026-06-21,75,1,temperature,2.220302272501641,2.303778035927709,-2.154968286949573,1414
User07,3,1,1,2026-06-22,76,1,temperature,2.5389134983610386,2.6221329588751474,-2.533794401860578,1993
User07,3,1,1,2026-06-23,77,1,temperature,2.5439210525747096,2.6344167521138,-2.5439210525747096,3249
User07,3,1,1,2026-06-24,78,1,temperature,2.5087573614592347,2.56799971408021,-2.5087573614592347,2216
User07,3,1,1,2026-06-25,79,1,temperature,2.554828797232771,2.6447738001777887,-2.529766395759666,1368
User07,3,1,1,2026-06-27,80,1,temperature,3.597441147530156,3.6771302537861077,-3.597441147530156,824
User07,3,1,1,2026-06-28,81,1,temperature,2.708890677556667,2.7815204580785213,-2.56062414466908,994
User07,3,1,1,2026-06-29,82,1,temperature,3.413383800087284,3.483834529582834,-3.413383800087284,804
User07,3,1,1,2026-06-30,83,1,temperature,3.1236043894178285,3.160310634349255,-3.1234530417190616,906
User07,3,1,1,2026-07-01,84,1,temperature,3.409504189677864,3.46630976430166,-3.409504189677864,1461
User07,3,1,1,2026-07-02,85,1,temperature,3.3896450331343257,3.432621315641166,-3.3896450331343257,988
User07,3,1,1,2026-07-03,86,1,temperature,3.0132318529821207,3.0283425908825383,-3.0132318529821207,1265
User07,3,1,1,2026-07-04,87,1,temperature,3.161732184919524,3.2107734033057875,-3.157206008892153,819
User07,3,1,1,2026-07-05,88,1,temperature,3.803181798528342,3.8493017905325044,-3.803181798528342,1200
User07,3,1,1,2026-07-06,89,1,temperature,3.7179183100706923,3.775258279769974,-3.7177707011089063,1549
User07,3,1,1,2026-07-07,90,1,temperature,3.77191888659385,3.8380691448071174,-3.77191888659385,810
User07,3,1,1,2026-07-08,91,1,temperature,4.047117643634655,4.073852252581618,-4.047117643634655,1774
User07,3,1,1,2026-07-09,92,1,temperature,4.316890790812997,4.348490333610406,-4.3154270167224285,2008
User07,3,1,1,2026-07-10,93,1,temperature,4.103715470039035,4.1278141056712325,-4.102726884431421,1213
User07,3,1,1,2026-07-11,94,1,temperature,4.106625201215155,4.13702209850557,-4.106625201215155,764
User07,3,1,1,2026-07-13,95,1,temperature,4.980838493763131,5.022379781461361,-4.980838493763131,1751
User07,3,1,1,2026-07-14,96,1,temperature,5.201430852261812,5.236795383863992,-5.200683962750268,1829
User07,3,1,1,2026-07-15,97,1,temperature,4.148034879317356,4.175774951262746,-4.148034879317356,1044
User07,3,1,1,2026-07-16,98,1,temperature,4.061181208619645,4.084195231836023,-4.061181208619645,785
User07,3,1,1,2026-07-17,99,1,temperature,4.92382270660584,5.04875297712338,-4.92240052741323,2065
User07,3,1,1,2026-07-18,100,1,temperature,3.864817719559593,3.9412773861152504,-3.864817719559593,1561
User07,3,1,1,2026-04-05,3,0,humidity,3.163286862320686,5.065060090915826,2.2734074590730597,1923
User07,3,1,1,2026-04-06,4,0,humidity,4.698533341838227,5.779157182843025,3.327732603403764,1821
User07,3,1,1,2026-04-07,5,0,humidity,5.738138101695198,6.606595172281465,5.575579317633422,1156
User07,3,1,1,2026-04-08,6,0,humidity,4.584498927220336,5.598807005286943,0.7600049395864614,1809
User07,3,1,1,2026-04-09,7,0,humidity,6.726799995456683,7.610925990928014,-6.490035880556235,1844
User07,3,1,1,2026-04-10,8,0,humidity,6.412022643198153,7.073444153067167,-5.633454590015951,2118
User07,3,1,1,2026-04-11,9,0,humidity,5.241060499600228,5.971292432733289,-4.718390024342556,1737
User07,3,1,1,2026-04-13,10,0,humidity,7.856581451608711,9.387319887044502,-6.512392967452675,1780
User07,3,1,1,2026-04-14,11,0,humidity,12.840429700274784,15.389217725927216,-12.469196323131774,1829
User07,3,1,1,2026-04-15,12,0,humidity,14.802191617449411,15.257167436208498,-14.802191617449411,1751
User07,3,1,1,2026-04-16,13,0,humidity,3.2693611498639057,4.207918175138463,1.5778893734554935,1603
User07,3,1,1,2026-04-17,14,0,humidity,8.065925752922917,8.482611208326542,8.065925752922917,709
User07,3,1,1,2026-04-18,15,0,humidity,3.281152758027228,3.6785728516676963,3.2068323866728345,2201
User07,3,1,1,2026-04-19,16,1,humidity,8.017450966662166,8.914626588313022,8.016772333028522,1334
User07,3,1,1,2026-04-20,17,1,humidity,17.96940985653977,18.2765726479592,17.96940985653977,1930
User07,3,1,1,2026-04-21,18,1,humidity,13.495867464991996,13.856588682715605,13.495867464991996,2021
User07,3,1,1,2026-04-22,19,1,humidity,9.331522651553858,10.367732631927812,9.312639629637468,1333
User07,3,1,1,2026-04-23,20,1,humidity,4.985016478188161,5.710058852991328,4.9208744805631905,1147
User07,3,1,1,2026-04-24,21,1,humidity,7.165297655526387,8.02159006351278,2.627763260521249,1221
User07,3,1,1,2026-04-25,22,1,humidity,9.323538780345467,11.361328204057994,8.205382263602713,2304
User07,3,1,1,2026-04-26,23,1,humidity,8.913721394598847,11.405276293174573,8.90118364391133,1467
User07,3,1,1,2026-04-27,24,1,humidity,6.2078633304133986,6.838361831661649,6.100365989242995,1138
User07,3,1,1,2026-04-28,25,1,humidity,4.289655529487031,5.0286294719408025,3.5648634526319736,1138
User07,3,1,1,2026-04-29,26,1,humidity,3.315185800530629,3.8745373928335463,1.6938313848123647,1247
User07,3,1,1,2026-04-30,27,1,humidity,3.010941594642266,3.8977786192967954,2.1562840395598393,1062
User07,3,1,1,2026-05-01,28,1,humidity,3.32473234765931,4.253625177564064,-1.2136232370338473,1051
User07,3,1,1,2026-05-02,29,1,humidity,2.5795912095673756,3.371300702460715,1.4626238260037634,1834
User07,3,1,1,2026-05-03,30,1,humidity,5.642596885744358,6.681386230379087,-4.288368097570812,1404
User07,3,1,1,2026-05-04,31,1,humidity,4.218565589395601,5.0275178860879794,-0.09971155880593767,1064
User07,3,1,1,2026-05-05,32,1,humidity,8.800525754832142,9.139893214679986,8.800525754832142,870
User07,3,1,1,2026-05-06,33,1,humidity,4.064378376418247,4.507146908239174,-3.797071820284951,1233
User07,3,1,1,2026-05-07,34,1,humidity,2.3829489330832394,2.9136688762361485,2.018939696294517,1232
User07,3,1,1,2026-05-08,35,1,humidity,4.382104070514969,5.201734446321727,4.223247118027835,345
User07,3,1,1,2026-05-09,36,1,humidity,4.939813735705594,6.045281152519831,4.22287458153591,947
User07,3,1,1,2026-05-10,37,1,humidity,6.085530234100356,7.138406930035818,6.06414767501097,1297
User07,3,1,1,2026-05-11,38,1,humidity,8.009551868122603,8.510498795325143,-7.850347660802167,2113
User07,3,1,1,2026-05-12,39,1,humidity,12.420213949656977,12.735484888569607,-12.387466462662037,1014
User07,3,1,1,2026-05-13,40,1,humidity,7.60676015712909,7.838458987113842,-7.606356510126226,1231
User07,3,1,1,2026-05-14,41,1,humidity,12.766854704017248,13.210450310210554,-12.766854704017248,891
User07,3,1,1,2026-05-15,42,1,humidity,12.008514761240388,12.504281954392688,-12.007724595403834,1116
User07,3,1,1,2026-05-16,43,1,humidity,3.4010252948313373,4.229249010463282,3.0289265312794242,1387
User07,3,1,1,2026-05-17,44,1,humidity,12.656873283832303,12.972285205942539,12.653245324914806,1246
User07,3,1,1,2026-05-18,45,1,humidity,9.962720261054091,11.373549025817331,9.214979253501246,1428
User07,3,1,1,2026-05-19,46,1,humidity,4.907113688118005,5.752006616656135,-4.063979758947882,1594
User07,3,1,1,2026-05-20,47,1,humidity,3.4922036163306234,3.9813274010916864,-3.044684638119795,1785
User07,3,1,1,2026-05-21,48,1,humidity,3.5248983360417143,3.9934557966591058,-2.9173999936179507,881
User07,3,1,1,2026-05-22,49,1,humidity,6.4639919407087465,6.931969591817985,6.4639919407087465,1044
User07,3,1,1,2026-05-23,50,1,humidity,7.180447178875528,7.426509324304827,-7.1781605609375445,703
User07,3,1,1,2026-05-24,51,1,humidity,10.285939747088975,11.157978068504752,-10.245777649216345,1215
User07,3,1,1,2026-05-25,52,1,humidity,10.738925322208923,11.138593356886059,-10.699050772696873,2037
User07,3,1,1,2026-05-26,53,1,humidity,16.80711682549662,17.04422173792205,-16.80711682549662,2014
User07,3,1,1,2026-05-27,54,1,humidity,13.635344644041494,13.8649874287955,-13.635333156300604,2204
User07,3,1,1,2026-05-28,55,1,humidity,6.474514877374564,6.731257528344569,-6.435965017744225,782
User07,3,1,1,2026-05-29,56,1,humidity,3.231189816743738,4.112657080439173,0.2930085062610203,871
User07,3,1,1,2026-05-30,57,1,humidity,9.362671615654884,9.78529370676908,-9.196620241370434,931
User07,3,1,1,2026-05-31,58,1,humidity,12.644935749308184,13.814491540144965,12.644935749308184,1227
User07,3,1,1,2026-06-01,59,1,humidity,8.775286016786376,9.38801652268153,8.775286016786376,979
User07,3,1,1,2026-06-02,60,1,humidity,1.350827856305864,1.7916941687138528,0.64698884167095,872
User07,3,1,1,2026-06-03,61,1,humidity,3.6878710758138555,4.259216981009049,-3.397770126432089,1394
User07,3,1,1,2026-06-06,62,1,humidity,4.913555903493706,5.4093522259394655,4.913555903493706,1209
User07,3,1,1,2026-06-08,63,1,humidity,3.355219472452933,4.185312626777392,3.2390737042182973,1054
User07,3,1,1,2026-06-09,64,1,humidity,11.034099597577857,12.85552210184699,11.034099597577857,1475
User07,3,1,1,2026-06-10,65,1,humidity,3.058251862546494,3.8873176389576143,2.7504482575787517,1550
User07,3,1,1,2026-06-11,66,1,humidity,3.628976117197515,4.5999921758834885,3.555698286153442,1580
User07,3,1,1,2026-06-12,67,1,humidity,5.909975298863035,6.394345059023154,5.909247058162424,1021
User07,3,1,1,2026-06-14,68,1,humidity,6.251918876534837,7.19622588107267,-6.136635407029516,1308
User07,3,1,1,2026-06-15,69,1,humidity,2.7437539751730706,3.529764065047146,-1.7741710059558278,1368
User07,3,1,1,2026-06-16,70,1,humidity,4.700366742031827,5.131167773752097,4.695364347773788,1304
User07,3,1,1,2026-06-17,71,1,humidity,5.527869339300305,6.304891628162715,5.384817703807255,1835
User07,3,1,1,2026-06-18,72,1,humidity,3.549934240053604,4.610192688343488,3.268949166165444,1376
User07,3,1,1,2026-06-19,73,1,humidity,12.764566073250023,13.06432225987402,-12.764566073250023,2144
User07,3,1,1,2026-06-20,74,1,humidity,5.58726716482138,6.515283441151355,-4.057777209181129,1382
User07,3,1,1,2026-06-21,75,1,humidity,5.915547028723482,6.4512354023055565,-5.37493775256549,1414
User07,3,1,1,2026-06-22,76,1,humidity,5.860617269018413,6.376157864984029,-5.6438313540470215,1993
User07,3,1,1,2026-06-23,77,1,humidity,6.8299827083620555,7.646958016792246,6.752350600987859,3249
User07,3,1,1,2026-06-24,78,1,humidity,7.135580714051112,7.369005853196236,7.135580714051112,2216
User07,3,1,1,2026-06-25,79,1,humidity,2.0925228754136467,2.5939552344578125,-0.8703562669574879,1368
User07,3,1,1,2026-06-27,80,1,humidity,4.2505841484226154,4.840926274446784,4.196573679190388,824
User07,3,1,1,2026-06-28,81,1,humidity,3.716295904827255,5.165251043749797,-0.8618396978519177,994
User07,3,1,1,2026-06-29,82,1,humidity,2.655762613761632,3.2414375318763744,-0.7907512319885963,804
User07,3,1,1,2026-06-30,83,1,humidity,6.3486997031370045,6.896110984502376,6.3469063510809285,906
User07,3,1,1,2026-07-01,84,1,humidity,6.469558477693341,6.8279854651995935,-6.463932848289327,1461
User07,3,1,1,2026-07-02,85,1,humidity,5.518067730406804,6.038682788714661,-5.422817309978786,988
User07,3,1,1,2026-07-03,86,1,humidity,8.29009054868871,9.177977365555549,-8.209016962683384,1265
User07,3,1,1,2026-07-04,87,1,humidity,11.016494953979596,11.402301470351665,-10.994181956485159,819
User07,3,1,1,2026-07-05,88,1,humidity,18.275204620982734,18.472807652458684,-18.275204620982734,1200
User07,3,1,1,2026-07-06,89,1,humidity,16.804073266574576,16.991837827213853,-16.804073266574576,1549
User07,3,1,1,2026-07-07,90,1,humidity,10.231980687446917,10.973372881312969,-10.222064309139354,810
User07,3,1,1,2026-07-08,91,1,humidity,14.912249076887997,15.111700053321393,-14.912249076887997,1774
User07,3,1,1,2026-07-09,92,1,humidity,15.853586298322977,16.00581053413256,-15.852427932539626,2008
User07,3,1,1,2026-07-10,93,1,humidity,18.660834541248807,18.814802399936877,-18.660834541248807,1213
User07,3,1,1,2026-07-11,94,1,humidity,14.512370784565993,14.67686761457483,-14.512370784565993,764
User07,3,1,1,2026-07-13,95,1,humidity,15.374317441629744,15.595008641990676,-15.374317441629744,1751
User07,3,1,1,2026-07-14,96,1,humidity,16.46047072937887,16.658191200505847,-16.46047072937887,1829
User07,3,1,1,2026-07-15,97,1,humidity,9.653633817857132,9.999743225990136,-9.653633817857132,1044
User07,3,1,1,2026-07-16,98,1,humidity,12.893509814274989,13.130392744359023,-12.893509814274989,785
User07,3,1,1,2026-07-17,99,1,humidity,16.310788803943304,17.656942387680772,-16.248073768882332,2065
User07,3,1,1,2026-07-18,100,1,humidity,11.841656840503115,12.131495074498282,-11.841656840503115,1561
User07,3,1,2,2026-04-05,3,0,temperature,0.8368980661348024,1.0417512530783608,0.4303202197683003,1923
User07,3,1,2,2026-04-06,4,0,temperature,0.9613320805014044,1.2180622958990004,0.08603222349293688,1821
User07,3,1,2,2026-04-07,5,0,temperature,0.9099837919522643,1.1842876028891651,-0.20426551236485008,1156
User07,3,1,2,2026-04-08,6,0,temperature,0.9519375972805271,1.13286656823774,-0.07147580481988668,1809
User07,3,1,2,2026-04-09,7,0,temperature,0.8240122906580428,0.9632989188490532,0.23463464778651394,1844
User07,3,1,2,2026-04-10,8,0,temperature,0.9328686131429272,1.2604961138608404,0.2828813004623892,2118
User07,3,1,2,2026-04-11,9,0,temperature,0.9026603149740268,1.111841644723553,0.13210964154609897,1737
User07,3,1,2,2026-04-13,10,0,temperature,0.9127281029328035,1.0732010325697785,0.25953465491456246,1780
User07,3,1,2,2026-04-14,11,0,temperature,0.7410549796856717,0.9240811241729057,0.23039017500107367,1829
User07,3,1,2,2026-04-15,12,0,temperature,0.7222960686262918,0.8835827068652384,0.15018703897601413,1751
User07,3,1,2,2026-04-16,13,0,temperature,0.7760450355607165,1.0082074837210566,-0.5548911579641614,1603
User07,3,1,2,2026-04-17,14,0,temperature,1.0098647644347745,1.2229597599215511,0.14273870771516903,709
User07,3,1,2,2026-04-18,15,0,temperature,0.8431551185420344,0.9688484089096171,0.24190895513488672,2201
User07,3,1,2,2026-04-19,16,1,temperature,0.7118822787060943,0.9492828621915962,-0.46237178970560106,1334
User07,3,1,2,2026-04-20,17,1,temperature,0.7476548611314435,1.0391769588881135,0.03912310338638965,1930
User07,3,1,2,2026-04-21,18,1,temperature,0.9385162721677178,1.1630071749593032,-0.16106054448569687,2021
User07,3,1,2,2026-04-22,19,1,temperature,0.8571584368699129,1.0517608297006076,0.2665238061329506,1333
User07,3,1,2,2026-04-23,20,1,temperature,0.8440730253955622,1.0621198917228176,0.038455844683086125,1147
User07,3,1,2,2026-04-24,21,1,temperature,1.36035152960675,1.8013597480080437,-0.7047693852011231,1221
User07,3,1,2,2026-04-25,22,1,temperature,1.329336462061525,1.5745431624215793,1.1973175849379534,2304
User07,3,1,2,2026-04-26,23,1,temperature,0.6950588440738245,0.9086599304370271,0.036871123169444575,1467
User07,3,1,2,2026-04-27,24,1,temperature,0.6643187176245025,0.8527139846544182,0.17093687057421914,1138
User07,3,1,2,2026-04-28,25,1,temperature,0.9353361659695616,1.090707822473871,0.2513899688463984,1138
User07,3,1,2,2026-04-29,26,1,temperature,0.6815942873724116,0.7453429170420743,0.5448277122456355,1247
User07,3,1,2,2026-04-30,27,1,temperature,0.8541955056913857,0.9806518078466662,0.4265890402254442,1062
User07,3,1,2,2026-05-01,28,1,temperature,0.7956473840021913,1.0681195721807764,0.1769959090671664,1051
User07,3,1,2,2026-05-02,29,1,temperature,0.6447534508237416,0.7823982694099121,0.5534632999854996,1834
User07,3,1,2,2026-05-03,30,1,temperature,0.9947022329742291,1.1983656003045826,0.4404550113506539,1404
User07,3,1,2,2026-05-04,31,1,temperature,0.9174318171759533,1.103576921462117,0.25147362726240075,1064
User07,3,1,2,2026-05-05,32,1,temperature,1.0751500364862376,1.206875590702072,-0.6520528651942328,870
User07,3,1,2,2026-05-06,33,1,temperature,0.8536383379416806,0.952996693304513,0.8526262365090619,1233
User07,3,1,2,2026-05-07,34,1,temperature,1.0202626958756817,1.2582554862830222,0.5534374645270758,1232
User07,3,1,2,2026-05-08,35,1,temperature,1.8974603824587641,1.948328363904589,1.8974603824587641,345
User07,3,1,2,2026-05-09,36,1,temperature,1.0106182886388972,1.2260327583050157,-0.10089136430508093,947
User07,3,1,2,2026-05-10,37,1,temperature,0.7157592743262093,0.8641506135487595,0.43178974628741096,1297
User07,3,1,2,2026-05-11,38,1,temperature,0.8609454056631429,1.0074192526995485,0.1694329201303045,2113
User07,3,1,2,2026-05-12,39,1,temperature,0.679563980776615,0.817931741425297,0.657265847693624,1014
User07,3,1,2,2026-05-13,40,1,temperature,0.6470915110742764,0.756435963758714,0.5642977956902739,1231
User07,3,1,2,2026-05-14,41,1,temperature,0.42436867502823394,0.582281767112019,-0.245652576935879,891
User07,3,1,2,2026-05-15,42,1,temperature,0.33543461409677133,0.4819837107472099,-0.15689037745214662,1116
User07,3,1,2,2026-05-16,43,1,temperature,1.3484283026005446,1.4809233928867322,-1.321089116499335,1387
User07,3,1,2,2026-05-17,44,1,temperature,0.5054629341493824,0.6209103763600897,-0.4063423296738792,1246
User07,3,1,2,2026-05-18,45,1,temperature,0.8053963033688132,0.9541426731058211,-0.7700060550762966,1428
User07,3,1,2,2026-05-19,46,1,temperature,1.1863984366009936,1.2831111328655251,-1.1607453275765518,1594
User07,3,1,2,2026-05-20,47,1,temperature,1.1728822012123297,1.2319679771660714,-1.1645415517697897,1785
User07,3,1,2,2026-05-21,48,1,temperature,1.0060200040332279,1.0825107408107917,-0.9991553575794775,881
User07,3,1,2,2026-05-22,49,1,temperature,0.600638337552222,0.7469715617242431,-0.47489114552941614,1044
User07,3,1,2,2026-05-23,50,1,temperature,1.3345851728748859,1.4411155654331462,-1.2255959904371272,703
User07,3,1,2,2026-05-24,51,1,temperature,1.0709398962111254,1.160758159728908,-1.0323491600141323,1215
User07,3,1,2,2026-05-25,52,1,temperature,1.2149122107950305,1.2999399322740228,-1.1896068767139658,2037
User07,3,1,2,2026-05-26,53,1,temperature,2.077664205831719,2.1486920902738365,-2.0707504214872237,2014
User07,3,1,2,2026-05-27,54,1,temperature,1.980702739133391,2.0308381084339495,-1.980702739133391,2204
User07,3,1,2,2026-05-28,55,1,temperature,2.0380259387471833,2.1173422296941666,-2.032183107152285,782
User07,3,1,2,2026-05-29,56,1,temperature,1.6628862694592081,1.7880017031102664,-1.6612759872798055,871
User07,3,1,2,2026-05-30,57,1,temperature,1.433597515942815,1.5339917630020858,-1.4318155173503238,931
User07,3,1,2,2026-05-31,58,1,temperature,2.076724001805746,2.155814017229666,-2.02936392908058,1227
User07,3,1,2,2026-06-01,59,1,temperature,2.3248754139403895,2.3922616424894056,-2.3236402965852885,979
User07,3,1,2,2026-06-02,60,1,temperature,3.0665563942038236,3.1533169678749013,-3.0665563942038236,872
User07,3,1,2,2026-06-03,61,1,temperature,2.6482631658378777,2.7456842370801966,-2.6482631658378777,1394
User07,3,1,2,2026-06-06,62,1,temperature,2.266767333551976,2.3382043481416988,-2.255529568990666,1209
User07,3,1,2,2026-06-08,63,1,temperature,1.9275556294158112,1.9778188678583004,-1.9275474584164065,1054
User07,3,1,2,2026-06-09,64,1,temperature,1.8868770296450803,1.9549876137827125,-1.6657997351558966,1475
User07,3,1,2,2026-06-10,65,1,temperature,2.2687926373191902,2.3484528126082753,-2.2586046403903652,1550
User07,3,1,2,2026-06-11,66,1,temperature,2.130072474011322,2.1865460131120744,-2.130072474011322,1580
User07,3,1,2,2026-06-12,67,1,temperature,1.931617593843393,1.9686379286954598,-1.931617593843393,1021
User07,3,1,2,2026-06-14,68,1,temperature,2.5027301662721984,2.647336031801424,-2.5027301662721984,1308
User07,3,1,2,2026-06-15,69,1,temperature,3.1912975214690187,3.2204818073247283,-3.1912975214690187,1368
User07,3,1,2,2026-06-16,70,1,temperature,3.1361281779846686,3.1876236376189047,-3.1361281779846686,1304
User07,3,1,2,2026-06-17,71,1,temperature,3.102640204592655,3.1375608046021117,-3.066511215691241,1835
User07,3,1,2,2026-06-18,72,1,temperature,3.3897389274951975,3.5029374875430137,-3.3873548044421193,1376
User07,3,1,2,2026-06-19,73,1,temperature,3.3317394160382374,3.389110645922078,-3.3317394160382374,2144
User07,3,1,2,2026-06-20,74,1,temperature,2.627650275866234,2.7521175483004834,-2.422904281680883,1382
User07,3,1,2,2026-06-21,75,1,temperature,2.18966330628429,2.2839876741403273,-2.11621087082229,1414
User07,3,1,2,2026-06-22,76,1,temperature,2.4884942289706964,2.583851923100352,-2.4863633060390002,1993
User07,3,1,2,2026-06-23,77,1,temperature,2.452889403675369,2.559732386735466,-2.452889403675369,3249
User07,3,1,2,2026-06-24,78,1,temperature,2.4455946835461977,2.5011843470165083,-2.4442451852410056,2216
User07,3,1,2,2026-06-25,79,1,temperature,2.5110692409428617,2.592501583957737,-2.5046630285865854,1368
User07,3,1,2,2026-06-27,80,1,temperature,3.645287465452769,3.721741861908183,-3.645287465452769,824
User07,3,1,2,2026-06-28,81,1,temperature,2.7711864332262555,2.8362293916216097,-2.657372882532476,994
User07,3,1,2,2026-06-29,82,1,temperature,3.3501306199943537,3.415688342233646,-3.3501306199943537,804
User07,3,1,2,2026-06-30,83,1,temperature,3.1474839106874732,3.173032919561796,-3.1453766258901874,906
User07,3,1,2,2026-07-01,84,1,temperature,3.4335754761568484,3.4847958821662437,-3.4335754761568484,1461
User07,3,1,2,2026-07-02,85,1,temperature,3.323424582036853,3.364933948520278,-3.319314318348557,988
User07,3,1,2,2026-07-03,86,1,temperature,2.9683652369233697,2.9864124360847772,-2.9683652369233697,1265
User07,3,1,2,2026-07-04,87,1,temperature,3.144998063778033,3.1870560662305722,-3.1417579483092677,819
User07,3,1,2,2026-07-05,88,1,temperature,3.8018986265104977,3.845130270778533,-3.8018986265104977,1200
User07,3,1,2,2026-07-06,89,1,temperature,3.72953183402409,3.7895804042931664,-3.72953183402409,1549
User07,3,1,2,2026-07-07,90,1,temperature,3.7371924287121234,3.8055641879313717,-3.7371924287121234,810
User07,3,1,2,2026-07-08,91,1,temperature,4.010147996268994,4.03686853902988,-4.010147996268994,1774
User07,3,1,2,2026-07-09,92,1,temperature,4.344975495339695,4.37369509223775,-4.34439369824695,2008
User07,3,1,2,2026-07-10,93,1,temperature,4.104081211361443,4.120619056480212,-4.104081211361443,1213
User07,3,1,2,2026-07-11,94,1,temperature,4.158352491169242,4.183644440801818,-4.158352491169242,764
User07,3,1,2,2026-07-13,95,1,temperature,4.913298163171925,4.961718093116232,-4.913298163171925,1751
User07,3,1,2,2026-07-14,96,1,temperature,5.205857993151636,5.234627626142279,-5.205857993151636,1829
User07,3,1,2,2026-07-15,97,1,temperature,4.080755727621625,4.1102773647807656,-4.080755727621625,1044
User07,3,1,2,2026-07-16,98,1,temperature,4.020229212112533,4.038653683410899,-4.020229212112533,785
User07,3,1,2,2026-07-17,99,1,temperature,4.969737307907069,5.098557864831685,-4.966221351608179,2065
User07,3,1,2,2026-07-18,100,1,temperature,3.867127520472934,3.9363625897951993,-3.867127520472934,1561
User07,3,1,2,2026-04-05,3,0,humidity,3.2235471244657776,5.262439368895439,2.08856756103773,1923
User07,3,1,2,2026-04-06,4,0,humidity,4.239407533817425,5.295733266613012,2.8727286762216213,1821
User07,3,1,2,2026-04-07,5,0,humidity,5.340101197219138,6.009372266306273,5.17442970915761,1156
User07,3,1,2,2026-04-08,6,0,humidity,4.459198890080818,5.421397611437962,0.41404526901498806,1809
User07,3,1,2,2026-04-09,7,0,humidity,7.043074915483433,7.8939835802749805,-6.987651292610083,1844
User07,3,1,2,2026-04-10,8,0,humidity,6.278036466189487,6.93602185057323,-5.694692927615643,2118
User07,3,1,2,2026-04-11,9,0,humidity,5.291394357903321,6.067331688738314,-4.83496576270719,1737
User07,3,1,2,2026-04-13,10,0,humidity,8.403303716108658,9.890670452332706,-7.0037594878897975,1780
User07,3,1,2,2026-04-14,11,0,humidity,13.190650011096432,15.816469590495577,-12.752038362684196,1829
User07,3,1,2,2026-04-15,12,0,humidity,15.23973782416566,15.742535708753365,-15.23973782416566,1751
User07,3,1,2,2026-04-16,13,0,humidity,3.301443079115135,4.239436698999923,1.1857425347793855,1603
User07,3,1,2,2026-04-17,14,0,humidity,7.04521637770851,7.398555548548385,7.04521637770851,709
User07,3,1,2,2026-04-18,15,0,humidity,4.2489732987649464,4.4936422007852235,4.161815444733021,2201
User07,3,1,2,2026-04-19,16,1,humidity,7.560633867558353,8.367753270245382,7.560633867558353,1334
User07,3,1,2,2026-04-20,17,1,humidity,17.75379020469451,17.95369582040599,17.75379020469451,1930
User07,3,1,2,2026-04-21,18,1,humidity,12.759314007788893,13.094062709378427,12.759314007788893,2021
User07,3,1,2,2026-04-22,19,1,humidity,8.709560102195688,9.967709288362391,8.674943568553475,1333
User07,3,1,2,2026-04-23,20,1,humidity,4.728968228107902,5.552257410643836,4.629990043521294,1147
User07,3,1,2,2026-04-24,21,1,humidity,6.874966405465803,7.596269178956971,2.1196892014049245,1221
User07,3,1,2,2026-04-25,22,1,humidity,10.300245057790317,12.746824556846567,9.258048820936086,2304
User07,3,1,2,2026-04-26,23,1,humidity,8.658196053808451,11.27229508703094,8.586316877060716,1467
User07,3,1,2,2026-04-27,24,1,humidity,5.737840657735484,6.320530562256245,5.610904220210045,1138
User07,3,1,2,2026-04-28,25,1,humidity,3.8670410528104866,4.662965858229693,3.1749403671951537,1138
User07,3,1,2,2026-04-29,26,1,humidity,3.3208156166061844,3.7639768144516648,1.6332252563277772,1247
User07,3,1,2,2026-04-30,27,1,humidity,2.676266112622358,3.507249512018137,1.3941469559859523,1062
User07,3,1,2,2026-05-01,28,1,humidity,3.407873803072803,4.380133095469607,-1.4463201507859604,1051
User07,3,1,2,2026-05-02,29,1,humidity,2.2696188408970728,2.896586509248916,1.0044478795699983,1834
User07,3,1,2,2026-05-03,30,1,humidity,5.977851664193388,7.0793344646695395,-4.776049000425709,1404
User07,3,1,2,2026-05-04,31,1,humidity,3.8927710496845265,4.7010685682429605,-0.03457834192780429,1064
User07,3,1,2,2026-05-05,32,1,humidity,8.437301897288764,8.78751788328943,8.437301897288764,870
User07,3,1,2,2026-05-06,33,1,humidity,4.15674478769039,4.605068004741074,-4.107119259576772,1233
User07,3,1,2,2026-05-07,34,1,humidity,1.918695016120766,2.4703156805348314,1.35530586114535,1232
User07,3,1,2,2026-05-08,35,1,humidity,4.187164279489299,4.9836093737985285,3.788954663749406,345
User07,3,1,2,2026-05-09,36,1,humidity,4.7296368153078765,5.549843087099979,3.8572457927839467,947
User07,3,1,2,2026-05-10,37,1,humidity,5.368136326602628,6.1397227922434,5.3558619787701165,1297
User07,3,1,2,2026-05-11,38,1,humidity,8.426628869951086,8.889285262700188,-8.426478750942087,2113
User07,3,1,2,2026-05-12,39,1,humidity,13.022456095960466,13.378658887647312,-13.012686638679435,1014
User07,3,1,2,2026-05-13,40,1,humidity,7.931233153514955,8.176809001068957,-7.931233153514955,1231
User07,3,1,2,2026-05-14,41,1,humidity,13.487149364182574,13.974587808118713,-13.487149364182574,891
User07,3,1,2,2026-05-15,42,1,humidity,12.020636648282828,12.531056041436353,-12.020533961922954,1116
User07,3,1,2,2026-05-16,43,1,humidity,3.0041601803225877,3.70998173999077,2.4728496613997692,1387
User07,3,1,2,2026-05-17,44,1,humidity,11.976846570746886,12.281427519402179,11.975310679988533,1246
User07,3,1,2,2026-05-18,45,1,humidity,9.202802189771852,10.558479675561285,8.218577522896505,1428
User07,3,1,2,2026-05-19,46,1,humidity,5.516909371959655,6.309399094329666,-5.180156234732752,1594
User07,3,1,2,2026-05-20,47,1,humidity,3.9738587851244893,4.473245534041468,-3.860172372441544,1785
User07,3,1,2,2026-05-21,48,1,humidity,4.023400733776442,4.57553270303216,-3.810707935273938,881
User07,3,1,2,2026-05-22,49,1,humidity,6.401931114873616,6.879187571481796,6.401931114873616,1044
User07,3,1,2,2026-05-23,50,1,humidity,8.00054008565848,8.237445962294899,-8.00054008565848,703
User07,3,1,2,2026-05-24,51,1,humidity,11.325094839745033,12.159208362358465,-11.314400814385111,1215
User07,3,1,2,2026-05-25,52,1,humidity,11.109799765247631,11.419562477757754,-11.109799765247631,2037
User07,3,1,2,2026-05-26,53,1,humidity,17.61551652465576,17.783391488649094,-17.61551652465576,2014
User07,3,1,2,2026-05-27,54,1,humidity,14.211622624522134,14.420219558557859,-14.211622624522134,2204
User07,3,1,2,2026-05-28,55,1,humidity,6.949141642161979,7.14973322391297,-6.904951158746919,782
User07,3,1,2,2026-05-29,56,1,humidity,3.006985413796405,3.8787526179109313,0.042024982592306276,871
User07,3,1,2,2026-05-30,57,1,humidity,9.683028942450216,10.039715988545376,-9.683028942450216,931
User07,3,1,2,2026-05-31,58,1,humidity,11.34407123015796,12.296240003693592,11.34407123015796,1227
User07,3,1,2,2026-06-01,59,1,humidity,8.678737876631606,9.400536727311373,8.669219349346363,979
User07,3,1,2,2026-06-02,60,1,humidity,1.4060551712314098,1.7268771669209781,0.7727775784001732,872
User07,3,1,2,2026-06-03,61,1,humidity,4.134986399222208,4.615519184244401,-3.955581074849605,1394
User07,3,1,2,2026-06-06,62,1,humidity,4.625866174698915,5.120252186746727,4.625866174698915,1209
User07,3,1,2,2026-06-08,63,1,humidity,3.100553539269773,3.683777426080795,2.913585900304069,1054
User07,3,1,2,2026-06-09,64,1,humidity,10.942333242119485,12.770540567174079,10.936199381201112,1475
User07,3,1,2,2026-06-10,65,1,humidity,2.7272275563235526,3.5318545341657797,2.404591386909123,1550
User07,3,1,2,2026-06-11,66,1,humidity,2.974095885380164,3.555081762128833,2.728114381125131,1580
User07,3,1,2,2026-06-12,67,1,humidity,5.550701776153602,6.004331599009032,5.549915453563913,1021
User07,3,1,2,2026-06-14,68,1,humidity,6.619605902201093,7.391027652415479,-6.617154610507984,1308
User07,3,1,2,2026-06-15,69,1,humidity,3.0256422507714515,3.82054256243552,-2.4777968018398706,1368
User07,3,1,2,2026-06-16,70,1,humidity,4.473758570032008,4.859632798479741,4.468982036062663,1304
User07,3,1,2,2026-06-17,71,1,humidity,4.842114045386374,5.644981607556492,4.615983780618453,1835
User07,3,1,2,2026-06-18,72,1,humidity,3.5883933505732823,4.807613698908448,2.9601947388916274,1376
User07,3,1,2,2026-06-19,73,1,humidity,13.228910916294494,13.476042387338936,-13.228910916294494,2144
User07,3,1,2,2026-06-20,74,1,humidity,5.503921259192437,6.392201677687405,-4.072369677803524,1382
User07,3,1,2,2026-06-21,75,1,humidity,6.069668125906592,6.547510411943834,-5.596960658285592,1414
User07,3,1,2,2026-06-22,76,1,humidity,5.359124275405363,6.01224674604659,-4.974241938703596,1993
User07,3,1,2,2026-06-23,77,1,humidity,8.115551977812414,9.06561286642565,7.907121227177094,3249
User07,3,1,2,2026-06-24,78,1,humidity,7.582946629548758,8.140149235276263,7.582946629548758,2216
User07,3,1,2,2026-06-25,79,1,humidity,2.0549999621089805,2.551603698649323,-1.2913521180929894,1368
User07,3,1,2,2026-06-27,80,1,humidity,3.7775742396662957,4.236332278766826,3.6526907533769193,824
User07,3,1,2,2026-06-28,81,1,humidity,4.099716467424362,5.548598062095407,-1.8327221482810148,994
User07,3,1,2,2026-06-29,82,1,humidity,2.8397273796370492,3.6001571559784264,-1.3679673748664665,804
User07,3,1,2,2026-06-30,83,1,humidity,5.333197000426743,5.874950488615091,5.331566571085988,906
User07,3,1,2,2026-07-01,84,1,humidity,7.321556558601502,7.624403215946529,-7.320761308830719,1461
User07,3,1,2,2026-07-02,85,1,humidity,5.977680469694291,6.64988681934141,-5.856761590222924,988
User07,3,1,2,2026-07-03,86,1,humidity,7.713136078285576,8.289706807876996,-7.660382370124341,1265
User07,3,1,2,2026-07-04,87,1,humidity,11.012606048588387,11.352455091280042,-10.995622048193736,819
User07,3,1,2,2026-07-05,88,1,humidity,18.886919047778985,19.036697178558345,-18.886919047778985,1200
User07,3,1,2,2026-07-06,89,1,humidity,17.61973582226969,17.852216028500212,-17.61973582226969,1549
User07,3,1,2,2026-07-07,90,1,humidity,10.82064722593824,11.52312771356163,-10.81800157458452,810
User07,3,1,2,2026-07-08,91,1,humidity,15.170138189942078,15.32631570833968,-15.170138189942078,1774
User07,3,1,2,2026-07-09,92,1,humidity,16.616459627206464,16.741147992211335,-16.616264967216395,2008
User07,3,1,2,2026-07-10,93,1,humidity,19.787547578513674,19.911147559427054,-19.787547578513674,1213
User07,3,1,2,2026-07-11,94,1,humidity,14.789731538240892,14.917757317102641,-14.789731538240892,764
User07,3,1,2,2026-07-13,95,1,humidity,15.718830333279135,15.891413566284132,-15.718830333279135,1751
User07,3,1,2,2026-07-14,96,1,humidity,17.17986049607999,17.31449913190736,-17.17986049607999,1829
User07,3,1,2,2026-07-15,97,1,humidity,10.131072111121291,10.377749990136074,-10.131072111121291,1044
User07,3,1,2,2026-07-16,98,1,humidity,13.33302616196419,13.527570688467463,-13.33302616196419,785
User07,3,1,2,2026-07-17,99,1,humidity,16.732372786940708,18.02274874598596,-16.677447450797214,2065
User07,3,1,2,2026-07-18,100,1,humidity,12.646041015485427,12.905703712292938,-12.646041015485427,1561
User07,3,3,0,2026-04-07,5,0,temperature,0.8798193029944391,1.1850139216563234,-0.3782230179283439,1156
User07,3,3,0,2026-04-08,6,0,temperature,0.8045829611773332,1.0201990569494945,-0.27401808144522116,1809
User07,3,3,0,2026-04-09,7,0,temperature,0.6769665057916381,0.856722708462627,-0.046539876202056026,1844
User07,3,3,0,2026-04-10,8,0,temperature,0.8301804285843208,1.1664231199639432,0.11649988495022434,2118
User07,3,3,0,2026-04-11,9,0,temperature,0.7856453401991573,0.9942148943446794,-0.06745609183077526,1737
User07,3,3,0,2026-04-13,10,0,temperature,0.8515716024279528,1.0869201395851813,-0.012691809892038837,1780
User07,3,3,0,2026-04-14,11,0,temperature,0.6401116187534391,0.8091089598170199,-0.062145123963652876,1829
User07,3,3,0,2026-04-15,12,0,temperature,0.6397643808554998,0.7770189503738287,-0.06960674758957798,1751
User07,3,3,0,2026-04-16,13,0,temperature,0.8719128660114289,1.0606272604199103,-0.785395599494599,1603
User07,3,3,0,2026-04-17,14,0,temperature,0.8045000579315964,0.9900897756189102,-0.1512401164484703,709
User07,3,3,0,2026-04-18,15,0,temperature,0.6802729937811551,0.7774425764696258,-0.0812725973763165,2201
User07,3,3,0,2026-04-19,16,1,temperature,0.7724549245764174,0.98074344529666,-0.7444169226922032,1334
User07,3,3,0,2026-04-20,17,1,temperature,0.6579013671483688,0.8912003084627723,-0.29925680110141345,1930
User07,3,3,0,2026-04-21,18,1,temperature,0.8536435118547082,1.1154904874429883,-0.3427659281235811,2021
User07,3,3,0,2026-04-22,19,1,temperature,0.7301554398998099,0.9958112812885126,-0.002754585382925624,1333
User07,3,3,0,2026-04-23,20,1,temperature,0.7932355208004962,1.0115068629095763,-0.22953888968277927,1147
User07,3,3,0,2026-04-24,21,1,temperature,1.4114286273174832,1.8446219547628655,-0.9606007514367728,1221
User07,3,3,0,2026-04-25,22,1,temperature,0.7568729291603535,0.8386508293440591,0.5237745001704253,2304
User07,3,3,0,2026-04-26,23,1,temperature,0.6903324852828874,0.906982010382393,-0.2706420778164282,1467
User07,3,3,0,2026-04-27,24,1,temperature,0.5280932244333039,0.6698859405066372,-0.012150926510385391,1138
User07,3,3,0,2026-04-28,25,1,temperature,0.8249593784738407,1.050016014132942,-0.048625546077095974,1138
User07,3,3,0,2026-04-29,26,1,temperature,0.4987351764958097,0.5463206214088359,0.293355507802364,1247
User07,3,3,0,2026-04-30,27,1,temperature,0.6766870757401355,0.852041764016319,0.10010823986666272,1062
User07,3,3,0,2026-05-01,28,1,temperature,0.6395712575997424,0.8468137074142731,-0.16725090010467972,1051
User07,3,3,0,2026-05-02,29,1,temperature,0.47904608468516136,0.5375097611665106,0.2751792257169769,1834
User07,3,3,0,2026-05-03,30,1,temperature,0.852679073055087,1.0470619229651565,0.183504006018399,1404
User07,3,3,0,2026-05-04,31,1,temperature,0.7539227703383271,0.9304518705769688,0.01996996035959401,1064
User07,3,3,0,2026-05-05,32,1,temperature,1.1623440895901593,1.2770846105631128,-0.8792545352802018,870
User07,3,3,0,2026-05-06,33,1,temperature,0.608675121793563,0.7054252247868235,0.608675121793563,1233
User07,3,3,0,2026-05-07,34,1,temperature,0.9572084494502934,1.107990208946788,0.3198099913349741,1232
User07,3,3,0,2026-05-08,35,1,temperature,1.5909308138830316,1.6114199766375574,1.5909308138830316,345
User07,3,3,0,2026-05-09,36,1,temperature,0.8885688814032686,1.1610382038597422,-0.4539202792825913,947
User07,3,3,0,2026-05-10,37,1,temperature,0.5868259761626891,0.6924219335517894,0.00309511564162977,1297
User07,3,3,0,2026-05-11,38,1,temperature,0.7878933957716413,0.9428418987950857,-0.02363461420158685,2113
User07,3,3,0,2026-05-12,39,1,temperature,0.5675273686727771,0.6356171740130525,0.49899284582740877,1014
User07,3,3,0,2026-05-13,40,1,temperature,0.42614305166453614,0.4784421855125613,0.3214671799496542,1231
User07,3,3,0,2026-05-14,41,1,temperature,0.5719949883908154,0.6977328038871108,-0.5114082723503249,891
User07,3,3,0,2026-05-15,42,1,temperature,0.5539628291654037,0.6145411750554278,-0.5284368550650267,1116
User07,3,3,0,2026-05-16,43,1,temperature,1.519862965651703,1.5994879102353388,-1.516403485307896,1387
User07,3,3,0,2026-05-17,44,1,temperature,0.5977261424264827,0.6777027246534038,-0.5215005735691779,1246
User07,3,3,0,2026-05-18,45,1,temperature,1.0335754038900953,1.159652688369506,-1.030334497127158,1428
User07,3,3,0,2026-05-19,46,1,temperature,1.5135812448003911,1.5427032825001625,-1.5113063478595272,1594
User07,3,3,0,2026-05-20,47,1,temperature,1.4388684311731361,1.4586377428940391,-1.4388684311731361,1785
User07,3,3,0,2026-05-21,48,1,temperature,1.3011176731725602,1.3272804440027868,-1.3011176731725602,881
User07,3,3,0,2026-05-22,49,1,temperature,0.7118089066209439,0.8094721623122706,-0.701953818750009,1044
User07,3,3,0,2026-05-23,50,1,temperature,1.4449955455766736,1.508651828824201,-1.4113033226326661,703
User07,3,3,0,2026-05-24,51,1,temperature,1.3792716217199852,1.4096945534206247,-1.3792716217199852,1215
User07,3,3,0,2026-05-25,52,1,temperature,1.4985730169428888,1.5220876877832963,-1.4967219372429723,2037
User07,3,3,0,2026-05-26,53,1,temperature,2.458172386055801,2.4952310640915862,-2.4579601656015297,2014
User07,3,3,0,2026-05-27,54,1,temperature,2.379599568117555,2.3985641264658772,-2.379599568117555,2204
User07,3,3,0,2026-05-28,55,1,temperature,2.3236354909088996,2.3725809641611297,-2.3236354909088996,782
User07,3,3,0,2026-05-29,56,1,temperature,2.069035617180812,2.139200975452783,-2.069035617180812,871
User07,3,3,0,2026-05-30,57,1,temperature,1.700271255696466,1.7562902563914697,-1.700271255696466,931
User07,3,3,0,2026-05-31,58,1,temperature,2.4301675657295174,2.457122562842562,-2.4301675657295174,1227
User07,3,3,0,2026-06-01,59,1,temperature,2.6367438424014047,2.686713415971515,-2.6367438424014047,979
User07,3,3,0,2026-06-02,60,1,temperature,3.2363847524368072,3.2941333034884144,-3.2363847524368072,872
User07,3,3,0,2026-06-03,61,1,temperature,2.917530916033684,2.979419078106645,-2.917530916033684,1394
User07,3,3,0,2026-06-06,62,1,temperature,2.6537725728123496,2.701705521982626,-2.6537725728123496,1209
User07,3,3,0,2026-06-08,63,1,temperature,2.3705005324831157,2.389619914347764,-2.3705005324831157,1054
User07,3,3,0,2026-06-09,64,1,temperature,2.305997935206327,2.336705547203794,-2.305678178028643,1475
User07,3,3,0,2026-06-10,65,1,temperature,2.5703596619403304,2.6052768060955334,-2.5703596619403304,1550
User07,3,3,0,2026-06-11,66,1,temperature,2.4420404022153264,2.4738825161603133,-2.4420404022153264,1580
User07,3,3,0,2026-06-12,67,1,temperature,2.433476814092163,2.443405647687112,-2.433476814092163,1021
User07,3,3,0,2026-06-14,68,1,temperature,2.9068466801631505,3.0245411779367,-2.9068466801631505,1308
User07,3,3,0,2026-06-15,69,1,temperature,3.4507183514035784,3.4642478245730506,-3.4507183514035784,1368
User07,3,3,0,2026-06-16,70,1,temperature,3.424756891452089,3.452578408343947,-3.424756891452089,1304
User07,3,3,0,2026-06-17,71,1,temperature,3.4520250394700716,3.4732833334227107,-3.4422064341547056,1835
User07,3,3,0,2026-06-18,72,1,temperature,3.9029331809320826,3.962954007899819,-3.9029331809320826,1376
User07,3,3,0,2026-06-19,73,1,temperature,3.708296888755655,3.735460740166684,-3.708296888755655,2144
User07,3,3,0,2026-06-20,74,1,temperature,3.02724039828112,3.1240472562624095,-2.9457782454207426,1382
User07,3,3,0,2026-06-21,75,1,temperature,2.562424206472018,2.6083150370221566,-2.553971450895048,1414
User07,3,3,0,2026-06-22,76,1,temperature,2.9387765700055257,3.0029333557527935,-2.9387765700055257,1993
User07,3,3,0,2026-06-23,77,1,temperature,2.8933544669872746,2.964356335299992,-2.8933544669872746,3249
User07,3,3,0,2026-06-24,78,1,temperature,2.8399498018721507,2.881170419228678,-2.8399498018721507,2216
User07,3,3,0,2026-06-25,79,1,temperature,2.9656547231772685,3.013103829585235,-2.9656547231772685,1368
User07,3,3,0,2026-06-27,80,1,temperature,3.946741963812685,4.0166702672151855,-3.946741963812685,824
User07,3,3,0,2026-06-28,81,1,temperature,3.3337460263194103,3.3589414238921225,-3.3337460263194103,994
User07,3,3,0,2026-06-29,82,1,temperature,3.782557125681437,3.820775080616519,-3.782557125681437,804
User07,3,3,0,2026-06-30,83,1,temperature,3.489588921550732,3.4977329833308475,-3.489588921550732,906
User07,3,3,0,2026-07-01,84,1,temperature,3.79003971526968,3.8285853892280013,-3.79003971526968,1461
User07,3,3,0,2026-07-02,85,1,temperature,3.6680796441461414,3.7041565378679198,-3.6680796441461414,988
User07,3,3,0,2026-07-03,86,1,temperature,3.3658658409481625,3.3707854574909204,-3.3658658409481625,1265
User07,3,3,0,2026-07-04,87,1,temperature,3.582602286288391,3.599391492891779,-3.582602286288391,819
User07,3,3,0,2026-07-05,88,1,temperature,4.113715007868805,4.144042349080015,-4.113715007868805,1200
User07,3,3,0,2026-07-06,89,1,temperature,4.1144977526878375,4.153862304918176,-4.1144977526878375,1549
User07,3,3,0,2026-07-07,90,1,temperature,4.171629886201869,4.215340782779954,-4.171629886201869,810
User07,3,3,0,2026-07-08,91,1,temperature,4.401244176029044,4.41360211030773,-4.401244176029044,1774
User07,3,3,0,2026-07-09,92,1,temperature,4.574788338103249,4.58386669506139,-4.574788338103249,2008
User07,3,3,0,2026-07-10,93,1,temperature,4.434701163571625,4.439377961077465,-4.434701163571625,1213
User07,3,3,0,2026-07-11,94,1,temperature,4.597082390576093,4.605539342336564,-4.597082390576093,764
User07,3,3,0,2026-07-13,95,1,temperature,5.335224634362259,5.354307816554547,-5.335224634362259,1751
User07,3,3,0,2026-07-14,96,1,temperature,5.5922775687197825,5.608338210037557,-5.5922775687197825,1829
User07,3,3,0,2026-07-15,97,1,temperature,4.552121777732833,4.561979098001845,-4.552121777732833,1044
User07,3,3,0,2026-07-16,98,1,temperature,4.456933515688689,4.460944316083511,-4.456933515688689,785
User07,3,3,0,2026-07-17,99,1,temperature,5.3848386947224975,5.468439659116722,-5.3848386947224975,2065
User07,3,3,0,2026-07-18,100,1,temperature,4.199436142247488,4.236144682793325,-4.199436142247488,1561
User07,3,3,0,2026-04-07,5,0,humidity,6.992487618978551,7.476297804489019,6.958751682506121,1156
User07,3,3,0,2026-04-08,6,0,humidity,4.321716227625804,5.599405040074317,1.9625644997682912,1809
User07,3,3,0,2026-04-09,7,0,humidity,5.3251240749305015,6.266033118977851,-5.039422804858105,1844
User07,3,3,0,2026-04-10,8,0,humidity,5.085428838228044,5.596651940152828,-4.145069159401413,2118
User07,3,3,0,2026-04-11,9,0,humidity,3.762028438178671,4.321115570712286,-2.9734736118301273,1737
User07,3,3,0,2026-04-13,10,0,humidity,7.502679261973691,8.399091860053423,-4.643131795781025,1780
User07,3,3,0,2026-04-14,11,0,humidity,11.520762315458622,13.932416177731332,-10.808655541474558,1829
User07,3,3,0,2026-04-15,12,0,humidity,12.916453999864306,13.329273217214425,-12.916453999864306,1751
User07,3,3,0,2026-04-16,13,0,humidity,3.3625181040211007,4.175651448158578,2.6648281456293526,1603
User07,3,3,0,2026-04-17,14,0,humidity,8.30241246934628,8.480148075176569,8.30241246934628,709
User07,3,3,0,2026-04-18,15,0,humidity,5.006253745687953,5.208990240209484,4.998044433236399,2201
User07,3,3,0,2026-04-19,16,1,humidity,9.221042415929823,9.791039870867818,9.221042415929823,1334
User07,3,3,0,2026-04-20,17,1,humidity,19.064135103835003,19.14982009716405,19.064135103835003,1930
User07,3,3,0,2026-04-21,18,1,humidity,14.76045610726305,14.983634363129319,14.76045610726305,2021
User07,3,3,0,2026-04-22,19,1,humidity,9.984718726180752,11.004528988963184,9.984718726180752,1333
User07,3,3,0,2026-04-23,20,1,humidity,6.548911890955619,6.938069394222443,6.548795740552306,1147
User07,3,3,0,2026-04-24,21,1,humidity,7.095327013955303,7.969028306962054,3.580062728012376,1221
User07,3,3,0,2026-04-25,22,1,humidity,8.84990598260823,10.85878758856243,8.621122605734573,2304
User07,3,3,0,2026-04-26,23,1,humidity,9.970614966472189,12.01452381246626,9.969879024580052,1467
User07,3,3,0,2026-04-27,24,1,humidity,7.6558241964503955,7.8934883819262405,7.6309532163914024,1138
User07,3,3,0,2026-04-28,25,1,humidity,4.954127030492292,5.682378733663213,4.746063078464797,1138
User07,3,3,0,2026-04-29,26,1,humidity,3.811880707191066,4.471460763488884,3.273247101909165,1247
User07,3,3,0,2026-04-30,27,1,humidity,3.609054333844929,4.419313252281483,3.4276600271484523,1062
User07,3,3,0,2026-05-01,28,1,humidity,2.8797222252203043,3.4150755645303144,-0.18158978917799382,1051
User07,3,3,0,2026-05-02,29,1,humidity,2.7314383163622264,3.5727552657119017,2.5568306088922497,1834
User07,3,3,0,2026-05-03,30,1,humidity,5.1882157875491695,5.909564813309217,-3.5179360167388927,1404
User07,3,3,0,2026-05-04,31,1,humidity,3.491350016789937,4.545534157631242,1.3605649827005128,1064
User07,3,3,0,2026-05-05,32,1,humidity,10.096497243981002,10.31465762401605,10.096497243981002,870
User07,3,3,0,2026-05-06,33,1,humidity,2.9120545704817835,3.2332322007881444,-2.8649092015449553,1233
User07,3,3,0,2026-05-07,34,1,humidity,3.248684201668079,3.6476561131164296,3.2206775513470274,1232
User07,3,3,0,2026-05-08,35,1,humidity,4.760417950152668,5.321156949697586,4.753406586731446,345
User07,3,3,0,2026-05-09,36,1,humidity,5.418764747797066,6.24131601684085,5.176974905980201,947
User07,3,3,0,2026-05-10,37,1,humidity,7.149863552186265,7.4793741222700545,7.149863552186265,1297
User07,3,3,0,2026-05-11,38,1,humidity,6.415729600965203,6.964698309416069,-6.415437874994943,2113
User07,3,3,0,2026-05-12,39,1,humidity,11.455006939504637,11.667580539303621,-11.455006939504637,1014
User07,3,3,0,2026-05-13,40,1,humidity,6.264575389652254,6.367485530296233,-6.264575389652254,1231
User07,3,3,0,2026-05-14,41,1,humidity,11.847231085771723,12.267372814154387,-11.847231085771723,891
User07,3,3,0,2026-05-15,42,1,humidity,10.187578195037418,10.635368028484335,-10.187578195037418,1116
User07,3,3,0,2026-05-16,43,1,humidity,4.292108284956855,4.949185583661833,4.2688285760071905,1387
User07,3,3,0,2026-05-17,44,1,humidity,14.11930403990382,14.388031637742605,14.11930403990382,1246
User07,3,3,0,2026-05-18,45,1,humidity,9.77924176516489,11.450519632585538,9.389034670124877,1428
User07,3,3,0,2026-05-19,46,1,humidity,4.099189042805125,4.733103799049353,-3.7565008864967186,1594
User07,3,3,0,2026-05-20,47,1,humidity,2.5793386219204866,2.89814894840886,-2.568424618200395,1785
User07,3,3,0,2026-05-21,48,1,humidity,2.2812502500047964,2.5525739265761587,-2.26221207752706,881
User07,3,3,0,2026-05-22,49,1,humidity,8.409567767720995,8.617291616911412,8.409567767720995,1044
User07,3,3,0,2026-05-23,50,1,humidity,5.819808883471534,5.940959464217157,-5.819808883471534,703
User07,3,3,0,2026-05-24,51,1,humidity,9.73130795041427,10.611816740409758,-9.73130795041427,1215
User07,3,3,0,2026-05-25,52,1,humidity,9.678149889237297,9.915080600389437,-9.674061414233632,2037
User07,3,3,0,2026-05-26,53,1,humidity,16.454436327611553,16.530135191820296,-16.454436327611553,2014
User07,3,3,0,2026-05-27,54,1,humidity,12.540348416265577,12.6075994957924,-12.540348416265577,2204
User07,3,3,0,2026-05-28,55,1,humidity,5.1760352152947675,5.243371397438078,-5.1760352152947675,782
User07,3,3,0,2026-05-29,56,1,humidity,2.22645055878793,2.9521094653654045,1.31812715795455,871
User07,3,3,0,2026-05-30,57,1,humidity,7.897031830467711,8.160260279897935,-7.897031830467711,931
User07,3,3,0,2026-05-31,58,1,humidity,12.624084453721801,13.152036280398796,12.624084453721801,1227
User07,3,3,0,2026-06-01,59,1,humidity,9.714176487452873,10.047883508357108,9.714176487452873,979
User07,3,3,0,2026-06-02,60,1,humidity,2.4979472904456723,2.718596397358391,2.4942445156618143,872
User07,3,3,0,2026-06-03,61,1,humidity,2.4465335864248527,2.927523795666691,-2.4045272425150137,1394
User07,3,3,0,2026-06-06,62,1,humidity,6.2855769909998065,6.3987749040557365,6.2855769909998065,1209
User07,3,3,0,2026-06-08,63,1,humidity,4.031669755191959,4.2539801609057175,4.031426112452182,1054
User07,3,3,0,2026-06-09,64,1,humidity,10.779966314354434,11.595115322290335,10.779966314354434,1475
User07,3,3,0,2026-06-10,65,1,humidity,3.878993081906369,4.334192248359947,3.874099482980029,1550
User07,3,3,0,2026-06-11,66,1,humidity,4.734830514343915,5.050705917507349,4.734830514343915,1580
User07,3,3,0,2026-06-12,67,1,humidity,6.573394182357893,6.840480459053445,6.573394182357893,1021
User07,3,3,0,2026-06-14,68,1,humidity,5.4527960689373165,6.061583977953633,-5.45051192537152,1308
User07,3,3,0,2026-06-15,69,1,humidity,2.143914409307598,2.6474230530043976,-0.596871533155006,1368
User07,3,3,0,2026-06-16,70,1,humidity,5.96671167406987,6.087327561171205,5.96671167406987,1304
User07,3,3,0,2026-06-17,71,1,humidity,6.498894857074184,6.9477105589921475,6.497372075430854,1835
User07,3,3,0,2026-06-18,72,1,humidity,3.694979922886185,4.023180439491341,3.6623300985707647,1376
User07,3,3,0,2026-06-19,73,1,humidity,11.829674710094631,11.926905684920355,-11.829674710094631,2144
User07,3,3,0,2026-06-20,74,1,humidity,4.2786532409305185,5.084249158258254,-3.734111397998394,1382
User07,3,3,0,2026-06-21,75,1,humidity,5.13662923081996,5.39670346685244,-5.046719679554564,1414
User07,3,3,0,2026-06-22,76,1,humidity,4.81766032204987,5.17125648919317,-4.443033578812573,1993
User07,3,3,0,2026-06-23,77,1,humidity,8.324834413393315,9.067665230843012,8.321691480484898,3249
User07,3,3,0,2026-06-24,78,1,humidity,8.810431228856714,8.942976466905375,8.810431228856714,2216
User07,3,3,0,2026-06-25,79,1,humidity,0.9641234613584866,1.1926896025573481,0.024949431378730538,1368
User07,3,3,0,2026-06-27,80,1,humidity,5.266043779282522,5.439716224617998,5.266043779282522,824
User07,3,3,0,2026-06-28,81,1,humidity,2.2787187296593436,2.7741972460083537,-1.3092750802801256,994
User07,3,3,0,2026-06-29,82,1,humidity,1.818021387318726,2.149500092064965,0.5667472548396979,804
User07,3,3,0,2026-06-30,83,1,humidity,7.3649969340935115,7.556578070613879,7.3649969340935115,906
User07,3,3,0,2026-07-01,84,1,humidity,5.735730498503672,5.860528635514024,-5.735730498503672,1461
User07,3,3,0,2026-07-02,85,1,humidity,4.119844364172029,4.432315738814184,-4.119844364172029,988
User07,3,3,0,2026-07-03,86,1,humidity,7.004509061993283,7.722302211217049,-7.004376865693578,1265
User07,3,3,0,2026-07-04,87,1,humidity,9.601624855181944,9.743241443794524,-9.601624855181944,819
User07,3,3,0,2026-07-05,88,1,humidity,17.108465485011372,17.183028011213263,-17.108465485011372,1200
User07,3,3,0,2026-07-06,89,1,humidity,15.311024795332855,15.424238193865651,-15.311024795332855,1549
User07,3,3,0,2026-07-07,90,1,humidity,8.858966908307515,9.380846965349862,-8.858966908307515,810
User07,3,3,0,2026-07-08,91,1,humidity,13.92180251602321,14.016584087116911,-13.92180251602321,1774
User07,3,3,0,2026-07-09,92,1,humidity,14.706788442635919,14.757064037817127,-14.706788442635919,2008
User07,3,3,0,2026-07-10,93,1,humidity,18.117125496931376,18.145462479378974,-18.117125496931376,1213
User07,3,3,0,2026-07-11,94,1,humidity,12.842092569849864,12.87507792024913,-12.842092569849864,764
User07,3,3,0,2026-07-13,95,1,humidity,14.348274903040148,14.4065135208932,-14.348274903040148,1751
User07,3,3,0,2026-07-14,96,1,humidity,15.45926270316506,15.508087171712187,-15.45926270316506,1829
User07,3,3,0,2026-07-15,97,1,humidity,9.097687619077709,9.157704295347092,-9.097687619077709,1044
User07,3,3,0,2026-07-16,98,1,humidity,12.289813460759234,12.374353782960796,-12.289813460759234,785
User07,3,3,0,2026-07-17,99,1,humidity,15.506854002170332,16.443361784418265,-15.506840395919319,2065
User07,3,3,0,2026-07-18,100,1,humidity,11.372640418888587,11.535543637025693,-11.372640418888587,1561
User07,3,3,1,2026-04-07,5,0,temperature,0.8948707040839179,1.196944126814133,-0.3638689398724193,1156
User07,3,3,1,2026-04-08,6,0,temperature,0.8238626911555712,1.0248642967669601,-0.2757698683528355,1809
User07,3,3,1,2026-04-09,7,0,temperature,0.7112140815503017,0.8746041275518354,-0.03160196012065498,1844
User07,3,3,1,2026-04-10,8,0,temperature,0.8389385853257467,1.1621786322388556,0.11689028084199914,2118
User07,3,3,1,2026-04-11,9,0,temperature,0.7954325991123256,0.9882565708961841,-0.053476453989668396,1737
User07,3,3,1,2026-04-13,10,0,temperature,0.9006741141482217,1.0952190514453481,0.09153814376674788,1780
User07,3,3,1,2026-04-14,11,0,temperature,0.6557154738617597,0.855997807541883,-0.12249861567385166,1829
User07,3,3,1,2026-04-15,12,0,temperature,0.6144472216457659,0.7441041439199424,-0.07001657655345349,1751
User07,3,3,1,2026-04-16,13,0,temperature,0.8562285953846115,1.0527697803625966,-0.7941302944730344,1603
User07,3,3,1,2026-04-17,14,0,temperature,0.8178020076720371,0.9913443709331919,-0.09317246361848153,709
User07,3,3,1,2026-04-18,15,0,temperature,0.6298037444385015,0.7345616811642857,-0.12465673837054606,2201
User07,3,3,1,2026-04-19,16,1,temperature,0.7527230486625921,0.9740837501736718,-0.7006461040196922,1334
User07,3,3,1,2026-04-20,17,1,temperature,0.6660084980689766,0.8967513135271197,-0.25330136941075637,1930
User07,3,3,1,2026-04-21,18,1,temperature,0.8689394929493439,1.1266568649968025,-0.339258792758018,2021
User07,3,3,1,2026-04-22,19,1,temperature,0.7492867223752322,1.0026779280050087,0.022032681323678565,1333
User07,3,3,1,2026-04-23,20,1,temperature,0.7761767836776039,1.0312324041058838,-0.21588689068309574,1147
User07,3,3,1,2026-04-24,21,1,temperature,1.3891178466838603,1.8199806092793869,-0.9337436839696951,1221
User07,3,3,1,2026-04-25,22,1,temperature,0.631529259344051,0.6891778820123714,0.4043268598366118,2304
User07,3,3,1,2026-04-26,23,1,temperature,0.7157460518715726,0.9366360164333548,-0.3028202258964905,1467
User07,3,3,1,2026-04-27,24,1,temperature,0.5285617652115102,0.6807446879720936,-0.029885362387806588,1138
User07,3,3,1,2026-04-28,25,1,temperature,0.8516126413492207,1.07938228176841,-0.07765451772885283,1138
User07,3,3,1,2026-04-29,26,1,temperature,0.49259213562124504,0.5472214369018525,0.28518633830398277,1247
User07,3,3,1,2026-04-30,27,1,temperature,0.6491737008804844,0.7994186920944417,0.12617342899508813,1062
User07,3,3,1,2026-05-01,28,1,temperature,0.6598415404422717,0.860911242430012,-0.20962773810045496,1051
User07,3,3,1,2026-05-02,29,1,temperature,0.49788034528781167,0.5674966920435549,0.28820579571820154,1834
User07,3,3,1,2026-05-03,30,1,temperature,0.8472244187777366,1.0568173429956893,0.17123540161570988,1404
User07,3,3,1,2026-05-04,31,1,temperature,0.7932465121852542,0.9616028342153872,0.016170632061329265,1064
User07,3,3,1,2026-05-05,32,1,temperature,1.180661080215575,1.2990547837704305,-0.8796561285965586,870
User07,3,3,1,2026-05-06,33,1,temperature,0.6482508015405404,0.7338599997671148,0.6472136360078595,1233
User07,3,3,1,2026-05-07,34,1,temperature,0.9540307823746627,1.1077346892150246,0.349520474964666,1232
User07,3,3,1,2026-05-08,35,1,temperature,1.5613673967164328,1.582728744154281,1.5613673967164328,345
User07,3,3,1,2026-05-09,36,1,temperature,0.9333816923298364,1.2056736899727503,-0.4554472271228859,947
User07,3,3,1,2026-05-10,37,1,temperature,0.593428917919892,0.6840571360912695,0.04434653407946651,1297
User07,3,3,1,2026-05-11,38,1,temperature,0.7483348800125188,0.8929853600387915,0.009864810766018053,2113
User07,3,3,1,2026-05-12,39,1,temperature,0.5876829340887749,0.6678756715676821,0.5127791353658145,1014
User07,3,3,1,2026-05-13,40,1,temperature,0.4213591172593652,0.4873754781725466,0.32857050413683503,1231
User07,3,3,1,2026-05-14,41,1,temperature,0.5976098575833555,0.7147968304893331,-0.5535612170593492,891
User07,3,3,1,2026-05-15,42,1,temperature,0.5319539684861857,0.6027122147692517,-0.5256101429306058,1116
User07,3,3,1,2026-05-16,43,1,temperature,1.507794696143737,1.5937373543526527,-1.4945487092714314,1387
User07,3,3,1,2026-05-17,44,1,temperature,0.534513078900618,0.6376105190040364,-0.4559108681986846,1246
User07,3,3,1,2026-05-18,45,1,temperature,1.019775148048773,1.1531333992203248,-1.0152903992328492,1428
User07,3,3,1,2026-05-19,46,1,temperature,1.510355373263285,1.5491680487982806,-1.503266569228819,1594
User07,3,3,1,2026-05-20,47,1,temperature,1.4821587790927313,1.5016487564539467,-1.4821587790927313,1785
User07,3,3,1,2026-05-21,48,1,temperature,1.3832142974670392,1.4073555511762967,-1.3832142974670392,881
User07,3,3,1,2026-05-22,49,1,temperature,0.6956642823447412,0.7915256751473011,-0.6885511993711858,1044
User07,3,3,1,2026-05-23,50,1,temperature,1.4517767714972538,1.5026511522654078,-1.4389671621762823,703
User07,3,3,1,2026-05-24,51,1,temperature,1.3359674223143956,1.3725928505038527,-1.3357117182830187,1215
User07,3,3,1,2026-05-25,52,1,temperature,1.5128085053398497,1.5357207701552655,-1.5094323814572779,2037
User07,3,3,1,2026-05-26,53,1,temperature,2.464063596899497,2.4911331015294036,-2.4640220229452985,2014
User07,3,3,1,2026-05-27,54,1,temperature,2.3920475836303643,2.415107569594532,-2.3920475836303643,2204
User07,3,3,1,2026-05-28,55,1,temperature,2.305298265214975,2.3429067757822275,-2.305298265214975,782
User07,3,3,1,2026-05-29,56,1,temperature,2.132997906757143,2.2031333975530423,-2.132997906757143,871
User07,3,3,1,2026-05-30,57,1,temperature,1.6697649040006763,1.7261434869808245,-1.6696987126326641,931
User07,3,3,1,2026-05-31,58,1,temperature,2.3498562471017825,2.4269864011527633,-2.288442746584008,1227
User07,3,3,1,2026-06-01,59,1,temperature,2.6986292253369024,2.753438263548811,-2.6986292253369024,979
User07,3,3,1,2026-06-02,60,1,temperature,3.2253434470249758,3.2704481207987706,-3.2253434470249758,872
User07,3,3,1,2026-06-03,61,1,temperature,2.9631875830137986,3.0203846151622966,-2.9631875830137986,1394
User07,3,3,1,2026-06-06,62,1,temperature,2.652145180126867,2.717509314851471,-2.6404094204708053,1209
User07,3,3,1,2026-06-08,63,1,temperature,2.319605181625207,2.342820355011451,-2.319605181625207,1054
User07,3,3,1,2026-06-09,64,1,temperature,2.29952336296839,2.364743202404886,-2.2711866655320483,1475
User07,3,3,1,2026-06-10,65,1,temperature,2.5860926748655406,2.622327406685308,-2.5860926748655406,1550
User07,3,3,1,2026-06-11,66,1,temperature,2.4214780645484764,2.4599919838123765,-2.4214780645484764,1580
User07,3,3,1,2026-06-12,67,1,temperature,2.4529347508063433,2.467852580162725,-2.4529347508063433,1021
User07,3,3,1,2026-06-14,68,1,temperature,2.891608943052624,3.001527159768528,-2.891608943052624,1308
User07,3,3,1,2026-06-15,69,1,temperature,3.453851914515722,3.4682765553810264,-3.453851914515722,1368
User07,3,3,1,2026-06-16,70,1,temperature,3.430659186731,3.45522319684495,-3.430659186731,1304
User07,3,3,1,2026-06-17,71,1,temperature,3.418933063093532,3.4514464400334304,-3.3995240644916387,1835
User07,3,3,1,2026-06-18,72,1,temperature,3.888485523757079,3.9555172352170285,-3.888485523757079,1376
User07,3,3,1,2026-06-19,73,1,temperature,3.677322436279141,3.709321785885438,-3.677322436279141,2144
User07,3,3,1,2026-06-20,74,1,temperature,2.9957969617646127,3.1033545481394222,-2.854241046564213,1382
User07,3,3,1,2026-06-21,75,1,temperature,2.579078841213821,2.619867637988503,-2.5421831616116317,1414
User07,3,3,1,2026-06-22,76,1,temperature,2.961840963105503,3.0143357848758807,-2.9614483808014973,1993
User07,3,3,1,2026-06-23,77,1,temperature,2.9673743512991426,3.0308799842294287,-2.9673743512991426,3249
User07,3,3,1,2026-06-24,78,1,temperature,2.886947823775026,2.9332602035204025,-2.886947823775026,2216
User07,3,3,1,2026-06-25,79,1,temperature,3.0016081272989488,3.058102139337983,-2.9927625672414653,1368
User07,3,3,1,2026-06-27,80,1,temperature,3.9125286439380367,3.979959238866345,-3.9125286439380367,824
User07,3,3,1,2026-06-28,81,1,temperature,3.2150511107621917,3.276333741137461,-3.191432554703157,994
User07,3,3,1,2026-06-29,82,1,temperature,3.788358655302045,3.8383183151317564,-3.788358655302045,804
User07,3,3,1,2026-06-30,83,1,temperature,3.5421199966518047,3.550941797036122,-3.5421199966518047,906
User07,3,3,1,2026-07-01,84,1,temperature,3.7715923534954237,3.8134076311228973,-3.7715923534954237,1461
User07,3,3,1,2026-07-02,85,1,temperature,3.7207299400684413,3.7540846522524105,-3.7207299400684413,988
User07,3,3,1,2026-07-03,86,1,temperature,3.4220419744654613,3.428833840878508,-3.4220419744654613,1265
User07,3,3,1,2026-07-04,87,1,temperature,3.48194999737362,3.513981387399916,-3.481493506494174,819
User07,3,3,1,2026-07-05,88,1,temperature,4.096379201351096,4.128917766809372,-4.096379201351096,1200
User07,3,3,1,2026-07-06,89,1,temperature,4.059407117505726,4.096831630771631,-4.059407117505726,1549
User07,3,3,1,2026-07-07,90,1,temperature,4.192634262382517,4.245431802840879,-4.192634262382517,810
User07,3,3,1,2026-07-08,91,1,temperature,4.443098251739039,4.456998823929587,-4.443098251739039,1774
User07,3,3,1,2026-07-09,92,1,temperature,4.551556364644981,4.563094088024264,-4.550644388776306,2008
User07,3,3,1,2026-07-10,93,1,temperature,4.451045354509259,4.4604996685116,-4.451045354509259,1213
User07,3,3,1,2026-07-11,94,1,temperature,4.552965531985792,4.562940834618125,-4.552965531985792,764
User07,3,3,1,2026-07-13,95,1,temperature,5.381697172915059,5.400825024948788,-5.381697172915059,1751
User07,3,3,1,2026-07-14,96,1,temperature,5.610175555446658,5.629179849387143,-5.610175555446658,1829
User07,3,3,1,2026-07-15,97,1,temperature,4.595253001390413,4.605297188963209,-4.595253001390413,1044
User07,3,3,1,2026-07-16,98,1,temperature,4.497689643477031,4.503845207577436,-4.497689643477031,785
User07,3,3,1,2026-07-17,99,1,temperature,5.355617374339632,5.44636046188561,-5.355617374339632,2065
User07,3,3,1,2026-07-18,100,1,temperature,4.184748378767173,4.224197152262012,-4.184748378767173,1561
User07,3,3,1,2026-04-07,5,0,humidity,7.456086867756388,8.024743306944407,7.452954780058911,1156
User07,3,3,1,2026-04-08,6,0,humidity,4.364708937913493,5.664550829928362,2.3660429860842958,1809
User07,3,3,1,2026-04-09,7,0,humidity,5.243941797365134,6.131495453773773,-4.904754306546109,1844
User07,3,3,1,2026-04-10,8,0,humidity,4.908619342731903,5.395420226229086,-3.733939605917659,2118
User07,3,3,1,2026-04-11,9,0,humidity,3.8541379037008143,4.355376199957805,-2.900093828354882,1737
User07,3,3,1,2026-04-13,10,0,humidity,7.238010667804084,8.298250794901337,-4.65122616986925,1780
User07,3,3,1,2026-04-14,11,0,humidity,11.24873047122164,13.815774805759672,-10.529757777845418,1829
User07,3,3,1,2026-04-15,12,0,humidity,13.075053805814186,13.51968075173439,-13.075053805814186,1751
User07,3,3,1,2026-04-16,13,0,humidity,3.669502800029616,4.539197940040758,3.175226346650479,1603
User07,3,3,1,2026-04-17,14,0,humidity,9.299980185355912,9.443486957843112,9.299980185355912,709
User07,3,3,1,2026-04-18,15,0,humidity,5.2569363769971345,5.4670767847402075,5.254245848475839,2201
User07,3,3,1,2026-04-19,16,1,humidity,9.618601688533671,10.253780044898525,9.618601688533671,1334
User07,3,3,1,2026-04-20,17,1,humidity,19.35075580110278,19.475117917511163,19.35075580110278,1930
User07,3,3,1,2026-04-21,18,1,humidity,15.043542423814085,15.26390939122422,15.043542423814085,2021
User07,3,3,1,2026-04-22,19,1,humidity,10.580355176257013,11.461219869516995,10.580355176257013,1333
User07,3,3,1,2026-04-23,20,1,humidity,7.027192292208027,7.425618346173082,7.027192292208027,1147
User07,3,3,1,2026-04-24,21,1,humidity,7.028007415218777,7.984812992705808,4.0032923709036865,1221
User07,3,3,1,2026-04-25,22,1,humidity,8.878356134172712,10.813687697221942,8.483639031062967,2304
User07,3,3,1,2026-04-26,23,1,humidity,10.348127963984952,12.37019027533217,10.348127963984952,1467
User07,3,3,1,2026-04-27,24,1,humidity,7.78428476019454,8.090460415840637,7.770069550468701,1138
User07,3,3,1,2026-04-28,25,1,humidity,5.1960468408935325,5.822693886617777,5.051826815202615,1138
User07,3,3,1,2026-04-29,26,1,humidity,3.963188453662461,4.651256251368212,3.4761311815154876,1247
User07,3,3,1,2026-04-30,27,1,humidity,3.8399166774067095,4.697441705271084,3.6643716856168327,1062
User07,3,3,1,2026-05-01,28,1,humidity,2.7784114646402034,3.3800355849177066,0.3423148077895438,1051
User07,3,3,1,2026-05-02,29,1,humidity,3.1848854402105315,3.9009949313437415,3.1019801232075026,1834
User07,3,3,1,2026-05-03,30,1,humidity,4.894762653421816,5.4949947226536775,-2.892879356878161,1404
User07,3,3,1,2026-05-04,31,1,humidity,3.5715023477224235,4.746189699655949,1.6130000067198873,1064
User07,3,3,1,2026-05-05,32,1,humidity,10.503539636932102,10.665887279860376,10.503539636932102,870
User07,3,3,1,2026-05-06,33,1,humidity,2.4744253178616744,2.8596632818806724,-2.3506937046736684,1233
User07,3,3,1,2026-05-07,34,1,humidity,3.9135322116136253,4.2467731633862265,3.864449963900878,1232
User07,3,3,1,2026-05-08,35,1,humidity,5.495100076315009,5.985558245107278,5.495100076315009,345
User07,3,3,1,2026-05-09,36,1,humidity,5.602210487608876,6.479537196170401,5.504825597236545,947
User07,3,3,1,2026-05-10,37,1,humidity,7.431554483464862,7.77897119699628,7.431554483464862,1297
User07,3,3,1,2026-05-11,38,1,humidity,5.97419510429411,6.471712235593607,-5.9126765338053255,2113
User07,3,3,1,2026-05-12,39,1,humidity,10.775510290288995,11.016944695005055,-10.775510290288995,1014
User07,3,3,1,2026-05-13,40,1,humidity,5.832947834842945,5.962414450391145,-5.832947834842945,1231
User07,3,3,1,2026-05-14,41,1,humidity,11.227346590724107,11.61199209053742,-11.227346590724107,891
User07,3,3,1,2026-05-15,42,1,humidity,10.213806219450467,10.702753576439084,-10.213806219450467,1116
User07,3,3,1,2026-05-16,43,1,humidity,4.7274072072107876,5.357181916529451,4.704456564783238,1387
User07,3,3,1,2026-05-17,44,1,humidity,14.545707693602704,14.756727777870562,14.545707693602704,1246
User07,3,3,1,2026-05-18,45,1,humidity,10.548574363405095,12.273861063339217,10.314930397063808,1428
User07,3,3,1,2026-05-19,46,1,humidity,3.7135341199653533,4.300773343612781,-3.14721150459574,1594
User07,3,3,1,2026-05-20,47,1,humidity,2.071445677050861,2.446248736250913,-1.9690901565264263,1785
User07,3,3,1,2026-05-21,48,1,humidity,1.9229686059715954,2.2335168500359,-1.800726457729366,881
User07,3,3,1,2026-05-22,49,1,humidity,8.328514694308012,8.57931083404175,8.328514694308012,1044
User07,3,3,1,2026-05-23,50,1,humidity,5.32414847752564,5.532286851740058,-5.32414847752564,703
User07,3,3,1,2026-05-24,51,1,humidity,9.182238028455394,10.149041073287693,-9.172963821683926,1215
User07,3,3,1,2026-05-25,52,1,humidity,9.331941180852677,9.555078357390443,-9.317305013690255,2037
User07,3,3,1,2026-05-26,53,1,humidity,15.980388574094816,16.069188460246774,-15.980388574094816,2014
User07,3,3,1,2026-05-27,54,1,humidity,12.417943293309913,12.518124496061004,-12.417943293309913,2204
User07,3,3,1,2026-05-28,55,1,humidity,5.117702597395343,5.198744642518334,-5.104188002696641,782
User07,3,3,1,2026-05-29,56,1,humidity,2.5543209375103024,3.2516853279877496,1.4025392877811897,871
User07,3,3,1,2026-05-30,57,1,humidity,7.901610820348995,8.22827849197034,-7.878538405297063,931
User07,3,3,1,2026-05-31,58,1,humidity,13.618855778419865,14.350111169361735,13.618855778419865,1227
User07,3,3,1,2026-06-01,59,1,humidity,10.143838669217734,10.474609620572863,10.143838669217734,979
User07,3,3,1,2026-06-02,60,1,humidity,2.6262722340038636,2.863814667627151,2.6162629816646685,872
User07,3,3,1,2026-06-03,61,1,humidity,2.187764421684122,2.7819675647276374,-1.968853070682199,1394
User07,3,3,1,2026-06-06,62,1,humidity,6.448314248206822,6.5982990085526225,6.448314248206822,1209
User07,3,3,1,2026-06-08,63,1,humidity,4.245663009298822,4.498343264021211,4.244252101880539,1054
User07,3,3,1,2026-06-09,64,1,humidity,11.377198502379605,12.468689107078895,11.377198502379605,1475
User07,3,3,1,2026-06-10,65,1,humidity,4.141064604510813,4.574826846525572,4.13154413556179,1550
User07,3,3,1,2026-06-11,66,1,humidity,5.024556558607192,5.412166231705465,5.023632406648867,1580
User07,3,3,1,2026-06-12,67,1,humidity,6.686093186330888,6.931412552057488,6.686093186330888,1021
User07,3,3,1,2026-06-14,68,1,humidity,5.24253187753323,5.8580437010657285,-5.2299688489234955,1308
User07,3,3,1,2026-06-15,69,1,humidity,2.072714760698335,2.5340702463452116,-0.30092652478815207,1368
User07,3,3,1,2026-06-16,70,1,humidity,6.218183560799308,6.34000934807332,6.218183560799308,1304
User07,3,3,1,2026-06-17,71,1,humidity,6.746126565176889,7.284754088613947,6.743510228232422,1835
User07,3,3,1,2026-06-18,72,1,humidity,4.150228336564973,4.518505865131815,4.124597068372393,1376
User07,3,3,1,2026-06-19,73,1,humidity,11.618623688179477,11.71616331749823,-11.618623688179477,2144
User07,3,3,1,2026-06-20,74,1,humidity,4.241598808391991,5.117873431288358,-3.149190541627804,1382
User07,3,3,1,2026-06-21,75,1,humidity,4.777851261455697,5.082021110150586,-4.453446093558403,1414
User07,3,3,1,2026-06-22,76,1,humidity,4.725676760686067,5.085792434514819,-4.314416813013962,1993
User07,3,3,1,2026-06-23,77,1,humidity,8.431569283236943,9.138745619961377,8.42231010968614,3249
User07,3,3,1,2026-06-24,78,1,humidity,8.864814407339724,9.009715704303854,8.864814407339724,2216
User07,3,3,1,2026-06-25,79,1,humidity,0.9653846763657404,1.3833105461242943,0.1785051618965012,1368
User07,3,3,1,2026-06-27,80,1,humidity,5.580597613360301,5.766967397926725,5.579421852331847,824
User07,3,3,1,2026-06-28,81,1,humidity,2.7035399834939255,3.712821962487134,-0.7782454287957205,994
User07,3,3,1,2026-06-29,82,1,humidity,1.908159008137927,2.230232908321607,0.5210235687808816,804
User07,3,3,1,2026-06-30,83,1,humidity,7.360536388401387,7.558510164887585,7.360536388401387,906
User07,3,3,1,2026-07-01,84,1,humidity,5.433003799434171,5.549105454750912,-5.428451720724766,1461
User07,3,3,1,2026-07-02,85,1,humidity,3.959227334856828,4.258822982211411,-3.9473100070645897,988
User07,3,3,1,2026-07-03,86,1,humidity,6.708328522679789,7.561780872187494,-6.705574834939891,1265
User07,3,3,1,2026-07-04,87,1,humidity,9.50899582726536,9.672261760759266,-9.497991132757699,819
User07,3,3,1,2026-07-05,88,1,humidity,16.958154259515307,17.054258847168057,-16.958154259515307,1200
User07,3,3,1,2026-07-06,89,1,humidity,15.056674309136804,15.146035615165196,-15.056674309136804,1549
User07,3,3,1,2026-07-07,90,1,humidity,8.683654943135485,9.165602905345626,-8.683654943135485,810
User07,3,3,1,2026-07-08,91,1,humidity,13.680889237414714,13.788798851540742,-13.680889237414714,1774
User07,3,3,1,2026-07-09,92,1,humidity,14.457470384707651,14.51734258795706,-14.457120015009277,2008
User07,3,3,1,2026-07-10,93,1,humidity,17.676097508178117,17.7296100570257,-17.676097508178117,1213
User07,3,3,1,2026-07-11,94,1,humidity,13.234196167085912,13.28783681396647,-13.234196167085912,764
User07,3,3,1,2026-07-13,95,1,humidity,14.283114063584046,14.35125798696976,-14.283114063584046,1751
User07,3,3,1,2026-07-14,96,1,humidity,15.389125682099422,15.46371191770819,-15.389125682099422,1829
User07,3,3,1,2026-07-15,97,1,humidity,8.948569373131255,9.052050807761457,-8.948569373131255,1044
User07,3,3,1,2026-07-16,98,1,humidity,12.005553961882379,12.094773540643455,-12.005553961882379,785
User07,3,3,1,2026-07-17,99,1,humidity,15.175814490078585,16.381436026504034,-15.171433562936619,2065
User07,3,3,1,2026-07-18,100,1,humidity,10.97702709513974,11.11083477077327,-10.97702709513974,1561
User07,3,3,2,2026-04-07,5,0,temperature,0.8515886047688301,1.1348691127421506,-0.3549687003876063,1156
User07,3,3,2,2026-04-08,6,0,temperature,0.838981819856596,1.0449402495601992,-0.25471923767406496,1809
User07,3,3,2,2026-04-09,7,0,temperature,0.7051731228641722,0.8830055013053187,-0.01478096930962958,1844
User07,3,3,2,2026-04-10,8,0,temperature,0.8123104415111786,1.1461447052225817,0.11677484276766764,2118
User07,3,3,2,2026-04-11,9,0,temperature,0.7844547612726794,0.9757410304177551,-0.037870423750731644,1737
User07,3,3,2,2026-04-13,10,0,temperature,0.8395265916840152,1.0400803800582332,-0.0014923901353003956,1780
User07,3,3,2,2026-04-14,11,0,temperature,0.6454264439410752,0.8144088665458279,-0.03608787521982373,1829
User07,3,3,2,2026-04-15,12,0,temperature,0.6187567177200487,0.7568052993670953,-0.07405133179049209,1751
User07,3,3,2,2026-04-16,13,0,temperature,0.8907282829507115,1.0780376960238804,-0.7924280572344031,1603
User07,3,3,2,2026-04-17,14,0,temperature,0.90010821102772,1.1147421155283983,-0.10227486398353311,709
User07,3,3,2,2026-04-18,15,0,temperature,0.5308250822593867,0.6618150663942715,-0.20366767199732064,2201
User07,3,3,2,2026-04-19,16,1,temperature,0.7836462023196445,0.9647820835051907,-0.7289480121885067,1334
User07,3,3,2,2026-04-20,17,1,temperature,0.6572452552381544,0.8783788778130485,-0.28454205684414124,1930
User07,3,3,2,2026-04-21,18,1,temperature,0.8649790992518958,1.1262151026098393,-0.3434816797942058,2021
User07,3,3,2,2026-04-22,19,1,temperature,0.7368504182826803,0.9929046262200465,0.0100839538404518,1333
User07,3,3,2,2026-04-23,20,1,temperature,0.8254723415715933,1.0719728882352113,-0.2318219456759373,1147
User07,3,3,2,2026-04-24,21,1,temperature,1.3499499776930222,1.7916160424423806,-0.9374725003892793,1221
User07,3,3,2,2026-04-25,22,1,temperature,0.745364173342216,0.8279572551503604,0.5403756352205641,2304
User07,3,3,2,2026-04-26,23,1,temperature,0.7053056376530771,0.9087097595014685,-0.2902921797905086,1467
User07,3,3,2,2026-04-27,24,1,temperature,0.5294339410571323,0.6893297054465057,-0.029146677752687228,1138
User07,3,3,2,2026-04-28,25,1,temperature,0.8407382233120884,1.060211314201697,-0.07632949503737067,1138
User07,3,3,2,2026-04-29,26,1,temperature,0.4562012905224301,0.5050975070517527,0.22653355223749247,1247
User07,3,3,2,2026-04-30,27,1,temperature,0.685261593675119,0.8310716328848878,0.16024444052114364,1062
User07,3,3,2,2026-05-01,28,1,temperature,0.6720508014095592,0.8926396416281119,-0.19110871212749964,1051
User07,3,3,2,2026-05-02,29,1,temperature,0.5034541668969745,0.5704054460762065,0.3227162712740458,1834
User07,3,3,2,2026-05-03,30,1,temperature,0.8067870268808578,1.0118291638065107,0.16085075291903206,1404
User07,3,3,2,2026-05-04,31,1,temperature,0.7854232928589753,0.9731484405406132,-0.03015393100697804,1064
User07,3,3,2,2026-05-05,32,1,temperature,1.1603287766095798,1.2936564317092623,-0.9110760159516658,870
User07,3,3,2,2026-05-06,33,1,temperature,0.5600941139512365,0.6509174262666982,0.5600941139512365,1233
User07,3,3,2,2026-05-07,34,1,temperature,0.9826517461032283,1.145773721037249,0.39213027580291376,1232
User07,3,3,2,2026-05-08,35,1,temperature,1.5915807359765313,1.615620915684069,1.5915807359765313,345
User07,3,3,2,2026-05-09,36,1,temperature,0.9637900038591021,1.215372085043489,-0.4115746707606474,947
User07,3,3,2,2026-05-10,37,1,temperature,0.5797020121418175,0.6901482842598529,0.0749060788725672,1297
User07,3,3,2,2026-05-11,38,1,temperature,0.7799762447086881,0.9387647099723708,-0.020423239292344804,2113
User07,3,3,2,2026-05-12,39,1,temperature,0.5338683552795861,0.595053191946554,0.44042240801700333,1014
User07,3,3,2,2026-05-13,40,1,temperature,0.41893031783156914,0.4741602293938041,0.3149973224143827,1231
User07,3,3,2,2026-05-14,41,1,temperature,0.5828717493549718,0.693380839340953,-0.5304279685426666,891
User07,3,3,2,2026-05-15,42,1,temperature,0.5369922344924348,0.6149037633839302,-0.5196908666630277,1116
User07,3,3,2,2026-05-16,43,1,temperature,1.522679298091143,1.6031611534954144,-1.5210436213024703,1387
User07,3,3,2,2026-05-17,44,1,temperature,0.5814153458826081,0.6622097104931173,-0.5197434896672536,1246
User07,3,3,2,2026-05-18,45,1,temperature,1.0440218234439897,1.157420713121716,-1.0414354826690506,1428
User07,3,3,2,2026-05-19,46,1,temperature,1.482867096765242,1.517840777981166,-1.4794842085265842,1594
User07,3,3,2,2026-05-20,47,1,temperature,1.465590257457093,1.4863002963944678,-1.465590257457093,1785
User07,3,3,2,2026-05-21,48,1,temperature,1.3545705858438144,1.3840768104029342,-1.3545705858438144,881
User07,3,3,2,2026-05-22,49,1,temperature,0.7308553067047266,0.8252384594326836,-0.7021823404155974,1044
User07,3,3,2,2026-05-23,50,1,temperature,1.4691511345072288,1.5218365222598722,-1.4052063315537364,703
User07,3,3,2,2026-05-24,51,1,temperature,1.3280704907726992,1.365925643202636,-1.3280704907726992,1215
User07,3,3,2,2026-05-25,52,1,temperature,1.5053622582904083,1.5365970905470399,-1.5053622582904083,2037
User07,3,3,2,2026-05-26,53,1,temperature,2.418033036504535,2.4535293348721656,-2.418033036504535,2014
User07,3,3,2,2026-05-27,54,1,temperature,2.3505271405275745,2.3749283625534683,-2.3505271405275745,2204
User07,3,3,2,2026-05-28,55,1,temperature,2.332487475506214,2.371120644576817,-2.332487475506214,782
User07,3,3,2,2026-05-29,56,1,temperature,2.09012525501493,2.17014645234818,-2.09012525501493,871
User07,3,3,2,2026-05-30,57,1,temperature,1.7034986472129507,1.7577614849071772,-1.7034986472129507,931
User07,3,3,2,2026-05-31,58,1,temperature,2.424634966896839,2.454517488968008,-2.422642771840786,1227
User07,3,3,2,2026-06-01,59,1,temperature,2.7141587158890372,2.7673323835097254,-2.7141587158890372,979
User07,3,3,2,2026-06-02,60,1,temperature,3.2570103843767066,3.3013933528900945,-3.2570103843767066,872
User07,3,3,2,2026-06-03,61,1,temperature,2.9290052927348427,2.9912963060006867,-2.9290052927348427,1394
User07,3,3,2,2026-06-06,62,1,temperature,2.6199511189849716,2.673074696885437,-2.6199511189849716,1209
User07,3,3,2,2026-06-08,63,1,temperature,2.317784555826229,2.3415304938521246,-2.317784555826229,1054
User07,3,3,2,2026-06-09,64,1,temperature,2.278157240252186,2.3446598345443896,-2.2677491599001174,1475
User07,3,3,2,2026-06-10,65,1,temperature,2.554917664573292,2.6053784124023256,-2.554917664573292,1550
User07,3,3,2,2026-06-11,66,1,temperature,2.432914063136318,2.468523202129362,-2.432914063136318,1580
User07,3,3,2,2026-06-12,67,1,temperature,2.4219821987553143,2.4362207631366033,-2.4219821987553143,1021
User07,3,3,2,2026-06-14,68,1,temperature,2.888076192623833,2.9967338402011245,-2.888076192623833,1308
User07,3,3,2,2026-06-15,69,1,temperature,3.5021090161559867,3.5170400589523014,-3.5021090161559867,1368
User07,3,3,2,2026-06-16,70,1,temperature,3.429859929269904,3.454411587616353,-3.429859929269904,1304
User07,3,3,2,2026-06-17,71,1,temperature,3.446172651486034,3.4661296529701735,-3.4238764634711005,1835
User07,3,3,2,2026-06-18,72,1,temperature,3.89196563454132,3.9586666681515936,-3.89196563454132,1376
User07,3,3,2,2026-06-19,73,1,temperature,3.6967438205262755,3.72880956308448,-3.6967438205262755,2144
User07,3,3,2,2026-06-20,74,1,temperature,3.066021603840122,3.167072979332068,-2.956454559126536,1382
User07,3,3,2,2026-06-21,75,1,temperature,2.5951507033141863,2.6508003081191607,-2.5667499586512963,1414
User07,3,3,2,2026-06-22,76,1,temperature,3.0569522225124914,3.10041136031702,-3.0569522225124914,1993
User07,3,3,2,2026-06-23,77,1,temperature,3.090239038147451,3.148922469835263,-3.090239038147451,3249
User07,3,3,2,2026-06-24,78,1,temperature,2.9587908134681675,3.014554365861079,-2.9587908134681675,2216
User07,3,3,2,2026-06-25,79,1,temperature,2.971214967643855,3.0249637976580805,-2.971214967643855,1368
User07,3,3,2,2026-06-27,80,1,temperature,3.97913749318052,4.0395210298715885,-3.97913749318052,824
User07,3,3,2,2026-06-28,81,1,temperature,3.2261623100899346,3.275271681690188,-3.217203859820732,994
User07,3,3,2,2026-06-29,82,1,temperature,3.7364398957462894,3.7841875375344376,-3.7364398957462894,804
User07,3,3,2,2026-06-30,83,1,temperature,3.505397869846589,3.515576563435534,-3.505397869846589,906
User07,3,3,2,2026-07-01,84,1,temperature,3.769010182428775,3.8087192257188702,-3.769010182428775,1461
User07,3,3,2,2026-07-02,85,1,temperature,3.6880201767972176,3.723012655289872,-3.6880201767972176,988
User07,3,3,2,2026-07-03,86,1,temperature,3.500426264758675,3.5106178183334413,-3.500426264758675,1265
User07,3,3,2,2026-07-04,87,1,temperature,3.497796299256143,3.5247624869120866,-3.497796299256143,819
User07,3,3,2,2026-07-05,88,1,temperature,4.094622978344637,4.125857440055241,-4.094622978344637,1200
User07,3,3,2,2026-07-06,89,1,temperature,4.046464594185638,4.0856496987416255,-4.046464594185638,1549
User07,3,3,2,2026-07-07,90,1,temperature,4.101117262141676,4.151430862562735,-4.101117262141676,810
User07,3,3,2,2026-07-08,91,1,temperature,4.420341804112944,4.43320352516257,-4.420341804112944,1774
User07,3,3,2,2026-07-09,92,1,temperature,4.5754816232544355,4.5857138284309995,-4.5754816232544355,2008
User07,3,3,2,2026-07-10,93,1,temperature,4.454988820373738,4.4607085076510655,-4.454988820373738,1213
User07,3,3,2,2026-07-11,94,1,temperature,4.589395755001404,4.600329587602574,-4.589395755001404,764
User07,3,3,2,2026-07-13,95,1,temperature,5.351659883963614,5.373814938495019,-5.351659883963614,1751
User07,3,3,2,2026-07-14,96,1,temperature,5.591011608507482,5.608652711161057,-5.591011608507482,1829
User07,3,3,2,2026-07-15,97,1,temperature,4.519877607226818,4.531444215558892,-4.519877607226818,1044
User07,3,3,2,2026-07-16,98,1,temperature,4.452153844546502,4.457291589093028,-4.452153844546502,785
User07,3,3,2,2026-07-17,99,1,temperature,5.383661488431403,5.480768696989298,-5.382973747879274,2065
User07,3,3,2,2026-07-18,100,1,temperature,4.155264597599514,4.195643380050583,-4.155264597599514,1561
User07,3,3,2,2026-04-07,5,0,humidity,7.194143923777876,7.682712074188593,7.176438355039576,1156
User07,3,3,2,2026-04-08,6,0,humidity,4.3066950832306965,5.6309222549514155,2.0067103405960456,1809
User07,3,3,2,2026-04-09,7,0,humidity,5.571514026149435,6.468125734682976,-5.238662904071181,1844
User07,3,3,2,2026-04-10,8,0,humidity,4.9880924276113365,5.465737595255407,-3.9380477720809495,2118
User07,3,3,2,2026-04-11,9,0,humidity,3.8970237688302505,4.492876859673007,-3.0043478436554367,1737
User07,3,3,2,2026-04-13,10,0,humidity,7.651053872573017,8.730940302397581,-5.190972535801866,1780
User07,3,3,2,2026-04-14,11,0,humidity,11.549452151073176,14.19846786415389,-10.834943777567,1829
User07,3,3,2,2026-04-15,12,0,humidity,13.408172585577695,13.915924857074764,-13.408172585577695,1751
User07,3,3,2,2026-04-16,13,0,humidity,3.4682015601539535,4.318254231270031,2.555713094887144,1603
User07,3,3,2,2026-04-17,14,0,humidity,8.175301377349006,8.421045647283545,8.175301377349006,709
User07,3,3,2,2026-04-18,15,0,humidity,5.5545934334232125,5.741769902713374,5.553468585653361,2201
User07,3,3,2,2026-04-19,16,1,humidity,8.91348726271799,9.540859019619116,8.91348726271799,1334
User07,3,3,2,2026-04-20,17,1,humidity,19.266172723004658,19.364963147254517,19.266172723004658,1930
User07,3,3,2,2026-04-21,18,1,humidity,14.385320459272403,14.62282054150506,14.385320459272403,2021
User07,3,3,2,2026-04-22,19,1,humidity,9.995157089002744,11.184733684166364,9.980722970134071,1333
User07,3,3,2,2026-04-23,20,1,humidity,6.485152239548472,6.99481767604252,6.482506595041875,1147
User07,3,3,2,2026-04-24,21,1,humidity,7.092399837975088,7.876470997287445,3.524867997386025,1221
User07,3,3,2,2026-04-25,22,1,humidity,9.80318541080771,12.081065214502038,9.520838682777038,2304
User07,3,3,2,2026-04-26,23,1,humidity,10.013932099989773,12.149432282303385,10.012269232227453,1467
User07,3,3,2,2026-04-27,24,1,humidity,7.489012518808228,7.768996389167316,7.465526391449837,1138
User07,3,3,2,2026-04-28,25,1,humidity,4.827181305558273,5.60065476112844,4.650042524946979,1138
User07,3,3,2,2026-04-29,26,1,humidity,3.9054583720772906,4.574666245568248,3.2228056588491807,1247
User07,3,3,2,2026-04-30,27,1,humidity,3.2513693700222888,4.131241764017619,2.9861141790457757,1062
User07,3,3,2,2026-05-01,28,1,humidity,2.643701034817619,3.232974566370447,-0.09083268488470161,1051
User07,3,3,2,2026-05-02,29,1,humidity,2.744161616446573,3.4760108040574895,2.4445447187876437,1834
User07,3,3,2,2026-05-03,30,1,humidity,5.33602402675134,6.0684269936369954,-3.4939801403017237,1404
User07,3,3,2,2026-05-04,31,1,humidity,3.29684048427873,4.437133174505278,1.518200908752347,1064
User07,3,3,2,2026-05-05,32,1,humidity,9.962764353325397,10.184528686044953,9.962764353325397,870
User07,3,3,2,2026-05-06,33,1,humidity,2.921266371822934,3.3328662263762996,-2.864410142069836,1233
User07,3,3,2,2026-05-07,34,1,humidity,2.939442189340289,3.3779991344624523,2.875002700285717,1232
User07,3,3,2,2026-05-08,35,1,humidity,4.668233080069644,5.351965582739137,4.6607203506631985,345
User07,3,3,2,2026-05-09,36,1,humidity,5.460589355607549,6.269554978162611,5.200687109043096,947
User07,3,3,2,2026-05-10,37,1,humidity,6.650795633031146,6.926408768693076,6.650795633031146,1297
User07,3,3,2,2026-05-11,38,1,humidity,6.55541820112076,7.089381965375737,-6.553425918649967,2113
User07,3,3,2,2026-05-12,39,1,humidity,11.597740837725944,11.863161130283839,-11.597740837725944,1014
User07,3,3,2,2026-05-13,40,1,humidity,6.201808126767767,6.376684550796126,-6.201808126767767,1231
User07,3,3,2,2026-05-14,41,1,humidity,12.087309462931222,12.546600651409841,-12.087309462931222,891
User07,3,3,2,2026-05-15,42,1,humidity,10.532651697892355,11.034983543861854,-10.532651697892355,1116
User07,3,3,2,2026-05-16,43,1,humidity,4.207522230963492,4.877865874335761,4.186126486966952,1387
User07,3,3,2,2026-05-17,44,1,humidity,13.85627300105335,14.098242220123685,13.85627300105335,1246
User07,3,3,2,2026-05-18,45,1,humidity,9.730501038140767,11.347010729314192,9.230602241373678,1428
User07,3,3,2,2026-05-19,46,1,humidity,4.3543654068788324,4.994371165029195,-3.9751043120128293,1594
User07,3,3,2,2026-05-20,47,1,humidity,2.759969449641272,3.111882799726871,-2.7312053923901853,1785
User07,3,3,2,2026-05-21,48,1,humidity,2.706070722950851,3.1063558499874055,-2.6521461707665215,881
User07,3,3,2,2026-05-22,49,1,humidity,8.196177668675587,8.501524751754971,8.196177668675587,1044
User07,3,3,2,2026-05-23,50,1,humidity,6.267952507204045,6.514212534250853,-6.267952507204045,703
User07,3,3,2,2026-05-24,51,1,humidity,10.32705242428078,11.248960116852611,-10.326012691654153,1215
User07,3,3,2,2026-05-25,52,1,humidity,9.757962877294686,9.993004591409154,-9.757962877294686,2037
User07,3,3,2,2026-05-26,53,1,humidity,16.659954946481353,16.737145638220845,-16.659954946481353,2014
User07,3,3,2,2026-05-27,54,1,humidity,12.97066132340554,13.082962717506984,-12.97066132340554,2204
User07,3,3,2,2026-05-28,55,1,humidity,5.599220751745525,5.737401766114923,-5.598011460672077,782
User07,3,3,2,2026-05-29,56,1,humidity,2.3775712758622145,3.168826946403585,1.3412156287186305,871
User07,3,3,2,2026-05-30,57,1,humidity,7.899820082627103,8.265146307131667,-7.899820082627103,931
User07,3,3,2,2026-05-31,58,1,humidity,12.539210839276537,13.10594305212604,12.539210839276537,1227
User07,3,3,2,2026-06-01,59,1,humidity,9.577202807103989,10.054744813498246,9.577202807103989,979
User07,3,3,2,2026-06-02,60,1,humidity,2.581924855580825,2.839763488738375,2.5436507994619064,872
User07,3,3,2,2026-06-03,61,1,humidity,2.6702825824886074,3.1176976960761333,-2.543992663024083,1394
User07,3,3,2,2026-06-06,62,1,humidity,6.0102579736531005,6.179039675433723,6.0102579736531005,1209
User07,3,3,2,2026-06-08,63,1,humidity,3.8151062761286196,4.103475879204978,3.8039301673813,1054
User07,3,3,2,2026-06-09,64,1,humidity,11.040727877222848,12.076644643562982,11.038455395424469,1475
User07,3,3,2,2026-06-10,65,1,humidity,3.947776609344477,4.4177507952846895,3.8735326611424266,1550
User07,3,3,2,2026-06-11,66,1,humidity,4.2077977851586645,4.582237055703613,4.203473984156145,1580
User07,3,3,2,2026-06-12,67,1,humidity,6.443564843875107,6.797334440881862,6.443564843875107,1021
User07,3,3,2,2026-06-14,68,1,humidity,5.625967204962342,6.231971585164868,-5.6253115202087995,1308
User07,3,3,2,2026-06-15,69,1,humidity,2.3912932545246868,2.9696034704845675,-0.9862742454700989,1368
User07,3,3,2,2026-06-16,70,1,humidity,5.907689555674082,6.073851697794745,5.907689555674082,1304
User07,3,3,2,2026-06-17,71,1,humidity,6.383114693627405,7.04962488876527,6.365608830060089,1835
User07,3,3,2,2026-06-18,72,1,humidity,3.6038435506086577,4.087353816008424,3.4950752755283983,1376
User07,3,3,2,2026-06-19,73,1,humidity,12.042841598486211,12.181418034710608,-12.042841598486211,2144
User07,3,3,2,2026-06-20,74,1,humidity,4.547915911071699,5.51015701653882,-3.5013179628885984,1382
User07,3,3,2,2026-06-21,75,1,humidity,5.0710774763088935,5.412117551334322,-4.875616748183348,1414
User07,3,3,2,2026-06-22,76,1,humidity,4.491844109275251,4.998584345767509,-4.008930815459109,1993
User07,3,3,2,2026-06-23,77,1,humidity,8.870590719877002,9.771312737273789,8.825339338787076,3249
User07,3,3,2,2026-06-24,78,1,humidity,8.91075444307441,9.24173575245611,8.91075444307441,2216
User07,3,3,2,2026-06-25,79,1,humidity,1.2257740590916528,1.4831486374936063,-0.041262151255360015,1368
User07,3,3,2,2026-06-27,80,1,humidity,5.0860399154181675,5.340322596496763,5.0860399154181675,824
User07,3,3,2,2026-06-28,81,1,humidity,2.941081499959223,3.8657877670219953,-1.3066784771490174,994
User07,3,3,2,2026-06-29,82,1,humidity,2.223331814128318,2.680430079717103,0.2864726274418606,804
User07,3,3,2,2026-06-30,83,1,humidity,6.927148001979262,7.2167244685535685,6.927148001979262,906
User07,3,3,2,2026-07-01,84,1,humidity,6.070782210859882,6.252040591738166,-6.070782210859882,1461
User07,3,3,2,2026-07-02,85,1,humidity,4.439584507547929,4.954791081719167,-4.434471877898202,988
User07,3,3,2,2026-07-03,86,1,humidity,6.711660313243422,7.314918170777634,-6.7076517375385905,1265
User07,3,3,2,2026-07-04,87,1,humidity,9.791097093752413,9.974087641419908,-9.791097093752413,819
User07,3,3,2,2026-07-05,88,1,humidity,17.414363973470717,17.4972511731224,-17.414363973470717,1200
User07,3,3,2,2026-07-06,89,1,humidity,15.947318902560397,16.09632995946696,-15.947318902560397,1549
User07,3,3,2,2026-07-07,90,1,humidity,9.131664179694324,9.703255374625133,-9.131664179694324,810
User07,3,3,2,2026-07-08,91,1,humidity,13.862381177382066,13.969348579041737,-13.862381177382066,1774
User07,3,3,2,2026-07-09,92,1,humidity,14.996077368288743,15.07039529400685,-14.996077368288743,2008
User07,3,3,2,2026-07-10,93,1,humidity,18.565702116603045,18.621279686575644,-18.565702116603045,1213
User07,3,3,2,2026-07-11,94,1,humidity,12.966301305003638,13.043720186306118,-12.966301305003638,764
User07,3,3,2,2026-07-13,95,1,humidity,14.499745280079432,14.589985438058022,-14.499745280079432,1751
User07,3,3,2,2026-07-14,96,1,humidity,15.738351376496539,15.819296055509215,-15.738351376496539,1829
User07,3,3,2,2026-07-15,97,1,humidity,9.050227535494319,9.140779496075623,-9.050227535494319,1044
User07,3,3,2,2026-07-16,98,1,humidity,12.226297946407966,12.340846704135314,-12.226297946407966,785
User07,3,3,2,2026-07-17,99,1,humidity,15.211981708648468,16.269467785814676,-15.182990424232889,2065
User07,3,3,2,2026-07-18,100,1,humidity,11.563639504321465,11.736328621538135,-11.563639504321465,1561
User07,3,7,0,2026-04-11,9,0,temperature,0.7827462489326964,0.9534991628338954,0.030231725384934398,1737
User07,3,7,0,2026-04-13,10,0,temperature,0.8989417091247451,1.091667440862972,0.08792100669051098,1780
User07,3,7,0,2026-04-14,11,0,temperature,0.6372083051236542,0.7895488677128184,0.01156439408237618,1829
User07,3,7,0,2026-04-15,12,0,temperature,0.6284763234682831,0.7381952082487925,0.04146645776824,1751
User07,3,7,0,2026-04-16,13,0,temperature,0.7495005631510036,0.9657293534006558,-0.6560624616890196,1603
User07,3,7,0,2026-04-17,14,0,temperature,0.7927952228132134,0.9587682085199282,-0.028027459598686494,709
User07,3,7,0,2026-04-18,15,0,temperature,0.48857752411776034,0.598648256410272,-0.09788036054893837,2201
User07,3,7,0,2026-04-19,16,1,temperature,0.6556673099794446,0.8499019945962926,-0.6172776559889729,1334
User07,3,7,0,2026-04-20,17,1,temperature,0.6453441700845604,0.8016476352112225,-0.23247868810638087,1930
User07,3,7,0,2026-04-21,18,1,temperature,0.8441395425774407,1.0518218785681674,-0.18124612540557036,2021
User07,3,7,0,2026-04-22,19,1,temperature,0.8206898151198893,1.017457446608004,0.13132750584874206,1333
User07,3,7,0,2026-04-23,20,1,temperature,0.7602910152638548,0.9574725805491877,-0.12802643783277742,1147
User07,3,7,0,2026-04-24,21,1,temperature,1.418509151725215,1.7550747798622957,-0.8502580308574657,1221
User07,3,7,0,2026-04-25,22,1,temperature,0.6285402377106308,0.672063778421012,0.4372593646894068,2304
User07,3,7,0,2026-04-26,23,1,temperature,0.6841268754799485,0.8954338241137402,-0.2093591727866468,1467
User07,3,7,0,2026-04-27,24,1,temperature,0.5360468219682629,0.6233241194745714,0.11034230563515801,1138
User07,3,7,0,2026-04-28,25,1,temperature,0.8775343367932301,1.0731872237527837,-0.0005616622055112763,1138
User07,3,7,0,2026-04-29,26,1,temperature,0.5473607493077507,0.6021912000397116,0.36344067707949956,1247
User07,3,7,0,2026-04-30,27,1,temperature,0.7220042728095689,0.8663447998633959,0.19031551216644213,1062
User07,3,7,0,2026-05-01,28,1,temperature,0.6450129808193876,0.8157521927329298,-0.08133263016196648,1051
User07,3,7,0,2026-05-02,29,1,temperature,0.5432773012515826,0.6026358417266149,0.3785900792302797,1834
User07,3,7,0,2026-05-03,30,1,temperature,0.9142730904390678,1.065681657462867,0.2962122144766438,1404
User07,3,7,0,2026-05-04,31,1,temperature,0.7086951834977978,0.8615763767491778,0.11056256451944776,1064
User07,3,7,0,2026-05-05,32,1,temperature,1.023349455965302,1.1503935650834565,-0.7362637698763196,870
User07,3,7,0,2026-05-06,33,1,temperature,0.6945566652879174,0.797879422378036,0.6945566652879174,1233
User07,3,7,0,2026-05-07,34,1,temperature,1.0167160738529433,1.170818436077935,0.47827316540630566,1232
User07,3,7,0,2026-05-08,35,1,temperature,1.6827004206274891,1.7006709992305349,1.6827004206274891,345
User07,3,7,0,2026-05-09,36,1,temperature,0.8803434626973171,1.1000647368793888,-0.3660286849835847,947
User07,3,7,0,2026-05-10,37,1,temperature,0.603779935257473,0.706682087289174,0.04358137904949622,1297
User07,3,7,0,2026-05-11,38,1,temperature,0.8015970663249479,0.925121482891448,0.11383460463825035,2113
User07,3,7,0,2026-05-12,39,1,temperature,0.7322369843526092,0.7840869545709558,0.6435873461403288,1014
User07,3,7,0,2026-05-13,40,1,temperature,0.5204745875593407,0.5729725871975866,0.47340362254528406,1231
User07,3,7,0,2026-05-14,41,1,temperature,0.48154461766805484,0.6092908339707468,-0.4075315081181892,891
User07,3,7,0,2026-05-15,42,1,temperature,0.5266019470507466,0.5937054419140503,-0.5090541496341188,1116
User07,3,7,0,2026-05-16,43,1,temperature,1.3635257698868672,1.425223189589059,-1.3581830026984485,1387
User07,3,7,0,2026-05-17,44,1,temperature,0.4265559802233963,0.5313523191983932,-0.3144143728893212,1246
User07,3,7,0,2026-05-18,45,1,temperature,0.9319997280258256,1.0761303594126514,-0.925327440919533,1428
User07,3,7,0,2026-05-19,46,1,temperature,1.4282815457248292,1.4523524485991646,-1.4282815457248292,1594
User07,3,7,0,2026-05-20,47,1,temperature,1.333168893610067,1.3519578521735365,-1.333168893610067,1785
User07,3,7,0,2026-05-21,48,1,temperature,1.2357122129458118,1.2596071574329126,-1.2357122129458118,881
User07,3,7,0,2026-05-22,49,1,temperature,0.6349663026804778,0.7374824118230365,-0.628943375755301,1044
User07,3,7,0,2026-05-23,50,1,temperature,1.324929327516544,1.3827592002734708,-1.3107344621261767,703
User07,3,7,0,2026-05-24,51,1,temperature,1.283077671659077,1.3098210125210863,-1.283077671659077,1215
User07,3,7,0,2026-05-25,52,1,temperature,1.4113609990392457,1.4322854562993426,-1.4113609990392457,2037
User07,3,7,0,2026-05-26,53,1,temperature,2.38204649827658,2.405761602033658,-2.38204649827658,2014
User07,3,7,0,2026-05-27,54,1,temperature,2.3451732141141868,2.364769320907625,-2.3451732141141868,2204
User07,3,7,0,2026-05-28,55,1,temperature,2.2580298874731426,2.2987959934125346,-2.2580298874731426,782
User07,3,7,0,2026-05-29,56,1,temperature,2.093439917955174,2.160976584646919,-2.093439917955174,871
User07,3,7,0,2026-05-30,57,1,temperature,1.6033159009150928,1.654644571813316,-1.6033159009150928,931
User07,3,7,0,2026-05-31,58,1,temperature,2.3762366357651175,2.3908809908578394,-2.3762366357651175,1227
User07,3,7,0,2026-06-01,59,1,temperature,2.5959337223757513,2.6507387316459847,-2.5959337223757513,979
User07,3,7,0,2026-06-02,60,1,temperature,3.1479616607814127,3.1935649486529796,-3.1479616607814127,872
User07,3,7,0,2026-06-03,61,1,temperature,2.7775146222279368,2.8390030095806567,-2.7775146222279368,1394
User07,3,7,0,2026-06-06,62,1,temperature,2.6025639638418823,2.6552050289370728,-2.6025639638418823,1209
User07,3,7,0,2026-06-08,63,1,temperature,2.3436116026904608,2.3650615267896287,-2.3436116026904608,1054
User07,3,7,0,2026-06-09,64,1,temperature,2.3647347642252767,2.38106918764534,-2.3647347642252767,1475
User07,3,7,0,2026-06-10,65,1,temperature,2.4808872996995563,2.5099399111549667,-2.4808872996995563,1550
User07,3,7,0,2026-06-11,66,1,temperature,2.338925101059538,2.370782231586705,-2.338925101059538,1580
User07,3,7,0,2026-06-12,67,1,temperature,2.473710734706187,2.4835215232123233,-2.473710734706187,1021
User07,3,7,0,2026-06-14,68,1,temperature,2.8634087087554354,2.9823906771392936,-2.8634087087554354,1308
User07,3,7,0,2026-06-15,69,1,temperature,3.3989112579027196,3.4105895279256084,-3.3989112579027196,1368
User07,3,7,0,2026-06-16,70,1,temperature,3.3144858360790157,3.337094047181811,-3.3144858360790157,1304
User07,3,7,0,2026-06-17,71,1,temperature,3.4200855638461576,3.44048675923751,-3.4174517861662643,1835
User07,3,7,0,2026-06-18,72,1,temperature,3.9215021387208324,3.977657628550521,-3.9215021387208324,1376
User07,3,7,0,2026-06-19,73,1,temperature,3.669222445954927,3.696453444647203,-3.669222445954927,2144
User07,3,7,0,2026-06-20,74,1,temperature,3.0529815335806916,3.1529013576011677,-3.006781039371572,1382
User07,3,7,0,2026-06-21,75,1,temperature,2.5473622990438174,2.5888189469238516,-2.544763194229954,1414
User07,3,7,0,2026-06-22,76,1,temperature,3.012532396864678,3.053707134467664,-3.012532396864678,1993
User07,3,7,0,2026-06-23,77,1,temperature,3.024036948212982,3.078726101769816,-3.024036948212982,3249
User07,3,7,0,2026-06-24,78,1,temperature,2.9212831173267793,2.9727739296720173,-2.9212831173267793,2216
User07,3,7,0,2026-06-25,79,1,temperature,2.9773354376264445,3.027267141223595,-2.9773354376264445,1368
User07,3,7,0,2026-06-27,80,1,temperature,3.876738741701404,3.950237029695954,-3.876738741701404,824
User07,3,7,0,2026-06-28,81,1,temperature,3.41335542251326,3.4272267746058627,-3.41335542251326,994
User07,3,7,0,2026-06-29,82,1,temperature,3.7428883194678586,3.7813581928321165,-3.7428883194678586,804
User07,3,7,0,2026-06-30,83,1,temperature,3.4676779110473976,3.4740830491035593,-3.4676779110473976,906
User07,3,7,0,2026-07-01,84,1,temperature,3.7371716313436822,3.775226094323649,-3.7371716313436822,1461
User07,3,7,0,2026-07-02,85,1,temperature,3.643028233644415,3.6844215194741965,-3.643028233644415,988
User07,3,7,0,2026-07-03,86,1,temperature,3.4465845214676563,3.455776628556203,-3.4465845214676563,1265
User07,3,7,0,2026-07-04,87,1,temperature,3.528336307918345,3.547590118720189,-3.528336307918345,819
User07,3,7,0,2026-07-05,88,1,temperature,4.030830839006759,4.06181135342607,-4.030830839006759,1200
User07,3,7,0,2026-07-06,89,1,temperature,4.032506359459343,4.069682375393517,-4.032506359459343,1549
User07,3,7,0,2026-07-07,90,1,temperature,4.137513356304069,4.180740801495546,-4.137513356304069,810
User07,3,7,0,2026-07-08,91,1,temperature,4.391426439792791,4.402332825100705,-4.391426439792791,1774
User07,3,7,0,2026-07-09,92,1,temperature,4.439198242894824,4.445226202233636,-4.439198242894824,2008
User07,3,7,0,2026-07-10,93,1,temperature,4.365379836956827,4.369136176804197,-4.365379836956827,1213
User07,3,7,0,2026-07-11,94,1,temperature,4.582225984786542,4.588283789959631,-4.582225984786542,764
User07,3,7,0,2026-07-13,95,1,temperature,5.313900875796399,5.32954016861789,-5.313900875796399,1751
User07,3,7,0,2026-07-14,96,1,temperature,5.573483679898446,5.58724726387451,-5.573483679898446,1829
User07,3,7,0,2026-07-15,97,1,temperature,4.526019814549693,4.533687845747721,-4.526019814549693,1044
User07,3,7,0,2026-07-16,98,1,temperature,4.432280856422647,4.437795074419018,-4.432280856422647,785
User07,3,7,0,2026-07-17,99,1,temperature,5.344056488234183,5.430641709380193,-5.344056488234183,2065
User07,3,7,0,2026-07-18,100,1,temperature,4.08194258781259,4.108367339148494,-4.08194258781259,1561
User07,3,7,0,2026-04-11,9,0,humidity,4.298530344607842,4.849650164807033,-3.7673714695940665,1737
User07,3,7,0,2026-04-13,10,0,humidity,7.890208045958018,8.883017986472291,-5.388352193203709,1780
User07,3,7,0,2026-04-14,11,0,humidity,12.130225111074324,14.560007891213287,-11.60477471033183,1829
User07,3,7,0,2026-04-15,12,0,humidity,13.913242128927696,14.310685506650117,-13.913242128927696,1751
User07,3,7,0,2026-04-16,13,0,humidity,2.908203109162344,3.6237281259300476,1.8156746760773428,1603
User07,3,7,0,2026-04-17,14,0,humidity,7.686177525102138,7.879669058282306,7.686177525102138,709
User07,3,7,0,2026-04-18,15,0,humidity,4.440046001907773,4.6277507281493895,4.402451754309712,2201
User07,3,7,0,2026-04-19,16,1,humidity,8.430942227904389,9.051650804229833,8.430942227904389,1334
User07,3,7,0,2026-04-20,17,1,humidity,18.23484664405908,18.31895820499288,18.23484664405908,1930
User07,3,7,0,2026-04-21,18,1,humidity,13.882556359933293,14.110053043008458,13.882556359933293,2021
User07,3,7,0,2026-04-22,19,1,humidity,9.171396753086363,10.280507173934257,9.17129156001264,1333
User07,3,7,0,2026-04-23,20,1,humidity,5.829262364698177,6.232145219453485,5.821623226277947,1147
User07,3,7,0,2026-04-24,21,1,humidity,6.801885985125281,7.529115516857061,2.7751690761720855,1221
User07,3,7,0,2026-04-25,22,1,humidity,8.440306822731428,10.376729618190382,7.902935103447626,2304
User07,3,7,0,2026-04-26,23,1,humidity,9.284532969048735,11.43170002701862,9.281548485247798,1467
User07,3,7,0,2026-04-27,24,1,humidity,6.71839169369898,6.952651096321781,6.652856615523068,1138
User07,3,7,0,2026-04-28,25,1,humidity,4.476522070244589,5.202761170280082,4.097950452339671,1138
User07,3,7,0,2026-04-29,26,1,humidity,3.3885984115074,3.9149446018255376,2.58068678561709,1247
User07,3,7,0,2026-04-30,27,1,humidity,3.0420092301896484,3.9824113024711623,2.672429584493523,1062
User07,3,7,0,2026-05-01,28,1,humidity,3.027510151993186,3.505970889864773,-0.8781191853460776,1051
User07,3,7,0,2026-05-02,29,1,humidity,2.2608761756685123,3.0090149714367294,1.872397999753229,1834
User07,3,7,0,2026-05-03,30,1,humidity,5.487056393494899,6.372218183074493,-4.303611897773713,1404
User07,3,7,0,2026-05-04,31,1,humidity,3.47884812804802,4.278977113364053,0.5616106270211488,1064
User07,3,7,0,2026-05-05,32,1,humidity,9.324518346362197,9.529567384602952,9.324518346362197,870
User07,3,7,0,2026-05-06,33,1,humidity,3.463707790733162,3.733610663819925,-3.4407504197424266,1233
User07,3,7,0,2026-05-07,34,1,humidity,2.668214251798462,3.111082489282848,2.561737753686293,1232
User07,3,7,0,2026-05-08,35,1,humidity,4.197845457362527,4.7491788356298414,4.1252122117264785,345
User07,3,7,0,2026-05-09,36,1,humidity,4.8711636275099295,5.603855211414645,4.407152862176167,947
User07,3,7,0,2026-05-10,37,1,humidity,6.479925273806504,6.873133216782039,6.479925273806504,1297
User07,3,7,0,2026-05-11,38,1,humidity,7.142259277823143,7.598280764188641,-7.142259277823143,2113
User07,3,7,0,2026-05-12,39,1,humidity,12.16661871027397,12.36077455846722,-12.16661871027397,1014
User07,3,7,0,2026-05-13,40,1,humidity,7.153494739995677,7.244488266131021,-7.153494739995677,1231
User07,3,7,0,2026-05-14,41,1,humidity,12.53951058414399,12.927865131045536,-12.53951058414399,891
User07,3,7,0,2026-05-15,42,1,humidity,10.785120586869972,11.209716920140568,-10.785120586869972,1116
User07,3,7,0,2026-05-16,43,1,humidity,3.6444155219720424,4.347139779810474,3.5001545549797175,1387
User07,3,7,0,2026-05-17,44,1,humidity,13.238149113800283,13.510247876002683,13.238149113800283,1246
User07,3,7,0,2026-05-18,45,1,humidity,9.281363785581167,10.941863431364661,8.701582732140523,1428
User07,3,7,0,2026-05-19,46,1,humidity,4.698074285442271,5.358711410344767,-4.547722755608595,1594
User07,3,7,0,2026-05-20,47,1,humidity,3.3514110427739987,3.580220870413226,-3.3514110427739987,1785
User07,3,7,0,2026-05-21,48,1,humidity,3.065373620627582,3.249700160274491,-3.065373620627582,881
User07,3,7,0,2026-05-22,49,1,humidity,7.597210887122302,7.837952620250414,7.597210887122302,1044
User07,3,7,0,2026-05-23,50,1,humidity,6.5596068942393995,6.680639944771357,-6.5596068942393995,703
User07,3,7,0,2026-05-24,51,1,humidity,10.445789392905796,11.271425653272244,-10.445789392905796,1215
User07,3,7,0,2026-05-25,52,1,humidity,10.491721991402132,10.696611163818545,-10.491721991402132,2037
User07,3,7,0,2026-05-26,53,1,humidity,17.24932397372007,17.319744150000002,-17.24932397372007,2014
User07,3,7,0,2026-05-27,54,1,humidity,13.320563607582407,13.39221931542808,-13.320563607582407,2204
User07,3,7,0,2026-05-28,55,1,humidity,5.850659137932779,5.900990864079177,-5.850659137932779,782
User07,3,7,0,2026-05-29,56,1,humidity,2.174131687828496,2.7387931008132065,0.4296226885041778,871
User07,3,7,0,2026-05-30,57,1,humidity,8.767585362785905,8.992113512692553,-8.767585362785905,931
User07,3,7,0,2026-05-31,58,1,humidity,11.804478462126152,12.41343458631313,11.804478462126152,1227
User07,3,7,0,2026-06-01,59,1,humidity,9.076465488931035,9.419469025593859,9.076465488931035,979
User07,3,7,0,2026-06-02,60,1,humidity,1.8026404895866448,2.0491698637471747,1.7851129297246713,872
User07,3,7,0,2026-06-03,61,1,humidity,3.237958388133515,3.617363053248734,-3.2377879448643134,1394
User07,3,7,0,2026-06-06,62,1,humidity,5.442992208642,5.572713159933868,5.442992208642,1209
User07,3,7,0,2026-06-08,63,1,humidity,3.338492284175508,3.6316964963298157,3.3335675661531656,1054
User07,3,7,0,2026-06-09,64,1,humidity,10.076489219311373,10.828622929429946,10.076489219311373,1475
User07,3,7,0,2026-06-10,65,1,humidity,3.137661564541879,3.6068207811062774,3.1170841883768414,1550
User07,3,7,0,2026-06-11,66,1,humidity,3.916469190775567,4.239185557892941,3.915492538977508,1580
User07,3,7,0,2026-06-12,67,1,humidity,5.981364416954909,6.265313714945634,5.981364416954909,1021
User07,3,7,0,2026-06-14,68,1,humidity,6.208529308440875,6.712441047243442,-6.208529308440875,1308
User07,3,7,0,2026-06-15,69,1,humidity,2.0466610995192767,2.762396670795403,-1.2276146192928636,1368
User07,3,7,0,2026-06-16,70,1,humidity,5.223103866495195,5.341969229558725,5.223103866495195,1304
User07,3,7,0,2026-06-17,71,1,humidity,5.795204246938968,6.256056742388255,5.786065841245342,1835
User07,3,7,0,2026-06-18,72,1,humidity,3.180617330982798,3.506001847027541,3.119275112385123,1376
User07,3,7,0,2026-06-19,73,1,humidity,12.498836782640975,12.583362021413246,-12.498836782640975,2144
User07,3,7,0,2026-06-20,74,1,humidity,4.7730574796731915,5.471148293455507,-4.360784924614293,1382
User07,3,7,0,2026-06-21,75,1,humidity,5.7376973218650145,5.956321154070237,-5.687927203979893,1414
User07,3,7,0,2026-06-22,76,1,humidity,5.358744004774912,5.750363228026837,-5.012555250947677,1993
User07,3,7,0,2026-06-23,77,1,humidity,7.8892011182745065,8.721871788265734,7.878487904108628,3249
User07,3,7,0,2026-06-24,78,1,humidity,8.27700985869199,8.446116472029082,8.27700985869199,2216
User07,3,7,0,2026-06-25,79,1,humidity,1.026189712983123,1.29946060796153,-0.6607797420955238,1368
User07,3,7,0,2026-06-27,80,1,humidity,4.570217909006684,4.746512747081207,4.570217909006684,824
User07,3,7,0,2026-06-28,81,1,humidity,2.5650720268383504,3.05917867315897,-2.1030741178365213,994
User07,3,7,0,2026-06-29,82,1,humidity,1.6630104952283646,2.040908077306818,-0.25170968333135674,804
User07,3,7,0,2026-06-30,83,1,humidity,6.512173986783686,6.72505441096119,6.512173986783686,906
User07,3,7,0,2026-07-01,84,1,humidity,6.439824157685542,6.537352814645713,-6.439824157685542,1461
User07,3,7,0,2026-07-02,85,1,humidity,4.769457585146702,5.0444310058897015,-4.769457585146702,988
User07,3,7,0,2026-07-03,86,1,humidity,7.447774727025374,8.078055230799382,-7.447774727025374,1265
User07,3,7,0,2026-07-04,87,1,humidity,10.324009149365962,10.459100549242155,-10.324009149365962,819
User07,3,7,0,2026-07-05,88,1,humidity,17.911294371531273,17.978286261628536,-17.911294371531273,1200
User07,3,7,0,2026-07-06,89,1,humidity,16.017087202644944,16.120619470570862,-16.017087202644944,1549
User07,3,7,0,2026-07-07,90,1,humidity,9.580020144977087,10.055081275209325,-9.580020144977087,810
User07,3,7,0,2026-07-08,91,1,humidity,14.630522239011274,14.709779717150147,-14.630522239011274,1774
User07,3,7,0,2026-07-09,92,1,humidity,15.541770546848326,15.583779919202243,-15.541770546848326,2008
User07,3,7,0,2026-07-10,93,1,humidity,18.881369274200136,18.90479775395553,-18.881369274200136,1213
User07,3,7,0,2026-07-11,94,1,humidity,13.654004344512762,13.692122452298634,-13.654004344512762,764
User07,3,7,0,2026-07-13,95,1,humidity,15.149200011485483,15.199251659068507,-15.149200011485483,1751
User07,3,7,0,2026-07-14,96,1,humidity,16.20257427512367,16.24873887731928,-16.20257427512367,1829
User07,3,7,0,2026-07-15,97,1,humidity,9.884088722365915,9.941550016181198,-9.884088722365915,1044
User07,3,7,0,2026-07-16,98,1,humidity,12.998214150731158,13.07078156353541,-12.998214150731158,785
User07,3,7,0,2026-07-17,99,1,humidity,16.339582832840776,17.227437802147804,-16.339582832840776,2065
User07,3,7,0,2026-07-18,100,1,humidity,12.175732881905363,12.33236359045322,-12.175732881905363,1561
User07,3,7,1,2026-04-11,9,0,temperature,0.7922807184312077,0.9581807171984706,0.06662351470869253,1737
User07,3,7,1,2026-04-13,10,0,temperature,0.9801117747626821,1.1564917419595926,0.1960619318744246,1780
User07,3,7,1,2026-04-14,11,0,temperature,0.6466780142083183,0.8223055131058584,-0.013693038285635601,1829
User07,3,7,1,2026-04-15,12,0,temperature,0.6207443660451518,0.7267653624025638,0.06391670386444834,1751
User07,3,7,1,2026-04-16,13,0,temperature,0.7336082157381728,0.9539462062036641,-0.647021631544138,1603
User07,3,7,1,2026-04-17,14,0,temperature,0.8415527290334628,0.9886637394571538,0.04121269018533508,709
User07,3,7,1,2026-04-18,15,0,temperature,0.46353707713780296,0.5777957644519495,-0.11230617552203007,2201
User07,3,7,1,2026-04-19,16,1,temperature,0.6261921171947873,0.8269964514541096,-0.5590640494011545,1334
User07,3,7,1,2026-04-20,17,1,temperature,0.6351016352342218,0.7997089223577782,-0.19086746367020835,1930
User07,3,7,1,2026-04-21,18,1,temperature,0.8690693982731929,1.0615790259208626,-0.12890881847259514,2021
User07,3,7,1,2026-04-22,19,1,temperature,0.8694670151226174,1.051896994539365,0.180808858227676,1333
User07,3,7,1,2026-04-23,20,1,temperature,0.7441912778290269,0.9536647642846857,-0.05886943502051229,1147
User07,3,7,1,2026-04-24,21,1,temperature,1.408440886657555,1.7401555876849184,-0.8012307573082346,1221
User07,3,7,1,2026-04-25,22,1,temperature,0.5756361185073082,0.6128568367984712,0.3871028138094805,2304
User07,3,7,1,2026-04-26,23,1,temperature,0.693899620788741,0.9069333473187068,-0.20151354071863378,1467
User07,3,7,1,2026-04-27,24,1,temperature,0.5597792058388538,0.646331846003972,0.1276690201596276,1138
User07,3,7,1,2026-04-28,25,1,temperature,0.904535197177077,1.100044091992119,0.0026192890097759837,1138
User07,3,7,1,2026-04-29,26,1,temperature,0.5726003882995908,0.6390037077249974,0.3860977489893287,1247
User07,3,7,1,2026-04-30,27,1,temperature,0.7141823458994722,0.8528614275292075,0.22036270846360453,1062
User07,3,7,1,2026-05-01,28,1,temperature,0.6242144378426133,0.8048949491800054,-0.07567928970119746,1051
User07,3,7,1,2026-05-02,29,1,temperature,0.5653303607197656,0.6434133535816627,0.40587659396901604,1834
User07,3,7,1,2026-05-03,30,1,temperature,0.9425973889723487,1.092577807746475,0.32554205396993735,1404
User07,3,7,1,2026-05-04,31,1,temperature,0.7258828529072079,0.8738681215328444,0.11820315631871207,1064
User07,3,7,1,2026-05-05,32,1,temperature,1.024480264138994,1.1574213770711825,-0.7236447919412325,870
User07,3,7,1,2026-05-06,33,1,temperature,0.7396816701802981,0.8366028418067388,0.7392382713725939,1233
User07,3,7,1,2026-05-07,34,1,temperature,1.022244937287951,1.1892204198047664,0.5268708371497317,1232
User07,3,7,1,2026-05-08,35,1,temperature,1.6835759539439672,1.706005726178592,1.6835759539439672,345
User07,3,7,1,2026-05-09,36,1,temperature,0.8969507818647782,1.1055866851254061,-0.3537306942674555,947
User07,3,7,1,2026-05-10,37,1,temperature,0.6223061591954996,0.715098066712452,0.1173676217022771,1297
User07,3,7,1,2026-05-11,38,1,temperature,0.772894392409424,0.8879503255648297,0.14830088600408717,2113
User07,3,7,1,2026-05-12,39,1,temperature,0.7726988356735915,0.8308758218854275,0.6761271031862889,1014
User07,3,7,1,2026-05-13,40,1,temperature,0.5315454111798034,0.606816575364083,0.493921795268791,1231
User07,3,7,1,2026-05-14,41,1,temperature,0.46585345921437576,0.5979954046143988,-0.4041759620082661,891
User07,3,7,1,2026-05-15,42,1,temperature,0.4908399890773428,0.5732095887864451,-0.4813922369365089,1116
User07,3,7,1,2026-05-16,43,1,temperature,1.3441799736610476,1.4099767620434873,-1.3314830461110432,1387
User07,3,7,1,2026-05-17,44,1,temperature,0.3985006045140383,0.5205080316576843,-0.24998486518954682,1246
User07,3,7,1,2026-05-18,45,1,temperature,0.8984567415027179,1.0531136962735341,-0.8940168858198053,1428
User07,3,7,1,2026-05-19,46,1,temperature,1.4004453888455437,1.4278658683814216,-1.3948604905707702,1594
User07,3,7,1,2026-05-20,47,1,temperature,1.348753289424136,1.368923277680255,-1.348753289424136,1785
User07,3,7,1,2026-05-21,48,1,temperature,1.252948954983478,1.2751438884728987,-1.252948954983478,881
User07,3,7,1,2026-05-22,49,1,temperature,0.5887509061301277,0.6881631052612068,-0.5774668924624825,1044
User07,3,7,1,2026-05-23,50,1,temperature,1.3100524988998405,1.3501842532856931,-1.2970812307254558,703
User07,3,7,1,2026-05-24,51,1,temperature,1.2171303868542236,1.2494890937408287,-1.2171250708316046,1215
User07,3,7,1,2026-05-25,52,1,temperature,1.3714766096022126,1.3955499461977088,-1.371248197911023,2037
User07,3,7,1,2026-05-26,53,1,temperature,2.3724965738114747,2.3895529071438957,-2.3724965738114747,2014
User07,3,7,1,2026-05-27,54,1,temperature,2.3240807527754472,2.3470659116473405,-2.3240807527754472,2204
User07,3,7,1,2026-05-28,55,1,temperature,2.212868933354799,2.2508311899920184,-2.212868933354799,782
User07,3,7,1,2026-05-29,56,1,temperature,2.137502491999898,2.212502286525814,-2.137502491999898,871
User07,3,7,1,2026-05-30,57,1,temperature,1.5646633994355887,1.6147528991237756,-1.5646633994355887,931
User07,3,7,1,2026-05-31,58,1,temperature,2.306941766601534,2.3398439392095116,-2.2833823846262797,1227
User07,3,7,1,2026-06-01,59,1,temperature,2.607072736242309,2.6621269383953643,-2.607072736242309,979
User07,3,7,1,2026-06-02,60,1,temperature,3.11514072512973,3.1532871128540534,-3.11514072512973,872
User07,3,7,1,2026-06-03,61,1,temperature,2.7838967765063343,2.8454475241094532,-2.7838967765063343,1394
User07,3,7,1,2026-06-06,62,1,temperature,2.5381435033378854,2.6132111734018473,-2.5313837375689574,1209
User07,3,7,1,2026-06-08,63,1,temperature,2.2809458398934273,2.307946823870533,-2.2809458398934273,1054
User07,3,7,1,2026-06-09,64,1,temperature,2.2943867846209804,2.34690679842601,-2.288015852058066,1475
User07,3,7,1,2026-06-10,65,1,temperature,2.493533986578083,2.523275233172918,-2.493533986578083,1550
User07,3,7,1,2026-06-11,66,1,temperature,2.304512235861339,2.339431719321169,-2.304512235861339,1580
User07,3,7,1,2026-06-12,67,1,temperature,2.4560365216672984,2.4688598044857475,-2.4560365216672984,1021
User07,3,7,1,2026-06-14,68,1,temperature,2.8357551059101147,2.947513103628573,-2.8357551059101147,1308
User07,3,7,1,2026-06-15,69,1,temperature,3.357595182387946,3.3696085600656254,-3.357595182387946,1368
User07,3,7,1,2026-06-16,70,1,temperature,3.302924776956437,3.32478954303969,-3.302924776956437,1304
User07,3,7,1,2026-06-17,71,1,temperature,3.396841781607392,3.4228334510893075,-3.3816266936808566,1835
User07,3,7,1,2026-06-18,72,1,temperature,3.8976230129858664,3.958105611873369,-3.8976230129858664,1376
User07,3,7,1,2026-06-19,73,1,temperature,3.622844902350822,3.6553272962728793,-3.622844902350822,2144
User07,3,7,1,2026-06-20,74,1,temperature,2.978251994678914,3.0922663522976386,-2.8698152398277696,1382
User07,3,7,1,2026-06-21,75,1,temperature,2.535940559071268,2.5741679748232937,-2.5061027357452947,1414
User07,3,7,1,2026-06-22,76,1,temperature,3.007930094462344,3.0446978025699467,-3.007930094462344,1993
User07,3,7,1,2026-06-23,77,1,temperature,3.0462157808252814,3.0987676419650123,-3.0462157808252814,3249
User07,3,7,1,2026-06-24,78,1,temperature,2.9265843854691873,2.9845836504729992,-2.9265843854691873,2216
User07,3,7,1,2026-06-25,79,1,temperature,2.968315384020495,3.02819258323154,-2.96609015827802,1368
User07,3,7,1,2026-06-27,80,1,temperature,3.834509200453746,3.908348895059888,-3.834509200453746,824
User07,3,7,1,2026-06-28,81,1,temperature,3.2876070533100843,3.330295305825442,-3.2802516704289184,994
User07,3,7,1,2026-06-29,82,1,temperature,3.719529583965083,3.769812975903074,-3.719529583965083,804
User07,3,7,1,2026-06-30,83,1,temperature,3.485009710296786,3.491365385776669,-3.485009710296786,906
User07,3,7,1,2026-07-01,84,1,temperature,3.692690982897767,3.7342923662204237,-3.692690982897767,1461
User07,3,7,1,2026-07-02,85,1,temperature,3.649863915982361,3.6889968533635766,-3.649863915982361,988
User07,3,7,1,2026-07-03,86,1,temperature,3.464360579677863,3.4756855285819555,-3.464360579677863,1265
User07,3,7,1,2026-07-04,87,1,temperature,3.4172565301343174,3.448980109905026,-3.4172565301343174,819
User07,3,7,1,2026-07-05,88,1,temperature,3.9931207757740648,4.026749549294944,-3.9931207757740648,1200
User07,3,7,1,2026-07-06,89,1,temperature,3.951924837400667,3.987808517775516,-3.951924837400667,1549
User07,3,7,1,2026-07-07,90,1,temperature,4.151472714419505,4.197450867874653,-4.151472714419505,810
User07,3,7,1,2026-07-08,91,1,temperature,4.409775651291063,4.422163105323141,-4.409775651291063,1774
User07,3,7,1,2026-07-09,92,1,temperature,4.409655753832033,4.417792908090248,-4.409355260245442,2008
User07,3,7,1,2026-07-10,93,1,temperature,4.332474878988123,4.3371249951164845,-4.332474878988123,1213
User07,3,7,1,2026-07-11,94,1,temperature,4.534182524007148,4.542340825426621,-4.534182524007148,764
User07,3,7,1,2026-07-13,95,1,temperature,5.329344090595034,5.344435297466195,-5.329344090595034,1751
User07,3,7,1,2026-07-14,96,1,temperature,5.560090744139915,5.575999314955776,-5.560090744139915,1829
User07,3,7,1,2026-07-15,97,1,temperature,4.546138618113355,4.555036395215539,-4.546138618113355,1044
User07,3,7,1,2026-07-16,98,1,temperature,4.457855476741411,4.465565348686079,-4.457855476741411,785
User07,3,7,1,2026-07-17,99,1,temperature,5.2937053844657065,5.38522895788506,-5.2937053844657065,2065
User07,3,7,1,2026-07-18,100,1,temperature,4.058387617694569,4.086289937194085,-4.058387617694569,1561
User07,3,7,1,2026-04-11,9,0,humidity,4.385704598055447,4.950563866022291,-3.8271014693031233,1737
User07,3,7,1,2026-04-13,10,0,humidity,7.738822790263017,8.870623121274683,-5.523049660112208,1780
User07,3,7,1,2026-04-14,11,0,humidity,12.0454853027841,14.62913918683704,-11.540420747859056,1829
User07,3,7,1,2026-04-15,12,0,humidity,14.105001842787278,14.510971866448433,-14.105001842787278,1751
User07,3,7,1,2026-04-16,13,0,humidity,3.015632056771928,3.7942559539562826,2.0678899955084993,1603
User07,3,7,1,2026-04-17,14,0,humidity,7.994414497858579,8.195245061291041,7.994414497858579,709
User07,3,7,1,2026-04-18,15,0,humidity,4.673611102774638,4.858191919891912,4.657367019552359,2201
User07,3,7,1,2026-04-19,16,1,humidity,8.551463333994331,9.161580926300283,8.551463333994331,1334
User07,3,7,1,2026-04-20,17,1,humidity,18.49416237393443,18.589111461474783,18.49416237393443,1930
User07,3,7,1,2026-04-21,18,1,humidity,13.900574564958715,14.13416886262571,13.900574564958715,2021
User07,3,7,1,2026-04-22,19,1,humidity,9.309816342286128,10.34765005349903,9.308339727306729,1333
User07,3,7,1,2026-04-23,20,1,humidity,6.099526097356818,6.506680146071017,6.09815430088319,1147
User07,3,7,1,2026-04-24,21,1,humidity,6.775098031441208,7.494380778768876,2.918653858250554,1221
User07,3,7,1,2026-04-25,22,1,humidity,8.463819326238418,10.273895659486307,7.743638655616069,2304
User07,3,7,1,2026-04-26,23,1,humidity,9.496094947986222,11.59285485551391,9.495246027701297,1467
User07,3,7,1,2026-04-27,24,1,humidity,6.787939790014929,7.072481578153925,6.717831067018661,1138
User07,3,7,1,2026-04-28,25,1,humidity,4.619573854291124,5.346795903688274,4.27487410738348,1138
User07,3,7,1,2026-04-29,26,1,humidity,3.538716888387133,4.120827348230608,2.7566277945718434,1247
User07,3,7,1,2026-04-30,27,1,humidity,3.1875406852864434,4.103798364102622,2.8298990885609676,1062
User07,3,7,1,2026-05-01,28,1,humidity,2.914682809749194,3.4225947331796065,-0.7428240286237993,1051
User07,3,7,1,2026-05-02,29,1,humidity,2.47785011842428,3.1864828231903086,2.1575677519584184,1834
User07,3,7,1,2026-05-03,30,1,humidity,5.377795112180273,6.190247329365412,-3.9710826359236804,1404
User07,3,7,1,2026-05-04,31,1,humidity,3.529467688215908,4.3823657132065765,0.7230466572725114,1064
User07,3,7,1,2026-05-05,32,1,humidity,9.55604970800468,9.744412547318493,9.55604970800468,870
User07,3,7,1,2026-05-06,33,1,humidity,3.2491122780777824,3.5873401442600104,-3.2097172141738524,1233
User07,3,7,1,2026-05-07,34,1,humidity,2.8904686551097822,3.3307615797620884,2.794139564586722,1232
User07,3,7,1,2026-05-08,35,1,humidity,4.588054703053284,5.097520496369372,4.527766250407332,345
User07,3,7,1,2026-05-09,36,1,humidity,4.952865336620316,5.740349394619301,4.606012977007725,947
User07,3,7,1,2026-05-10,37,1,humidity,6.567838303480044,6.9657051545734285,6.567838303480044,1297
User07,3,7,1,2026-05-11,38,1,humidity,6.8562488248747435,7.313673501984746,-6.847704504446874,2113
User07,3,7,1,2026-05-12,39,1,humidity,11.814853842059556,12.019733955038742,-11.814853842059556,1014
User07,3,7,1,2026-05-13,40,1,humidity,6.824414265121772,6.945694130080342,-6.824414265121772,1231
User07,3,7,1,2026-05-14,41,1,humidity,12.226564406361089,12.607656494863416,-12.226564406361089,891
User07,3,7,1,2026-05-15,42,1,humidity,10.868693784289489,11.300681183997483,-10.868693784289489,1116
User07,3,7,1,2026-05-16,43,1,humidity,3.7531058406199795,4.435677338678948,3.625710207718662,1387
User07,3,7,1,2026-05-17,44,1,humidity,13.456298962330596,13.700968438948252,13.456298962330596,1246
User07,3,7,1,2026-05-18,45,1,humidity,9.617971975715589,11.297252513041546,9.13936226225697,1428
User07,3,7,1,2026-05-19,46,1,humidity,4.50391945729102,5.152350064722882,-4.2349835691545765,1594
User07,3,7,1,2026-05-20,47,1,humidity,3.0316684664566034,3.332041573281965,-3.029212601080156,1785
User07,3,7,1,2026-05-21,48,1,humidity,2.839448767409756,3.08264194058009,-2.8382251048134797,881
User07,3,7,1,2026-05-22,49,1,humidity,7.416149304753266,7.699126293041108,7.416149304753266,1044
User07,3,7,1,2026-05-23,50,1,humidity,6.295205892886231,6.467637256093405,-6.295205892886231,703
User07,3,7,1,2026-05-24,51,1,humidity,10.228083189568455,11.073300155872483,-10.228083189568455,1215
User07,3,7,1,2026-05-25,52,1,humidity,10.386879850950262,10.580243903541547,-10.386879850950262,2037
User07,3,7,1,2026-05-26,53,1,humidity,17.015618854198685,17.087951628521427,-17.015618854198685,2014
User07,3,7,1,2026-05-27,54,1,humidity,13.278589093490643,13.37222759895116,-13.278589093490643,2204
User07,3,7,1,2026-05-28,55,1,humidity,5.958066745544539,6.032585820105121,-5.956753061375467,782
User07,3,7,1,2026-05-29,56,1,humidity,2.256944724342502,2.8564763440823495,0.49655382231575873,871
User07,3,7,1,2026-05-30,57,1,humidity,8.866313542956014,9.134812068890358,-8.865685095289932,931
User07,3,7,1,2026-05-31,58,1,humidity,12.185095542942598,12.851590712958513,12.185095542942598,1227
User07,3,7,1,2026-06-01,59,1,humidity,9.25235894503211,9.595491632218007,9.25235894503211,979
User07,3,7,1,2026-06-02,60,1,humidity,1.8231652691028934,2.083438511824123,1.7782161218857606,872
User07,3,7,1,2026-06-03,61,1,humidity,3.099765126779327,3.5465714732440423,-3.083008256244056,1394
User07,3,7,1,2026-06-06,62,1,humidity,5.615919991135304,5.762742857679824,5.615919991135304,1209
User07,3,7,1,2026-06-08,63,1,humidity,3.369226681436074,3.66644829693444,3.362988010890275,1054
User07,3,7,1,2026-06-09,64,1,humidity,10.539776288955402,11.536526023412875,10.539776288955402,1475
User07,3,7,1,2026-06-10,65,1,humidity,3.340372950170543,3.7987678893241554,3.2970120171947133,1550
User07,3,7,1,2026-06-11,66,1,humidity,3.983334738194183,4.307647495451655,3.9827516914148946,1580
User07,3,7,1,2026-06-12,67,1,humidity,6.090701083523615,6.396208980898912,6.090701083523615,1021
User07,3,7,1,2026-06-14,68,1,humidity,6.164053622830382,6.6731470261372605,-6.161935035232312,1308
User07,3,7,1,2026-06-15,69,1,humidity,2.026663711112336,2.6821380522403566,-1.0721412125907077,1368
User07,3,7,1,2026-06-16,70,1,humidity,5.3734772045742,5.500502097442262,5.3734772045742,1304
User07,3,7,1,2026-06-17,71,1,humidity,6.020782441176339,6.560481362195169,6.006282464294275,1835
User07,3,7,1,2026-06-18,72,1,humidity,3.3526851452802258,3.6901694893563413,3.309574597291069,1376
User07,3,7,1,2026-06-19,73,1,humidity,12.387898107672571,12.480096063705092,-12.387898107672571,2144
User07,3,7,1,2026-06-20,74,1,humidity,4.720758794199666,5.501627541987902,-3.9911883624532933,1382
User07,3,7,1,2026-06-21,75,1,humidity,5.49439758731419,5.763001866115562,-5.294402019173534,1414
User07,3,7,1,2026-06-22,76,1,humidity,5.2136046541683125,5.614883231561788,-4.836000138215184,1993
User07,3,7,1,2026-06-23,77,1,humidity,8.054028622643301,8.885585118998891,8.035057374331327,3249
User07,3,7,1,2026-06-24,78,1,humidity,8.413230290598925,8.610795900689181,8.413230290598925,2216
User07,3,7,1,2026-06-25,79,1,humidity,1.0396376514212997,1.344988999878474,-0.4277764428530688,1368
User07,3,7,1,2026-06-27,80,1,humidity,4.724021446461666,4.903893057433446,4.721193755911687,824
User07,3,7,1,2026-06-28,81,1,humidity,2.84937324421802,3.5105728389994693,-1.7174646859250047,994
User07,3,7,1,2026-06-29,82,1,humidity,1.7470689615978763,2.1553686947573043,-0.10914437835583153,804
User07,3,7,1,2026-06-30,83,1,humidity,6.702079220883057,6.90749947295574,6.702079220883057,906
User07,3,7,1,2026-07-01,84,1,humidity,6.248409270245273,6.3446225443740545,-6.248409270245273,1461
User07,3,7,1,2026-07-02,85,1,humidity,4.6474347959859905,4.9277956399742475,-4.6474347959859905,988
User07,3,7,1,2026-07-03,86,1,humidity,7.156858874115121,7.85855771915566,-7.156858874115121,1265
User07,3,7,1,2026-07-04,87,1,humidity,10.347297149277471,10.514787563091737,-10.345127128417124,819
User07,3,7,1,2026-07-05,88,1,humidity,17.82078641642981,17.907753922798772,-17.82078641642981,1200
User07,3,7,1,2026-07-06,89,1,humidity,16.057798661881773,16.165670184986652,-16.057798661881773,1549
User07,3,7,1,2026-07-07,90,1,humidity,9.496455259185835,10.033131576200983,-9.496455259185835,810
User07,3,7,1,2026-07-08,91,1,humidity,14.272351017985404,14.378118320153366,-14.272351017985404,1774
User07,3,7,1,2026-07-09,92,1,humidity,15.470347191981112,15.52515416571599,-15.470347191981112,2008
User07,3,7,1,2026-07-10,93,1,humidity,18.703332159467195,18.734747670978226,-18.703332159467195,1213
User07,3,7,1,2026-07-11,94,1,humidity,13.686852576381886,13.744963909146964,-13.686852576381886,764
User07,3,7,1,2026-07-13,95,1,humidity,15.050545029355586,15.10726796296288,-15.050545029355586,1751
User07,3,7,1,2026-07-14,96,1,humidity,16.073883067519382,16.134260700828634,-16.073883067519382,1829
User07,3,7,1,2026-07-15,97,1,humidity,9.675426112468486,9.746610058436907,-9.675426112468486,1044
User07,3,7,1,2026-07-16,98,1,humidity,12.728404669581415,12.82331676331905,-12.728404669581415,785
User07,3,7,1,2026-07-17,99,1,humidity,15.932716957425141,16.9502223796871,-15.932716957425141,2065
User07,3,7,1,2026-07-18,100,1,humidity,11.948318388657611,12.09827900613531,-11.948318388657611,1561
User07,3,7,2,2026-04-11,9,0,temperature,0.7792062824817229,0.9354257705676099,0.07031990621358399,1737
User07,3,7,2,2026-04-13,10,0,temperature,0.8868530929933828,1.0622603872439487,0.07416844527436674,1780
User07,3,7,2,2026-04-14,11,0,temperature,0.6421271016078721,0.786572344342942,0.021703855764827654,1829
User07,3,7,2,2026-04-15,12,0,temperature,0.6197088203423337,0.7240321699377038,0.02354238673836461,1751
User07,3,7,2,2026-04-16,13,0,temperature,0.7688105943103667,0.9854767462724396,-0.6714180105035615,1603
User07,3,7,2,2026-04-17,14,0,temperature,0.8582784525808711,1.0215473426264186,0.012111473831631095,709
User07,3,7,2,2026-04-18,15,0,temperature,0.43132318157493577,0.5664517930360167,-0.1790861979657187,2201
User07,3,7,2,2026-04-19,16,1,temperature,0.6708006619883996,0.8556197051331624,-0.6358373898968538,1334
User07,3,7,2,2026-04-20,17,1,temperature,0.6458607029018975,0.8065259259245317,-0.21286007055158596,1930
User07,3,7,2,2026-04-21,18,1,temperature,0.8444123603047343,1.0541871037119344,-0.19964243294266185,2021
User07,3,7,2,2026-04-22,19,1,temperature,0.8217789613823955,1.0121784158505727,0.12881843091634482,1333
User07,3,7,2,2026-04-23,20,1,temperature,0.7621203915377036,0.9809196133374651,-0.13142800521226033,1147
User07,3,7,2,2026-04-24,21,1,temperature,1.3773344819985964,1.7239485503720904,-0.8422624254107913,1221
User07,3,7,2,2026-04-25,22,1,temperature,0.5841878716174563,0.6256637345060841,0.40140349110004714,2304
User07,3,7,2,2026-04-26,23,1,temperature,0.688531149230992,0.8883462347918684,-0.21938609779884238,1467
User07,3,7,2,2026-04-27,24,1,temperature,0.521634889344003,0.6250570810432832,0.0731880357656916,1138
User07,3,7,2,2026-04-28,25,1,temperature,0.8771229475828232,1.0764035018923055,-0.027438122902359738,1138
User07,3,7,2,2026-04-29,26,1,temperature,0.5170061345938927,0.5709753923985309,0.3090120955642397,1247
User07,3,7,2,2026-04-30,27,1,temperature,0.6980864963464474,0.8287149801467569,0.2039529521035949,1062
User07,3,7,2,2026-05-01,28,1,temperature,0.661264306533495,0.8398377986631063,-0.10709308947281583,1051
User07,3,7,2,2026-05-02,29,1,temperature,0.570062072427791,0.6439570147982243,0.4315858665117083,1834
User07,3,7,2,2026-05-03,30,1,temperature,0.8789304507923842,1.036103620066168,0.2664887366322535,1404
User07,3,7,2,2026-05-04,31,1,temperature,0.7271864282885453,0.892230424048814,0.06352095309343628,1064
User07,3,7,2,2026-05-05,32,1,temperature,1.0486275220257335,1.1881301329067642,-0.7815312536162958,870
User07,3,7,2,2026-05-06,33,1,temperature,0.6602219843049629,0.7536674602759239,0.6602219843049629,1233
User07,3,7,2,2026-05-07,34,1,temperature,1.0397381675233768,1.2036418621289957,0.5109483726663437,1232
User07,3,7,2,2026-05-08,35,1,temperature,1.6976732608211347,1.7177924145430774,1.6976732608211347,345
User07,3,7,2,2026-05-09,36,1,temperature,0.9344112146395206,1.1500816844694888,-0.3493085984760394,947
User07,3,7,2,2026-05-10,37,1,temperature,0.6010094650275709,0.7176232269122531,0.08300504069326053,1297
User07,3,7,2,2026-05-11,38,1,temperature,0.7927486511747291,0.9173062648987466,0.10897519541899162,2113
User07,3,7,2,2026-05-12,39,1,temperature,0.6775134047959893,0.7183429726742687,0.5731756314304678,1014
User07,3,7,2,2026-05-13,40,1,temperature,0.49346593591269844,0.5489787247502947,0.44560701872445135,1231
User07,3,7,2,2026-05-14,41,1,temperature,0.5021553388983463,0.611262444675583,-0.4301558829577687,891
User07,3,7,2,2026-05-15,42,1,temperature,0.5122139064761246,0.5969128979526003,-0.5095114034161424,1116
User07,3,7,2,2026-05-16,43,1,temperature,1.3762407025944297,1.4439199364261726,-1.3756804407197794,1387
User07,3,7,2,2026-05-17,44,1,temperature,0.4244033619199583,0.5204892331959676,-0.3415961763451071,1246
User07,3,7,2,2026-05-18,45,1,temperature,0.9389736307755842,1.068809512139352,-0.9366594569421063,1428
User07,3,7,2,2026-05-19,46,1,temperature,1.4121310203797997,1.4397104135387497,-1.4110696219622576,1594
User07,3,7,2,2026-05-20,47,1,temperature,1.3633060190775723,1.3789700879737061,-1.3633060190775723,1785
User07,3,7,2,2026-05-21,48,1,temperature,1.2984092178392037,1.3192692037392513,-1.2984092178392037,881
User07,3,7,2,2026-05-22,49,1,temperature,0.6395264772847702,0.7398222878678863,-0.6198156897072109,1044
User07,3,7,2,2026-05-23,50,1,temperature,1.351907305590719,1.3927789327234572,-1.3109576164995385,703
User07,3,7,2,2026-05-24,51,1,temperature,1.2538789922580587,1.2761261695790929,-1.2538789922580587,1215
User07,3,7,2,2026-05-25,52,1,temperature,1.4235339321588678,1.4429537674745812,-1.4235339321588678,2037
User07,3,7,2,2026-05-26,53,1,temperature,2.357693054029479,2.3789736880216603,-2.357693054029479,2014
User07,3,7,2,2026-05-27,54,1,temperature,2.3376028178434067,2.361093249471543,-2.3376028178434067,2204
User07,3,7,2,2026-05-28,55,1,temperature,2.2466785132242477,2.280473090840298,-2.2466785132242477,782
User07,3,7,2,2026-05-29,56,1,temperature,2.1048636217151113,2.1807183083274126,-2.1048636217151113,871
User07,3,7,2,2026-05-30,57,1,temperature,1.616392395756195,1.667168190564109,-1.616392395756195,931
User07,3,7,2,2026-05-31,58,1,temperature,2.373006514264337,2.392957818393049,-2.373006514264337,1227
User07,3,7,2,2026-06-01,59,1,temperature,2.6580524246633814,2.7123039013908676,-2.6580524246633814,979
User07,3,7,2,2026-06-02,60,1,temperature,3.1521378459089493,3.1873263730293697,-3.1521378459089493,872
User07,3,7,2,2026-06-03,61,1,temperature,2.808412333224104,2.8691211763433286,-2.808412333224104,1394
User07,3,7,2,2026-06-06,62,1,temperature,2.584176593700203,2.642657524859461,-2.584176593700203,1209
User07,3,7,2,2026-06-08,63,1,temperature,2.3039008810145782,2.3282729534065028,-2.3039008810145782,1054
User07,3,7,2,2026-06-09,64,1,temperature,2.3310879255852153,2.3796940754549674,-2.3309718260814734,1475
User07,3,7,2,2026-06-10,65,1,temperature,2.478066116458319,2.515813887521453,-2.478066116458319,1550
User07,3,7,2,2026-06-11,66,1,temperature,2.3561766795786245,2.3910906507808454,-2.3561766795786245,1580
User07,3,7,2,2026-06-12,67,1,temperature,2.464182217909383,2.4753212490046863,-2.464182217909383,1021
User07,3,7,2,2026-06-14,68,1,temperature,2.842598119509804,2.9549374905254124,-2.842598119509804,1308
User07,3,7,2,2026-06-15,69,1,temperature,3.4240693230196366,3.4353837821115927,-3.4240693230196366,1368
User07,3,7,2,2026-06-16,70,1,temperature,3.340555075189589,3.360493034791706,-3.340555075189589,1304
User07,3,7,2,2026-06-17,71,1,temperature,3.4015915754549946,3.424606013723561,-3.3872714044461056,1835
User07,3,7,2,2026-06-18,72,1,temperature,3.8990161135084818,3.9591038291365033,-3.8990161135084818,1376
User07,3,7,2,2026-06-19,73,1,temperature,3.6561206467940406,3.6853884181357723,-3.6561206467940406,2144
User07,3,7,2,2026-06-20,74,1,temperature,3.0482543280931536,3.1508390923919545,-2.970212088299412,1382
User07,3,7,2,2026-06-21,75,1,temperature,2.551218319402717,2.596320317480826,-2.5334667626318192,1414
User07,3,7,2,2026-06-22,76,1,temperature,3.0764126578308204,3.1101006526456154,-3.0764126578308204,1993
User07,3,7,2,2026-06-23,77,1,temperature,3.1264532815383257,3.1772599421132304,-3.1264532815383257,3249
User07,3,7,2,2026-06-24,78,1,temperature,2.977270761760061,3.0388999504914684,-2.977270761760061,2216
User07,3,7,2,2026-06-25,79,1,temperature,2.984778067936918,3.0376579478407217,-2.984778067936918,1368
User07,3,7,2,2026-06-27,80,1,temperature,3.9162849471489856,3.9848720434764773,-3.9162849471489856,824
User07,3,7,2,2026-06-28,81,1,temperature,3.2904467736377043,3.3213010302016746,-3.28869845611731,994
User07,3,7,2,2026-06-29,82,1,temperature,3.73007666394652,3.7752385243809066,-3.73007666394652,804
User07,3,7,2,2026-06-30,83,1,temperature,3.4759837479224984,3.4822469024701044,-3.4759837479224984,906
User07,3,7,2,2026-07-01,84,1,temperature,3.716666382313444,3.7541514280395636,-3.716666382313444,1461
User07,3,7,2,2026-07-02,85,1,temperature,3.677791157616905,3.7178101002185553,-3.677791157616905,988
User07,3,7,2,2026-07-03,86,1,temperature,3.5071474068013715,3.5201409566747537,-3.5071474068013715,1265
User07,3,7,2,2026-07-04,87,1,temperature,3.467279753165609,3.4925026929958345,-3.467279753165609,819
User07,3,7,2,2026-07-05,88,1,temperature,4.016684676132553,4.04830491086475,-4.016684676132553,1200
User07,3,7,2,2026-07-06,89,1,temperature,3.9965937038633745,4.0339786735685506,-3.9965937038633745,1549
User07,3,7,2,2026-07-07,90,1,temperature,4.108237971953678,4.155047505662354,-4.108237971953678,810
User07,3,7,2,2026-07-08,91,1,temperature,4.405299552428299,4.416379363487878,-4.405299552428299,1774
User07,3,7,2,2026-07-09,92,1,temperature,4.441503861001921,4.4479588608037215,-4.441503861001921,2008
User07,3,7,2,2026-07-10,93,1,temperature,4.395091190723331,4.398174243224889,-4.395091190723331,1213
User07,3,7,2,2026-07-11,94,1,temperature,4.581254048311603,4.587732846717128,-4.581254048311603,764
User07,3,7,2,2026-07-13,95,1,temperature,5.338946192612692,5.356435020870758,-5.338946192612692,1751
User07,3,7,2,2026-07-14,96,1,temperature,5.578406435098485,5.59330286216721,-5.578406435098485,1829
User07,3,7,2,2026-07-15,97,1,temperature,4.525919955153455,4.533766300961263,-4.525919955153455,1044
User07,3,7,2,2026-07-16,98,1,temperature,4.468206310099695,4.472976803379764,-4.468206310099695,785
User07,3,7,2,2026-07-17,99,1,temperature,5.327640417212279,5.42121821168496,-5.327640417212279,2065
User07,3,7,2,2026-07-18,100,1,temperature,4.048392918280661,4.078724283072326,-4.048392918280661,1561
User07,3,7,2,2026-04-11,9,0,humidity,4.41356842614428,5.0411678735432535,-3.9112377944301993,1737
User07,3,7,2,2026-04-13,10,0,humidity,7.930201213357191,9.106723997396477,-5.81786772597683,1780
User07,3,7,2,2026-04-14,11,0,humidity,12.220392980052898,14.795267334736998,-11.700686482028383,1829
User07,3,7,2,2026-04-15,12,0,humidity,14.223539229125878,14.663275811314241,-14.223539229125878,1751
User07,3,7,2,2026-04-16,13,0,humidity,3.0258209446054978,3.790137043830056,1.7542991405389277,1603
User07,3,7,2,2026-04-17,14,0,humidity,7.560055247968338,7.824874613475603,7.560055247968338,709
User07,3,7,2,2026-04-18,15,0,humidity,4.759061862295926,4.965907246909226,4.7476603754960625,2201
User07,3,7,2,2026-04-19,16,1,humidity,8.194559773635595,8.872131755878039,8.194559773635595,1334
User07,3,7,2,2026-04-20,17,1,humidity,18.44456377713161,18.534233650652983,18.44456377713161,1930
User07,3,7,2,2026-04-21,18,1,humidity,13.631595432470164,13.877894824513357,13.631595432470164,2021
User07,3,7,2,2026-04-22,19,1,humidity,9.105301033216309,10.281737990780977,9.095673965983567,1333
User07,3,7,2,2026-04-23,20,1,humidity,5.709719774947592,6.181995103555233,5.7009699488427525,1147
User07,3,7,2,2026-04-24,21,1,humidity,6.848632912922266,7.511918806389666,2.7155543346761086,1221
User07,3,7,2,2026-04-25,22,1,humidity,9.239740137743029,11.434754592433357,8.721283582987741,2304
User07,3,7,2,2026-04-26,23,1,humidity,9.331950481315895,11.538365055312436,9.327052388311953,1467
User07,3,7,2,2026-04-27,24,1,humidity,6.765662644121926,7.031985108382402,6.696193001967843,1138
User07,3,7,2,2026-04-28,25,1,humidity,4.37822485722778,5.202245994405599,4.053191375152967,1138
User07,3,7,2,2026-04-29,26,1,humidity,3.568339200900757,4.12845061293516,2.583032519537053,1247
User07,3,7,2,2026-04-30,27,1,humidity,2.8465943648580443,3.705828247140616,2.410684899962781,1062
User07,3,7,2,2026-05-01,28,1,humidity,2.797998826220112,3.350083846163438,-0.8969132944041581,1051
User07,3,7,2,2026-05-02,29,1,humidity,2.299267363082785,2.983779200532848,1.7243789781214476,1834
User07,3,7,2,2026-05-03,30,1,humidity,5.570474737733123,6.458150504410283,-4.225682756949016,1404
User07,3,7,2,2026-05-04,31,1,humidity,3.3858995327172656,4.222659483975361,0.707189955078137,1064
User07,3,7,2,2026-05-05,32,1,humidity,9.216929769649305,9.456008221295686,9.216929769649305,870
User07,3,7,2,2026-05-06,33,1,humidity,3.4985024607557587,3.8611475580543617,-3.4724609487544167,1233
User07,3,7,2,2026-05-07,34,1,humidity,2.3708312101645794,2.859559721193601,2.228253912466922,1232
User07,3,7,2,2026-05-08,35,1,humidity,4.040605739796146,4.697855991110885,3.959928540372311,345
User07,3,7,2,2026-05-09,36,1,humidity,4.983960930543773,5.701060278880227,4.436552470247744,947
User07,3,7,2,2026-05-10,37,1,humidity,6.032933914596051,6.351650707207727,6.032933914596051,1297
User07,3,7,2,2026-05-11,38,1,humidity,7.3151381178892825,7.761551358746583,-7.3151381178892825,2113
User07,3,7,2,2026-05-12,39,1,humidity,12.268104572995137,12.497167073540739,-12.268104572995137,1014
User07,3,7,2,2026-05-13,40,1,humidity,7.03671928015439,7.187140267068271,-7.03671928015439,1231
User07,3,7,2,2026-05-14,41,1,humidity,12.736863418704774,13.18466720907158,-12.736863418704774,891
User07,3,7,2,2026-05-15,42,1,humidity,11.088662866417966,11.520813634006547,-11.088662866417966,1116
User07,3,7,2,2026-05-16,43,1,humidity,3.590145896129382,4.264774896171891,3.397875527385201,1387
User07,3,7,2,2026-05-17,44,1,humidity,13.064660727372837,13.320274357687461,13.064660727372837,1246
User07,3,7,2,2026-05-18,45,1,humidity,9.25352975069756,10.807110028999306,8.556494968313846,1428
User07,3,7,2,2026-05-19,46,1,humidity,4.829312829169287,5.51244979571483,-4.603055179908366,1594
User07,3,7,2,2026-05-20,47,1,humidity,3.4404859173232323,3.708581195990376,-3.4391737895211882,1785
User07,3,7,2,2026-05-21,48,1,humidity,3.316029440050675,3.6084526247556132,-3.314297308272585,881
User07,3,7,2,2026-05-22,49,1,humidity,7.3937717991524625,7.686322905062599,7.3937717991524625,1044
User07,3,7,2,2026-05-23,50,1,humidity,6.921439219973103,7.103311366959583,-6.921439219973103,703
User07,3,7,2,2026-05-24,51,1,humidity,10.907777738273728,11.72324062521217,-10.907777738273728,1215
User07,3,7,2,2026-05-25,52,1,humidity,10.520457738004989,10.732044862856315,-10.520457738004989,2037
User07,3,7,2,2026-05-26,53,1,humidity,17.33113517354894,17.403048560500665,-17.33113517354894,2014
User07,3,7,2,2026-05-27,54,1,humidity,13.511396364111699,13.606177823553043,-13.511396364111699,2204
User07,3,7,2,2026-05-28,55,1,humidity,6.269587004229214,6.359057920739552,-6.269587004229214,782
User07,3,7,2,2026-05-29,56,1,humidity,2.1822540776154193,2.838885288289666,0.5240118382064775,871
User07,3,7,2,2026-05-30,57,1,humidity,8.723207264996017,9.02106979200058,-8.723207264996017,931
User07,3,7,2,2026-05-31,58,1,humidity,11.889405205129393,12.516185288401907,11.889405205129393,1227
User07,3,7,2,2026-06-01,59,1,humidity,8.924578063298934,9.383193921782542,8.924578063298934,979
User07,3,7,2,2026-06-02,60,1,humidity,1.7875098256066244,2.0783660247368885,1.6935455518420262,872
User07,3,7,2,2026-06-03,61,1,humidity,3.3454181340695457,3.7277682438891806,-3.3015168700560777,1394
User07,3,7,2,2026-06-06,62,1,humidity,5.441526817913795,5.61701913845885,5.441526817913795,1209
User07,3,7,2,2026-06-08,63,1,humidity,3.1714183425556746,3.533262663311203,3.1467230866965985,1054
User07,3,7,2,2026-06-09,64,1,humidity,10.345274163576248,11.265777471285604,10.344385774106652,1475
User07,3,7,2,2026-06-10,65,1,humidity,3.256309315257919,3.7174915798427848,3.178927579101387,1550
User07,3,7,2,2026-06-11,66,1,humidity,3.574993163536643,3.9607339547955536,3.5666504283369576,1580
User07,3,7,2,2026-06-12,67,1,humidity,5.991882933248359,6.353654238404349,5.991882933248359,1021
User07,3,7,2,2026-06-14,68,1,humidity,6.359271286928497,6.904055383602629,-6.359271286928497,1308
User07,3,7,2,2026-06-15,69,1,humidity,2.314486815638286,3.0656515116338974,-1.5151071402217131,1368
User07,3,7,2,2026-06-16,70,1,humidity,5.238402592113255,5.4018615201204,5.238402592113255,1304
User07,3,7,2,2026-06-17,71,1,humidity,5.820559095973947,6.462646994125195,5.797252973374426,1835
User07,3,7,2,2026-06-18,72,1,humidity,3.090414520524159,3.5795806388097673,2.9712997154544816,1376
User07,3,7,2,2026-06-19,73,1,humidity,12.637485887052152,12.768150730228733,-12.637485887052152,2144
User07,3,7,2,2026-06-20,74,1,humidity,5.016732869602006,5.8924739406342495,-4.200699010731326,1382
User07,3,7,2,2026-06-21,75,1,humidity,5.70895269144238,6.014518606960189,-5.536630223485431,1414
User07,3,7,2,2026-06-22,76,1,humidity,5.129917867900609,5.5848832154743535,-4.742343614694014,1993
User07,3,7,2,2026-06-23,77,1,humidity,8.154537636827284,9.089875605836346,8.10320942126393,3249
User07,3,7,2,2026-06-24,78,1,humidity,8.25896411417229,8.565622960304387,8.25896411417229,2216
User07,3,7,2,2026-06-25,79,1,humidity,1.2822908940601565,1.5663566240626061,-0.5310934085567649,1368
User07,3,7,2,2026-06-27,80,1,humidity,4.478903970997605,4.728089865054729,4.478853496220819,824
User07,3,7,2,2026-06-28,81,1,humidity,3.0242775760827243,3.7565754416341095,-1.9042575760821043,994
User07,3,7,2,2026-06-29,82,1,humidity,1.9898674276419082,2.508395497606432,-0.24559207583611958,804
User07,3,7,2,2026-06-30,83,1,humidity,6.4701557342479585,6.762737452944586,6.4701557342479585,906
User07,3,7,2,2026-07-01,84,1,humidity,6.667010531637522,6.818397496980145,-6.667010531637522,1461
User07,3,7,2,2026-07-02,85,1,humidity,4.986176843313561,5.425944643958392,-4.986176843313561,988
User07,3,7,2,2026-07-03,86,1,humidity,7.339769944732572,7.92303985719948,-7.339769944732572,1265
User07,3,7,2,2026-07-04,87,1,humidity,10.439887337052932,10.600571154066017,-10.439887337052932,819
User07,3,7,2,2026-07-05,88,1,humidity,18.05050195322636,18.129477182196794,-18.05050195322636,1200
User07,3,7,2,2026-07-06,89,1,humidity,16.53736947972268,16.677643553292413,-16.53736947972268,1549
User07,3,7,2,2026-07-07,90,1,humidity,9.79268079116701,10.339848682655152,-9.79268079116701,810
User07,3,7,2,2026-07-08,91,1,humidity,14.453837942773621,14.549496300726297,-14.453837942773621,1774
User07,3,7,2,2026-07-09,92,1,humidity,15.737286560462982,15.79573261617025,-15.737286560462982,2008
User07,3,7,2,2026-07-10,93,1,humidity,19.108152925708296,19.148826154813303,-19.108152925708296,1213
User07,3,7,2,2026-07-11,94,1,humidity,13.48409396858717,13.558000313863882,-13.48409396858717,764
User07,3,7,2,2026-07-13,95,1,humidity,15.111071535352867,15.188995072585227,-15.111071535352867,1751
User07,3,7,2,2026-07-14,96,1,humidity,16.24645188474459,16.312032961773816,-16.24645188474459,1829
User07,3,7,2,2026-07-15,97,1,humidity,9.682136389933113,9.765671041290238,-9.682136389933113,1044
User07,3,7,2,2026-07-16,98,1,humidity,12.753485692845626,12.872174044004678,-12.753485692845626,785
User07,3,7,2,2026-07-17,99,1,humidity,15.91726412909746,16.88224265603531,-15.904999197377949,2065
User07,3,7,2,2026-07-18,100,1,humidity,12.306282898371135,12.47989160220127,-12.306282898371135,1561
User07,3,14,0,2026-04-19,16,1,temperature,0.6828876420343475,0.898470650424268,-0.6527963343240336,1334
User07,3,14,0,2026-04-20,17,1,temperature,0.6253122292312039,0.7814875448220749,-0.19558198707930718,1930
User07,3,14,0,2026-04-21,18,1,temperature,0.8394345048460239,1.057082578069972,-0.22488767916276398,2021
User07,3,14,0,2026-04-22,19,1,temperature,0.7865245642585018,0.970376092592384,0.10913863355045261,1333
User07,3,14,0,2026-04-23,20,1,temperature,0.7764416081744654,0.9693252805070105,-0.21933048435181685,1147
User07,3,14,0,2026-04-24,21,1,temperature,1.4067417813920278,1.7428730830298862,-0.8469058482338953,1221
User07,3,14,0,2026-04-25,22,1,temperature,0.4950950375780478,0.5326637954861501,0.30133249737370904,2304
User07,3,14,0,2026-04-26,23,1,temperature,0.6853531728440121,0.8778243328914532,-0.25184264464024064,1467
User07,3,14,0,2026-04-27,24,1,temperature,0.5282714435450057,0.6153699186171994,0.074726013814054,1138
User07,3,14,0,2026-04-28,25,1,temperature,0.8396139315910482,1.0552120276549941,-0.08337280954868834,1138
User07,3,14,0,2026-04-29,26,1,temperature,0.5300478269884559,0.5786550510349364,0.35703390790908235,1247
User07,3,14,0,2026-04-30,27,1,temperature,0.7178597187308636,0.8750463740973385,0.17154902905107813,1062
User07,3,14,0,2026-05-01,28,1,temperature,0.6636609107782003,0.8162929164044017,-0.08892497283438344,1051
User07,3,14,0,2026-05-02,29,1,temperature,0.5107656454962615,0.5530395240326491,0.3171863290329911,1834
User07,3,14,0,2026-05-03,30,1,temperature,0.8493326872120179,1.0089768799225212,0.26989385229157825,1404
User07,3,14,0,2026-05-04,31,1,temperature,0.7640818802959243,0.9203343524761385,0.14175890211898007,1064
User07,3,14,0,2026-05-05,32,1,temperature,1.0569586509212854,1.1798844813990188,-0.7609172837173049,870
User07,3,14,0,2026-05-06,33,1,temperature,0.6617759238624397,0.7444811105102073,0.6617759238624397,1233
User07,3,14,0,2026-05-07,34,1,temperature,1.0150087786773494,1.1502479250320599,0.40730928651496345,1232
User07,3,14,0,2026-05-08,35,1,temperature,1.59026647490982,1.6065400146562347,1.59026647490982,345
User07,3,14,0,2026-05-09,36,1,temperature,0.8961964192691253,1.118635866060817,-0.39354882121606016,947
User07,3,14,0,2026-05-10,37,1,temperature,0.6136168219790481,0.7504583539948946,0.045549312983264374,1297
User07,3,14,0,2026-05-11,38,1,temperature,0.751972805358685,0.8811282537608985,0.06988061223710951,2113
User07,3,14,0,2026-05-12,39,1,temperature,0.6653581338456737,0.703355175698353,0.5613588356507999,1014
User07,3,14,0,2026-05-13,40,1,temperature,0.5126693458734364,0.5590420955785277,0.4463933126707773,1231
User07,3,14,0,2026-05-14,41,1,temperature,0.5166452780793038,0.6266950677102496,-0.45411021358008985,891
User07,3,14,0,2026-05-15,42,1,temperature,0.5409980152301759,0.6129000470167886,-0.5280065043445772,1116
User07,3,14,0,2026-05-16,43,1,temperature,1.3392908468106781,1.3908853682401443,-1.3392843505243022,1387
User07,3,14,0,2026-05-17,44,1,temperature,0.4324261134624361,0.5363635220587343,-0.3637239404742847,1246
User07,3,14,0,2026-05-18,45,1,temperature,1.0407563531685027,1.171210236637447,-1.0375142085090645,1428
User07,3,14,0,2026-05-19,46,1,temperature,1.4750335809988386,1.4948058272526203,-1.4750335809988386,1594
User07,3,14,0,2026-05-20,47,1,temperature,1.3845429051609435,1.3972031466252077,-1.3845429051609435,1785
User07,3,14,0,2026-05-21,48,1,temperature,1.3435773681652199,1.3619923168921537,-1.3435773681652199,881
User07,3,14,0,2026-05-22,49,1,temperature,0.6435727947836573,0.7654363278308952,-0.6405622013134142,1044
User07,3,14,0,2026-05-23,50,1,temperature,1.3777327148470142,1.4144347261121881,-1.3776640305849686,703
User07,3,14,0,2026-05-24,51,1,temperature,1.3571881876205294,1.3855465256443686,-1.3571881876205294,1215
User07,3,14,0,2026-05-25,52,1,temperature,1.4469136593742205,1.4611206160633095,-1.4469136593742205,2037
User07,3,14,0,2026-05-26,53,1,temperature,2.4299757454942514,2.445804392264426,-2.4299757454942514,2014
User07,3,14,0,2026-05-27,54,1,temperature,2.4134170352860207,2.431669741305757,-2.4134170352860207,2204
User07,3,14,0,2026-05-28,55,1,temperature,2.29563498716228,2.333165823693607,-2.29563498716228,782
User07,3,14,0,2026-05-29,56,1,temperature,2.1666366774871504,2.2321211053080385,-2.1666366774871504,871
User07,3,14,0,2026-05-30,57,1,temperature,1.5986084266313303,1.64626223611041,-1.5986084266313303,931
User07,3,14,0,2026-05-31,58,1,temperature,2.395803015455718,2.4064217655054585,-2.395803015455718,1227
User07,3,14,0,2026-06-01,59,1,temperature,2.6582386577610686,2.714977043536337,-2.6582386577610686,979
User07,3,14,0,2026-06-02,60,1,temperature,3.1375339114236422,3.1835523035061843,-3.1375339114236422,872
User07,3,14,0,2026-06-03,61,1,temperature,2.788566703954668,2.8473535729934967,-2.788566703954668,1394
User07,3,14,0,2026-06-06,62,1,temperature,2.7025950075030325,2.746096906285507,-2.7025950075030325,1209
User07,3,14,0,2026-06-08,63,1,temperature,2.3967710267249234,2.420788878489028,-2.3967710267249234,1054
User07,3,14,0,2026-06-09,64,1,temperature,2.4787048597170656,2.4888805295094696,-2.4787048597170656,1475
User07,3,14,0,2026-06-10,65,1,temperature,2.5057605858141976,2.533054487585361,-2.5057605858141976,1550
User07,3,14,0,2026-06-11,66,1,temperature,2.3803746033861204,2.411579390205402,-2.3803746033861204,1580
User07,3,14,0,2026-06-12,67,1,temperature,2.549109188299239,2.5579569776901154,-2.549109188299239,1021
User07,3,14,0,2026-06-14,68,1,temperature,2.917996066167402,3.027066539137982,-2.917996066167402,1308
User07,3,14,0,2026-06-15,69,1,temperature,3.4737466688013083,3.4832346987831806,-3.4737466688013083,1368
User07,3,14,0,2026-06-16,70,1,temperature,3.337188587220722,3.3575497121406075,-3.337188587220722,1304
User07,3,14,0,2026-06-17,71,1,temperature,3.439025604781564,3.45616549977558,-3.438293587668789,1835
User07,3,14,0,2026-06-18,72,1,temperature,4.022420153926495,4.079302362743702,-4.022420153926495,1376
User07,3,14,0,2026-06-19,73,1,temperature,3.7278281139416416,3.755244908804341,-3.7278281139416416,2144
User07,3,14,0,2026-06-20,74,1,temperature,3.1231851372014536,3.220943843323272,-3.0980160430806825,1382
User07,3,14,0,2026-06-21,75,1,temperature,2.620894798993517,2.6565975937563353,-2.620894798993517,1414
User07,3,14,0,2026-06-22,76,1,temperature,3.071804151134977,3.1087960930107355,-3.071804151134977,1993
User07,3,14,0,2026-06-23,77,1,temperature,3.0886289456036584,3.143366678594448,-3.0886289456036584,3249
User07,3,14,0,2026-06-24,78,1,temperature,2.977753735532143,3.026717747864953,-2.977753735532143,2216
User07,3,14,0,2026-06-25,79,1,temperature,3.0353034954432765,3.0838718300760317,-3.0353034954432765,1368
User07,3,14,0,2026-06-27,80,1,temperature,3.9455578518436747,4.019586692803622,-3.9455578518436747,824
User07,3,14,0,2026-06-28,81,1,temperature,3.528005892394034,3.5383994912781485,-3.528005892394034,994
User07,3,14,0,2026-06-29,82,1,temperature,3.8385538532834063,3.8712493334232954,-3.8385538532834063,804
User07,3,14,0,2026-06-30,83,1,temperature,3.5455151867496046,3.5485201178787116,-3.5455151867496046,906
User07,3,14,0,2026-07-01,84,1,temperature,3.8131809279847055,3.8480789127249175,-3.8131809279847055,1461
User07,3,14,0,2026-07-02,85,1,temperature,3.7264085075066684,3.763562026563467,-3.7264085075066684,988
User07,3,14,0,2026-07-03,86,1,temperature,3.546015893620921,3.552242105402009,-3.546015893620921,1265
User07,3,14,0,2026-07-04,87,1,temperature,3.5891221518567114,3.609942532555408,-3.5891221518567114,819
User07,3,14,0,2026-07-05,88,1,temperature,4.08346863944908,4.113812509876198,-4.08346863944908,1200
User07,3,14,0,2026-07-06,89,1,temperature,4.0992748154645655,4.140807427969109,-4.0992748154645655,1549
User07,3,14,0,2026-07-07,90,1,temperature,4.155070444750467,4.210235857928405,-4.155070444750467,810
User07,3,14,0,2026-07-08,91,1,temperature,4.449050705709112,4.4611197859141685,-4.449050705709112,1774
User07,3,14,0,2026-07-09,92,1,temperature,4.46789050987051,4.472949805163748,-4.46789050987051,2008
User07,3,14,0,2026-07-10,93,1,temperature,4.452362611222945,4.454968691117798,-4.452362611222945,1213
User07,3,14,0,2026-07-11,94,1,temperature,4.6002662318207745,4.606494693162592,-4.6002662318207745,764
User07,3,14,0,2026-07-13,95,1,temperature,5.37864922591028,5.392027793417646,-5.37864922591028,1751
User07,3,14,0,2026-07-14,96,1,temperature,5.636732718756293,5.649046777354107,-5.636732718756293,1829
User07,3,14,0,2026-07-15,97,1,temperature,4.596968457465556,4.602238547452428,-4.596968457465556,1044
User07,3,14,0,2026-07-16,98,1,temperature,4.493701623974349,4.498624576578379,-4.493701623974349,785
User07,3,14,0,2026-07-17,99,1,temperature,5.37857763819664,5.46016409930162,-5.37857763819664,2065
User07,3,14,0,2026-07-18,100,1,temperature,4.131879434521748,4.155778966190437,-4.131879434521748,1561
User07,3,14,0,2026-04-19,16,1,humidity,10.802957716000812,11.356157605078593,10.802957716000812,1334
User07,3,14,0,2026-04-20,17,1,humidity,20.63170841893568,20.70497583334223,20.63170841893568,1930
User07,3,14,0,2026-04-21,18,1,humidity,16.393806007352037,16.604340891284835,16.393806007352037,2021
User07,3,14,0,2026-04-22,19,1,humidity,11.363115453016398,12.259111155599749,11.363115453016398,1333
User07,3,14,0,2026-04-23,20,1,humidity,8.535516358515038,8.812936729922377,8.535516358515038,1147
User07,3,14,0,2026-04-24,21,1,humidity,7.5461931490142105,8.6899312176529,5.121901000437117,1221
User07,3,14,0,2026-04-25,22,1,humidity,10.015966402324151,11.82993067032968,9.989868149869466,2304
User07,3,14,0,2026-04-26,23,1,humidity,11.729561779016962,13.450276229352346,11.729561779016962,1467
User07,3,14,0,2026-04-27,24,1,humidity,9.403456158246696,9.625496959238875,9.401757776968582,1138
User07,3,14,0,2026-04-28,25,1,humidity,6.775464796639264,7.439818725078773,6.734829896668202,1138
User07,3,14,0,2026-04-29,26,1,humidity,4.92872847186455,5.703333346595885,4.743774085080253,1247
User07,3,14,0,2026-04-30,27,1,humidity,5.164155507033557,5.904264834585764,5.157589923752302,1062
User07,3,14,0,2026-05-01,28,1,humidity,2.6309432302331994,3.4561001952194985,1.51042134701929,1051
User07,3,14,0,2026-05-02,29,1,humidity,4.287164957406515,4.984549460003138,4.283335365948781,1834
User07,3,14,0,2026-05-03,30,1,humidity,4.457346101119522,4.996120613949399,-2.0374770213422395,1404
User07,3,14,0,2026-05-04,31,1,humidity,3.808445318451881,5.223930166048058,2.861677670724503,1064
User07,3,14,0,2026-05-05,32,1,humidity,11.631434007395988,11.81871468073965,11.631434007395988,870
User07,3,14,0,2026-05-06,33,1,humidity,1.5361469647514443,1.9959015074932103,-1.2962106490490946,1233
User07,3,14,0,2026-05-07,34,1,humidity,5.1595912786764115,5.484323665875404,5.158057773070587,1232
User07,3,14,0,2026-05-08,35,1,humidity,6.314676738014708,6.651212829674405,6.314676738014708,345
User07,3,14,0,2026-05-09,36,1,humidity,6.732655530619312,7.5977311596723345,6.705658328615436,947
User07,3,14,0,2026-05-10,37,1,humidity,8.983517623972944,9.29216389705121,8.983517623972944,1297
User07,3,14,0,2026-05-11,38,1,humidity,4.528192491626008,5.143787112159632,-4.388199524527302,2113
User07,3,14,0,2026-05-12,39,1,humidity,9.655995198107645,9.863738699062685,-9.655995198107645,1014
User07,3,14,0,2026-05-13,40,1,humidity,4.781517496102811,4.943029587666105,-4.781517496102811,1231
User07,3,14,0,2026-05-14,41,1,humidity,10.031805650444529,10.483851966004261,-10.031805650444529,891
User07,3,14,0,2026-05-15,42,1,humidity,8.349758997677915,8.879797063293696,-8.33647221428519,1116
User07,3,14,0,2026-05-16,43,1,humidity,5.906866561872076,6.49345943255222,5.905423237489052,1387
User07,3,14,0,2026-05-17,44,1,humidity,15.785527098840761,16.041890660298687,15.785527098840761,1246
User07,3,14,0,2026-05-18,45,1,humidity,11.192124945756843,13.015168605522865,11.148094602838151,1428
User07,3,14,0,2026-05-19,46,1,humidity,2.922991730556588,3.4063019684278064,-2.0984083029985423,1594
User07,3,14,0,2026-05-20,47,1,humidity,1.2367979520964953,1.570543352112812,-1.028700108134245,1785
User07,3,14,0,2026-05-21,48,1,humidity,1.0194882316500595,1.3046848319254511,-0.5993284545677334,881
User07,3,14,0,2026-05-22,49,1,humidity,10.19437373542133,10.370502672809328,10.19437373542133,1044
User07,3,14,0,2026-05-23,50,1,humidity,3.8102604391014894,4.099435804456998,-3.7938302079307897,703
User07,3,14,0,2026-05-24,51,1,humidity,7.919088399529357,8.920048956595005,-7.914605243104211,1215
User07,3,14,0,2026-05-25,52,1,humidity,8.134096781229973,8.445560521623452,-8.134096781229973,2037
User07,3,14,0,2026-05-26,53,1,humidity,14.80084298710312,14.888699386313409,-14.80084298710312,2014
User07,3,14,0,2026-05-27,54,1,humidity,10.813680113633753,10.889518018082915,-10.813680113633753,2204
User07,3,14,0,2026-05-28,55,1,humidity,3.4118217972296008,3.529279065780114,-3.4118217972296008,782
User07,3,14,0,2026-05-29,56,1,humidity,3.3817187572373912,3.9117869311869087,2.992685621639316,871
User07,3,14,0,2026-05-30,57,1,humidity,6.116821312898862,6.504174404958095,-6.116821312898862,931
User07,3,14,0,2026-05-31,58,1,humidity,14.03376706569745,14.526495752235162,14.03376706569745,1227
User07,3,14,0,2026-06-01,59,1,humidity,11.15263304017522,11.390172680870013,11.15263304017522,979
User07,3,14,0,2026-06-02,60,1,humidity,4.237403222492637,4.434815334095327,4.237403222492637,872
User07,3,14,0,2026-06-03,61,1,humidity,1.2980790291610178,1.9349229489163398,-0.9670547324154164,1394
User07,3,14,0,2026-06-06,62,1,humidity,8.132147542178716,8.308984280446008,8.132147542178716,1209
User07,3,14,0,2026-06-08,63,1,humidity,5.413450738024119,5.608300944046618,5.413450738024119,1054
User07,3,14,0,2026-06-09,64,1,humidity,12.138284514392131,12.748853567402826,12.138284514392131,1475
User07,3,14,0,2026-06-10,65,1,humidity,5.706977308295092,5.994434853738156,5.706977308295092,1550
User07,3,14,0,2026-06-11,66,1,humidity,6.3391808247077766,6.527509340975631,6.3391808247077766,1580
User07,3,14,0,2026-06-12,67,1,humidity,8.259321488698014,8.50827835739909,8.259321488698014,1021
User07,3,14,0,2026-06-14,68,1,humidity,4.008386462463125,4.677539282247462,-3.9049324531397946,1308
User07,3,14,0,2026-06-15,69,1,humidity,2.5980612109693095,2.9191306968406394,1.3448516664150258,1368
User07,3,14,0,2026-06-16,70,1,humidity,7.608480849125694,7.697956098024248,7.608480849125694,1304
User07,3,14,0,2026-06-17,71,1,humidity,8.338328617550888,8.670908716414049,8.338328617550888,1835
User07,3,14,0,2026-06-18,72,1,humidity,5.484062276583502,5.673672104050541,5.484062276583502,1376
User07,3,14,0,2026-06-19,73,1,humidity,10.159654107783076,10.268105931219562,-10.159654107783076,2144
User07,3,14,0,2026-06-20,74,1,humidity,3.1131531915763566,3.828074182955655,-2.417717179557354,1382
User07,3,14,0,2026-06-21,75,1,humidity,3.6011292536177995,3.9527972941687155,-3.54701005888286,1414
User07,3,14,0,2026-06-22,76,1,humidity,3.4905753247848414,3.908997944744963,-2.951243538449665,1993
User07,3,14,0,2026-06-23,77,1,humidity,9.759107529176166,10.360803303600559,9.759107529176166,3249
User07,3,14,0,2026-06-24,78,1,humidity,10.517857265774516,10.585306890599945,10.517857265774516,2216
User07,3,14,0,2026-06-25,79,1,humidity,1.8523359767403358,2.1724169181745197,1.7534958327561119,1368
User07,3,14,0,2026-06-27,80,1,humidity,7.0220046243982015,7.111647258713207,7.0220046243982015,824
User07,3,14,0,2026-06-28,81,1,humidity,1.6571144534077573,1.9907339660414758,0.388905831574082,994
User07,3,14,0,2026-06-29,82,1,humidity,2.751241801957178,3.2270044107761695,2.628688105840431,804
User07,3,14,0,2026-06-30,83,1,humidity,9.479780116199096,9.660409203301318,9.479780116199096,906
User07,3,14,0,2026-07-01,84,1,humidity,3.9441282817575973,4.100873017253803,-3.9441282817575973,1461
User07,3,14,0,2026-07-02,85,1,humidity,2.2768666664297537,2.6191666388016537,-2.2177160705961216,988
User07,3,14,0,2026-07-03,86,1,humidity,5.295895321979995,6.349353091926635,-5.234838054738798,1265
User07,3,14,0,2026-07-04,87,1,humidity,7.7564441568809706,7.886846901119106,-7.7564441568809706,819
User07,3,14,0,2026-07-05,88,1,humidity,15.379576890373137,15.470111619192911,-15.379576890373137,1200
User07,3,14,0,2026-07-06,89,1,humidity,13.119215026612354,13.196001938830406,-13.119215026612354,1549
User07,3,14,0,2026-07-07,90,1,humidity,6.641111706847335,7.179190803716085,-6.641111706847335,810
User07,3,14,0,2026-07-08,91,1,humidity,12.175225508156203,12.29225653588688,-12.175225508156203,1774
User07,3,14,0,2026-07-09,92,1,humidity,12.97115077692124,13.028444292029778,-12.97115077692124,2008
User07,3,14,0,2026-07-10,93,1,humidity,16.485522901605624,16.519396513836597,-16.485522901605624,1213
User07,3,14,0,2026-07-11,94,1,humidity,10.836675450047236,10.89045228954609,-10.836675450047236,764
User07,3,14,0,2026-07-13,95,1,humidity,12.600366048802986,12.675739827500207,-12.600366048802986,1751
User07,3,14,0,2026-07-14,96,1,humidity,13.586534632965012,13.64562777160783,-13.586534632965012,1829
User07,3,14,0,2026-07-15,97,1,humidity,7.461332860002781,7.541801350132061,-7.461332860002781,1044
User07,3,14,0,2026-07-16,98,1,humidity,10.67078542756578,10.75017942311163,-10.67078542756578,785
User07,3,14,0,2026-07-17,99,1,humidity,13.805038992676893,14.719613492389565,-13.801076573397093,2065
User07,3,14,0,2026-07-18,100,1,humidity,9.814776436712346,10.038397087022345,-9.814776436712346,1561
User07,3,14,1,2026-04-19,16,1,temperature,0.6467409852055859,0.8661134504350855,-0.5933284326264053,1334
User07,3,14,1,2026-04-20,17,1,temperature,0.6191729413357054,0.7765989578279269,-0.14883494699977776,1930
User07,3,14,1,2026-04-21,18,1,temperature,0.8242661594852174,1.0348155549137252,-0.20471980662892242,2021
User07,3,14,1,2026-04-22,19,1,temperature,0.8009651677580426,0.985795267756894,0.13432010006812495,1333
User07,3,14,1,2026-04-23,20,1,temperature,0.7370842876045631,0.957061214209823,-0.1984513281350816,1147
User07,3,14,1,2026-04-24,21,1,temperature,1.4079685060295632,1.7465131095796318,-0.8158111123810556,1221
User07,3,14,1,2026-04-25,22,1,temperature,0.49184236333133236,0.5247192993771604,0.2980958136483347,2304
User07,3,14,1,2026-04-26,23,1,temperature,0.6807126508789151,0.8726273754572912,-0.24184328675953629,1467
User07,3,14,1,2026-04-27,24,1,temperature,0.5358559097719284,0.6284007407483088,0.09159235211335147,1138
User07,3,14,1,2026-04-28,25,1,temperature,0.8444355226685051,1.0508372820106668,-0.0712051406669641,1138
User07,3,14,1,2026-04-29,26,1,temperature,0.5463797468746899,0.5981406824181561,0.37745073407919605,1247
User07,3,14,1,2026-04-30,27,1,temperature,0.7023525787329412,0.8494901155465854,0.17903128160779316,1062
User07,3,14,1,2026-05-01,28,1,temperature,0.6472064065359078,0.8053361636968867,-0.08731511632354692,1051
User07,3,14,1,2026-05-02,29,1,temperature,0.5299274711323116,0.5851188798490294,0.3454341416143568,1834
User07,3,14,1,2026-05-03,30,1,temperature,0.8689079170855644,1.0275035149997458,0.27778603845212274,1404
User07,3,14,1,2026-05-04,31,1,temperature,0.7888455339189852,0.94534330092733,0.14791932100193866,1064
User07,3,14,1,2026-05-05,32,1,temperature,1.0586321037945128,1.182234187808242,-0.7317079664170287,870
User07,3,14,1,2026-05-06,33,1,temperature,0.7021605824674895,0.779435144667126,0.7021605824674895,1233
User07,3,14,1,2026-05-07,34,1,temperature,1.0187613522242764,1.162669115023422,0.441409234738005,1232
User07,3,14,1,2026-05-08,35,1,temperature,1.5981033519798016,1.6164359216795294,1.5981033519798016,345
User07,3,14,1,2026-05-09,36,1,temperature,0.915074563823769,1.1345332670696242,-0.38688838065482295,947
User07,3,14,1,2026-05-10,37,1,temperature,0.6120433970301012,0.7491695869699784,0.10422582232143998,1297
User07,3,14,1,2026-05-11,38,1,temperature,0.7304411482605563,0.8578752826252071,0.08525837260736431,2113
User07,3,14,1,2026-05-12,39,1,temperature,0.6723843324721545,0.7188088131860996,0.5781869724690782,1014
User07,3,14,1,2026-05-13,40,1,temperature,0.5311640004534498,0.5903277828807556,0.47965747930412933,1231
User07,3,14,1,2026-05-14,41,1,temperature,0.5157200290109156,0.6213147290548792,-0.45504603478785466,891
User07,3,14,1,2026-05-15,42,1,temperature,0.5205823608592451,0.5964683439236136,-0.5078994672957781,1116
User07,3,14,1,2026-05-16,43,1,temperature,1.319558105917169,1.3792449648750467,-1.3194306975329329,1387
User07,3,14,1,2026-05-17,44,1,temperature,0.4201951107247305,0.5312360074837841,-0.34469524876713564,1246
User07,3,14,1,2026-05-18,45,1,temperature,1.0256722851192686,1.1542122763659572,-1.0223171556657324,1428
User07,3,14,1,2026-05-19,46,1,temperature,1.4522866024343515,1.4742845923258034,-1.4506689787725495,1594
User07,3,14,1,2026-05-20,47,1,temperature,1.4151877251637623,1.4295874358561211,-1.4151877251637623,1785
User07,3,14,1,2026-05-21,48,1,temperature,1.3909066308774733,1.4129892397924635,-1.3909066308774733,881
User07,3,14,1,2026-05-22,49,1,temperature,0.6061004384200953,0.7344741290919136,-0.6046187602895793,1044
User07,3,14,1,2026-05-23,50,1,temperature,1.37436091343481,1.403224914081219,-1.3740793588236477,703
User07,3,14,1,2026-05-24,51,1,temperature,1.304725182138874,1.3337100053269784,-1.304725182138874,1215
User07,3,14,1,2026-05-25,52,1,temperature,1.4246235998760917,1.4389647455692287,-1.4246235998760917,2037
User07,3,14,1,2026-05-26,53,1,temperature,2.420823272082562,2.435371644172837,-2.420823272082562,2014
User07,3,14,1,2026-05-27,54,1,temperature,2.422310179664405,2.4423007918698123,-2.422310179664405,2204
User07,3,14,1,2026-05-28,55,1,temperature,2.2653337178628057,2.300183239402927,-2.2653337178628057,782
User07,3,14,1,2026-05-29,56,1,temperature,2.131189575436055,2.1989286862244484,-2.131189575436055,871
User07,3,14,1,2026-05-30,57,1,temperature,1.5864505138106202,1.6360264430701148,-1.5864505138106202,931
User07,3,14,1,2026-05-31,58,1,temperature,2.3790691096550787,2.4002334743939904,-2.3790691096550787,1227
User07,3,14,1,2026-06-01,59,1,temperature,2.669539038808017,2.7290887586362507,-2.669539038808017,979
User07,3,14,1,2026-06-02,60,1,temperature,3.1231124907071557,3.1639145320311965,-3.1231124907071557,872
User07,3,14,1,2026-06-03,61,1,temperature,2.810240982160154,2.8639077804634914,-2.810240982160154,1394
User07,3,14,1,2026-06-06,62,1,temperature,2.6804790337110846,2.7288525522078,-2.6798812338375204,1209
User07,3,14,1,2026-06-08,63,1,temperature,2.3537147415301822,2.37630560695947,-2.3537147415301822,1054
User07,3,14,1,2026-06-09,64,1,temperature,2.424243228754678,2.4513983907105876,-2.424243228754678,1475
User07,3,14,1,2026-06-10,65,1,temperature,2.5081688989764257,2.5362523560102352,-2.5081688989764257,1550
User07,3,14,1,2026-06-11,66,1,temperature,2.3770979911836783,2.410332323426482,-2.3770979911836783,1580
User07,3,14,1,2026-06-12,67,1,temperature,2.546755950046493,2.5560860412460307,-2.546755950046493,1021
User07,3,14,1,2026-06-14,68,1,temperature,2.883021048926632,2.990315959618364,-2.883021048926632,1308
User07,3,14,1,2026-06-15,69,1,temperature,3.463871824227552,3.4743382829495695,-3.463871824227552,1368
User07,3,14,1,2026-06-16,70,1,temperature,3.3093471208553003,3.3289808108667556,-3.3093471208553003,1304
User07,3,14,1,2026-06-17,71,1,temperature,3.415533065282278,3.440837993406785,-3.4135027302518246,1835
User07,3,14,1,2026-06-18,72,1,temperature,3.9769598431733066,4.034903881142416,-3.9769598431733066,1376
User07,3,14,1,2026-06-19,73,1,temperature,3.688074465726491,3.7176149971088304,-3.688074465726491,2144
User07,3,14,1,2026-06-20,74,1,temperature,3.040957243030419,3.1440359340472237,-2.9863080501234904,1382
User07,3,14,1,2026-06-21,75,1,temperature,2.6020295448598945,2.6369055176160483,-2.5901496444570986,1414
User07,3,14,1,2026-06-22,76,1,temperature,3.011318828835259,3.0493515266698883,-3.011318828835259,1993
User07,3,14,1,2026-06-23,77,1,temperature,3.035737998841715,3.0920875902560576,-3.035737998841715,3249
User07,3,14,1,2026-06-24,78,1,temperature,2.9270017152065635,2.9750871657676194,-2.9270017152065635,2216
User07,3,14,1,2026-06-25,79,1,temperature,3.04261543162696,3.092489766772604,-3.04261543162696,1368
User07,3,14,1,2026-06-27,80,1,temperature,3.896291868527429,3.968760741037184,-3.896291868527429,824
User07,3,14,1,2026-06-28,81,1,temperature,3.4357862225697122,3.4528675544256315,-3.4357862225697122,994
User07,3,14,1,2026-06-29,82,1,temperature,3.8152158795544784,3.8532174850557293,-3.8152158795544784,804
User07,3,14,1,2026-06-30,83,1,temperature,3.539965381417058,3.5425821975261584,-3.539965381417058,906
User07,3,14,1,2026-07-01,84,1,temperature,3.7851944408472025,3.820989928779873,-3.7851944408472025,1461
User07,3,14,1,2026-07-02,85,1,temperature,3.7452595638591837,3.779931261927009,-3.7452595638591837,988
User07,3,14,1,2026-07-03,86,1,temperature,3.5118099879311493,3.517383037467567,-3.5118099879311493,1265
User07,3,14,1,2026-07-04,87,1,temperature,3.5124878528293006,3.540287165042885,-3.5124878528293006,819
User07,3,14,1,2026-07-05,88,1,temperature,4.061306538089228,4.092371552332037,-4.061306538089228,1200
User07,3,14,1,2026-07-06,89,1,temperature,4.052849686080653,4.090771698728915,-4.052849686080653,1549
User07,3,14,1,2026-07-07,90,1,temperature,4.158114486865973,4.217408886489392,-4.158114486865973,810
User07,3,14,1,2026-07-08,91,1,temperature,4.466558375861327,4.479976137064818,-4.466558375861327,1774
User07,3,14,1,2026-07-09,92,1,temperature,4.430693384063529,4.43704236701243,-4.430693384063529,2008
User07,3,14,1,2026-07-10,93,1,temperature,4.472884025461255,4.476591966985004,-4.472884025461255,1213
User07,3,14,1,2026-07-11,94,1,temperature,4.5842454754648605,4.591590941477186,-4.5842454754648605,764
User07,3,14,1,2026-07-13,95,1,temperature,5.375601114455035,5.39151296768374,-5.375601114455035,1751
User07,3,14,1,2026-07-14,96,1,temperature,5.6308530762988696,5.643198426642211,-5.6308530762988696,1829
User07,3,14,1,2026-07-15,97,1,temperature,4.600830122154041,4.606668259874183,-4.600830122154041,1044
User07,3,14,1,2026-07-16,98,1,temperature,4.513342904963081,4.519052665855208,-4.513342904963081,785
User07,3,14,1,2026-07-17,99,1,temperature,5.359082683729025,5.438843230088742,-5.359082683729025,2065
User07,3,14,1,2026-07-18,100,1,temperature,4.1107552133979475,4.138417002154097,-4.1107552133979475,1561
User07,3,14,1,2026-04-19,16,1,humidity,10.854345595966214,11.40848999025718,10.854345595966214,1334
User07,3,14,1,2026-04-20,17,1,humidity,20.83015023834635,20.915791137481232,20.83015023834635,1930
User07,3,14,1,2026-04-21,18,1,humidity,16.56385539167772,16.759743572014738,16.56385539167772,2021
User07,3,14,1,2026-04-22,19,1,humidity,11.535973556228717,12.359345724139269,11.535973556228717,1333
User07,3,14,1,2026-04-23,20,1,humidity,8.947460351167422,9.219292396528637,8.947460351167422,1147
User07,3,14,1,2026-04-24,21,1,humidity,7.5557883591039685,8.74010608211555,5.262080540721098,1221
User07,3,14,1,2026-04-25,22,1,humidity,10.09613071761138,11.892069237440769,10.073543782184863,2304
User07,3,14,1,2026-04-26,23,1,humidity,11.946991642877204,13.645988910366755,11.946991642877204,1467
User07,3,14,1,2026-04-27,24,1,humidity,9.584555605180709,9.826063654429468,9.582622555250149,1138
User07,3,14,1,2026-04-28,25,1,humidity,7.091127306266587,7.69456778526213,7.049087141741258,1138
User07,3,14,1,2026-04-29,26,1,humidity,5.093562619540287,5.896880875431177,4.928486884641924,1247
User07,3,14,1,2026-04-30,27,1,humidity,5.353040873619552,6.055743471071606,5.351063053196173,1062
User07,3,14,1,2026-05-01,28,1,humidity,2.714321770173473,3.606713075866016,1.9019981615181216,1051
User07,3,14,1,2026-05-02,29,1,humidity,4.434148177544712,5.1716119537759,4.419346867203905,1834
User07,3,14,1,2026-05-03,30,1,humidity,4.413872561584098,4.933483796848199,-1.711647282897281,1404
User07,3,14,1,2026-05-04,31,1,humidity,3.9285664784918084,5.4961739954106745,3.1420558183940384,1064
User07,3,14,1,2026-05-05,32,1,humidity,11.846788181776342,12.03728559059468,11.846788181776342,870
User07,3,14,1,2026-05-06,33,1,humidity,1.6280032674408078,2.0911203616165004,-1.1274891848589033,1233
User07,3,14,1,2026-05-07,34,1,humidity,5.374267909710838,5.717822027877242,5.372235797488949,1232
User07,3,14,1,2026-05-08,35,1,humidity,6.602964374411607,6.925153856986022,6.602964374411607,345
User07,3,14,1,2026-05-09,36,1,humidity,6.972548331389743,7.850520774001267,6.945191116287893,947
User07,3,14,1,2026-05-10,37,1,humidity,9.344172277044636,9.716467860279883,9.344172277044636,1297
User07,3,14,1,2026-05-11,38,1,humidity,4.256314355914475,4.89096125914387,-4.007355186903723,2113
User07,3,14,1,2026-05-12,39,1,humidity,9.338801756529994,9.571010399027443,-9.338801756529994,1014
User07,3,14,1,2026-05-13,40,1,humidity,4.6145911437549385,4.791955803049788,-4.6145911437549385,1231
User07,3,14,1,2026-05-14,41,1,humidity,9.502592799790948,9.976263782895085,-9.502592799790948,891
User07,3,14,1,2026-05-15,42,1,humidity,8.33655087777377,8.902064108857317,-8.327293042956605,1116
User07,3,14,1,2026-05-16,43,1,humidity,6.19813111465115,6.876406929853023,6.197151738211544,1387
User07,3,14,1,2026-05-17,44,1,humidity,15.996116513271337,16.25499978742988,15.996116513271337,1246
User07,3,14,1,2026-05-18,45,1,humidity,11.65035827441518,13.4430132883919,11.602890623373945,1428
User07,3,14,1,2026-05-19,46,1,humidity,2.882734380732373,3.3754771173068265,-1.6905722393224876,1594
User07,3,14,1,2026-05-20,47,1,humidity,1.0945995702719624,1.44677358465014,-0.5964564960944914,1785
User07,3,14,1,2026-05-21,48,1,humidity,1.0591915978771225,1.4366884892291203,-0.003502037309907869,881
User07,3,14,1,2026-05-22,49,1,humidity,10.358802375077351,10.574913206183092,10.358802375077351,1044
User07,3,14,1,2026-05-23,50,1,humidity,3.4672507044963243,3.8358256806344966,-3.0809535346422643,703
User07,3,14,1,2026-05-24,51,1,humidity,7.682323714757302,8.711770881473173,-7.637575615407848,1215
User07,3,14,1,2026-05-25,52,1,humidity,7.942792762208573,8.243022866381404,-7.942792762208573,2037
User07,3,14,1,2026-05-26,53,1,humidity,14.39458445563215,14.491742713829618,-14.39458445563215,2014
User07,3,14,1,2026-05-27,54,1,humidity,10.53108061003573,10.63697091484828,-10.53108061003573,2204
User07,3,14,1,2026-05-28,55,1,humidity,3.282680364826431,3.4378243995181728,-3.2495967795219354,782
User07,3,14,1,2026-05-29,56,1,humidity,3.712241955281189,4.2658797552731285,3.2467470615239002,871
User07,3,14,1,2026-05-30,57,1,humidity,5.804955437913955,6.269634305782665,-5.799270353750882,931
User07,3,14,1,2026-05-31,58,1,humidity,14.474996430001593,14.99276278821319,14.474996430001593,1227
User07,3,14,1,2026-06-01,59,1,humidity,11.520743532584685,11.77871509417915,11.520743532584685,979
User07,3,14,1,2026-06-02,60,1,humidity,4.480964759658713,4.692486520972303,4.480964759658713,872
User07,3,14,1,2026-06-03,61,1,humidity,1.3658318394112168,2.010659470026314,-0.7795705134173985,1394
User07,3,14,1,2026-06-06,62,1,humidity,8.50831861202456,8.720007620618926,8.50831861202456,1209
User07,3,14,1,2026-06-08,63,1,humidity,5.599180252784133,5.812717512245935,5.599180252784133,1054
User07,3,14,1,2026-06-09,64,1,humidity,12.66228366741069,13.324260058865404,12.66228366741069,1475
User07,3,14,1,2026-06-10,65,1,humidity,6.047365685686882,6.339197060893441,6.047365685686882,1550
User07,3,14,1,2026-06-11,66,1,humidity,6.7065769559736,6.900518543286741,6.706109337861307,1580
User07,3,14,1,2026-06-12,67,1,humidity,8.574696231381823,8.82432640082519,8.574696231381823,1021
User07,3,14,1,2026-06-14,68,1,humidity,3.8512255062937784,4.548292762044498,-3.633004106925236,1308
User07,3,14,1,2026-06-15,69,1,humidity,2.897083288615474,3.231403872498441,1.79748895009385,1368
User07,3,14,1,2026-06-16,70,1,humidity,7.711359001399035,7.805426617152351,7.711359001399035,1304
User07,3,14,1,2026-06-17,71,1,humidity,8.416921195664903,8.739924591031333,8.416921195664903,1835
User07,3,14,1,2026-06-18,72,1,humidity,5.833307066324803,6.018615666125255,5.83313699702049,1376
User07,3,14,1,2026-06-19,73,1,humidity,10.002756587110333,10.120187481566012,-10.002756587110333,2144
User07,3,14,1,2026-06-20,74,1,humidity,3.0593819174360384,3.7917690094943173,-2.0166087289480226,1382
User07,3,14,1,2026-06-21,75,1,humidity,3.3918671693549696,3.772753088080104,-3.1800397109920397,1414
User07,3,14,1,2026-06-22,76,1,humidity,3.3809976601046943,3.804590514473705,-2.82181751155359,1993
User07,3,14,1,2026-06-23,77,1,humidity,9.938324095822699,10.503499814625146,9.938324095822699,3249
User07,3,14,1,2026-06-24,78,1,humidity,10.781303680102457,10.852745386513815,10.781303680102457,2216
User07,3,14,1,2026-06-25,79,1,humidity,2.072470300102744,2.419943414812174,2.0078679199383265,1368
User07,3,14,1,2026-06-27,80,1,humidity,7.247095673136569,7.347075548152488,7.247095673136569,824
User07,3,14,1,2026-06-28,81,1,humidity,1.7787381789869503,2.323969820092139,0.7286983561442506,994
User07,3,14,1,2026-06-29,82,1,humidity,2.849506350166117,3.279498996161187,2.786675277168398,804
User07,3,14,1,2026-06-30,83,1,humidity,9.815632231893836,9.987952625979188,9.815632231893836,906
User07,3,14,1,2026-07-01,84,1,humidity,3.663467986718171,3.8562181887319262,-3.662450691983881,1461
User07,3,14,1,2026-07-02,85,1,humidity,2.0225559682263348,2.4180994938894016,-1.9255728557504483,988
User07,3,14,1,2026-07-03,86,1,humidity,5.155296700820996,6.240347494186277,-4.804924054691935,1265
User07,3,14,1,2026-07-04,87,1,humidity,7.686277284789419,7.868903177070864,-7.686277284789419,819
User07,3,14,1,2026-07-05,88,1,humidity,15.123955207413807,15.244587562887988,-15.123955207413807,1200
User07,3,14,1,2026-07-06,89,1,humidity,12.734410558762082,12.815715854001827,-12.734410558762082,1549
User07,3,14,1,2026-07-07,90,1,humidity,6.195227234214249,6.818430711292428,-6.186586849625144,810
User07,3,14,1,2026-07-08,91,1,humidity,11.670203865994232,11.83547896538479,-11.670203865994232,1774
User07,3,14,1,2026-07-09,92,1,humidity,12.759789155649507,12.831659476516819,-12.759789155649507,2008
User07,3,14,1,2026-07-10,93,1,humidity,16.019911155662893,16.058271620134345,-16.019911155662893,1213
User07,3,14,1,2026-07-11,94,1,humidity,10.694621310925603,10.774005481974806,-10.694621310925603,764
User07,3,14,1,2026-07-13,95,1,humidity,12.30676923518043,12.397107725538135,-12.30676923518043,1751
User07,3,14,1,2026-07-14,96,1,humidity,13.373199162377876,13.446911918382224,-13.373199162377876,1829
User07,3,14,1,2026-07-15,97,1,humidity,7.171626438819801,7.276716221682274,-7.171626438819801,1044
User07,3,14,1,2026-07-16,98,1,humidity,10.36663146443669,10.460673967982197,-10.36663146443669,785
User07,3,14,1,2026-07-17,99,1,humidity,13.531014795926644,14.525324840106022,-13.5212044393984,2065
User07,3,14,1,2026-07-18,100,1,humidity,9.57391593224708,9.786344790972286,-9.57391593224708,1561
User07,3,14,2,2026-04-19,16,1,temperature,0.6882269422994389,0.8919575910975248,-0.6577566621312565,1334
User07,3,14,2,2026-04-20,17,1,temperature,0.6150394827160808,0.784712446951807,-0.16918041476950646,1930
User07,3,14,2,2026-04-21,18,1,temperature,0.8308505496899833,1.0558101354563443,-0.25237741571562283,2021
User07,3,14,2,2026-04-22,19,1,temperature,0.7850567411883399,0.9679532216256511,0.11611106405593269,1333
User07,3,14,2,2026-04-23,20,1,temperature,0.8127013082091827,1.0088646884404826,-0.2235716642703609,1147
User07,3,14,2,2026-04-24,21,1,temperature,1.3771645304605766,1.7269087482252155,-0.8459934316931121,1221
User07,3,14,2,2026-04-25,22,1,temperature,0.42887084714908835,0.47392695795089035,0.22953686208666968,2304
User07,3,14,2,2026-04-26,23,1,temperature,0.6902836840609944,0.8829088098044605,-0.25795508399559713,1467
User07,3,14,2,2026-04-27,24,1,temperature,0.5065758730068239,0.6113788250460321,0.05528898979420945,1138
User07,3,14,2,2026-04-28,25,1,temperature,0.8431967418753332,1.0616877571317653,-0.09152046484056416,1138
User07,3,14,2,2026-04-29,26,1,temperature,0.5055946179069792,0.5477183880864365,0.32151108607641327,1247
User07,3,14,2,2026-04-30,27,1,temperature,0.6988180040416913,0.8440989608442998,0.17582466526120613,1062
User07,3,14,2,2026-05-01,28,1,temperature,0.6901692724857491,0.8412844379877897,-0.10775463278484644,1051
User07,3,14,2,2026-05-02,29,1,temperature,0.5332563554581491,0.5806371023937256,0.36706249805053737,1834
User07,3,14,2,2026-05-03,30,1,temperature,0.8420152882283298,1.0081781336874505,0.25468354552960926,1404
User07,3,14,2,2026-05-04,31,1,temperature,0.787566686081102,0.9556161103176778,0.11351093738504067,1064
User07,3,14,2,2026-05-05,32,1,temperature,1.0905341569007152,1.2168463553717268,-0.7855586456308516,870
User07,3,14,2,2026-05-06,33,1,temperature,0.6310247973345326,0.7122612197548293,0.6310247973345326,1233
User07,3,14,2,2026-05-07,34,1,temperature,1.0141888747644972,1.1636620408455314,0.4532136432300291,1232
User07,3,14,2,2026-05-08,35,1,temperature,1.6303840211120209,1.644353156370597,1.6303840211120209,345
User07,3,14,2,2026-05-09,36,1,temperature,0.9373064992850977,1.1601840814661055,-0.3850898731663257,947
User07,3,14,2,2026-05-10,37,1,temperature,0.6056843033432715,0.7460990543874614,0.10209124233813058,1297
User07,3,14,2,2026-05-11,38,1,temperature,0.7492792989229663,0.8822072032270337,0.06681094604534443,2113
User07,3,14,2,2026-05-12,39,1,temperature,0.6389908427217346,0.6748933500491818,0.5360533460464172,1014
User07,3,14,2,2026-05-13,40,1,temperature,0.496680956795338,0.5414005933543586,0.4327480113027497,1231
User07,3,14,2,2026-05-14,41,1,temperature,0.5454784428546389,0.6430683190826464,-0.48165672180981983,891
User07,3,14,2,2026-05-15,42,1,temperature,0.5539494206128353,0.627432749172006,-0.5430233849603558,1116
User07,3,14,2,2026-05-16,43,1,temperature,1.3553717957925666,1.4136749940556785,-1.3553717957925666,1387
User07,3,14,2,2026-05-17,44,1,temperature,0.4449706918248363,0.5412172069024855,-0.38721634856601456,1246
User07,3,14,2,2026-05-18,45,1,temperature,1.0311123930116337,1.1476116314189004,-1.0284964812217718,1428
User07,3,14,2,2026-05-19,46,1,temperature,1.4610076700435215,1.483331051470424,-1.4610076700435215,1594
User07,3,14,2,2026-05-20,47,1,temperature,1.4128042039043265,1.4243540126581955,-1.4128042039043265,1785
User07,3,14,2,2026-05-21,48,1,temperature,1.39203561621684,1.4116844360746408,-1.3913347327651855,881
User07,3,14,2,2026-05-22,49,1,temperature,0.6460442738105621,0.7683065322548992,-0.6372951651472496,1044
User07,3,14,2,2026-05-23,50,1,temperature,1.3701184395380261,1.4078031841712362,-1.3542074405492677,703
User07,3,14,2,2026-05-24,51,1,temperature,1.3281103352713937,1.352312937465342,-1.3281103352713937,1215
User07,3,14,2,2026-05-25,52,1,temperature,1.4624193594489485,1.474403284111426,-1.4624193594489485,2037
User07,3,14,2,2026-05-26,53,1,temperature,2.4181995311043845,2.43188652237107,-2.4181995311043845,2014
User07,3,14,2,2026-05-27,54,1,temperature,2.415200554745928,2.4358284922577913,-2.415200554745928,2204
User07,3,14,2,2026-05-28,55,1,temperature,2.2885540865456946,2.320444637205639,-2.2885540865456946,782
User07,3,14,2,2026-05-29,56,1,temperature,2.150551969858975,2.218269830324395,-2.150551969858975,871
User07,3,14,2,2026-05-30,57,1,temperature,1.6079474461032428,1.656613033931013,-1.6079474461032428,931
User07,3,14,2,2026-05-31,58,1,temperature,2.3940440236114,2.4098111081128057,-2.3940440236114,1227
User07,3,14,2,2026-06-01,59,1,temperature,2.7079612232374712,2.767435105568325,-2.7079612232374712,979
User07,3,14,2,2026-06-02,60,1,temperature,3.169229559419628,3.209886645605532,-3.169229559419628,872
User07,3,14,2,2026-06-03,61,1,temperature,2.816589393231028,2.8728569550257097,-2.816589393231028,1394
User07,3,14,2,2026-06-06,62,1,temperature,2.699947746672003,2.744358035623889,-2.699947746672003,1209
User07,3,14,2,2026-06-08,63,1,temperature,2.3819691630024864,2.4044838172294174,-2.3819691630024864,1054
User07,3,14,2,2026-06-09,64,1,temperature,2.42322222659892,2.4647852939540535,-2.42322222659892,1475
User07,3,14,2,2026-06-10,65,1,temperature,2.497402857199315,2.530698907680426,-2.497402857199315,1550
User07,3,14,2,2026-06-11,66,1,temperature,2.3997040851700135,2.432211345484658,-2.3997040851700135,1580
User07,3,14,2,2026-06-12,67,1,temperature,2.5591570598558175,2.567455544593221,-2.5591570598558175,1021
User07,3,14,2,2026-06-14,68,1,temperature,2.9109531890770906,3.016483192072169,-2.9109531890770906,1308
User07,3,14,2,2026-06-15,69,1,temperature,3.5106530258086486,3.520645940283702,-3.5106530258086486,1368
User07,3,14,2,2026-06-16,70,1,temperature,3.346168790019157,3.3651186047899784,-3.346168790019157,1304
User07,3,14,2,2026-06-17,71,1,temperature,3.413788138459904,3.4381759002326366,-3.40952883486483,1835
User07,3,14,2,2026-06-18,72,1,temperature,3.9773837261746787,4.033669462594839,-3.9773837261746787,1376
User07,3,14,2,2026-06-19,73,1,temperature,3.738959080397194,3.7673927802441725,-3.738959080397194,2144
User07,3,14,2,2026-06-20,74,1,temperature,3.1093336754094567,3.2003544406630535,-3.068190511071574,1382
User07,3,14,2,2026-06-21,75,1,temperature,2.62889390978397,2.669665780699525,-2.6187994681138758,1414
User07,3,14,2,2026-06-22,76,1,temperature,3.059147461329822,3.0961085867873583,-3.059147461329822,1993
User07,3,14,2,2026-06-23,77,1,temperature,3.0746678496087485,3.1293764494190315,-3.0746678496087485,3249
User07,3,14,2,2026-06-24,78,1,temperature,2.9370398305659786,2.9881422073740462,-2.9370398305659786,2216
User07,3,14,2,2026-06-25,79,1,temperature,3.058583323484115,3.106834236152497,-3.058583323484115,1368
User07,3,14,2,2026-06-27,80,1,temperature,3.930204172431002,3.9929520275422097,-3.930204172431002,824
User07,3,14,2,2026-06-28,81,1,temperature,3.4360122865954383,3.4529940121177676,-3.4360122865954383,994
User07,3,14,2,2026-06-29,82,1,temperature,3.8340626095066344,3.8706025452530635,-3.8340626095066344,804
User07,3,14,2,2026-06-30,83,1,temperature,3.548281349032824,3.5510195420634756,-3.548281349032824,906
User07,3,14,2,2026-07-01,84,1,temperature,3.7939626393152506,3.8297822117037312,-3.7939626393152506,1461
User07,3,14,2,2026-07-02,85,1,temperature,3.745565635916135,3.7828190868849134,-3.745565635916135,988
User07,3,14,2,2026-07-03,86,1,temperature,3.5223729459004827,3.52803359460022,-3.5223729459004827,1265
User07,3,14,2,2026-07-04,87,1,temperature,3.551216237421089,3.5748410334260963,-3.551216237421089,819
User07,3,14,2,2026-07-05,88,1,temperature,4.078353813357431,4.108636055613618,-4.078353813357431,1200
User07,3,14,2,2026-07-06,89,1,temperature,4.051483857769504,4.090738614272392,-4.051483857769504,1549
User07,3,14,2,2026-07-07,90,1,temperature,4.117538016033866,4.179445087077272,-4.117538016033866,810
User07,3,14,2,2026-07-08,91,1,temperature,4.467339286248432,4.480429964291089,-4.467339286248432,1774
User07,3,14,2,2026-07-09,92,1,temperature,4.471374735446696,4.476178698616253,-4.471374735446696,2008
User07,3,14,2,2026-07-10,93,1,temperature,4.476777044794695,4.4796945053336765,-4.476777044794695,1213
User07,3,14,2,2026-07-11,94,1,temperature,4.61935721866609,4.625426958844508,-4.61935721866609,764
User07,3,14,2,2026-07-13,95,1,temperature,5.4170652944181805,5.43147283046824,-5.4170652944181805,1751
User07,3,14,2,2026-07-14,96,1,temperature,5.660524980332039,5.673191519633912,-5.660524980332039,1829
User07,3,14,2,2026-07-15,97,1,temperature,4.623174269974695,4.6283676886429,-4.623174269974695,1044
User07,3,14,2,2026-07-16,98,1,temperature,4.531613013105934,4.535544530594649,-4.531613013105934,785
User07,3,14,2,2026-07-17,99,1,temperature,5.364065696930813,5.447194912320041,-5.364065696930813,2065
User07,3,14,2,2026-07-18,100,1,temperature,4.109835512590376,4.136597874662516,-4.109835512590376,1561
User07,3,14,2,2026-04-19,16,1,humidity,10.77142078291582,11.349422142296053,10.77142078291582,1334
User07,3,14,2,2026-04-20,17,1,humidity,20.794054364697512,20.868105437822024,20.794054364697512,1930
User07,3,14,2,2026-04-21,18,1,humidity,16.32749010663694,16.546509423536286,16.32749010663694,2021
User07,3,14,2,2026-04-22,19,1,humidity,11.26517861646506,12.159592530326194,11.26517861646506,1333
User07,3,14,2,2026-04-23,20,1,humidity,8.890142903153942,9.24108883527106,8.890142903153942,1147
User07,3,14,2,2026-04-24,21,1,humidity,7.452279705694254,8.563613771580535,5.083246064249435,1221
User07,3,14,2,2026-04-25,22,1,humidity,10.839109082257865,12.873861395804271,10.823992034065109,2304
User07,3,14,2,2026-04-26,23,1,humidity,11.972827036789797,13.700711186327366,11.972827036789797,1467
User07,3,14,2,2026-04-27,24,1,humidity,9.61881455709334,9.871569232432805,9.61660696300623,1138
User07,3,14,2,2026-04-28,25,1,humidity,7.000369691673244,7.690811848875067,6.97639487907385,1138
User07,3,14,2,2026-04-29,26,1,humidity,5.203250645613739,6.02608488278802,4.968889431472526,1247
User07,3,14,2,2026-04-30,27,1,humidity,5.168393360727326,5.817232166000862,5.161023769524469,1062
User07,3,14,2,2026-05-01,28,1,humidity,2.5918857080345075,3.5983346861323198,1.851489665824168,1051
User07,3,14,2,2026-05-02,29,1,humidity,4.283091446132211,5.059958047961497,4.244626296241325,1834
User07,3,14,2,2026-05-03,30,1,humidity,4.46492694998809,5.054820498631483,-1.7782417458251574,1404
User07,3,14,2,2026-05-04,31,1,humidity,4.048438374142463,5.466556682415633,3.109848112914735,1064
User07,3,14,2,2026-05-05,32,1,humidity,11.74723943801706,11.964702735925703,11.74723943801706,870
User07,3,14,2,2026-05-06,33,1,humidity,1.5275349732154253,1.9310237801041177,-1.1193248007548313,1233
User07,3,14,2,2026-05-07,34,1,humidity,4.920151672067379,5.274687694539228,4.914688348810576,1232
User07,3,14,2,2026-05-08,35,1,humidity,6.103958754382872,6.520213833787803,6.103958754382872,345
User07,3,14,2,2026-05-09,36,1,humidity,6.850939689425438,7.7758792136477215,6.783265703733351,947
User07,3,14,2,2026-05-10,37,1,humidity,8.777068157404742,9.04048138290525,8.777068157404742,1297
User07,3,14,2,2026-05-11,38,1,humidity,4.558124089023322,5.136022391191374,-4.376537040832932,2113
User07,3,14,2,2026-05-12,39,1,humidity,9.696358134791376,9.908794314331642,-9.696358134791376,1014
User07,3,14,2,2026-05-13,40,1,humidity,4.450617415042794,4.72296618586685,-4.450617415042794,1231
User07,3,14,2,2026-05-14,41,1,humidity,9.753853152507652,10.284522316533115,-9.753853152507652,891
User07,3,14,2,2026-05-15,42,1,humidity,8.314544513593225,8.816868774584048,-8.312495448018971,1116
User07,3,14,2,2026-05-16,43,1,humidity,5.89147018295714,6.513350725662897,5.888949148097585,1387
User07,3,14,2,2026-05-17,44,1,humidity,15.82640948510981,16.08400831232978,15.82640948510981,1246
User07,3,14,2,2026-05-18,45,1,humidity,11.242607299491898,13.010093417077764,11.156731946348945,1428
User07,3,14,2,2026-05-19,46,1,humidity,3.2011084547106714,3.6237526206710595,-2.013840311993219,1594
User07,3,14,2,2026-05-20,47,1,humidity,1.184891553134417,1.5192368501438187,-0.8921250309176031,1785
User07,3,14,2,2026-05-21,48,1,humidity,0.9871864854805743,1.3364822291615022,-0.49201102875027547,881
User07,3,14,2,2026-05-22,49,1,humidity,10.177768305256027,10.380346751108442,10.177768305256027,1044
User07,3,14,2,2026-05-23,50,1,humidity,4.0315031153625664,4.322953499853777,-4.004512783564796,703
User07,3,14,2,2026-05-24,51,1,humidity,8.150539061059753,9.143201745127879,-8.1355420526681,1215
User07,3,14,2,2026-05-25,52,1,humidity,7.989493312481098,8.298999876624931,-7.989493312481098,2037
User07,3,14,2,2026-05-26,53,1,humidity,14.553354112131254,14.666259190964448,-14.553354112131254,2014
User07,3,14,2,2026-05-27,54,1,humidity,10.718945392851293,10.812461258066937,-10.718945392851293,2204
User07,3,14,2,2026-05-28,55,1,humidity,3.5943591417666827,3.7446075913902517,-3.5930831112194017,782
User07,3,14,2,2026-05-29,56,1,humidity,3.562553475936318,4.142739618305853,3.2870353418275498,871
User07,3,14,2,2026-05-30,57,1,humidity,5.9597540275730205,6.436367774641757,-5.959209498855174,931
User07,3,14,2,2026-05-31,58,1,humidity,14.394534217564171,14.957389454225698,14.394534217564171,1227
User07,3,14,2,2026-06-01,59,1,humidity,11.395847189320419,11.702134673420726,11.395847189320419,979
User07,3,14,2,2026-06-02,60,1,humidity,4.49799231263676,4.866760280922853,4.49799231263676,872
User07,3,14,2,2026-06-03,61,1,humidity,1.4408197521689505,2.081195851529076,-0.871250789811971,1394
User07,3,14,2,2026-06-06,62,1,humidity,8.602281860342078,8.797615174226415,8.602281860342078,1209
User07,3,14,2,2026-06-08,63,1,humidity,5.431913636921586,5.671934388162835,5.431913636921586,1054
User07,3,14,2,2026-06-09,64,1,humidity,12.581890786356896,13.243189516124572,12.581890786356896,1475
User07,3,14,2,2026-06-10,65,1,humidity,5.861544056794289,6.16408258620414,5.861544056794289,1550
User07,3,14,2,2026-06-11,66,1,humidity,6.372564649232867,6.566524026512193,6.372564649232867,1580
User07,3,14,2,2026-06-12,67,1,humidity,8.581002271518043,8.827742038753586,8.581002271518043,1021
User07,3,14,2,2026-06-14,68,1,humidity,3.8890301247899663,4.647051840844067,-3.799220102101086,1308
User07,3,14,2,2026-06-15,69,1,humidity,2.6975079964350104,3.1104049294362457,1.5158348145449008,1368
User07,3,14,2,2026-06-16,70,1,humidity,7.764192559441207,7.88586432095425,7.764192559441207,1304
User07,3,14,2,2026-06-17,71,1,humidity,8.56922861327952,8.895533477256965,8.56922861327952,1835
User07,3,14,2,2026-06-18,72,1,humidity,5.546960139662445,5.7279474464258096,5.546684989166324,1376
User07,3,14,2,2026-06-19,73,1,humidity,9.957349991597185,10.08372416936113,-9.957349991597185,2144
User07,3,14,2,2026-06-20,74,1,humidity,3.2327954845920903,3.994564387051293,-2.032231570573079,1382
User07,3,14,2,2026-06-21,75,1,humidity,3.4207839276863314,3.8712952795431326,-3.1594371322767,1414
User07,3,14,2,2026-06-22,76,1,humidity,3.3555954329558952,3.7501002307691493,-2.8179107359659645,1993
User07,3,14,2,2026-06-23,77,1,humidity,9.78720919672471,10.410790594035953,9.78720919672471,3249
User07,3,14,2,2026-06-24,78,1,humidity,10.408910854265145,10.513336149064418,10.408910854265145,2216
User07,3,14,2,2026-06-25,79,1,humidity,2.2865718456476296,2.6268229044436135,2.2113318214318767,1368
User07,3,14,2,2026-06-27,80,1,humidity,7.122917593852976,7.228708451065804,7.122917593852976,824
User07,3,14,2,2026-06-28,81,1,humidity,2.0105310527689504,2.50458683050057,0.5473881543199257,994
User07,3,14,2,2026-06-29,82,1,humidity,3.1965717017129034,3.6572166588778527,3.0301221598086174,804
User07,3,14,2,2026-06-30,83,1,humidity,9.742884671002491,9.945251917842938,9.742884671002491,906
User07,3,14,2,2026-07-01,84,1,humidity,3.968456284167998,4.17391953172614,-3.968456284167998,1461
User07,3,14,2,2026-07-02,85,1,humidity,2.314164590700874,2.793083293208339,-2.1640519723012135,988
User07,3,14,2,2026-07-03,86,1,humidity,5.326013977272608,6.333311506033178,-5.178935547654861,1265
User07,3,14,2,2026-07-04,87,1,humidity,7.622619780280047,7.771846960844241,-7.622619780280047,819
User07,3,14,2,2026-07-05,88,1,humidity,15.249268992655846,15.361343680882333,-15.249268992655846,1200
User07,3,14,2,2026-07-06,89,1,humidity,13.108193106888157,13.19906663169583,-13.108193106888157,1549
User07,3,14,2,2026-07-07,90,1,humidity,6.512258397822164,6.997486011731396,-6.51122019085127,810
User07,3,14,2,2026-07-08,91,1,humidity,11.787035095992044,11.911160696560374,-11.787035095992044,1774
User07,3,14,2,2026-07-09,92,1,humidity,13.008220968278522,13.07169756950535,-13.008220968278522,2008
User07,3,14,2,2026-07-10,93,1,humidity,16.334340120062514,16.381552793602538,-16.334340120062514,1213
User07,3,14,2,2026-07-11,94,1,humidity,10.454358487326525,10.546199126294914,-10.454358487326525,764
User07,3,14,2,2026-07-13,95,1,humidity,12.295115017168126,12.386192275397109,-12.295115017168126,1751
User07,3,14,2,2026-07-14,96,1,humidity,13.319362720371508,13.382697144503728,-13.319362720371508,1829
User07,3,14,2,2026-07-15,97,1,humidity,7.036731959216892,7.129338993782563,-7.036731959216892,1044
User07,3,14,2,2026-07-16,98,1,humidity,10.267332541181492,10.40082837455607,-10.267332541181492,785
User07,3,14,2,2026-07-17,99,1,humidity,13.300805527654797,14.258801560613515,-13.289824961753233,2065
User07,3,14,2,2026-07-18,100,1,humidity,9.850462043145946,10.075185651031878,-9.850462043145946,1561
