protocol_version,split_id,subject_id,budget_nights,night_id,night_ordinal,device_id,session_id,sensor_phase,channel_quality_phase,partition,primary_test,start_timestamp,end_timestamp,n_rows
v1.0,v1.0_personalization,User01,0,D0001,1,unknown,User01|unknown|S0001,s1,normal,test,0,D0001 22:21:51,D0002 04:24:30,10764
v1.0,v1.0_personalization,User01,0,D0002,2,unknown,User01|unknown|S0002,s1,normal,test,0,D0002 21:10:16,D0003 01:56:55,8496
v1.0,v1.0_personalization,User01,0,D0004,3,unknown,User01|unknown|S0003,s1,normal,test,0,D0004 22:13:40,D0005 04:21:57,10926
v1.0,v1.0_personalization,User01,0,D0005,4,unknown,User01|unknown|S0004,s1,normal,test,0,D0005 21:41:46,D0006 02:11:44,8009
v1.0,v1.0_personalization,User01,0,D0006,5,unknown,User01|unknown|S0005,s1,normal,test,0,D0006 21:10:47,D0007 02:40:05,9773
v1.0,v1.0_personalization,User01,0,D0007,6,unknown,User01|unknown|S0006,s1,normal,test,0,D0007 21:15:00,D0008 01:54:16,8276
v1.0,v1.0_personalization,User01,0,D0073,7,unknown,User01|unknown|S0007,s1,normal,test,0,D0073 19:23:17,D0074 07:06:23,14033
v1.0,v1.0_personalization,User01,0,D0074,8,unknown,User01|unknown|S0008,s1,normal,test,0,D0074 18:17:20,D0075 06:08:26,14275
v1.0,v1.0_personalization,User01,0,D0075,9,unknown,User01|unknown|S0009,s1,normal,test,0,D0075 18:47:34,D0076 06:48:12,14069
v1.0,v1.0_personalization,User01,0,D0076,10,unknown,User01|unknown|S0010,s1,normal,test,0,D0076 18:32:44,D0077 07:01:19,14378
v1.0,v1.0_personalization,User01,0,D0077,11,unknown,User01|unknown|S0011,s1,normal,test,0,D0077 18:13:39,D0078 06:07:55,13988
v1.0,v1.0_personalization,User01,0,D0078,12,unknown,User01|unknown|S0012,s1,normal,test,0,D0078 18:09:08,D0079 06:27:26,14660
v1.0,v1.0_personalization,User01,0,D0079,13,unknown,User01|unknown|S0013,s1,normal,test,0,D0079 17:39:02,D0080 06:21:39,15160
v1.0,v1.0_personalization,User01,0,D0080,14,unknown,User01|unknown|S0014,s1,normal,test,0,D0080 19:13:49,D0080 23:34:03,5365
v1.0,v1.0_personalization,User01,0,D0080,14,unknown,User01|unknown|S0015,s1,normal,test,0,D0081 02:28:30,D0081 06:54:02,5344
v1.0,v1.0_personalization,User01,0,D0081,15,unknown,User01|unknown|S0016,s1,normal,test,0,D0081 18:25:16,D0082 06:48:46,14344
v1.0,v1.0_personalization,User01,0,D0082,16,unknown,User01|unknown|S0017,s1,normal,test,1,D0082 17:39:24,D0083 07:04:28,14757
v1.0,v1.0_personalization,User01,0,D0083,17,unknown,User01|unknown|S0018,s1,normal,test,1,D0083 18:10:00,D0084 06:56:48,14786
v1.0,v1.0_personalization,User01,0,D0084,18,unknown,User01|unknown|S0019,s1,normal,test,1,D0084 18:08:52,D0085 06:51:02,15083
v1.0,v1.0_personalization,User01,0,D0085,19,unknown,User01|unknown|S0020,s1,normal,test,1,D0085 18:46:27,D0086 06:32:37,14418
v1.0,v1.0_personalization,User01,0,D0086,20,unknown,User01|unknown|S0021,s1,normal,test,1,D0086 18:56:48,D0087 06:27:22,13734
v1.0,v1.0_personalization,User01,0,D0087,21,unknown,User01|unknown|S0022,s1,normal,test,1,D0087 17:42:42,D0088 06:53:51,16186
v1.0,v1.0_personalization,User01,0,D0088,22,unknown,User01|unknown|S0023,s1,normal,test,1,D0088 18:42:14,D0089 06:27:56,14386
v1.0,v1.0_personalization,User01,0,D0089,23,unknown,User01|unknown|S0024,s1,normal,test,1,D0089 18:39:14,D0090 07:06:53,7540
v1.0,v1.0_personalization,User01,0,D0090,24,unknown,User01|unknown|S0025,s1,normal,test,1,D0090 19:09:36,D0091 08:36:29,8196
v1.0,v1.0_personalization,User01,0,D0091,25,unknown,User01|unknown|S0026,s1,normal,test,1,D0091 18:56:54,D0092 06:26:41,7088
v1.0,v1.0_personalization,User01,0,D0092,26,unknown,User01|unknown|S0027,s1,normal,test,1,D0092 20:29:38,D0093 06:42:45,7014
v1.0,v1.0_personalization,User01,0,D0093,27,unknown,User01|unknown|S0028,s1,normal,test,1,D0093 18:02:47,D0094 06:39:52,7807
v1.0,v1.0_personalization,User01,0,D0094,28,unknown,User01|unknown|S0029,s1,normal,test,1,D0094 17:00:46,D0095 06:30:06,9701
v1.0,v1.0_personalization,User01,0,D0095,29,unknown,User01|unknown|S0030,s1,normal,test,1,D0095 19:36:27,D0096 06:55:40,11430
v1.0,v1.0_personalization,User01,0,D0096,30,unknown,User01|unknown|S0031,s1,normal,test,1,D0096 18:17:43,D0097 06:25:01,14190
v1.0,v1.0_personalization,User01,0,D0097,31,unknown,User01|unknown|S0032,s1,normal,test,1,D0097 18:26:39,D0098 07:53:16,16085
v1.0,v1.0_personalization,User01,0,D0098,32,unknown,User01|unknown|S0033,s1,normal,test,1,D0098 18:33:28,D0099 06:19:46,13699
v1.0,v1.0_personalization,User01,0,D0099,33,unknown,User01|unknown|S0034,s1,normal,test,1,D0099 18:14:39,D0100 06:36:17,14144
v1.0,v1.0_personalization,User01,0,D0100,34,unknown,User01|unknown|S0035,s1,normal,test,1,D0100 18:25:40,D0101 07:14:48,14609
v1.0,v1.0_personalization,User01,0,D0101,35,unknown,User01|unknown|S0036,s1,normal,test,1,D0101 18:52:37,D0102 06:53:17,13333
v1.0,v1.0_personalization,User01,0,D0102,36,unknown,User01|unknown|S0037,s1,normal,test,1,D0102 17:53:00,D0103 06:46:01,14655
v1.0,v1.0_personalization,User01,0,D0103,37,unknown,User01|unknown|S0038,s1,normal,test,1,D0103 18:43:31,D0104 07:43:47,15858
v1.0,v1.0_personalization,User01,0,D0104,38,unknown,User01|unknown|S0039,s1,normal,test,1,D0104 20:02:20,D0105 09:14:10,16744
v1.0,v1.0_personalization,User01,0,D0105,39,unknown,User01|unknown|S0040,s1,normal,test,1,D0105 20:26:07,D0106 07:11:58,13705
v1.0,v1.0_personalization,User01,0,D0106,40,unknown,User01|unknown|S0041,s1,normal,test,1,D0106 20:00:15,D0107 06:07:39,12906
v1.0,v1.0_personalization,User01,0,D0107,41,unknown,User01|unknown|S0042,s1,normal,test,1,D0107 18:18:10,D0108 06:41:02,15621
v1.0,v1.0_personalization,User01,0,D0108,42,unknown,User01|unknown|S0043,s1,normal,test,1,D0108 19:36:14,D0109 06:53:44,14685
v1.0,v1.0_personalization,User01,0,D0109,43,unknown,User01|unknown|S0044,s1,normal,test,1,D0109 18:14:17,D0110 06:34:28,16080
v1.0,v1.0_personalization,User01,0,D0110,44,unknown,User01|unknown|S0045,s1,normal,test,1,D0110 19:16:38,D0111 08:10:31,16907
v1.0,v1.0_personalization,User01,0,D0111,45,unknown,User01|unknown|S0046,s1,normal,test,1,D0111 19:01:37,D0112 08:28:42,16051
v1.0,v1.0_personalization,User01,0,D0112,46,unknown,User01|unknown|S0047,s1,normal,test,1,D0112 19:12:40,D0113 07:34:44,14728
v1.0,v1.0_personalization,User01,0,D0113,47,unknown,User01|unknown|S0048,s1,normal,test,1,D0113 21:01:25,D0114 08:10:59,14594
v1.0,v1.0_personalization,User01,0,D0114,48,unknown,User01|unknown|S0049,s1,normal,test,1,D0114 18:31:47,D0115 07:22:15,16794
v1.0,v1.0_personalization,User01,0,D0115,49,unknown,User01|unknown|S0050,s1,normal,test,1,D0115 18:46:59,D0116 06:47:28,15694
v1.0,v1.0_personalization,User01,0,D0116,50,unknown,User01|unknown|S0051,s1,normal,test,1,D0116 18:25:20,D0117 06:55:49,16393
v1.0,v1.0_personalization,User01,0,D0117,51,unknown,User01|unknown|S0052,s1,normal,test,1,D0117 18:02:25,D0118 09:03:09,19558
v1.0,v1.0_personalization,User01,0,D0118,52,unknown,User01|unknown|S0053,s1,normal,test,1,D0118 18:39:16,D0119 08:09:50,16812
v1.0,v1.0_personalization,User01,0,D0119,53,unknown,User01|unknown|S0054,s1,normal,test,1,D0119 18:31:11,D0120 06:01:42,14471
v1.0,v1.0_personalization,User01,0,D0120,54,unknown,User01|unknown|S0055,s1,normal,test,1,D0120 18:03:35,D0121 06:34:35,15284
v1.0,v1.0_personalization,User01,0,D0121,55,unknown,User01|unknown|S0056,s1,normal,test,1,D0121 17:34:19,D0122 06:38:07,16242
v1.0,v1.0_personalization,User01,0,D0122,56,unknown,User01|unknown|S0057,s1,normal,test,1,D0122 19:07:56,D0123 08:08:34,15986
v1.0,v1.0_personalization,User01,0,D0123,57,unknown,User01|unknown|S0058,s1,normal,test,1,D0123 20:06:52,D0124 07:07:51,13753
v1.0,v1.0_personalization,User01,0,D0124,58,unknown,User01|unknown|S0059,s1,normal,test,1,D0124 19:53:51,D0125 09:34:07,13379
v1.0,v1.0_personalization,User01,0,D0125,59,unknown,User01|unknown|S0060,s1,normal,test,1,D0125 21:33:30,D0126 08:41:11,9225
v1.0,v1.0_personalization,User01,0,D0125,59,unknown,User01|unknown|S0061,s1,normal,test,1,D0126 10:19:40,D0126 11:59:57,1029
v1.0,v1.0_personalization,User01,0,D0126,60,unknown,User01|unknown|S0061,s1,normal,test,1,D0126 12:00:00,D0126 13:55:29,1284
v1.0,v1.0_personalization,User01,0,D0126,60,unknown,User01|unknown|S0062,s1,normal,test,1,D0126 14:29:49,D0126 15:29:48,1012
v1.0,v1.0_personalization,User01,0,D0126,60,unknown,User01|unknown|S0063,s1,normal,test,1,D0126 18:08:08,D0127 05:46:55,11053
v1.0,v1.0_personalization,User01,0,D0127,61,unknown,User01|unknown|S0064,s1,normal,test,1,D0127 18:33:10,D0128 06:11:17,9422
v1.0,v1.0_personalization,User01,0,D0128,62,unknown,User01|unknown|S0065,s1,normal,test,1,D0128 18:35:55,D0129 05:43:42,8868
v1.0,v1.0_personalization,User01,0,D0128,62,unknown,User01|unknown|S0066,s1,normal,test,1,D0129 06:14:11,D0129 06:44:26,324
v1.0,v1.0_personalization,User01,0,D0129,63,unknown,User01|unknown|S0067,s1,normal,test,1,D0129 18:00:48,D0130 07:41:55,10516
v1.0,v1.0_personalization,User01,0,D0130,64,unknown,User01|unknown|S0068,s1,normal,test,1,D0130 17:54:37,D0131 06:32:53,9625
v1.0,v1.0_personalization,User01,0,D0131,65,unknown,User01|unknown|S0069,s1,normal,test,1,D0131 18:20:08,D0132 07:28:45,10621
v1.0,v1.0_personalization,User01,0,D0132,66,unknown,User01|unknown|S0070,s1,normal,test,1,D0132 17:42:25,D0133 08:12:29,26103
v1.0,v1.0_personalization,User01,0,D0133,67,unknown,User01|unknown|S0071,s1,normal,test,1,D0133 17:46:03,D0134 06:16:06,22503
v1.0,v1.0_personalization,User01,0,D0134,68,unknown,User01|unknown|S0072,s1,normal,test,1,D0134 18:27:41,D0135 05:27:41,19803
v1.0,v1.0_personalization,User01,0,D0134,68,unknown,User01|unknown|S0073,s1,normal,test,1,D0135 06:17:01,D0135 06:45:56,869
v1.0,v1.0_personalization,User01,0,D0135,69,unknown,User01|unknown|S0074,s1,normal,test,1,D0135 22:02:10,D0136 06:37:58,15412
v1.0,v1.0_personalization,User01,0,D0136,70,unknown,User01|unknown|S0075,s1,normal,test,1,D0136 18:02:02,D0137 06:13:36,14632
v1.0,v1.0_personalization,User01,0,D0137,71,unknown,User01|unknown|S0076,s1,normal,test,1,D0137 17:21:29,D0138 06:21:36,15604
v1.0,v1.0_personalization,User01,0,D0138,72,unknown,User01|unknown|S0077,s1,normal,test,1,D0138 18:03:20,D0139 07:03:26,15603
v1.0,v1.0_personalization,User01,0,D0139,73,unknown,User01|unknown|S0078,s1,normal,test,1,D0139 19:05:19,D0140 07:35:23,15002
v1.0,v1.0_personalization,User01,0,D0140,74,unknown,User01|unknown|S0079,s1,normal,test,1,D0140 18:21:01,D0141 06:21:07,14403
v1.0,v1.0_personalization,User01,0,D0141,75,unknown,User01|unknown|S0080,s1,normal,test,1,D0141 18:04:50,D0142 06:04:56,14403
v1.0,v1.0_personalization,User01,0,D0142,76,unknown,User01|unknown|S0081,s1,normal,test,1,D0142 17:57:14,D0143 06:27:16,15002
v1.0,v1.0_personalization,User01,0,D0143,77,unknown,User01|unknown|S0082,s1,normal,test,1,D0143 18:00:57,D0144 06:00:57,14402
v1.0,v1.0_personalization,User01,0,D0144,78,unknown,User01|unknown|S0083,s1,normal,test,1,D0144 18:11:46,D0145 06:11:56,14404
v1.0,v1.0_personalization,User01,0,D0145,79,unknown,User01|unknown|S0084,s1,normal,test,1,D0145 18:52:54,D0146 07:22:59,15003
v1.0,v1.0_personalization,User01,0,D0146,80,unknown,User01|unknown|S0085,s1,normal,test,1,D0146 18:20:54,D0147 07:51:03,16204
v1.0,v1.0_personalization,User01,0,D0147,81,unknown,User01|unknown|S0086,s1,normal,test,1,D0147 17:33:34,D0148 06:33:37,15602
v1.0,v1.0_personalization,User01,0,D0149,82,unknown,User01|unknown|S0087,s1,normal,test,1,D0149 18:03:35,D0150 05:33:36,13802
v1.0,v1.0_personalization,User01,0,D0150,83,unknown,User01|unknown|S0088,s1,normal,test,1,D0150 17:56:40,D0151 05:56:41,14402
v1.0,v1.0_personalization,User01,0,D0151,84,unknown,User01|unknown|S0089,s1,normal,test,1,D0151 18:57:05,D0152 06:27:09,13803
v1.0,v1.0_personalization,User01,0,D0152,85,unknown,User01|unknown|S0090,s1,normal,test,1,D0152 18:17:21,D0153 06:47:24,15003
v1.0,v1.0_personalization,User01,0,D0153,86,unknown,User01|unknown|S0091,s1,normal,test,1,D0153 18:07:21,D0154 08:07:26,16803
v1.0,v1.0_personalization,User01,0,D0154,87,unknown,User01|unknown|S0092,s2,normal,test,1,D0154 17:31:21,D0155 06:31:24,15602
v1.0,v1.0_personalization,User01,0,D0155,88,unknown,User01|unknown|S0093,s2,normal,test,1,D0155 18:43:31,D0156 06:43:34,14403
v1.0,v1.0_personalization,User01,0,D0156,89,unknown,User01|unknown|S0094,s2,normal,test,1,D0156 18:02:27,D0157 06:32:27,15002
v1.0,v1.0_personalization,User01,0,D0157,90,unknown,User01|unknown|S0095,s2,normal,test,1,D0157 18:33:41,D0158 06:33:46,14403
v1.0,v1.0_personalization,User01,0,D0158,91,unknown,User01|unknown|S0096,s2,normal,test,1,D0158 18:22:25,D0159 06:22:30,14403
v1.0,v1.0_personalization,User01,0,D0159,92,unknown,User01|unknown|S0097,s2,normal,test,1,D0159 18:25:39,D0160 07:25:45,15603
v1.0,v1.0_personalization,User01,0,D0160,93,unknown,User01|unknown|S0098,s2,normal,test,1,D0160 18:38:53,D0161 08:39:00,16804
v1.0,v1.0_personalization,User01,0,D0162,94,unknown,User01|unknown|S0099,s2,normal,test,1,D0162 18:08:33,D0163 06:39:36,15022
v1.0,v1.0_personalization,User01,0,D0163,95,unknown,User01|unknown|S0100,s2,normal,test,1,D0163 17:53:05,D0164 06:53:08,15602
v1.0,v1.0_personalization,User01,0,D0164,96,unknown,User01|unknown|S0101,s2,normal,test,1,D0164 18:20:05,D0165 06:50:09,15002
v1.0,v1.0_personalization,User01,0,D0165,97,unknown,User01|unknown|S0102,s2,normal,test,1,D0165 18:22:21,D0166 06:52:19,15001
v1.0,v1.0_personalization,User01,0,D0166,98,unknown,User01|unknown|S0103,s2,normal,test,1,D0166 18:03:23,D0167 08:03:28,16803
v1.0,v1.0_personalization,User01,0,D0167,99,unknown,User01|unknown|S0104,s2,normal,test,1,D0167 18:08:00,D0168 08:38:03,17402
v1.0,v1.0_personalization,User01,0,D0168,100,unknown,User01|unknown|S0105,s2,normal,test,1,D0168 18:11:58,D0169 06:12:04,14403
v1.0,v1.0_personalization,User01,0,D0170,101,unknown,User01|unknown|S0106,s2,normal,test,1,D0170 18:24:19,D0171 06:24:26,14352
v1.0,v1.0_personalization,User01,0,D0171,102,unknown,User01|unknown|S0107,s2,normal,test,1,D0171 18:13:57,D0172 06:14:03,14403
v1.0,v1.0_personalization,User01,0,D0172,103,unknown,User01|unknown|S0108,s2,normal,test,1,D0172 17:48:25,D0173 06:48:33,15574
v1.0,v1.0_personalization,User01,0,D0173,104,unknown,User01|unknown|S0109,s2,normal,test,1,D0173 18:11:52,D0174 08:12:07,16806
v1.0,v1.0_personalization,User01,0,D0174,105,unknown,User01|unknown|S0110,s2,normal,test,1,D0174 20:18:22,D0175 07:18:21,13201
v1.0,v1.0_personalization,User01,0,D0175,106,unknown,User01|unknown|S0111,s2,normal,test,1,D0175 20:18:07,D0176 08:18:14,14404
v1.0,v1.0_personalization,User01,0,D0176,107,unknown,User01|unknown|S0112,s2,normal,test,1,D0176 18:25:07,D0177 05:25:08,13202
v1.0,v1.0_personalization,User01,0,D0177,108,unknown,User01|unknown|S0113,s2,normal,test,1,D0177 15:18:38,D0177 16:48:34,1800
v1.0,v1.0_personalization,User01,0,D0177,108,unknown,User01|unknown|S0114,s2,normal,test,1,D0177 18:30:12,D0178 07:00:20,14983
v1.0,v1.0_personalization,User01,0,D0178,109,unknown,User01|unknown|S0115,s2,normal,test,1,D0178 18:42:28,D0179 06:12:37,13804
v1.0,v1.0_personalization,User01,0,D0179,110,unknown,User01|unknown|S0116,s2,normal,test,1,D0179 18:21:50,D0180 06:21:50,14402
v1.0,v1.0_personalization,User01,0,D0180,111,unknown,User01|unknown|S0117,s2,normal,test,1,D0180 18:30:36,D0181 07:30:43,15604
v1.0,v1.0_personalization,User01,0,D0181,112,unknown,User01|unknown|S0118,s2,normal,test,1,D0181 18:35:23,D0182 10:35:32,19204
v1.0,v1.0_personalization,User01,0,D0182,113,unknown,User01|unknown|S0119,s2,normal,test,1,D0182 18:03:04,D0183 07:33:10,16204
v1.0,v1.0_personalization,User01,0,D0183,114,unknown,User01|unknown|S0120,s2,normal,test,1,D0183 18:46:32,D0184 06:46:37,14403
v1.0,v1.0_personalization,User01,0,D0184,115,unknown,User01|unknown|S0121,s2,normal,test,1,D0184 20:54:23,D0185 06:26:59,9868
v1.0,v1.0_personalization,User01,0,D0185,116,unknown,User01|unknown|S0122,s2,normal,test,1,D0185 18:27:05,D0186 06:27:19,14405
v1.0,v1.0_personalization,User01,0,D0186,117,unknown,User01|unknown|S0123,s2,normal,test,1,D0186 18:41:00,D0187 07:11:06,15003
v1.0,v1.0_personalization,User01,0,D0187,118,unknown,User01|unknown|S0124,s2,normal,test,1,D0187 19:46:02,D0188 08:16:11,14952
v1.0,v1.0_personalization,User01,0,D0188,119,unknown,User01|unknown|S0125,s2,normal,test,1,D0188 18:53:21,D0189 07:23:28,15004
v1.0,v1.0_personalization,User01,0,D0189,120,unknown,User01|unknown|S0126,s2,normal,test,1,D0189 18:37:06,D0190 08:37:11,16781
v1.0,v1.0_personalization,User01,0,D0190,121,unknown,User01|unknown|S0127,s2,normal,test,1,D0190 18:17:05,D0191 06:47:08,15003
v1.0,v1.0_personalization,User01,0,D0191,122,unknown,User01|unknown|S0128,s2,normal,test,1,D0191 18:33:02,D0192 06:03:09,13804
v1.0,v1.0_personalization,User01,0,D0192,123,unknown,User01|unknown|S0129,s2,normal,test,1,D0192 19:09:39,D0193 06:39:41,13802
v1.0,v1.0_personalization,User01,0,D0193,124,unknown,User01|unknown|S0130,s2,normal,test,1,D0193 21:11:02,D0194 06:10:59,10801
v1.0,v1.0_personalization,User01,0,D0194,125,unknown,User01|unknown|S0131,s2,normal,test,1,D0194 18:45:49,D0195 07:46:03,15605
v1.0,v1.0_personalization,User01,0,D0195,126,unknown,User01|unknown|S0132,s2,normal,test,1,D0195 19:00:57,D0196 07:31:05,15004
v1.0,v1.0_personalization,User01,0,D0196,127,unknown,User01|unknown|S0133,s2,normal,test,1,D0196 18:24:29,D0197 06:54:30,15002
v1.0,v1.0_personalization,User01,0,D0197,128,unknown,User01|unknown|S0134,s2,normal,test,1,D0197 18:21:14,D0198 06:51:16,15003
v1.0,v1.0_personalization,User01,0,D0198,129,unknown,User01|unknown|S0135,s2,normal,test,1,D0198 18:53:41,D0199 06:53:53,14312
v1.0,v1.0_personalization,User01,0,D0199,130,unknown,User01|unknown|S0136,s2,normal,test,1,D0199 18:35:39,D0200 07:36:33,15578
v1.0,v1.0_personalization,User01,0,D0200,131,unknown,User01|unknown|S0137,s2,normal,test,1,D0200 18:14:41,D0201 06:44:49,15004
v1.0,v1.0_personalization,User01,0,D0201,132,unknown,User01|unknown|S0138,s2,normal,test,1,D0201 18:41:12,D0202 07:41:12,15602
v1.0,v1.0_personalization,User01,0,D0202,133,unknown,User01|unknown|S0139,s2,normal,test,1,D0202 19:16:44,D0203 07:16:50,14403
v1.0,v1.0_personalization,User01,0,D0203,134,unknown,User01|unknown|S0140,s2,normal,test,1,D0203 18:14:27,D0204 06:44:30,15003
v1.0,v1.0_personalization,User01,0,D0204,135,unknown,User01|unknown|S0141,s2,normal,test,1,D0204 18:27:30,D0205 06:27:36,14403
v1.0,v1.0_personalization,User01,0,D0205,136,unknown,User01|unknown|S0142,s2,normal,test,1,D0205 18:34:08,D0206 06:34:15,14361
v1.0,v1.0_personalization,User01,0,D0206,137,unknown,User01|unknown|S0143,s2,normal,test,1,D0206 18:31:04,D0207 06:31:07,14402
v1.0,v1.0_personalization,User01,0,D0207,138,unknown,User01|unknown|S0144,s2,normal,test,1,D0207 20:22:05,D0208 06:52:09,12603
v1.0,v1.0_personalization,User01,0,D0208,139,unknown,User01|unknown|S0145,s2,normal,test,1,D0208 18:44:44,D0209 07:44:55,15605
v1.0,v1.0_personalization,User01,0,D0209,140,unknown,User01|unknown|S0146,s2,normal,test,1,D0209 18:43:31,D0210 07:43:37,15604
v1.0,v1.0_personalization,User01,0,D0210,141,unknown,User01|unknown|S0147,s2,normal,test,1,D0210 20:14:15,D0211 06:44:21,12603
v1.0,v1.0_personalization,User01,0,D0211,142,unknown,User01|unknown|S0148,s2,normal,test,1,D0211 19:52:28,D0212 07:22:33,13803
v1.0,v1.0_personalization,User01,0,D0212,143,unknown,User01|unknown|S0149,s2,normal,test,1,D0212 19:38:56,D0213 06:39:01,13203
v1.0,v1.0_personalization,User01,0,D0213,144,unknown,User01|unknown|S0150,s2,normal,test,1,D0213 19:14:18,D0214 06:14:23,13203
v1.0,v1.0_personalization,User01,0,D0214,145,unknown,User01|unknown|S0151,s2,normal,test,1,D0214 18:57:07,D0215 05:57:13,13203
v1.0,v1.0_personalization,User01,0,D0215,146,unknown,User01|unknown|S0152,s2,normal,test,1,D0215 18:28:14,D0216 06:58:15,15002
v1.0,v1.0_personalization,User01,0,D0216,147,unknown,User01|unknown|S0153,s2,normal,test,1,D0216 19:14:36,D0217 06:44:40,13802
v1.0,v1.0_personalization,User01,0,D0217,148,unknown,User01|unknown|S0154,s2,normal,test,1,D0217 19:49:43,D0218 06:49:45,13203
v1.0,v1.0_personalization,User01,0,D0218,149,unknown,User01|unknown|S0155,s2,normal,test,1,D0218 18:43:26,D0219 06:13:29,13803
v1.0,v1.0_personalization,User01,0,D0219,150,unknown,User01|unknown|S0156,s2,normal,test,1,D0219 19:35:32,D0220 06:35:37,13167
v1.0,v1.0_personalization,User01,0,D0220,151,unknown,User01|unknown|S0157,s2,normal,test,1,D0220 19:10:38,D0221 06:40:38,13802
v1.0,v1.0_personalization,User01,1,D0001,1,unknown,User01|unknown|S0001,s1,normal,adaptation,0,D0001 22:21:51,D0002 04:24:30,10764
v1.0,v1.0_personalization,User01,1,D0002,2,unknown,User01|unknown|S0002,s1,normal,buffer,0,D0002 21:10:16,D0003 01:56:55,8496
v1.0,v1.0_personalization,User01,1,D0004,3,unknown,User01|unknown|S0003,s1,normal,test,0,D0004 22:13:40,D0005 04:21:57,10926
v1.0,v1.0_personalization,User01,1,D0005,4,unknown,User01|unknown|S0004,s1,normal,test,0,D0005 21:41:46,D0006 02:11:44,8009
v1.0,v1.0_personalization,User01,1,D0006,5,unknown,User01|unknown|S0005,s1,normal,test,0,D0006 21:10:47,D0007 02:40:05,9773
v1.0,v1.0_personalization,User01,1,D0007,6,unknown,User01|unknown|S0006,s1,normal,test,0,D0007 21:15:00,D0008 01:54:16,8276
v1.0,v1.0_personalization,User01,1,D0073,7,unknown,User01|unknown|S0007,s1,normal,test,0,D0073 19:23:17,D0074 07:06:23,14033
v1.0,v1.0_personalization,User01,1,D0074,8,unknown,User01|unknown|S0008,s1,normal,test,0,D0074 18:17:20,D0075 06:08:26,14275
v1.0,v1.0_personalization,User01,1,D0075,9,unknown,User01|unknown|S0009,s1,normal,test,0,D0075 18:47:34,D0076 06:48:12,14069
v1.0,v1.0_personalization,User01,1,D0076,10,unknown,User01|unknown|S0010,s1,normal,test,0,D0076 18:32:44,D0077 07:01:19,14378
v1.0,v1.0_personalization,User01,1,D0077,11,unknown,User01|unknown|S0011,s1,normal,test,0,D0077 18:13:39,D0078 06:07:55,13988
v1.0,v1.0_personalization,User01,1,D0078,12,unknown,User01|unknown|S0012,s1,normal,test,0,D0078 18:09:08,D0079 06:27:26,14660
v1.0,v1.0_personalization,User01,1,D0079,13,unknown,User01|unknown|S0013,s1,normal,test,0,D0079 17:39:02,D0080 06:21:39,15160
v1.0,v1.0_personalization,User01,1,D0080,14,unknown,User01|unknown|S0014,s1,normal,test,0,D0080 19:13:49,D0080 23:34:03,5365
v1.0,v1.0_personalization,User01,1,D0080,14,unknown,User01|unknown|S0015,s1,normal,test,0,D0081 02:28:30,D0081 06:54:02,5344
v1.0,v1.0_personalization,User01,1,D0081,15,unknown,User01|unknown|S0016,s1,normal,test,0,D0081 18:25:16,D0082 06:48:46,14344
v1.0,v1.0_personalization,User01,1,D0082,16,unknown,User01|unknown|S0017,s1,normal,test,1,D0082 17:39:24,D0083 07:04:28,14757
v1.0,v1.0_personalization,User01,1,D0083,17,unknown,User01|unknown|S0018,s1,normal,test,1,D0083 18:10:00,D0084 06:56:48,14786
v1.0,v1.0_personalization,User01,1,D0084,18,unknown,User01|unknown|S0019,s1,normal,test,1,D0084 18:08:52,D0085 06:51:02,15083
v1.0,v1.0_personalization,User01,1,D0085,19,unknown,User01|unknown|S0020,s1,normal,test,1,D0085 18:46:27,D0086 06:32:37,14418
v1.0,v1.0_personalization,User01,1,D0086,20,unknown,User01|unknown|S0021,s1,normal,test,1,D0086 18:56:48,D0087 06:27:22,13734
v1.0,v1.0_personalization,User01,1,D0087,21,unknown,User01|unknown|S0022,s1,normal,test,1,D0087 17:42:42,D0088 06:53:51,16186
v1.0,v1.0_personalization,User01,1,D0088,22,unknown,User01|unknown|S0023,s1,normal,test,1,D0088 18:42:14,D0089 06:27:56,14386
v1.0,v1.0_personalization,User01,1,D0089,23,unknown,User01|unknown|S0024,s1,normal,test,1,D0089 18:39:14,D0090 07:06:53,7540
v1.0,v1.0_personalization,User01,1,D0090,24,unknown,User01|unknown|S0025,s1,normal,test,1,D0090 19:09:36,D0091 08:36:29,8196
v1.0,v1.0_personalization,User01,1,D0091,25,unknown,User01|unknown|S0026,s1,normal,test,1,D0091 18:56:54,D0092 06:26:41,7088
v1.0,v1.0_personalization,User01,1,D0092,26,unknown,User01|unknown|S0027,s1,normal,test,1,D0092 20:29:38,D0093 06:42:45,7014
v1.0,v1.0_personalization,User01,1,D0093,27,unknown,User01|unknown|S0028,s1,normal,test,1,D0093 18:02:47,D0094 06:39:52,7807
v1.0,v1.0_personalization,User01,1,D0094,28,unknown,User01|unknown|S0029,s1,normal,test,1,D0094 17:00:46,D0095 06:30:06,9701
v1.0,v1.0_personalization,User01,1,D0095,29,unknown,User01|unknown|S0030,s1,normal,test,1,D0095 19:36:27,D0096 06:55:40,11430
v1.0,v1.0_personalization,User01,1,D0096,30,unknown,User01|unknown|S0031,s1,normal,test,1,D0096 18:17:43,D0097 06:25:01,14190
v1.0,v1.0_personalization,User01,1,D0097,31,unknown,User01|unknown|S0032,s1,normal,test,1,D0097 18:26:39,D0098 07:53:16,16085
v1.0,v1.0_personalization,User01,1,D0098,32,unknown,User01|unknown|S0033,s1,normal,test,1,D0098 18:33:28,D0099 06:19:46,13699
v1.0,v1.0_personalization,User01,1,D0099,33,unknown,User01|unknown|S0034,s1,normal,test,1,D0099 18:14:39,D0100 06:36:17,14144
v1.0,v1.0_personalization,User01,1,D0100,34,unknown,User01|unknown|S0035,s1,normal,test,1,D0100 18:25:40,D0101 07:14:48,14609
v1.0,v1.0_personalization,User01,1,D0101,35,unknown,User01|unknown|S0036,s1,normal,test,1,D0101 18:52:37,D0102 06:53:17,13333
v1.0,v1.0_personalization,User01,1,D0102,36,unknown,User01|unknown|S0037,s1,normal,test,1,D0102 17:53:00,D0103 06:46:01,14655
v1.0,v1.0_personalization,User01,1,D0103,37,unknown,User01|unknown|S0038,s1,normal,test,1,D0103 18:43:31,D0104 07:43:47,15858
v1.0,v1.0_personalization,User01,1,D0104,38,unknown,User01|unknown|S0039,s1,normal,test,1,D0104 20:02:20,D0105 09:14:10,16744
v1.0,v1.0_personalization,User01,1,D0105,39,unknown,User01|unknown|S0040,s1,normal,test,1,D0105 20:26:07,D0106 07:11:58,13705
v1.0,v1.0_personalization,User01,1,D0106,40,unknown,User01|unknown|S0041,s1,normal,test,1,D0106 20:00:15,D0107 06:07:39,12906
v1.0,v1.0_personalization,User01,1,D0107,41,unknown,User01|unknown|S0042,s1,normal,test,1,D0107 18:18:10,D0108 06:41:02,15621
v1.0,v1.0_personalization,User01,1,D0108,42,unknown,User01|unknown|S0043,s1,normal,test,1,D0108 19:36:14,D0109 06:53:44,14685
v1.0,v1.0_personalization,User01,1,D0109,43,unknown,User01|unknown|S0044,s1,normal,test,1,D0109 18:14:17,D0110 06:34:28,16080
v1.0,v1.0_personalization,User01,1,D0110,44,unknown,User01|unknown|S0045,s1,normal,test,1,D0110 19:16:38,D0111 08:10:31,16907
v1.0,v1.0_personalization,User01,1,D0111,45,unknown,User01|unknown|S0046,s1,normal,test,1,D0111 19:01:37,D0112 08:28:42,16051
v1.0,v1.0_personalization,User01,1,D0112,46,unknown,User01|unknown|S0047,s1,normal,test,1,D0112 19:12:40,D0113 07:34:44,14728
v1.0,v1.0_personalization,User01,1,D0113,47,unknown,User01|unknown|S0048,s1,normal,test,1,D0113 21:01:25,D0114 08:10:59,14594
v1.0,v1.0_personalization,User01,1,D0114,48,unknown,User01|unknown|S0049,s1,normal,test,1,D0114 18:31:47,D0115 07:22:15,16794
v1.0,v1.0_personalization,User01,1,D0115,49,unknown,User01|unknown|S0050,s1,normal,test,1,D0115 18:46:59,D0116 06:47:28,15694
v1.0,v1.0_personalization,User01,1,D0116,50,unknown,User01|unknown|S0051,s1,normal,test,1,D0116 18:25:20,D0117 06:55:49,16393
v1.0,v1.0_personalization,User01,1,D0117,51,unknown,User01|unknown|S0052,s1,normal,test,1,D0117 18:02:25,D0118 09:03:09,19558
v1.0,v1.0_personalization,User01,1,D0118,52,unknown,User01|unknown|S0053,s1,normal,test,1,D0118 18:39:16,D0119 08:09:50,16812
v1.0,v1.0_personalization,User01,1,D0119,53,unknown,User01|unknown|S0054,s1,normal,test,1,D0119 18:31:11,D0120 06:01:42,14471
v1.0,v1.0_personalization,User01,1,D0120,54,unknown,User01|unknown|S0055,s1,normal,test,1,D0120 18:03:35,D0121 06:34:35,15284
v1.0,v1.0_personalization,User01,1,D0121,55,unknown,User01|unknown|S0056,s1,normal,test,1,D0121 17:34:19,D0122 06:38:07,16242
v1.0,v1.0_personalization,User01,1,D0122,56,unknown,User01|unknown|S0057,s1,normal,test,1,D0122 19:07:56,D0123 08:08:34,15986
v1.0,v1.0_personalization,User01,1,D0123,57,unknown,User01|unknown|S0058,s1,normal,test,1,D0123 20:06:52,D0124 07:07:51,13753
v1.0,v1.0_personalization,User01,1,D0124,58,unknown,User01|unknown|S0059,s1,normal,test,1,D0124 19:53:51,D0125 09:34:07,13379
v1.0,v1.0_personalization,User01,1,D0125,59,unknown,User01|unknown|S0060,s1,normal,test,1,D0125 21:33:30,D0126 08:41:11,9225
v1.0,v1.0_personalization,User01,1,D0125,59,unknown,User01|unknown|S0061,s1,normal,test,1,D0126 10:19:40,D0126 11:59:57,1029
v1.0,v1.0_personalization,User01,1,D0126,60,unknown,User01|unknown|S0061,s1,normal,test,1,D0126 12:00:00,D0126 13:55:29,1284
v1.0,v1.0_personalization,User01,1,D0126,60,unknown,User01|unknown|S0062,s1,normal,test,1,D0126 14:29:49,D0126 15:29:48,1012
v1.0,v1.0_personalization,User01,1,D0126,60,unknown,User01|unknown|S0063,s1,normal,test,1,D0126 18:08:08,D0127 05:46:55,11053
v1.0,v1.0_personalization,User01,1,D0127,61,unknown,User01|unknown|S0064,s1,normal,test,1,D0127 18:33:10,D0128 06:11:17,9422
v1.0,v1.0_personalization,User01,1,D0128,62,unknown,User01|unknown|S0065,s1,normal,test,1,D0128 18:35:55,D0129 05:43:42,8868
v1.0,v1.0_personalization,User01,1,D0128,62,unknown,User01|unknown|S0066,s1,normal,test,1,D0129 06:14:11,D0129 06:44:26,324
v1.0,v1.0_personalization,User01,1,D0129,63,unknown,User01|unknown|S0067,s1,normal,test,1,D0129 18:00:48,D0130 07:41:55,10516
v1.0,v1.0_personalization,User01,1,D0130,64,unknown,User01|unknown|S0068,s1,normal,test,1,D0130 17:54:37,D0131 06:32:53,9625
v1.0,v1.0_personalization,User01,1,D0131,65,unknown,User01|unknown|S0069,s1,normal,test,1,D0131 18:20:08,D0132 07:28:45,10621
v1.0,v1.0_personalization,User01,1,D0132,66,unknown,User01|unknown|S0070,s1,normal,test,1,D0132 17:42:25,D0133 08:12:29,26103
v1.0,v1.0_personalization,User01,1,D0133,67,unknown,User01|unknown|S0071,s1,normal,test,1,D0133 17:46:03,D0134 06:16:06,22503
v1.0,v1.0_personalization,User01,1,D0134,68,unknown,User01|unknown|S0072,s1,normal,test,1,D0134 18:27:41,D0135 05:27:41,19803
v1.0,v1.0_personalization,User01,1,D0134,68,unknown,User01|unknown|S0073,s1,normal,test,1,D0135 06:17:01,D0135 06:45:56,869
v1.0,v1.0_personalization,User01,1,D0135,69,unknown,User01|unknown|S0074,s1,normal,test,1,D0135 22:02:10,D0136 06:37:58,15412
v1.0,v1.0_personalization,User01,1,D0136,70,unknown,User01|unknown|S0075,s1,normal,test,1,D0136 18:02:02,D0137 06:13:36,14632
v1.0,v1.0_personalization,User01,1,D0137,71,unknown,User01|unknown|S0076,s1,normal,test,1,D0137 17:21:29,D0138 06:21:36,15604
v1.0,v1.0_personalization,User01,1,D0138,72,unknown,User01|unknown|S0077,s1,normal,test,1,D0138 18:03:20,D0139 07:03:26,15603
v1.0,v1.0_personalization,User01,1,D0139,73,unknown,User01|unknown|S0078,s1,normal,test,1,D0139 19:05:19,D0140 07:35:23,15002
v1.0,v1.0_personalization,User01,1,D0140,74,unknown,User01|unknown|S0079,s1,normal,test,1,D0140 18:21:01,D0141 06:21:07,14403
v1.0,v1.0_personalization,User01,1,D0141,75,unknown,User01|unknown|S0080,s1,normal,test,1,D0141 18:04:50,D0142 06:04:56,14403
v1.0,v1.0_personalization,User01,1,D0142,76,unknown,User01|unknown|S0081,s1,normal,test,1,D0142 17:57:14,D0143 06:27:16,15002
v1.0,v1.0_personalization,User01,1,D0143,77,unknown,User01|unknown|S0082,s1,normal,test,1,D0143 18:00:57,D0144 06:00:57,14402
v1.0,v1.0_personalization,User01,1,D0144,78,unknown,User01|unknown|S0083,s1,normal,test,1,D0144 18:11:46,D0145 06:11:56,14404
v1.0,v1.0_personalization,User01,1,D0145,79,unknown,User01|unknown|S0084,s1,normal,test,1,D0145 18:52:54,D0146 07:22:59,15003
v1.0,v1.0_personalization,User01,1,D0146,80,unknown,User01|unknown|S0085,s1,normal,test,1,D0146 18:20:54,D0147 07:51:03,16204
v1.0,v1.0_personalization,User01,1,D0147,81,unknown,User01|unknown|S0086,s1,normal,test,1,D0147 17:33:34,D0148 06:33:37,15602
v1.0,v1.0_personalization,User01,1,D0149,82,unknown,User01|unknown|S0087,s1,normal,test,1,D0149 18:03:35,D0150 05:33:36,13802
v1.0,v1.0_personalization,User01,1,D0150,83,unknown,User01|unknown|S0088,s1,normal,test,1,D0150 17:56:40,D0151 05:56:41,14402
v1.0,v1.0_personalization,User01,1,D0151,84,unknown,User01|unknown|S0089,s1,normal,test,1,D0151 18:57:05,D0152 06:27:09,13803
v1.0,v1.0_personalization,User01,1,D0152,85,unknown,User01|unknown|S0090,s1,normal,test,1,D0152 18:17:21,D0153 06:47:24,15003
v1.0,v1.0_personalization,User01,1,D0153,86,unknown,User01|unknown|S0091,s1,normal,test,1,D0153 18:07:21,D0154 08:07:26,16803
v1.0,v1.0_personalization,User01,1,D0154,87,unknown,User01|unknown|S0092,s2,normal,test,1,D0154 17:31:21,D0155 06:31:24,15602
v1.0,v1.0_personalization,User01,1,D0155,88,unknown,User01|unknown|S0093,s2,normal,test,1,D0155 18:43:31,D0156 06:43:34,14403
v1.0,v1.0_personalization,User01,1,D0156,89,unknown,User01|unknown|S0094,s2,normal,test,1,D0156 18:02:27,D0157 06:32:27,15002
v1.0,v1.0_personalization,User01,1,D0157,90,unknown,User01|unknown|S0095,s2,normal,test,1,D0157 18:33:41,D0158 06:33:46,14403
v1.0,v1.0_personalization,User01,1,D0158,91,unknown,User01|unknown|S0096,s2,normal,test,1,D0158 18:22:25,D0159 06:22:30,14403
v1.0,v1.0_personalization,User01,1,D0159,92,unknown,User01|unknown|S0097,s2,normal,test,1,D0159 18:25:39,D0160 07:25:45,15603
v1.0,v1.0_personalization,User01,1,D0160,93,unknown,User01|unknown|S0098,s2,normal,test,1,D0160 18:38:53,D0161 08:39:00,16804
v1.0,v1.0_personalization,User01,1,D0162,94,unknown,User01|unknown|S0099,s2,normal,test,1,D0162 18:08:33,D0163 06:39:36,15022
v1.0,v1.0_personalization,User01,1,D0163,95,unknown,User01|unknown|S0100,s2,normal,test,1,D0163 17:53:05,D0164 06:53:08,15602
v1.0,v1.0_personalization,User01,1,D0164,96,unknown,User01|unknown|S0101,s2,normal,test,1,D0164 18:20:05,D0165 06:50:09,15002
v1.0,v1.0_personalization,User01,1,D0165,97,unknown,User01|unknown|S0102,s2,normal,test,1,D0165 18:22:21,D0166 06:52:19,15001
v1.0,v1.0_personalization,User01,1,D0166,98,unknown,User01|unknown|S0103,s2,normal,test,1,D0166 18:03:23,D0167 08:03:28,16803
v1.0,v1.0_personalization,User01,1,D0167,99,unknown,User01|unknown|S0104,s2,normal,test,1,D0167 18:08:00,D0168 08:38:03,17402
v1.0,v1.0_personalization,User01,1,D0168,100,unknown,User01|unknown|S0105,s2,normal,test,1,D0168 18:11:58,D0169 06:12:04,14403
v1.0,v1.0_personalization,User01,1,D0170,101,unknown,User01|unknown|S0106,s2,normal,test,1,D0170 18:24:19,D0171 06:24:26,14352
v1.0,v1.0_personalization,User01,1,D0171,102,unknown,User01|unknown|S0107,s2,normal,test,1,D0171 18:13:57,D0172 06:14:03,14403
v1.0,v1.0_personalization,User01,1,D0172,103,unknown,User01|unknown|S0108,s2,normal,test,1,D0172 17:48:25,D0173 06:48:33,15574
v1.0,v1.0_personalization,User01,1,D0173,104,unknown,User01|unknown|S0109,s2,normal,test,1,D0173 18:11:52,D0174 08:12:07,16806
v1.0,v1.0_personalization,User01,1,D0174,105,unknown,User01|unknown|S0110,s2,normal,test,1,D0174 20:18:22,D0175 07:18:21,13201
v1.0,v1.0_personalization,User01,1,D0175,106,unknown,User01|unknown|S0111,s2,normal,test,1,D0175 20:18:07,D0176 08:18:14,14404
v1.0,v1.0_personalization,User01,1,D0176,107,unknown,User01|unknown|S0112,s2,normal,test,1,D0176 18:25:07,D0177 05:25:08,13202
v1.0,v1.0_personalization,User01,1,D0177,108,unknown,User01|unknown|S0113,s2,normal,test,1,D0177 15:18:38,D0177 16:48:34,1800
v1.0,v1.0_personalization,User01,1,D0177,108,unknown,User01|unknown|S0114,s2,normal,test,1,D0177 18:30:12,D0178 07:00:20,14983
v1.0,v1.0_personalization,User01,1,D0178,109,unknown,User01|unknown|S0115,s2,normal,test,1,D0178 18:42:28,D0179 06:12:37,13804
v1.0,v1.0_personalization,User01,1,D0179,110,unknown,User01|unknown|S0116,s2,normal,test,1,D0179 18:21:50,D0180 06:21:50,14402
v1.0,v1.0_personalization,User01,1,D0180,111,unknown,User01|unknown|S0117,s2,normal,test,1,D0180 18:30:36,D0181 07:30:43,15604
v1.0,v1.0_personalization,User01,1,D0181,112,unknown,User01|unknown|S0118,s2,normal,test,1,D0181 18:35:23,D0182 10:35:32,19204
v1.0,v1.0_personalization,User01,1,D0182,113,unknown,User01|unknown|S0119,s2,normal,test,1,D0182 18:03:04,D0183 07:33:10,16204
v1.0,v1.0_personalization,User01,1,D0183,114,unknown,User01|unknown|S0120,s2,normal,test,1,D0183 18:46:32,D0184 06:46:37,14403
v1.0,v1.0_personalization,User01,1,D0184,115,unknown,User01|unknown|S0121,s2,normal,test,1,D0184 20:54:23,D0185 06:26:59,9868
v1.0,v1.0_personalization,User01,1,D0185,116,unknown,User01|unknown|S0122,s2,normal,test,1,D0185 18:27:05,D0186 06:27:19,14405
v1.0,v1.0_personalization,User01,1,D0186,117,unknown,User01|unknown|S0123,s2,normal,test,1,D0186 18:41:00,D0187 07:11:06,15003
v1.0,v1.0_personalization,User01,1,D0187,118,unknown,User01|unknown|S0124,s2,normal,test,1,D0187 19:46:02,D0188 08:16:11,14952
v1.0,v1.0_personalization,User01,1,D0188,119,unknown,User01|unknown|S0125,s2,normal,test,1,D0188 18:53:21,D0189 07:23:28,15004
v1.0,v1.0_personalization,User01,1,D0189,120,unknown,User01|unknown|S0126,s2,normal,test,1,D0189 18:37:06,D0190 08:37:11,16781
v1.0,v1.0_personalization,User01,1,D0190,121,unknown,User01|unknown|S0127,s2,normal,test,1,D0190 18:17:05,D0191 06:47:08,15003
v1.0,v1.0_personalization,User01,1,D0191,122,unknown,User01|unknown|S0128,s2,normal,test,1,D0191 18:33:02,D0192 06:03:09,13804
v1.0,v1.0_personalization,User01,1,D0192,123,unknown,User01|unknown|S0129,s2,normal,test,1,D0192 19:09:39,D0193 06:39:41,13802
v1.0,v1.0_personalization,User01,1,D0193,124,unknown,User01|unknown|S0130,s2,normal,test,1,D0193 21:11:02,D0194 06:10:59,10801
v1.0,v1.0_personalization,User01,1,D0194,125,unknown,User01|unknown|S0131,s2,normal,test,1,D0194 18:45:49,D0195 07:46:03,15605
v1.0,v1.0_personalization,User01,1,D0195,126,unknown,User01|unknown|S0132,s2,normal,test,1,D0195 19:00:57,D0196 07:31:05,15004
v1.0,v1.0_personalization,User01,1,D0196,127,unknown,User01|unknown|S0133,s2,normal,test,1,D0196 18:24:29,D0197 06:54:30,15002
v1.0,v1.0_personalization,User01,1,D0197,128,unknown,User01|unknown|S0134,s2,normal,test,1,D0197 18:21:14,D0198 06:51:16,15003
v1.0,v1.0_personalization,User01,1,D0198,129,unknown,User01|unknown|S0135,s2,normal,test,1,D0198 18:53:41,D0199 06:53:53,14312
v1.0,v1.0_personalization,User01,1,D0199,130,unknown,User01|unknown|S0136,s2,normal,test,1,D0199 18:35:39,D0200 07:36:33,15578
v1.0,v1.0_personalization,User01,1,D0200,131,unknown,User01|unknown|S0137,s2,normal,test,1,D0200 18:14:41,D0201 06:44:49,15004
v1.0,v1.0_personalization,User01,1,D0201,132,unknown,User01|unknown|S0138,s2,normal,test,1,D0201 18:41:12,D0202 07:41:12,15602
v1.0,v1.0_personalization,User01,1,D0202,133,unknown,User01|unknown|S0139,s2,normal,test,1,D0202 19:16:44,D0203 07:16:50,14403
v1.0,v1.0_personalization,User01,1,D0203,134,unknown,User01|unknown|S0140,s2,normal,test,1,D0203 18:14:27,D0204 06:44:30,15003
v1.0,v1.0_personalization,User01,1,D0204,135,unknown,User01|unknown|S0141,s2,normal,test,1,D0204 18:27:30,D0205 06:27:36,14403
v1.0,v1.0_personalization,User01,1,D0205,136,unknown,User01|unknown|S0142,s2,normal,test,1,D0205 18:34:08,D0206 06:34:15,14361
v1.0,v1.0_personalization,User01,1,D0206,137,unknown,User01|unknown|S0143,s2,normal,test,1,D0206 18:31:04,D0207 06:31:07,14402
v1.0,v1.0_personalization,User01,1,D0207,138,unknown,User01|unknown|S0144,s2,normal,test,1,D0207 20:22:05,D0208 06:52:09,12603
v1.0,v1.0_personalization,User01,1,D0208,139,unknown,User01|unknown|S0145,s2,normal,test,1,D0208 18:44:44,D0209 07:44:55,15605
v1.0,v1.0_personalization,User01,1,D0209,140,unknown,User01|unknown|S0146,s2,normal,test,1,D0209 18:43:31,D0210 07:43:37,15604
v1.0,v1.0_personalization,User01,1,D0210,141,unknown,User01|unknown|S0147,s2,normal,test,1,D0210 20:14:15,D0211 06:44:21,12603
v1.0,v1.0_personalization,User01,1,D0211,142,unknown,User01|unknown|S0148,s2,normal,test,1,D0211 19:52:28,D0212 07:22:33,13803
v1.0,v1.0_personalization,User01,1,D0212,143,unknown,User01|unknown|S0149,s2,normal,test,1,D0212 19:38:56,D0213 06:39:01,13203
v1.0,v1.0_personalization,User01,1,D0213,144,unknown,User01|unknown|S0150,s2,normal,test,1,D0213 19:14:18,D0214 06:14:23,13203
v1.0,v1.0_personalization,User01,1,D0214,145,unknown,User01|unknown|S0151,s2,normal,test,1,D0214 18:57:07,D0215 05:57:13,13203
v1.0,v1.0_personalization,User01,1,D0215,146,unknown,User01|unknown|S0152,s2,normal,test,1,D0215 18:28:14,D0216 06:58:15,15002
v1.0,v1.0_personalization,User01,1,D0216,147,unknown,User01|unknown|S0153,s2,normal,test,1,D0216 19:14:36,D0217 06:44:40,13802
v1.0,v1.0_personalization,User01,1,D0217,148,unknown,User01|unknown|S0154,s2,normal,test,1,D0217 19:49:43,D0218 06:49:45,13203
v1.0,v1.0_personalization,User01,1,D0218,149,unknown,User01|unknown|S0155,s2,normal,test,1,D0218 18:43:26,D0219 06:13:29,13803
v1.0,v1.0_personalization,User01,1,D0219,150,unknown,User01|unknown|S0156,s2,normal,test,1,D0219 19:35:32,D0220 06:35:37,13167
v1.0,v1.0_personalization,User01,1,D0220,151,unknown,User01|unknown|S0157,s2,normal,test,1,D0220 19:10:38,D0221 06:40:38,13802
v1.0,v1.0_personalization,User01,3,D0001,1,unknown,User01|unknown|S0001,s1,normal,adaptation,0,D0001 22:21:51,D0002 04:24:30,10764
v1.0,v1.0_personalization,User01,3,D0002,2,unknown,User01|unknown|S0002,s1,normal,adaptation,0,D0002 21:10:16,D0003 01:56:55,8496
v1.0,v1.0_personalization,User01,3,D0004,3,unknown,User01|unknown|S0003,s1,normal,adaptation,0,D0004 22:13:40,D0005 04:21:57,10926
v1.0,v1.0_personalization,User01,3,D0005,4,unknown,User01|unknown|S0004,s1,normal,buffer,0,D0005 21:41:46,D0006 02:11:44,8009
v1.0,v1.0_personalization,User01,3,D0006,5,unknown,User01|unknown|S0005,s1,normal,test,0,D0006 21:10:47,D0007 02:40:05,9773
v1.0,v1.0_personalization,User01,3,D0007,6,unknown,User01|unknown|S0006,s1,normal,test,0,D0007 21:15:00,D0008 01:54:16,8276
v1.0,v1.0_personalization,User01,3,D0073,7,unknown,User01|unknown|S0007,s1,normal,test,0,D0073 19:23:17,D0074 07:06:23,14033
v1.0,v1.0_personalization,User01,3,D0074,8,unknown,User01|unknown|S0008,s1,normal,test,0,D0074 18:17:20,D0075 06:08:26,14275
v1.0,v1.0_personalization,User01,3,D0075,9,unknown,User01|unknown|S0009,s1,normal,test,0,D0075 18:47:34,D0076 06:48:12,14069
v1.0,v1.0_personalization,User01,3,D0076,10,unknown,User01|unknown|S0010,s1,normal,test,0,D0076 18:32:44,D0077 07:01:19,14378
v1.0,v1.0_personalization,User01,3,D0077,11,unknown,User01|unknown|S0011,s1,normal,test,0,D0077 18:13:39,D0078 06:07:55,13988
v1.0,v1.0_personalization,User01,3,D0078,12,unknown,User01|unknown|S0012,s1,normal,test,0,D0078 18:09:08,D0079 06:27:26,14660
v1.0,v1.0_personalization,User01,3,D0079,13,unknown,User01|unknown|S0013,s1,normal,test,0,D0079 17:39:02,D0080 06:21:39,15160
v1.0,v1.0_personalization,User01,3,D0080,14,unknown,User01|unknown|S0014,s1,normal,test,0,D0080 19:13:49,D0080 23:34:03,5365
v1.0,v1.0_personalization,User01,3,D0080,14,unknown,User01|unknown|S0015,s1,normal,test,0,D0081 02:28:30,D0081 06:54:02,5344
v1.0,v1.0_personalization,User01,3,D0081,15,unknown,User01|unknown|S0016,s1,normal,test,0,D0081 18:25:16,D0082 06:48:46,14344
v1.0,v1.0_personalization,User01,3,D0082,16,unknown,User01|unknown|S0017,s1,normal,test,1,D0082 17:39:24,D0083 07:04:28,14757
v1.0,v1.0_personalization,User01,3,D0083,17,unknown,User01|unknown|S0018,s1,normal,test,1,D0083 18:10:00,D0084 06:56:48,14786
v1.0,v1.0_personalization,User01,3,D0084,18,unknown,User01|unknown|S0019,s1,normal,test,1,D0084 18:08:52,D0085 06:51:02,15083
v1.0,v1.0_personalization,User01,3,D0085,19,unknown,User01|unknown|S0020,s1,normal,test,1,D0085 18:46:27,D0086 06:32:37,14418
v1.0,v1.0_personalization,User01,3,D0086,20,unknown,User01|unknown|S0021,s1,normal,test,1,D0086 18:56:48,D0087 06:27:22,13734
v1.0,v1.0_personalization,User01,3,D0087,21,unknown,User01|unknown|S0022,s1,normal,test,1,D0087 17:42:42,D0088 06:53:51,16186
v1.0,v1.0_personalization,User01,3,D0088,22,unknown,User01|unknown|S0023,s1,normal,test,1,D0088 18:42:14,D0089 06:27:56,14386
v1.0,v1.0_personalization,User01,3,D0089,23,unknown,User01|unknown|S0024,s1,normal,test,1,D0089 18:39:14,D0090 07:06:53,7540
v1.0,v1.0_personalization,User01,3,D0090,24,unknown,User01|unknown|S0025,s1,normal,test,1,D0090 19:09:36,D0091 08:36:29,8196
v1.0,v1.0_personalization,User01,3,D0091,25,unknown,User01|unknown|S0026,s1,normal,test,1,D0091 18:56:54,D0092 06:26:41,7088
v1.0,v1.0_personalization,User01,3,D0092,26,unknown,User01|unknown|S0027,s1,normal,test,1,D0092 20:29:38,D0093 06:42:45,7014
v1.0,v1.0_personalization,User01,3,D0093,27,unknown,User01|unknown|S0028,s1,normal,test,1,D0093 18:02:47,D0094 06:39:52,7807
v1.0,v1.0_personalization,User01,3,D0094,28,unknown,User01|unknown|S0029,s1,normal,test,1,D0094 17:00:46,D0095 06:30:06,9701
v1.0,v1.0_personalization,User01,3,D0095,29,unknown,User01|unknown|S0030,s1,normal,test,1,D0095 19:36:27,D0096 06:55:40,11430
v1.0,v1.0_personalization,User01,3,D0096,30,unknown,User01|unknown|S0031,s1,normal,test,1,D0096 18:17:43,D0097 06:25:01,14190
v1.0,v1.0_personalization,User01,3,D0097,31,unknown,User01|unknown|S0032,s1,normal,test,1,D0097 18:26:39,D0098 07:53:16,16085
v1.0,v1.0_personalization,User01,3,D0098,32,unknown,User01|unknown|S0033,s1,normal,test,1,D0098 18:33:28,D0099 06:19:46,13699
v1.0,v1.0_personalization,User01,3,D0099,33,unknown,User01|unknown|S0034,s1,normal,test,1,D0099 18:14:39,D0100 06:36:17,14144
v1.0,v1.0_personalization,User01,3,D0100,34,unknown,User01|unknown|S0035,s1,normal,test,1,D0100 18:25:40,D0101 07:14:48,14609
v1.0,v1.0_personalization,User01,3,D0101,35,unknown,User01|unknown|S0036,s1,normal,test,1,D0101 18:52:37,D0102 06:53:17,13333
v1.0,v1.0_personalization,User01,3,D0102,36,unknown,User01|unknown|S0037,s1,normal,test,1,D0102 17:53:00,D0103 06:46:01,14655
v1.0,v1.0_personalization,User01,3,D0103,37,unknown,User01|unknown|S0038,s1,normal,test,1,D0103 18:43:31,D0104 07:43:47,15858
v1.0,v1.0_personalization,User01,3,D0104,38,unknown,User01|unknown|S0039,s1,normal,test,1,D0104 20:02:20,D0105 09:14:10,16744
v1.0,v1.0_personalization,User01,3,D0105,39,unknown,User01|unknown|S0040,s1,normal,test,1,D0105 20:26:07,D0106 07:11:58,13705
v1.0,v1.0_personalization,User01,3,D0106,40,unknown,User01|unknown|S0041,s1,normal,test,1,D0106 20:00:15,D0107 06:07:39,12906
v1.0,v1.0_personalization,User01,3,D0107,41,unknown,User01|unknown|S0042,s1,normal,test,1,D0107 18:18:10,D0108 06:41:02,15621
v1.0,v1.0_personalization,User01,3,D0108,42,unknown,User01|unknown|S0043,s1,normal,test,1,D0108 19:36:14,D0109 06:53:44,14685
v1.0,v1.0_personalization,User01,3,D0109,43,unknown,User01|unknown|S0044,s1,normal,test,1,D0109 18:14:17,D0110 06:34:28,16080
v1.0,v1.0_personalization,User01,3,D0110,44,unknown,User01|unknown|S0045,s1,normal,test,1,D0110 19:16:38,D0111 08:10:31,16907
v1.0,v1.0_personalization,User01,3,D0111,45,unknown,User01|unknown|S0046,s1,normal,test,1,D0111 19:01:37,D0112 08:28:42,16051
v1.0,v1.0_personalization,User01,3,D0112,46,unknown,User01|unknown|S0047,s1,normal,test,1,D0112 19:12:40,D0113 07:34:44,14728
v1.0,v1.0_personalization,User01,3,D0113,47,unknown,User01|unknown|S0048,s1,normal,test,1,D0113 21:01:25,D0114 08:10:59,14594
v1.0,v1.0_personalization,User01,3,D0114,48,unknown,User01|unknown|S0049,s1,normal,test,1,D0114 18:31:47,D0115 07:22:15,16794
v1.0,v1.0_personalization,User01,3,D0115,49,unknown,User01|unknown|S0050,s1,normal,test,1,D0115 18:46:59,D0116 06:47:28,15694
v1.0,v1.0_personalization,User01,3,D0116,50,unknown,User01|unknown|S0051,s1,normal,test,1,D0116 18:25:20,D0117 06:55:49,16393
v1.0,v1.0_personalization,User01,3,D0117,51,unknown,User01|unknown|S0052,s1,normal,test,1,D0117 18:02:25,D0118 09:03:09,19558
v1.0,v1.0_personalization,User01,3,D0118,52,unknown,User01|unknown|S0053,s1,normal,test,1,D0118 18:39:16,D0119 08:09:50,16812
v1.0,v1.0_personalization,User01,3,D0119,53,unknown,User01|unknown|S0054,s1,normal,test,1,D0119 18:31:11,D0120 06:01:42,14471
v1.0,v1.0_personalization,User01,3,D0120,54,unknown,User01|unknown|S0055,s1,normal,test,1,D0120 18:03:35,D0121 06:34:35,15284
v1.0,v1.0_personalization,User01,3,D0121,55,unknown,User01|unknown|S0056,s1,normal,test,1,D0121 17:34:19,D0122 06:38:07,16242
v1.0,v1.0_personalization,User01,3,D0122,56,unknown,User01|unknown|S0057,s1,normal,test,1,D0122 19:07:56,D0123 08:08:34,15986
v1.0,v1.0_personalization,User01,3,D0123,57,unknown,User01|unknown|S0058,s1,normal,test,1,D0123 20:06:52,D0124 07:07:51,13753
v1.0,v1.0_personalization,User01,3,D0124,58,unknown,User01|unknown|S0059,s1,normal,test,1,D0124 19:53:51,D0125 09:34:07,13379
v1.0,v1.0_personalization,User01,3,D0125,59,unknown,User01|unknown|S0060,s1,normal,test,1,D0125 21:33:30,D0126 08:41:11,9225
v1.0,v1.0_personalization,User01,3,D0125,59,unknown,User01|unknown|S0061,s1,normal,test,1,D0126 10:19:40,D0126 11:59:57,1029
v1.0,v1.0_personalization,User01,3,D0126,60,unknown,User01|unknown|S0061,s1,normal,test,1,D0126 12:00:00,D0126 13:55:29,1284
v1.0,v1.0_personalization,User01,3,D0126,60,unknown,User01|unknown|S0062,s1,normal,test,1,D0126 14:29:49,D0126 15:29:48,1012
v1.0,v1.0_personalization,User01,3,D0126,60,unknown,User01|unknown|S0063,s1,normal,test,1,D0126 18:08:08,D0127 05:46:55,11053
v1.0,v1.0_personalization,User01,3,D0127,61,unknown,User01|unknown|S0064,s1,normal,test,1,D0127 18:33:10,D0128 06:11:17,9422
v1.0,v1.0_personalization,User01,3,D0128,62,unknown,User01|unknown|S0065,s1,normal,test,1,D0128 18:35:55,D0129 05:43:42,8868
v1.0,v1.0_personalization,User01,3,D0128,62,unknown,User01|unknown|S0066,s1,normal,test,1,D0129 06:14:11,D0129 06:44:26,324
v1.0,v1.0_personalization,User01,3,D0129,63,unknown,User01|unknown|S0067,s1,normal,test,1,D0129 18:00:48,D0130 07:41:55,10516
v1.0,v1.0_personalization,User01,3,D0130,64,unknown,User01|unknown|S0068,s1,normal,test,1,D0130 17:54:37,D0131 06:32:53,9625
v1.0,v1.0_personalization,User01,3,D0131,65,unknown,User01|unknown|S0069,s1,normal,test,1,D0131 18:20:08,D0132 07:28:45,10621
v1.0,v1.0_personalization,User01,3,D0132,66,unknown,User01|unknown|S0070,s1,normal,test,1,D0132 17:42:25,D0133 08:12:29,26103
v1.0,v1.0_personalization,User01,3,D0133,67,unknown,User01|unknown|S0071,s1,normal,test,1,D0133 17:46:03,D0134 06:16:06,22503
v1.0,v1.0_personalization,User01,3,D0134,68,unknown,User01|unknown|S0072,s1,normal,test,1,D0134 18:27:41,D0135 05:27:41,19803
v1.0,v1.0_personalization,User01,3,D0134,68,unknown,User01|unknown|S0073,s1,normal,test,1,D0135 06:17:01,D0135 06:45:56,869
v1.0,v1.0_personalization,User01,3,D0135,69,unknown,User01|unknown|S0074,s1,normal,test,1,D0135 22:02:10,D0136 06:37:58,15412
v1.0,v1.0_personalization,User01,3,D0136,70,unknown,User01|unknown|S0075,s1,normal,test,1,D0136 18:02:02,D0137 06:13:36,14632
v1.0,v1.0_personalization,User01,3,D0137,71,unknown,User01|unknown|S0076,s1,normal,test,1,D0137 17:21:29,D0138 06:21:36,15604
v1.0,v1.0_personalization,User01,3,D0138,72,unknown,User01|unknown|S0077,s1,normal,test,1,D0138 18:03:20,D0139 07:03:26,15603
v1.0,v1.0_personalization,User01,3,D0139,73,unknown,User01|unknown|S0078,s1,normal,test,1,D0139 19:05:19,D0140 07:35:23,15002
v1.0,v1.0_personalization,User01,3,D0140,74,unknown,User01|unknown|S0079,s1,normal,test,1,D0140 18:21:01,D0141 06:21:07,14403
v1.0,v1.0_personalization,User01,3,D0141,75,unknown,User01|unknown|S0080,s1,normal,test,1,D0141 18:04:50,D0142 06:04:56,14403
v1.0,v1.0_personalization,User01,3,D0142,76,unknown,User01|unknown|S0081,s1,normal,test,1,D0142 17:57:14,D0143 06:27:16,15002
v1.0,v1.0_personalization,User01,3,D0143,77,unknown,User01|unknown|S0082,s1,normal,test,1,D0143 18:00:57,D0144 06:00:57,14402
v1.0,v1.0_personalization,User01,3,D0144,78,unknown,User01|unknown|S0083,s1,normal,test,1,D0144 18:11:46,D0145 06:11:56,14404
v1.0,v1.0_personalization,User01,3,D0145,79,unknown,User01|unknown|S0084,s1,normal,test,1,D0145 18:52:54,D0146 07:22:59,15003
v1.0,v1.0_personalization,User01,3,D0146,80,unknown,User01|unknown|S0085,s1,normal,test,1,D0146 18:20:54,D0147 07:51:03,16204
v1.0,v1.0_personalization,User01,3,D0147,81,unknown,User01|unknown|S0086,s1,normal,test,1,D0147 17:33:34,D0148 06:33:37,15602
v1.0,v1.0_personalization,User01,3,D0149,82,unknown,User01|unknown|S0087,s1,normal,test,1,D0149 18:03:35,D0150 05:33:36,13802
v1.0,v1.0_personalization,User01,3,D0150,83,unknown,User01|unknown|S0088,s1,normal,test,1,D0150 17:56:40,D0151 05:56:41,14402
v1.0,v1.0_personalization,User01,3,D0151,84,unknown,User01|unknown|S0089,s1,normal,test,1,D0151 18:57:05,D0152 06:27:09,13803
v1.0,v1.0_personalization,User01,3,D0152,85,unknown,User01|unknown|S0090,s1,normal,test,1,D0152 18:17:21,D0153 06:47:24,15003
v1.0,v1.0_personalization,User01,3,D0153,86,unknown,User01|unknown|S0091,s1,normal,test,1,D0153 18:07:21,D0154 08:07:26,16803
v1.0,v1.0_personalization,User01,3,D0154,87,unknown,User01|unknown|S0092,s2,normal,test,1,D0154 17:31:21,D0155 06:31:24,15602
v1.0,v1.0_personalization,User01,3,D0155,88,unknown,User01|unknown|S0093,s2,normal,test,1,D0155 18:43:31,D0156 06:43:34,14403
v1.0,v1.0_personalization,User01,3,D0156,89,unknown,User01|unknown|S0094,s2,normal,test,1,D0156 18:02:27,D0157 06:32:27,15002
v1.0,v1.0_personalization,User01,3,D0157,90,unknown,User01|unknown|S0095,s2,normal,test,1,D0157 18:33:41,D0158 06:33:46,14403
v1.0,v1.0_personalization,User01,3,D0158,91,unknown,User01|unknown|S0096,s2,normal,test,1,D0158 18:22:25,D0159 06:22:30,14403
v1.0,v1.0_personalization,User01,3,D0159,92,unknown,User01|unknown|S0097,s2,normal,test,1,D0159 18:25:39,D0160 07:25:45,15603
v1.0,v1.0_personalization,User01,3,D0160,93,unknown,User01|unknown|S0098,s2,normal,test,1,D0160 18:38:53,D0161 08:39:00,16804
v1.0,v1.0_personalization,User01,3,D0162,94,unknown,User01|unknown|S0099,s2,normal,test,1,D0162 18:08:33,D0163 06:39:36,15022
v1.0,v1.0_personalization,User01,3,D0163,95,unknown,User01|unknown|S0100,s2,normal,test,1,D0163 17:53:05,D0164 06:53:08,15602
v1.0,v1.0_personalization,User01,3,D0164,96,unknown,User01|unknown|S0101,s2,normal,test,1,D0164 18:20:05,D0165 06:50:09,15002
v1.0,v1.0_personalization,User01,3,D0165,97,unknown,User01|unknown|S0102,s2,normal,test,1,D0165 18:22:21,D0166 06:52:19,15001
v1.0,v1.0_personalization,User01,3,D0166,98,unknown,User01|unknown|S0103,s2,normal,test,1,D0166 18:03:23,D0167 08:03:28,16803
v1.0,v1.0_personalization,User01,3,D0167,99,unknown,User01|unknown|S0104,s2,normal,test,1,D0167 18:08:00,D0168 08:38:03,17402
v1.0,v1.0_personalization,User01,3,D0168,100,unknown,User01|unknown|S0105,s2,normal,test,1,D0168 18:11:58,D0169 06:12:04,14403
v1.0,v1.0_personalization,User01,3,D0170,101,unknown,User01|unknown|S0106,s2,normal,test,1,D0170 18:24:19,D0171 06:24:26,14352
v1.0,v1.0_personalization,User01,3,D0171,102,unknown,User01|unknown|S0107,s2,normal,test,1,D0171 18:13:57,D0172 06:14:03,14403
v1.0,v1.0_personalization,User01,3,D0172,103,unknown,User01|unknown|S0108,s2,normal,test,1,D0172 17:48:25,D0173 06:48:33,15574
v1.0,v1.0_personalization,User01,3,D0173,104,unknown,User01|unknown|S0109,s2,normal,test,1,D0173 18:11:52,D0174 08:12:07,16806
v1.0,v1.0_personalization,User01,3,D0174,105,unknown,User01|unknown|S0110,s2,normal,test,1,D0174 20:18:22,D0175 07:18:21,13201
v1.0,v1.0_personalization,User01,3,D0175,106,unknown,User01|unknown|S0111,s2,normal,test,1,D0175 20:18:07,D0176 08:18:14,14404
v1.0,v1.0_personalization,User01,3,D0176,107,unknown,User01|unknown|S0112,s2,normal,test,1,D0176 18:25:07,D0177 05:25:08,13202
v1.0,v1.0_personalization,User01,3,D0177,108,unknown,User01|unknown|S0113,s2,normal,test,1,D0177 15:18:38,D0177 16:48:34,1800
v1.0,v1.0_personalization,User01,3,D0177,108,unknown,User01|unknown|S0114,s2,normal,test,1,D0177 18:30:12,D0178 07:00:20,14983
v1.0,v1.0_personalization,User01,3,D0178,109,unknown,User01|unknown|S0115,s2,normal,test,1,D0178 18:42:28,D0179 06:12:37,13804
v1.0,v1.0_personalization,User01,3,D0179,110,unknown,User01|unknown|S0116,s2,normal,test,1,D0179 18:21:50,D0180 06:21:50,14402
v1.0,v1.0_personalization,User01,3,D0180,111,unknown,User01|unknown|S0117,s2,normal,test,1,D0180 18:30:36,D0181 07:30:43,15604
v1.0,v1.0_personalization,User01,3,D0181,112,unknown,User01|unknown|S0118,s2,normal,test,1,D0181 18:35:23,D0182 10:35:32,19204
v1.0,v1.0_personalization,User01,3,D0182,113,unknown,User01|unknown|S0119,s2,normal,test,1,D0182 18:03:04,D0183 07:33:10,16204
v1.0,v1.0_personalization,User01,3,D0183,114,unknown,User01|unknown|S0120,s2,normal,test,1,D0183 18:46:32,D0184 06:46:37,14403
v1.0,v1.0_personalization,User01,3,D0184,115,unknown,User01|unknown|S0121,s2,normal,test,1,D0184 20:54:23,D0185 06:26:59,9868
v1.0,v1.0_personalization,User01,3,D0185,116,unknown,User01|unknown|S0122,s2,normal,test,1,D0185 18:27:05,D0186 06:27:19,14405
v1.0,v1.0_personalization,User01,3,D0186,117,unknown,User01|unknown|S0123,s2,normal,test,1,D0186 18:41:00,D0187 07:11:06,15003
v1.0,v1.0_personalization,User01,3,D0187,118,unknown,User01|unknown|S0124,s2,normal,test,1,D0187 19:46:02,D0188 08:16:11,14952
v1.0,v1.0_personalization,User01,3,D0188,119,unknown,User01|unknown|S0125,s2,normal,test,1,D0188 18:53:21,D0189 07:23:28,15004
v1.0,v1.0_personalization,User01,3,D0189,120,unknown,User01|unknown|S0126,s2,normal,test,1,D0189 18:37:06,D0190 08:37:11,16781
v1.0,v1.0_personalization,User01,3,D0190,121,unknown,User01|unknown|S0127,s2,normal,test,1,D0190 18:17:05,D0191 06:47:08,15003
v1.0,v1.0_personalization,User01,3,D0191,122,unknown,User01|unknown|S0128,s2,normal,test,1,D0191 18:33:02,D0192 06:03:09,13804
v1.0,v1.0_personalization,User01,3,D0192,123,unknown,User01|unknown|S0129,s2,normal,test,1,D0192 19:09:39,D0193 06:39:41,13802
v1.0,v1.0_personalization,User01,3,D0193,124,unknown,User01|unknown|S0130,s2,normal,test,1,D0193 21:11:02,D0194 06:10:59,10801
v1.0,v1.0_personalization,User01,3,D0194,125,unknown,User01|unknown|S0131,s2,normal,test,1,D0194 18:45:49,D0195 07:46:03,15605
v1.0,v1.0_personalization,User01,3,D0195,126,unknown,User01|unknown|S0132,s2,normal,test,1,D0195 19:00:57,D0196 07:31:05,15004
v1.0,v1.0_personalization,User01,3,D0196,127,unknown,User01|unknown|S0133,s2,normal,test,1,D0196 18:24:29,D0197 06:54:30,15002
v1.0,v1.0_personalization,User01,3,D0197,128,unknown,User01|unknown|S0134,s2,normal,test,1,D0197 18:21:14,D0198 06:51:16,15003
v1.0,v1.0_personalization,User01,3,D0198,129,unknown,User01|unknown|S0135,s2,normal,test,1,D0198 18:53:41,D0199 06:53:53,14312
v1.0,v1.0_personalization,User01,3,D0199,130,unknown,User01|unknown|S0136,s2,normal,test,1,D0199 18:35:39,D0200 07:36:33,15578
v1.0,v1.0_personalization,User01,3,D0200,131,unknown,User01|unknown|S0137,s2,normal,test,1,D0200 18:14:41,D0201 06:44:49,15004
v1.0,v1.0_personalization,User01,3,D0201,132,unknown,User01|unknown|S0138,s2,normal,test,1,D0201 18:41:12,D0202 07:41:12,15602
v1.0,v1.0_personalization,User01,3,D0202,133,unknown,User01|unknown|S0139,s2,normal,test,1,D0202 19:16:44,D0203 07:16:50,14403
v1.0,v1.0_personalization,User01,3,D0203,134,unknown,User01|unknown|S0140,s2,normal,test,1,D0203 18:14:27,D0204 06:44:30,15003
v1.0,v1.0_personalization,User01,3,D0204,135,unknown,User01|unknown|S0141,s2,normal,test,1,D0204 18:27:30,D0205 06:27:36,14403
v1.0,v1.0_personalization,User01,3,D0205,136,unknown,User01|unknown|S0142,s2,normal,test,1,D0205 18:34:08,D0206 06:34:15,14361
v1.0,v1.0_personalization,User01,3,D0206,137,unknown,User01|unknown|S0143,s2,normal,test,1,D0206 18:31:04,D0207 06:31:07,14402
v1.0,v1.0_personalization,User01,3,D0207,138,unknown,User01|unknown|S0144,s2,normal,test,1,D0207 20:22:05,D0208 06:52:09,12603
v1.0,v1.0_personalization,User01,3,D0208,139,unknown,User01|unknown|S0145,s2,normal,test,1,D0208 18:44:44,D0209 07:44:55,15605
v1.0,v1.0_personalization,User01,3,D0209,140,unknown,User01|unknown|S0146,s2,normal,test,1,D0209 18:43:31,D0210 07:43:37,15604
v1.0,v1.0_personalization,User01,3,D0210,141,unknown,User01|unknown|S0147,s2,normal,test,1,D0210 20:14:15,D0211 06:44:21,12603
v1.0,v1.0_personalization,User01,3,D0211,142,unknown,User01|unknown|S0148,s2,normal,test,1,D0211 19:52:28,D0212 07:22:33,13803
v1.0,v1.0_personalization,User01,3,D0212,143,unknown,User01|unknown|S0149,s2,normal,test,1,D0212 19:38:56,D0213 06:39:01,13203
v1.0,v1.0_personalization,User01,3,D0213,144,unknown,User01|unknown|S0150,s2,normal,test,1,D0213 19:14:18,D0214 06:14:23,13203
v1.0,v1.0_personalization,User01,3,D0214,145,unknown,User01|unknown|S0151,s2,normal,test,1,D0214 18:57:07,D0215 05:57:13,13203
v1.0,v1.0_personalization,User01,3,D0215,146,unknown,User01|unknown|S0152,s2,normal,test,1,D0215 18:28:14,D0216 06:58:15,15002
v1.0,v1.0_personalization,User01,3,D0216,147,unknown,User01|unknown|S0153,s2,normal,test,1,D0216 19:14:36,D0217 06:44:40,13802
v1.0,v1.0_personalization,User01,3,D0217,148,unknown,User01|unknown|S0154,s2,normal,test,1,D0217 19:49:43,D0218 06:49:45,13203
v1.0,v1.0_personalization,User01,3,D0218,149,unknown,User01|unknown|S0155,s2,normal,test,1,D0218 18:43:26,D0219 06:13:29,13803
v1.0,v1.0_personalization,User01,3,D0219,150,unknown,User01|unknown|S0156,s2,normal,test,1,D0219 19:35:32,D0220 06:35:37,13167
v1.0,v1.0_personalization,User01,3,D0220,151,unknown,User01|unknown|S0157,s2,normal,test,1,D0220 19:10:38,D0221 06:40:38,13802
v1.0,v1.0_personalization,User01,7,D0001,1,unknown,User01|unknown|S0001,s1,normal,adaptation,0,D0001 22:21:51,D0002 04:24:30,10764
v1.0,v1.0_personalization,User01,7,D0002,2,unknown,User01|unknown|S0002,s1,normal,adaptation,0,D0002 21:10:16,D0003 01:56:55,8496
v1.0,v1.0_personalization,User01,7,D0004,3,unknown,User01|unknown|S0003,s1,normal,adaptation,0,D0004 22:13:40,D0005 04:21:57,10926
v1.0,v1.0_personalization,User01,7,D0005,4,unknown,User01|unknown|S0004,s1,normal,adaptation,0,D0005 21:41:46,D0006 02:11:44,8009
v1.0,v1.0_personalization,User01,7,D0006,5,unknown,User01|unknown|S0005,s1,normal,adaptation,0,D0006 21:10:47,D0007 02:40:05,9773
v1.0,v1.0_personalization,User01,7,D0007,6,unknown,User01|unknown|S0006,s1,normal,adaptation,0,D0007 21:15:00,D0008 01:54:16,8276
v1.0,v1.0_personalization,User01,7,D0073,7,unknown,User01|unknown|S0007,s1,normal,adaptation,0,D0073 19:23:17,D0074 07:06:23,14033
v1.0,v1.0_personalization,User01,7,D0074,8,unknown,User01|unknown|S0008,s1,normal,buffer,0,D0074 18:17:20,D0075 06:08:26,14275
v1.0,v1.0_personalization,User01,7,D0075,9,unknown,User01|unknown|S0009,s1,normal,test,0,D0075 18:47:34,D0076 06:48:12,14069
v1.0,v1.0_personalization,User01,7,D0076,10,unknown,User01|unknown|S0010,s1,normal,test,0,D0076 18:32:44,D0077 07:01:19,14378
v1.0,v1.0_personalization,User01,7,D0077,11,unknown,User01|unknown|S0011,s1,normal,test,0,D0077 18:13:39,D0078 06:07:55,13988
v1.0,v1.0_personalization,User01,7,D0078,12,unknown,User01|unknown|S0012,s1,normal,test,0,D0078 18:09:08,D0079 06:27:26,14660
v1.0,v1.0_personalization,User01,7,D0079,13,unknown,User01|unknown|S0013,s1,normal,test,0,D0079 17:39:02,D0080 06:21:39,15160
v1.0,v1.0_personalization,User01,7,D0080,14,unknown,User01|unknown|S0014,s1,normal,test,0,D0080 19:13:49,D0080 23:34:03,5365
v1.0,v1.0_personalization,User01,7,D0080,14,unknown,User01|unknown|S0015,s1,normal,test,0,D0081 02:28:30,D0081 06:54:02,5344
v1.0,v1.0_personalization,User01,7,D0081,15,unknown,User01|unknown|S0016,s1,normal,test,0,D0081 18:25:16,D0082 06:48:46,14344
v1.0,v1.0_personalization,User01,7,D0082,16,unknown,User01|unknown|S0017,s1,normal,test,1,D0082 17:39:24,D0083 07:04:28,14757
v1.0,v1.0_personalization,User01,7,D0083,17,unknown,User01|unknown|S0018,s1,normal,test,1,D0083 18:10:00,D0084 06:56:48,14786
v1.0,v1.0_personalization,User01,7,D0084,18,unknown,User01|unknown|S0019,s1,normal,test,1,D0084 18:08:52,D0085 06:51:02,15083
v1.0,v1.0_personalization,User01,7,D0085,19,unknown,User01|unknown|S0020,s1,normal,test,1,D0085 18:46:27,D0086 06:32:37,14418
v1.0,v1.0_personalization,User01,7,D0086,20,unknown,User01|unknown|S0021,s1,normal,test,1,D0086 18:56:48,D0087 06:27:22,13734
v1.0,v1.0_personalization,User01,7,D0087,21,unknown,User01|unknown|S0022,s1,normal,test,1,D0087 17:42:42,D0088 06:53:51,16186
v1.0,v1.0_personalization,User01,7,D0088,22,unknown,User01|unknown|S0023,s1,normal,test,1,D0088 18:42:14,D0089 06:27:56,14386
v1.0,v1.0_personalization,User01,7,D0089,23,unknown,User01|unknown|S0024,s1,normal,test,1,D0089 18:39:14,D0090 07:06:53,7540
v1.0,v1.0_personalization,User01,7,D0090,24,unknown,User01|unknown|S0025,s1,normal,test,1,D0090 19:09:36,D0091 08:36:29,8196
v1.0,v1.0_personalization,User01,7,D0091,25,unknown,User01|unknown|S0026,s1,normal,test,1,D0091 18:56:54,D0092 06:26:41,7088
v1.0,v1.0_personalization,User01,7,D0092,26,unknown,User01|unknown|S0027,s1,normal,test,1,D0092 20:29:38,D0093 06:42:45,7014
v1.0,v1.0_personalization,User01,7,D0093,27,unknown,User01|unknown|S0028,s1,normal,test,1,D0093 18:02:47,D0094 06:39:52,7807
v1.0,v1.0_personalization,User01,7,D0094,28,unknown,User01|unknown|S0029,s1,normal,test,1,D0094 17:00:46,D0095 06:30:06,9701
v1.0,v1.0_personalization,User01,7,D0095,29,unknown,User01|unknown|S0030,s1,normal,test,1,D0095 19:36:27,D0096 06:55:40,11430
v1.0,v1.0_personalization,User01,7,D0096,30,unknown,User01|unknown|S0031,s1,normal,test,1,D0096 18:17:43,D0097 06:25:01,14190
v1.0,v1.0_personalization,User01,7,D0097,31,unknown,User01|unknown|S0032,s1,normal,test,1,D0097 18:26:39,D0098 07:53:16,16085
v1.0,v1.0_personalization,User01,7,D0098,32,unknown,User01|unknown|S0033,s1,normal,test,1,D0098 18:33:28,D0099 06:19:46,13699
v1.0,v1.0_personalization,User01,7,D0099,33,unknown,User01|unknown|S0034,s1,normal,test,1,D0099 18:14:39,D0100 06:36:17,14144
v1.0,v1.0_personalization,User01,7,D0100,34,unknown,User01|unknown|S0035,s1,normal,test,1,D0100 18:25:40,D0101 07:14:48,14609
v1.0,v1.0_personalization,User01,7,D0101,35,unknown,User01|unknown|S0036,s1,normal,test,1,D0101 18:52:37,D0102 06:53:17,13333
v1.0,v1.0_personalization,User01,7,D0102,36,unknown,User01|unknown|S0037,s1,normal,test,1,D0102 17:53:00,D0103 06:46:01,14655
v1.0,v1.0_personalization,User01,7,D0103,37,unknown,User01|unknown|S0038,s1,normal,test,1,D0103 18:43:31,D0104 07:43:47,15858
v1.0,v1.0_personalization,User01,7,D0104,38,unknown,User01|unknown|S0039,s1,normal,test,1,D0104 20:02:20,D0105 09:14:10,16744
v1.0,v1.0_personalization,User01,7,D0105,39,unknown,User01|unknown|S0040,s1,normal,test,1,D0105 20:26:07,D0106 07:11:58,13705
v1.0,v1.0_personalization,User01,7,D0106,40,unknown,User01|unknown|S0041,s1,normal,test,1,D0106 20:00:15,D0107 06:07:39,12906
v1.0,v1.0_personalization,User01,7,D0107,41,unknown,User01|unknown|S0042,s1,normal,test,1,D0107 18:18:10,D0108 06:41:02,15621
v1.0,v1.0_personalization,User01,7,D0108,42,unknown,User01|unknown|S0043,s1,normal,test,1,D0108 19:36:14,D0109 06:53:44,14685
v1.0,v1.0_personalization,User01,7,D0109,43,unknown,User01|unknown|S0044,s1,normal,test,1,D0109 18:14:17,D0110 06:34:28,16080
v1.0,v1.0_personalization,User01,7,D0110,44,unknown,User01|unknown|S0045,s1,normal,test,1,D0110 19:16:38,D0111 08:10:31,16907
v1.0,v1.0_personalization,User01,7,D0111,45,unknown,User01|unknown|S0046,s1,normal,test,1,D0111 19:01:37,D0112 08:28:42,16051
v1.0,v1.0_personalization,User01,7,D0112,46,unknown,User01|unknown|S0047,s1,normal,test,1,D0112 19:12:40,D0113 07:34:44,14728
v1.0,v1.0_personalization,User01,7,D0113,47,unknown,User01|unknown|S0048,s1,normal,test,1,D0113 21:01:25,D0114 08:10:59,14594
v1.0,v1.0_personalization,User01,7,D0114,48,unknown,User01|unknown|S0049,s1,normal,test,1,D0114 18:31:47,D0115 07:22:15,16794
v1.0,v1.0_personalization,User01,7,D0115,49,unknown,User01|unknown|S0050,s1,normal,test,1,D0115 18:46:59,D0116 06:47:28,15694
v1.0,v1.0_personalization,User01,7,D0116,50,unknown,User01|unknown|S0051,s1,normal,test,1,D0116 18:25:20,D0117 06:55:49,16393
v1.0,v1.0_personalization,User01,7,D0117,51,unknown,User01|unknown|S0052,s1,normal,test,1,D0117 18:02:25,D0118 09:03:09,19558
v1.0,v1.0_personalization,User01,7,D0118,52,unknown,User01|unknown|S0053,s1,normal,test,1,D0118 18:39:16,D0119 08:09:50,16812
v1.0,v1.0_personalization,User01,7,D0119,53,unknown,User01|unknown|S0054,s1,normal,test,1,D0119 18:31:11,D0120 06:01:42,14471
v1.0,v1.0_personalization,User01,7,D0120,54,unknown,User01|unknown|S0055,s1,normal,test,1,D0120 18:03:35,D0121 06:34:35,15284
v1.0,v1.0_personalization,User01,7,D0121,55,unknown,User01|unknown|S0056,s1,normal,test,1,D0121 17:34:19,D0122 06:38:07,16242
v1.0,v1.0_personalization,User01,7,D0122,56,unknown,User01|unknown|S0057,s1,normal,test,1,D0122 19:07:56,D0123 08:08:34,15986
v1.0,v1.0_personalization,User01,7,D0123,57,unknown,User01|unknown|S0058,s1,normal,test,1,D0123 20:06:52,D0124 07:07:51,13753
v1.0,v1.0_personalization,User01,7,D0124,58,unknown,User01|unknown|S0059,s1,normal,test,1,D0124 19:53:51,D0125 09:34:07,13379
v1.0,v1.0_personalization,User01,7,D0125,59,unknown,User01|unknown|S0060,s1,normal,test,1,D0125 21:33:30,D0126 08:41:11,9225
v1.0,v1.0_personalization,User01,7,D0125,59,unknown,User01|unknown|S0061,s1,normal,test,1,D0126 10:19:40,D0126 11:59:57,1029
v1.0,v1.0_personalization,User01,7,D0126,60,unknown,User01|unknown|S0061,s1,normal,test,1,D0126 12:00:00,D0126 13:55:29,1284
v1.0,v1.0_personalization,User01,7,D0126,60,unknown,User01|unknown|S0062,s1,normal,test,1,D0126 14:29:49,D0126 15:29:48,1012
v1.0,v1.0_personalization,User01,7,D0126,60,unknown,User01|unknown|S0063,s1,normal,test,1,D0126 18:08:08,D0127 05:46:55,11053
v1.0,v1.0_personalization,User01,7,D0127,61,unknown,User01|unknown|S0064,s1,normal,test,1,D0127 18:33:10,D0128 06:11:17,9422
v1.0,v1.0_personalization,User01,7,D0128,62,unknown,User01|unknown|S0065,s1,normal,test,1,D0128 18:35:55,D0129 05:43:42,8868
v1.0,v1.0_personalization,User01,7,D0128,62,unknown,User01|unknown|S0066,s1,normal,test,1,D0129 06:14:11,D0129 06:44:26,324
v1.0,v1.0_personalization,User01,7,D0129,63,unknown,User01|unknown|S0067,s1,normal,test,1,D0129 18:00:48,D0130 07:41:55,10516
v1.0,v1.0_personalization,User01,7,D0130,64,unknown,User01|unknown|S0068,s1,normal,test,1,D0130 17:54:37,D0131 06:32:53,9625
v1.0,v1.0_personalization,User01,7,D0131,65,unknown,User01|unknown|S0069,s1,normal,test,1,D0131 18:20:08,D0132 07:28:45,10621
v1.0,v1.0_personalization,User01,7,D0132,66,unknown,User01|unknown|S0070,s1,normal,test,1,D0132 17:42:25,D0133 08:12:29,26103
v1.0,v1.0_personalization,User01,7,D0133,67,unknown,User01|unknown|S0071,s1,normal,test,1,D0133 17:46:03,D0134 06:16:06,22503
v1.0,v1.0_personalization,User01,7,D0134,68,unknown,User01|unknown|S0072,s1,normal,test,1,D0134 18:27:41,D0135 05:27:41,19803
v1.0,v1.0_personalization,User01,7,D0134,68,unknown,User01|unknown|S0073,s1,normal,test,1,D0135 06:17:01,D0135 06:45:56,869
v1.0,v1.0_personalization,User01,7,D0135,69,unknown,User01|unknown|S0074,s1,normal,test,1,D0135 22:02:10,D0136 06:37:58,15412
v1.0,v1.0_personalization,User01,7,D0136,70,unknown,User01|unknown|S0075,s1,normal,test,1,D0136 18:02:02,D0137 06:13:36,14632
v1.0,v1.0_personalization,User01,7,D0137,71,unknown,User01|unknown|S0076,s1,normal,test,1,D0137 17:21:29,D0138 06:21:36,15604
v1.0,v1.0_personalization,User01,7,D0138,72,unknown,User01|unknown|S0077,s1,normal,test,1,D0138 18:03:20,D0139 07:03:26,15603
v1.0,v1.0_personalization,User01,7,D0139,73,unknown,User01|unknown|S0078,s1,normal,test,1,D0139 19:05:19,D0140 07:35:23,15002
v1.0,v1.0_personalization,User01,7,D0140,74,unknown,User01|unknown|S0079,s1,normal,test,1,D0140 18:21:01,D0141 06:21:07,14403
v1.0,v1.0_personalization,User01,7,D0141,75,unknown,User01|unknown|S0080,s1,normal,test,1,D0141 18:04:50,D0142 06:04:56,14403
v1.0,v1.0_personalization,User01,7,D0142,76,unknown,User01|unknown|S0081,s1,normal,test,1,D0142 17:57:14,D0143 06:27:16,15002
v1.0,v1.0_personalization,User01,7,D0143,77,unknown,User01|unknown|S0082,s1,normal,test,1,D0143 18:00:57,D0144 06:00:57,14402
v1.0,v1.0_personalization,User01,7,D0144,78,unknown,User01|unknown|S0083,s1,normal,test,1,D0144 18:11:46,D0145 06:11:56,14404
v1.0,v1.0_personalization,User01,7,D0145,79,unknown,User01|unknown|S0084,s1,normal,test,1,D0145 18:52:54,D0146 07:22:59,15003
v1.0,v1.0_personalization,User01,7,D0146,80,unknown,User01|unknown|S0085,s1,normal,test,1,D0146 18:20:54,D0147 07:51:03,16204
v1.0,v1.0_personalization,User01,7,D0147,81,unknown,User01|unknown|S0086,s1,normal,test,1,D0147 17:33:34,D0148 06:33:37,15602
v1.0,v1.0_personalization,User01,7,D0149,82,unknown,User01|unknown|S0087,s1,normal,test,1,D0149 18:03:35,D0150 05:33:36,13802
v1.0,v1.0_personalization,User01,7,D0150,83,unknown,User01|unknown|S0088,s1,normal,test,1,D0150 17:56:40,D0151 05:56:41,14402
v1.0,v1.0_personalization,User01,7,D0151,84,unknown,User01|unknown|S0089,s1,normal,test,1,D0151 18:57:05,D0152 06:27:09,13803
v1.0,v1.0_personalization,User01,7,D0152,85,unknown,User01|unknown|S0090,s1,normal,test,1,D0152 18:17:21,D0153 06:47:24,15003
v1.0,v1.0_personalization,User01,7,D0153,86,unknown,User01|unknown|S0091,s1,normal,test,1,D0153 18:07:21,D0154 08:07:26,16803
v1.0,v1.0_personalization,User01,7,D0154,87,unknown,User01|unknown|S0092,s2,normal,test,1,D0154 17:31:21,D0155 06:31:24,15602
v1.0,v1.0_personalization,User01,7,D0155,88,unknown,User01|unknown|S0093,s2,normal,test,1,D0155 18:43:31,D0156 06:43:34,14403
v1.0,v1.0_personalization,User01,7,D0156,89,unknown,User01|unknown|S0094,s2,normal,test,1,D0156 18:02:27,D0157 06:32:27,15002
v1.0,v1.0_personalization,User01,7,D0157,90,unknown,User01|unknown|S0095,s2,normal,test,1,D0157 18:33:41,D0158 06:33:46,14403
v1.0,v1.0_personalization,User01,7,D0158,91,unknown,User01|unknown|S0096,s2,normal,test,1,D0158 18:22:25,D0159 06:22:30,14403
v1.0,v1.0_personalization,User01,7,D0159,92,unknown,User01|unknown|S0097,s2,normal,test,1,D0159 18:25:39,D0160 07:25:45,15603
v1.0,v1.0_personalization,User01,7,D0160,93,unknown,User01|unknown|S0098,s2,normal,test,1,D0160 18:38:53,D0161 08:39:00,16804
v1.0,v1.0_personalization,User01,7,D0162,94,unknown,User01|unknown|S0099,s2,normal,test,1,D0162 18:08:33,D0163 06:39:36,15022
v1.0,v1.0_personalization,User01,7,D0163,95,unknown,User01|unknown|S0100,s2,normal,test,1,D0163 17:53:05,D0164 06:53:08,15602
v1.0,v1.0_personalization,User01,7,D0164,96,unknown,User01|unknown|S0101,s2,normal,test,1,D0164 18:20:05,D0165 06:50:09,15002
v1.0,v1.0_personalization,User01,7,D0165,97,unknown,User01|unknown|S0102,s2,normal,test,1,D0165 18:22:21,D0166 06:52:19,15001
v1.0,v1.0_personalization,User01,7,D0166,98,unknown,User01|unknown|S0103,s2,normal,test,1,D0166 18:03:23,D0167 08:03:28,16803
v1.0,v1.0_personalization,User01,7,D0167,99,unknown,User01|unknown|S0104,s2,normal,test,1,D0167 18:08:00,D0168 08:38:03,17402
v1.0,v1.0_personalization,User01,7,D0168,100,unknown,User01|unknown|S0105,s2,normal,test,1,D0168 18:11:58,D0169 06:12:04,14403
v1.0,v1.0_personalization,User01,7,D0170,101,unknown,User01|unknown|S0106,s2,normal,test,1,D0170 18:24:19,D0171 06:24:26,14352
v1.0,v1.0_personalization,User01,7,D0171,102,unknown,User01|unknown|S0107,s2,normal,test,1,D0171 18:13:57,D0172 06:14:03,14403
v1.0,v1.0_personalization,User01,7,D0172,103,unknown,User01|unknown|S0108,s2,normal,test,1,D0172 17:48:25,D0173 06:48:33,15574
v1.0,v1.0_personalization,User01,7,D0173,104,unknown,User01|unknown|S0109,s2,normal,test,1,D0173 18:11:52,D0174 08:12:07,16806
v1.0,v1.0_personalization,User01,7,D0174,105,unknown,User01|unknown|S0110,s2,normal,test,1,D0174 20:18:22,D0175 07:18:21,13201
v1.0,v1.0_personalization,User01,7,D0175,106,unknown,User01|unknown|S0111,s2,normal,test,1,D0175 20:18:07,D0176 08:18:14,14404
v1.0,v1.0_personalization,User01,7,D0176,107,unknown,User01|unknown|S0112,s2,normal,test,1,D0176 18:25:07,D0177 05:25:08,13202
v1.0,v1.0_personalization,User01,7,D0177,108,unknown,User01|unknown|S0113,s2,normal,test,1,D0177 15:18:38,D0177 16:48:34,1800
v1.0,v1.0_personalization,User01,7,D0177,108,unknown,User01|unknown|S0114,s2,normal,test,1,D0177 18:30:12,D0178 07:00:20,14983
v1.0,v1.0_personalization,User01,7,D0178,109,unknown,User01|unknown|S0115,s2,normal,test,1,D0178 18:42:28,D0179 06:12:37,13804
v1.0,v1.0_personalization,User01,7,D0179,110,unknown,User01|unknown|S0116,s2,normal,test,1,D0179 18:21:50,D0180 06:21:50,14402
v1.0,v1.0_personalization,User01,7,D0180,111,unknown,User01|unknown|S0117,s2,normal,test,1,D0180 18:30:36,D0181 07:30:43,15604
v1.0,v1.0_personalization,User01,7,D0181,112,unknown,User01|unknown|S0118,s2,normal,test,1,D0181 18:35:23,D0182 10:35:32,19204
v1.0,v1.0_personalization,User01,7,D0182,113,unknown,User01|unknown|S0119,s2,normal,test,1,D0182 18:03:04,D0183 07:33:10,16204
v1.0,v1.0_personalization,User01,7,D0183,114,unknown,User01|unknown|S0120,s2,normal,test,1,D0183 18:46:32,D0184 06:46:37,14403
v1.0,v1.0_personalization,User01,7,D0184,115,unknown,User01|unknown|S0121,s2,normal,test,1,D0184 20:54:23,D0185 06:26:59,9868
v1.0,v1.0_personalization,User01,7,D0185,116,unknown,User01|unknown|S0122,s2,normal,test,1,D0185 18:27:05,D0186 06:27:19,14405
v1.0,v1.0_personalization,User01,7,D0186,117,unknown,User01|unknown|S0123,s2,normal,test,1,D0186 18:41:00,D0187 07:11:06,15003
v1.0,v1.0_personalization,User01,7,D0187,118,unknown,User01|unknown|S0124,s2,normal,test,1,D0187 19:46:02,D0188 08:16:11,14952
v1.0,v1.0_personalization,User01,7,D0188,119,unknown,User01|unknown|S0125,s2,normal,test,1,D0188 18:53:21,D0189 07:23:28,15004
v1.0,v1.0_personalization,User01,7,D0189,120,unknown,User01|unknown|S0126,s2,normal,test,1,D0189 18:37:06,D0190 08:37:11,16781
v1.0,v1.0_personalization,User01,7,D0190,121,unknown,User01|unknown|S0127,s2,normal,test,1,D0190 18:17:05,D0191 06:47:08,15003
v1.0,v1.0_personalization,User01,7,D0191,122,unknown,User01|unknown|S0128,s2,normal,test,1,D0191 18:33:02,D0192 06:03:09,13804
v1.0,v1.0_personalization,User01,7,D0192,123,unknown,User01|unknown|S0129,s2,normal,test,1,D0192 19:09:39,D0193 06:39:41,13802
v1.0,v1.0_personalization,User01,7,D0193,124,unknown,User01|unknown|S0130,s2,normal,test,1,D0193 21:11:02,D0194 06:10:59,10801
v1.0,v1.0_personalization,User01,7,D0194,125,unknown,User01|unknown|S0131,s2,normal,test,1,D0194 18:45:49,D0195 07:46:03,15605
v1.0,v1.0_personalization,User01,7,D0195,126,unknown,User01|unknown|S0132,s2,normal,test,1,D0195 19:00:57,D0196 07:31:05,15004
v1.0,v1.0_personalization,User01,7,D0196,127,unknown,User01|unknown|S0133,s2,normal,test,1,D0196 18:24:29,D0197 06:54:30,15002
v1.0,v1.0_personalization,User01,7,D0197,128,unknown,User01|unknown|S0134,s2,normal,test,1,D0197 18:21:14,D0198 06:51:16,15003
v1.0,v1.0_personalization,User01,7,D0198,129,unknown,User01|unknown|S0135,s2,normal,test,1,D0198 18:53:41,D0199 06:53:53,14312
v1.0,v1.0_personalization,User01,7,D0199,130,unknown,User01|unknown|S0136,s2,normal,test,1,D0199 18:35:39,D0200 07:36:33,15578
v1.0,v1.0_personalization,User01,7,D0200,131,unknown,User01|unknown|S0137,s2,normal,test,1,D0200 18:14:41,D0201 06:44:49,15004
v1.0,v1.0_personalization,User01,7,D0201,132,unknown,User01|unknown|S0138,s2,normal,test,1,D0201 18:41:12,D0202 07:41:12,15602
v1.0,v1.0_personalization,User01,7,D0202,133,unknown,User01|unknown|S0139,s2,normal,test,1,D0202 19:16:44,D0203 07:16:50,14403
v1.0,v1.0_personalization,User01,7,D0203,134,unknown,User01|unknown|S0140,s2,normal,test,1,D0203 18:14:27,D0204 06:44:30,15003
v1.0,v1.0_personalization,User01,7,D0204,135,unknown,User01|unknown|S0141,s2,normal,test,1,D0204 18:27:30,D0205 06:27:36,14403
v1.0,v1.0_personalization,User01,7,D0205,136,unknown,User01|unknown|S0142,s2,normal,test,1,D0205 18:34:08,D0206 06:34:15,14361
v1.0,v1.0_personalization,User01,7,D0206,137,unknown,User01|unknown|S0143,s2,normal,test,1,D0206 18:31:04,D0207 06:31:07,14402
v1.0,v1.0_personalization,User01,7,D0207,138,unknown,User01|unknown|S0144,s2,normal,test,1,D0207 20:22:05,D0208 06:52:09,12603
v1.0,v1.0_personalization,User01,7,D0208,139,unknown,User01|unknown|S0145,s2,normal,test,1,D0208 18:44:44,D0209 07:44:55,15605
v1.0,v1.0_personalization,User01,7,D0209,140,unknown,User01|unknown|S0146,s2,normal,test,1,D0209 18:43:31,D0210 07:43:37,15604
v1.0,v1.0_personalization,User01,7,D0210,141,unknown,User01|unknown|S0147,s2,normal,test,1,D0210 20:14:15,D0211 06:44:21,12603
v1.0,v1.0_personalization,User01,7,D0211,142,unknown,User01|unknown|S0148,s2,normal,test,1,D0211 19:52:28,D0212 07:22:33,13803
v1.0,v1.0_personalization,User01,7,D0212,143,unknown,User01|unknown|S0149,s2,normal,test,1,D0212 19:38:56,D0213 06:39:01,13203
v1.0,v1.0_personalization,User01,7,D0213,144,unknown,User01|unknown|S0150,s2,normal,test,1,D0213 19:14:18,D0214 06:14:23,13203
v1.0,v1.0_personalization,User01,7,D0214,145,unknown,User01|unknown|S0151,s2,normal,test,1,D0214 18:57:07,D0215 05:57:13,13203
v1.0,v1.0_personalization,User01,7,D0215,146,unknown,User01|unknown|S0152,s2,normal,test,1,D0215 18:28:14,D0216 06:58:15,15002
v1.0,v1.0_personalization,User01,7,D0216,147,unknown,User01|unknown|S0153,s2,normal,test,1,D0216 19:14:36,D0217 06:44:40,13802
v1.0,v1.0_personalization,User01,7,D0217,148,unknown,User01|unknown|S0154,s2,normal,test,1,D0217 19:49:43,D0218 06:49:45,13203
v1.0,v1.0_personalization,User01,7,D0218,149,unknown,User01|unknown|S0155,s2,normal,test,1,D0218 18:43:26,D0219 06:13:29,13803
v1.0,v1.0_personalization,User01,7,D0219,150,unknown,User01|unknown|S0156,s2,normal,test,1,D0219 19:35:32,D0220 06:35:37,13167
v1.0,v1.0_personalization,User01,7,D0220,151,unknown,User01|unknown|S0157,s2,normal,test,1,D0220 19:10:38,D0221 06:40:38,13802
v1.0,v1.0_personalization,User01,14,D0001,1,unknown,User01|unknown|S0001,s1,normal,adaptation,0,D0001 22:21:51,D0002 04:24:30,10764
v1.0,v1.0_personalization,User01,14,D0002,2,unknown,User01|unknown|S0002,s1,normal,adaptation,0,D0002 21:10:16,D0003 01:56:55,8496
v1.0,v1.0_personalization,User01,14,D0004,3,unknown,User01|unknown|S0003,s1,normal,adaptation,0,D0004 22:13:40,D0005 04:21:57,10926
v1.0,v1.0_personalization,User01,14,D0005,4,unknown,User01|unknown|S0004,s1,normal,adaptation,0,D0005 21:41:46,D0006 02:11:44,8009
v1.0,v1.0_personalization,User01,14,D0006,5,unknown,User01|unknown|S0005,s1,normal,adaptation,0,D0006 21:10:47,D0007 02:40:05,9773
v1.0,v1.0_personalization,User01,14,D0007,6,unknown,User01|unknown|S0006,s1,normal,adaptation,0,D0007 21:15:00,D0008 01:54:16,8276
v1.0,v1.0_personalization,User01,14,D0073,7,unknown,User01|unknown|S0007,s1,normal,adaptation,0,D0073 19:23:17,D0074 07:06:23,14033
v1.0,v1.0_personalization,User01,14,D0074,8,unknown,User01|unknown|S0008,s1,normal,adaptation,0,D0074 18:17:20,D0075 06:08:26,14275
v1.0,v1.0_personalization,User01,14,D0075,9,unknown,User01|unknown|S0009,s1,normal,adaptation,0,D0075 18:47:34,D0076 06:48:12,14069
v1.0,v1.0_personalization,User01,14,D0076,10,unknown,User01|unknown|S0010,s1,normal,adaptation,0,D0076 18:32:44,D0077 07:01:19,14378
v1.0,v1.0_personalization,User01,14,D0077,11,unknown,User01|unknown|S0011,s1,normal,adaptation,0,D0077 18:13:39,D0078 06:07:55,13988
v1.0,v1.0_personalization,User01,14,D0078,12,unknown,User01|unknown|S0012,s1,normal,adaptation,0,D0078 18:09:08,D0079 06:27:26,14660
v1.0,v1.0_personalization,User01,14,D0079,13,unknown,User01|unknown|S0013,s1,normal,adaptation,0,D0079 17:39:02,D0080 06:21:39,15160
v1.0,v1.0_personalization,User01,14,D0080,14,unknown,User01|unknown|S0014,s1,normal,adaptation,0,D0080 19:13:49,D0080 23:34:03,5365
v1.0,v1.0_personalization,User01,14,D0080,14,unknown,User01|unknown|S0015,s1,normal,adaptation,0,D0081 02:28:30,D0081 06:54:02,5344
v1.0,v1.0_personalization,User01,14,D0081,15,unknown,User01|unknown|S0016,s1,normal,buffer,0,D0081 18:25:16,D0082 06:48:46,14344
v1.0,v1.0_personalization,User01,14,D0082,16,unknown,User01|unknown|S0017,s1,normal,test,1,D0082 17:39:24,D0083 07:04:28,14757
v1.0,v1.0_personalization,User01,14,D0083,17,unknown,User01|unknown|S0018,s1,normal,test,1,D0083 18:10:00,D0084 06:56:48,14786
v1.0,v1.0_personalization,User01,14,D0084,18,unknown,User01|unknown|S0019,s1,normal,test,1,D0084 18:08:52,D0085 06:51:02,15083
v1.0,v1.0_personalization,User01,14,D0085,19,unknown,User01|unknown|S0020,s1,normal,test,1,D0085 18:46:27,D0086 06:32:37,14418
v1.0,v1.0_personalization,User01,14,D0086,20,unknown,User01|unknown|S0021,s1,normal,test,1,D0086 18:56:48,D0087 06:27:22,13734
v1.0,v1.0_personalization,User01,14,D0087,21,unknown,User01|unknown|S0022,s1,normal,test,1,D0087 17:42:42,D0088 06:53:51,16186
v1.0,v1.0_personalization,User01,14,D0088,22,unknown,User01|unknown|S0023,s1,normal,test,1,D0088 18:42:14,D0089 06:27:56,14386
v1.0,v1.0_personalization,User01,14,D0089,23,unknown,User01|unknown|S0024,s1,normal,test,1,D0089 18:39:14,D0090 07:06:53,7540
v1.0,v1.0_personalization,User01,14,D0090,24,unknown,User01|unknown|S0025,s1,normal,test,1,D0090 19:09:36,D0091 08:36:29,8196
v1.0,v1.0_personalization,User01,14,D0091,25,unknown,User01|unknown|S0026,s1,normal,test,1,D0091 18:56:54,D0092 06:26:41,7088
v1.0,v1.0_personalization,User01,14,D0092,26,unknown,User01|unknown|S0027,s1,normal,test,1,D0092 20:29:38,D0093 06:42:45,7014
v1.0,v1.0_personalization,User01,14,D0093,27,unknown,User01|unknown|S0028,s1,normal,test,1,D0093 18:02:47,D0094 06:39:52,7807
v1.0,v1.0_personalization,User01,14,D0094,28,unknown,User01|unknown|S0029,s1,normal,test,1,D0094 17:00:46,D0095 06:30:06,9701
v1.0,v1.0_personalization,User01,14,D0095,29,unknown,User01|unknown|S0030,s1,normal,test,1,D0095 19:36:27,D0096 06:55:40,11430
v1.0,v1.0_personalization,User01,14,D0096,30,unknown,User01|unknown|S0031,s1,normal,test,1,D0096 18:17:43,D0097 06:25:01,14190
v1.0,v1.0_personalization,User01,14,D0097,31,unknown,User01|unknown|S0032,s1,normal,test,1,D0097 18:26:39,D0098 07:53:16,16085
v1.0,v1.0_personalization,User01,14,D0098,32,unknown,User01|unknown|S0033,s1,normal,test,1,D0098 18:33:28,D0099 06:19:46,13699
v1.0,v1.0_personalization,User01,14,D0099,33,unknown,User01|unknown|S0034,s1,normal,test,1,D0099 18:14:39,D0100 06:36:17,14144
v1.0,v1.0_personalization,User01,14,D0100,34,unknown,User01|unknown|S0035,s1,normal,test,1,D0100 18:25:40,D0101 07:14:48,14609
v1.0,v1.0_personalization,User01,14,D0101,35,unknown,User01|unknown|S0036,s1,normal,test,1,D0101 18:52:37,D0102 06:53:17,13333
v1.0,v1.0_personalization,User01,14,D0102,36,unknown,User01|unknown|S0037,s1,normal,test,1,D0102 17:53:00,D0103 06:46:01,14655
v1.0,v1.0_personalization,User01,14,D0103,37,unknown,User01|unknown|S0038,s1,normal,test,1,D0103 18:43:31,D0104 07:43:47,15858
v1.0,v1.0_personalization,User01,14,D0104,38,unknown,User01|unknown|S0039,s1,normal,test,1,D0104 20:02:20,D0105 09:14:10,16744
v1.0,v1.0_personalization,User01,14,D0105,39,unknown,User01|unknown|S0040,s1,normal,test,1,D0105 20:26:07,D0106 07:11:58,13705
v1.0,v1.0_personalization,User01,14,D0106,40,unknown,User01|unknown|S0041,s1,normal,test,1,D0106 20:00:15,D0107 06:07:39,12906
v1.0,v1.0_personalization,User01,14,D0107,41,unknown,User01|unknown|S0042,s1,normal,test,1,D0107 18:18:10,D0108 06:41:02,15621
v1.0,v1.0_personalization,User01,14,D0108,42,unknown,User01|unknown|S0043,s1,normal,test,1,D0108 19:36:14,D0109 06:53:44,14685
v1.0,v1.0_personalization,User01,14,D0109,43,unknown,User01|unknown|S0044,s1,normal,test,1,D0109 18:14:17,D0110 06:34:28,16080
v1.0,v1.0_personalization,User01,14,D0110,44,unknown,User01|unknown|S0045,s1,normal,test,1,D0110 19:16:38,D0111 08:10:31,16907
v1.0,v1.0_personalization,User01,14,D0111,45,unknown,User01|unknown|S0046,s1,normal,test,1,D0111 19:01:37,D0112 08:28:42,16051
v1.0,v1.0_personalization,User01,14,D0112,46,unknown,User01|unknown|S0047,s1,normal,test,1,D0112 19:12:40,D0113 07:34:44,14728
v1.0,v1.0_personalization,User01,14,D0113,47,unknown,User01|unknown|S0048,s1,normal,test,1,D0113 21:01:25,D0114 08:10:59,14594
v1.0,v1.0_personalization,User01,14,D0114,48,unknown,User01|unknown|S0049,s1,normal,test,1,D0114 18:31:47,D0115 07:22:15,16794
v1.0,v1.0_personalization,User01,14,D0115,49,unknown,User01|unknown|S0050,s1,normal,test,1,D0115 18:46:59,D0116 06:47:28,15694
v1.0,v1.0_personalization,User01,14,D0116,50,unknown,User01|unknown|S0051,s1,normal,test,1,D0116 18:25:20,D0117 06:55:49,16393
v1.0,v1.0_personalization,User01,14,D0117,51,unknown,User01|unknown|S0052,s1,normal,test,1,D0117 18:02:25,D0118 09:03:09,19558
v1.0,v1.0_personalization,User01,14,D0118,52,unknown,User01|unknown|S0053,s1,normal,test,1,D0118 18:39:16,D0119 08:09:50,16812
v1.0,v1.0_personalization,User01,14,D0119,53,unknown,User01|unknown|S0054,s1,normal,test,1,D0119 18:31:11,D0120 06:01:42,14471
v1.0,v1.0_personalization,User01,14,D0120,54,unknown,User01|unknown|S0055,s1,normal,test,1,D0120 18:03:35,D0121 06:34:35,15284
v1.0,v1.0_personalization,User01,14,D0121,55,unknown,User01|unknown|S0056,s1,normal,test,1,D0121 17:34:19,D0122 06:38:07,16242
v1.0,v1.0_personalization,User01,14,D0122,56,unknown,User01|unknown|S0057,s1,normal,test,1,D0122 19:07:56,D0123 08:08:34,15986
v1.0,v1.0_personalization,User01,14,D0123,57,unknown,User01|unknown|S0058,s1,normal,test,1,D0123 20:06:52,D0124 07:07:51,13753
v1.0,v1.0_personalization,User01,14,D0124,58,unknown,User01|unknown|S0059,s1,normal,test,1,D0124 19:53:51,D0125 09:34:07,13379
v1.0,v1.0_personalization,User01,14,D0125,59,unknown,User01|unknown|S0060,s1,normal,test,1,D0125 21:33:30,D0126 08:41:11,9225
v1.0,v1.0_personalization,User01,14,D0125,59,unknown,User01|unknown|S0061,s1,normal,test,1,D0126 10:19:40,D0126 11:59:57,1029
v1.0,v1.0_personalization,User01,14,D0126,60,unknown,User01|unknown|S0061,s1,normal,test,1,D0126 12:00:00,D0126 13:55:29,1284
v1.0,v1.0_personalization,User01,14,D0126,60,unknown,User01|unknown|S0062,s1,normal,test,1,D0126 14:29:49,D0126 15:29:48,1012
v1.0,v1.0_personalization,User01,14,D0126,60,unknown,User01|unknown|S0063,s1,normal,test,1,D0126 18:08:08,D0127 05:46:55,11053
v1.0,v1.0_personalization,User01,14,D0127,61,unknown,User01|unknown|S0064,s1,normal,test,1,D0127 18:33:10,D0128 06:11:17,9422
v1.0,v1.0_personalization,User01,14,D0128,62,unknown,User01|unknown|S0065,s1,normal,test,1,D0128 18:35:55,D0129 05:43:42,8868
v1.0,v1.0_personalization,User01,14,D0128,62,unknown,User01|unknown|S0066,s1,normal,test,1,D0129 06:14:11,D0129 06:44:26,324
v1.0,v1.0_personalization,User01,14,D0129,63,unknown,User01|unknown|S0067,s1,normal,test,1,D0129 18:00:48,D0130 07:41:55,10516
v1.0,v1.0_personalization,User01,14,D0130,64,unknown,User01|unknown|S0068,s1,normal,test,1,D0130 17:54:37,D0131 06:32:53,9625
v1.0,v1.0_personalization,User01,14,D0131,65,unknown,User01|unknown|S0069,s1,normal,test,1,D0131 18:20:08,D0132 07:28:45,10621
v1.0,v1.0_personalization,User01,14,D0132,66,unknown,User01|unknown|S0070,s1,normal,test,1,D0132 17:42:25,D0133 08:12:29,26103
v1.0,v1.0_personalization,User01,14,D0133,67,unknown,User01|unknown|S0071,s1,normal,test,1,D0133 17:46:03,D0134 06:16:06,22503
v1.0,v1.0_personalization,User01,14,D0134,68,unknown,User01|unknown|S0072,s1,normal,test,1,D0134 18:27:41,D0135 05:27:41,19803
v1.0,v1.0_personalization,User01,14,D0134,68,unknown,User01|unknown|S0073,s1,normal,test,1,D0135 06:17:01,D0135 06:45:56,869
v1.0,v1.0_personalization,User01,14,D0135,69,unknown,User01|unknown|S0074,s1,normal,test,1,D0135 22:02:10,D0136 06:37:58,15412
v1.0,v1.0_personalization,User01,14,D0136,70,unknown,User01|unknown|S0075,s1,normal,test,1,D0136 18:02:02,D0137 06:13:36,14632
v1.0,v1.0_personalization,User01,14,D0137,71,unknown,User01|unknown|S0076,s1,normal,test,1,D0137 17:21:29,D0138 06:21:36,15604
v1.0,v1.0_personalization,User01,14,D0138,72,unknown,User01|unknown|S0077,s1,normal,test,1,D0138 18:03:20,D0139 07:03:26,15603
v1.0,v1.0_personalization,User01,14,D0139,73,unknown,User01|unknown|S0078,s1,normal,test,1,D0139 19:05:19,D0140 07:35:23,15002
v1.0,v1.0_personalization,User01,14,D0140,74,unknown,User01|unknown|S0079,s1,normal,test,1,D0140 18:21:01,D0141 06:21:07,14403
v1.0,v1.0_personalization,User01,14,D0141,75,unknown,User01|unknown|S0080,s1,normal,test,1,D0141 18:04:50,D0142 06:04:56,14403
v1.0,v1.0_personalization,User01,14,D0142,76,unknown,User01|unknown|S0081,s1,normal,test,1,D0142 17:57:14,D0143 06:27:16,15002
v1.0,v1.0_personalization,User01,14,D0143,77,unknown,User01|unknown|S0082,s1,normal,test,1,D0143 18:00:57,D0144 06:00:57,14402
v1.0,v1.0_personalization,User01,14,D0144,78,unknown,User01|unknown|S0083,s1,normal,test,1,D0144 18:11:46,D0145 06:11:56,14404
v1.0,v1.0_personalization,User01,14,D0145,79,unknown,User01|unknown|S0084,s1,normal,test,1,D0145 18:52:54,D0146 07:22:59,15003
v1.0,v1.0_personalization,User01,14,D0146,80,unknown,User01|unknown|S0085,s1,normal,test,1,D0146 18:20:54,D0147 07:51:03,16204
v1.0,v1.0_personalization,User01,14,D0147,81,unknown,User01|unknown|S0086,s1,normal,test,1,D0147 17:33:34,D0148 06:33:37,15602
v1.0,v1.0_personalization,User01,14,D0149,82,unknown,User01|unknown|S0087,s1,normal,test,1,D0149 18:03:35,D0150 05:33:36,13802
v1.0,v1.0_personalization,User01,14,D0150,83,unknown,User01|unknown|S0088,s1,normal,test,1,D0150 17:56:40,D0151 05:56:41,14402
v1.0,v1.0_personalization,User01,14,D0151,84,unknown,User01|unknown|S0089,s1,normal,test,1,D0151 18:57:05,D0152 06:27:09,13803
v1.0,v1.0_personalization,User01,14,D0152,85,unknown,User01|unknown|S0090,s1,normal,test,1,D0152 18:17:21,D0153 06:47:24,15003
v1.0,v1.0_personalization,User01,14,D0153,86,unknown,User01|unknown|S0091,s1,normal,test,1,D0153 18:07:21,D0154 08:07:26,16803
v1.0,v1.0_personalization,User01,14,D0154,87,unknown,User01|unknown|S0092,s2,normal,test,1,D0154 17:31:21,D0155 06:31:24,15602
v1.0,v1.0_personalization,User01,14,D0155,88,unknown,User01|unknown|S0093,s2,normal,test,1,D0155 18:43:31,D0156 06:43:34,14403
v1.0,v1.0_personalization,User01,14,D0156,89,unknown,User01|unknown|S0094,s2,normal,test,1,D0156 18:02:27,D0157 06:32:27,15002
v1.0,v1.0_personalization,User01,14,D0157,90,unknown,User01|unknown|S0095,s2,normal,test,1,D0157 18:33:41,D0158 06:33:46,14403
v1.0,v1.0_personalization,User01,14,D0158,91,unknown,User01|unknown|S0096,s2,normal,test,1,D0158 18:22:25,D0159 06:22:30,14403
v1.0,v1.0_personalization,User01,14,D0159,92,unknown,User01|unknown|S0097,s2,normal,test,1,D0159 18:25:39,D0160 07:25:45,15603
v1.0,v1.0_personalization,User01,14,D0160,93,unknown,User01|unknown|S0098,s2,normal,test,1,D0160 18:38:53,D0161 08:39:00,16804
v1.0,v1.0_personalization,User01,14,D0162,94,unknown,User01|unknown|S0099,s2,normal,test,1,D0162 18:08:33,D0163 06:39:36,15022
v1.0,v1.0_personalization,User01,14,D0163,95,unknown,User01|unknown|S0100,s2,normal,test,1,D0163 17:53:05,D0164 06:53:08,15602
v1.0,v1.0_personalization,User01,14,D0164,96,unknown,User01|unknown|S0101,s2,normal,test,1,D0164 18:20:05,D0165 06:50:09,15002
v1.0,v1.0_personalization,User01,14,D0165,97,unknown,User01|unknown|S0102,s2,normal,test,1,D0165 18:22:21,D0166 06:52:19,15001
v1.0,v1.0_personalization,User01,14,D0166,98,unknown,User01|unknown|S0103,s2,normal,test,1,D0166 18:03:23,D0167 08:03:28,16803
v1.0,v1.0_personalization,User01,14,D0167,99,unknown,User01|unknown|S0104,s2,normal,test,1,D0167 18:08:00,D0168 08:38:03,17402
v1.0,v1.0_personalization,User01,14,D0168,100,unknown,User01|unknown|S0105,s2,normal,test,1,D0168 18:11:58,D0169 06:12:04,14403
v1.0,v1.0_personalization,User01,14,D0170,101,unknown,User01|unknown|S0106,s2,normal,test,1,D0170 18:24:19,D0171 06:24:26,14352
v1.0,v1.0_personalization,User01,14,D0171,102,unknown,User01|unknown|S0107,s2,normal,test,1,D0171 18:13:57,D0172 06:14:03,14403
v1.0,v1.0_personalization,User01,14,D0172,103,unknown,User01|unknown|S0108,s2,normal,test,1,D0172 17:48:25,D0173 06:48:33,15574
v1.0,v1.0_personalization,User01,14,D0173,104,unknown,User01|unknown|S0109,s2,normal,test,1,D0173 18:11:52,D0174 08:12:07,16806
v1.0,v1.0_personalization,User01,14,D0174,105,unknown,User01|unknown|S0110,s2,normal,test,1,D0174 20:18:22,D0175 07:18:21,13201
v1.0,v1.0_personalization,User01,14,D0175,106,unknown,User01|unknown|S0111,s2,normal,test,1,D0175 20:18:07,D0176 08:18:14,14404
v1.0,v1.0_personalization,User01,14,D0176,107,unknown,User01|unknown|S0112,s2,normal,test,1,D0176 18:25:07,D0177 05:25:08,13202
v1.0,v1.0_personalization,User01,14,D0177,108,unknown,User01|unknown|S0113,s2,normal,test,1,D0177 15:18:38,D0177 16:48:34,1800
v1.0,v1.0_personalization,User01,14,D0177,108,unknown,User01|unknown|S0114,s2,normal,test,1,D0177 18:30:12,D0178 07:00:20,14983
v1.0,v1.0_personalization,User01,14,D0178,109,unknown,User01|unknown|S0115,s2,normal,test,1,D0178 18:42:28,D0179 06:12:37,13804
v1.0,v1.0_personalization,User01,14,D0179,110,unknown,User01|unknown|S0116,s2,normal,test,1,D0179 18:21:50,D0180 06:21:50,14402
v1.0,v1.0_personalization,User01,14,D0180,111,unknown,User01|unknown|S0117,s2,normal,test,1,D0180 18:30:36,D0181 07:30:43,15604
v1.0,v1.0_personalization,User01,14,D0181,112,unknown,User01|unknown|S0118,s2,normal,test,1,D0181 18:35:23,D0182 10:35:32,19204
v1.0,v1.0_personalization,User01,14,D0182,113,unknown,User01|unknown|S0119,s2,normal,test,1,D0182 18:03:04,D0183 07:33:10,16204
v1.0,v1.0_personalization,User01,14,D0183,114,unknown,User01|unknown|S0120,s2,normal,test,1,D0183 18:46:32,D0184 06:46:37,14403
v1.0,v1.0_personalization,User01,14,D0184,115,unknown,User01|unknown|S0121,s2,normal,test,1,D0184 20:54:23,D0185 06:26:59,9868
v1.0,v1.0_personalization,User01,14,D0185,116,unknown,User01|unknown|S0122,s2,normal,test,1,D0185 18:27:05,D0186 06:27:19,14405
v1.0,v1.0_personalization,User01,14,D0186,117,unknown,User01|unknown|S0123,s2,normal,test,1,D0186 18:41:00,D0187 07:11:06,15003
v1.0,v1.0_personalization,User01,14,D0187,118,unknown,User01|unknown|S0124,s2,normal,test,1,D0187 19:46:02,D0188 08:16:11,14952
v1.0,v1.0_personalization,User01,14,D0188,119,unknown,User01|unknown|S0125,s2,normal,test,1,D0188 18:53:21,D0189 07:23:28,15004
v1.0,v1.0_personalization,User01,14,D0189,120,unknown,User01|unknown|S0126,s2,normal,test,1,D0189 18:37:06,D0190 08:37:11,16781
v1.0,v1.0_personalization,User01,14,D0190,121,unknown,User01|unknown|S0127,s2,normal,test,1,D0190 18:17:05,D0191 06:47:08,15003
v1.0,v1.0_personalization,User01,14,D0191,122,unknown,User01|unknown|S0128,s2,normal,test,1,D0191 18:33:02,D0192 06:03:09,13804
v1.0,v1.0_personalization,User01,14,D0192,123,unknown,User01|unknown|S0129,s2,normal,test,1,D0192 19:09:39,D0193 06:39:41,13802
v1.0,v1.0_personalization,User01,14,D0193,124,unknown,User01|unknown|S0130,s2,normal,test,1,D0193 21:11:02,D0194 06:10:59,10801
v1.0,v1.0_personalization,User01,14,D0194,125,unknown,User01|unknown|S0131,s2,normal,test,1,D0194 18:45:49,D0195 07:46:03,15605
v1.0,v1.0_personalization,User01,14,D0195,126,unknown,User01|unknown|S0132,s2,normal,test,1,D0195 19:00:57,D0196 07:31:05,15004
v1.0,v1.0_personalization,User01,14,D0196,127,unknown,User01|unknown|S0133,s2,normal,test,1,D0196 18:24:29,D0197 06:54:30,15002
v1.0,v1.0_personalization,User01,14,D0197,128,unknown,User01|unknown|S0134,s2,normal,test,1,D0197 18:21:14,D0198 06:51:16,15003
v1.0,v1.0_personalization,User01,14,D0198,129,unknown,User01|unknown|S0135,s2,normal,test,1,D0198 18:53:41,D0199 06:53:53,14312
v1.0,v1.0_personalization,User01,14,D0199,130,unknown,User01|unknown|S0136,s2,normal,test,1,D0199 18:35:39,D0200 07:36:33,15578
v1.0,v1.0_personalization,User01,14,D0200,131,unknown,User01|unknown|S0137,s2,normal,test,1,D0200 18:14:41,D0201 06:44:49,15004
v1.0,v1.0_personalization,User01,14,D0201,132,unknown,User01|unknown|S0138,s2,normal,test,1,D0201 18:41:12,D0202 07:41:12,15602
v1.0,v1.0_personalization,User01,14,D0202,133,unknown,User01|unknown|S0139,s2,normal,test,1,D0202 19:16:44,D0203 07:16:50,14403
v1.0,v1.0_personalization,User01,14,D0203,134,unknown,User01|unknown|S0140,s2,normal,test,1,D0203 18:14:27,D0204 06:44:30,15003
v1.0,v1.0_personalization,User01,14,D0204,135,unknown,User01|unknown|S0141,s2,normal,test,1,D0204 18:27:30,D0205 06:27:36,14403
v1.0,v1.0_personalization,User01,14,D0205,136,unknown,User01|unknown|S0142,s2,normal,test,1,D0205 18:34:08,D0206 06:34:15,14361
v1.0,v1.0_personalization,User01,14,D0206,137,unknown,User01|unknown|S0143,s2,normal,test,1,D0206 18:31:04,D0207 06:31:07,14402
v1.0,v1.0_personalization,User01,14,D0207,138,unknown,User01|unknown|S0144,s2,normal,test,1,D0207 20:22:05,D0208 06:52:09,12603
v1.0,v1.0_personalization,User01,14,D0208,139,unknown,User01|unknown|S0145,s2,normal,test,1,D0208 18:44:44,D0209 07:44:55,15605
v1.0,v1.0_personalization,User01,14,D0209,140,unknown,User01|unknown|S0146,s2,normal,test,1,D0209 18:43:31,D0210 07:43:37,15604
v1.0,v1.0_personalization,User01,14,D0210,141,unknown,User01|unknown|S0147,s2,normal,test,1,D0210 20:14:15,D0211 06:44:21,12603
v1.0,v1.0_personalization,User01,14,D0211,142,unknown,User01|unknown|S0148,s2,normal,test,1,D0211 19:52:28,D0212 07:22:33,13803
v1.0,v1.0_personalization,User01,14,D0212,143,unknown,User01|unknown|S0149,s2,normal,test,1,D0212 19:38:56,D0213 06:39:01,13203
v1.0,v1.0_personalization,User01,14,D0213,144,unknown,User01|unknown|S0150,s2,normal,test,1,D0213 19:14:18,D0214 06:14:23,13203
v1.0,v1.0_personalization,User01,14,D0214,145,unknown,User01|unknown|S0151,s2,normal,test,1,D0214 18:57:07,D0215 05:57:13,13203
v1.0,v1.0_personalization,User01,14,D0215,146,unknown,User01|unknown|S0152,s2,normal,test,1,D0215 18:28:14,D0216 06:58:15,15002
v1.0,v1.0_personalization,User01,14,D0216,147,unknown,User01|unknown|S0153,s2,normal,test,1,D0216 19:14:36,D0217 06:44:40,13802
v1.0,v1.0_personalization,User01,14,D0217,148,unknown,User01|unknown|S0154,s2,normal,test,1,D0217 19:49:43,D0218 06:49:45,13203
v1.0,v1.0_personalization,User01,14,D0218,149,unknown,User01|unknown|S0155,s2,normal,test,1,D0218 18:43:26,D0219 06:13:29,13803
v1.0,v1.0_personalization,User01,14,D0219,150,unknown,User01|unknown|S0156,s2,normal,test,1,D0219 19:35:32,D0220 06:35:37,13167
v1.0,v1.0_personalization,User01,14,D0220,151,unknown,User01|unknown|S0157,s2,normal,test,1,D0220 19:10:38,D0221 06:40:38,13802
v1.0,v1.0_personalization,User02,0,D0001,1,22482,User02|22482|S0001,not_applicable,normal,test,0,D0001 19:41:56,D0002 06:41:59,13110
v1.0,v1.0_personalization,User02,0,D0001,1,22480,User02|22480|S0001,not_applicable,normal,test,0,D0001 19:54:06,D0002 04:54:08,10802
v1.0,v1.0_personalization,User02,0,D0002,2,22480,User02|22480|S0002,not_applicable,normal,test,0,D0002 20:09:27,D0003 06:09:30,12002
v1.0,v1.0_personalization,User02,0,D0002,2,22482,User02|22482|S0002,not_applicable,normal,test,0,D0002 20:49:35,D0003 06:49:35,12002
v1.0,v1.0_personalization,User02,0,D0003,3,22480,User02|22480|S0003,not_applicable,normal,test,0,D0003 20:40:29,D0004 06:10:26,11401
v1.0,v1.0_personalization,User02,0,D0003,3,22482,User02|22482|S0003,not_applicable,normal,test,0,D0003 20:42:12,D0004 06:12:21,11405
v1.0,v1.0_personalization,User02,0,D0004,4,22482,User02|22482|S0004,not_applicable,normal,test,0,D0004 20:48:13,D0005 07:48:15,13202
v1.0,v1.0_personalization,User02,0,D0004,4,22480,User02|22480|S0004,not_applicable,normal,test,0,D0004 21:52:03,D0005 06:22:03,10201
v1.0,v1.0_personalization,User02,0,D0005,5,22480,User02|22480|S0005,not_applicable,normal,test,0,D0005 19:58:12,D0006 06:28:09,12601
v1.0,v1.0_personalization,User02,0,D0005,5,22482,User02|22482|S0005,not_applicable,normal,test,0,D0005 22:26:47,D0006 07:51:19,9601
v1.0,v1.0_personalization,User02,0,D0006,6,22480,User02|22480|S0006,not_applicable,normal,test,0,D0006 18:44:52,D0007 06:44:55,14402
v1.0,v1.0_personalization,User02,0,D0006,6,22482,User02|22482|S0006,not_applicable,normal,test,0,D0006 19:21:45,D0007 05:21:49,12002
v1.0,v1.0_personalization,User02,0,D0008,7,22480,User02|22480|S0007,not_applicable,normal,test,0,D0008 23:43:47,D0009 05:43:44,7201
v1.0,v1.0_personalization,User02,0,D0008,7,22482,User02|22482|S0007,not_applicable,normal,test,0,D0009 00:03:22,D0009 07:03:22,8401
v1.0,v1.0_personalization,User02,0,D0009,8,22482,User02|22482|S0008,not_applicable,normal,test,0,D0009 15:55:59,D0009 16:55:53,1200
v1.0,v1.0_personalization,User02,0,D0009,8,22482,User02|22482|S0009,not_applicable,normal,test,0,D0009 19:55:34,D0010 08:00:44,13802
v1.0,v1.0_personalization,User02,0,D0009,8,22480,User02|22480|S0008,not_applicable,normal,test,0,D0009 20:26:01,D0010 01:26:00,6001
v1.0,v1.0_personalization,User02,0,D0010,9,22480,User02|22480|S0009,not_applicable,normal,test,0,D0010 20:19:23,D0011 01:19:20,6000
v1.0,v1.0_personalization,User02,0,D0010,9,22482,User02|22482|S0010,not_applicable,normal,test,0,D0010 20:19:52,D0011 06:49:56,12603
v1.0,v1.0_personalization,User02,0,D0013,10,22480,User02|22480|S0010,not_applicable,normal,test,0,D0013 20:33:36,D0014 01:33:34,6000
v1.0,v1.0_personalization,User02,0,D0013,10,22482,User02|22482|S0011,not_applicable,normal,test,0,D0013 20:34:09,D0013 20:57:24,467
v1.0,v1.0_personalization,User02,0,D0013,10,22482,User02|22482|S0012,not_applicable,normal,test,0,D0013 21:40:56,D0014 10:11:00,15003
v1.0,v1.0_personalization,User02,0,D0014,11,22480,User02|22480|S0011,not_applicable,normal,test,0,D0014 20:30:44,D0015 01:30:41,6000
v1.0,v1.0_personalization,User02,0,D0014,11,22482,User02|22482|S0013,not_applicable,normal,test,0,D0014 21:22:27,D0015 07:52:29,12603
v1.0,v1.0_personalization,User02,0,D0015,12,22480,User02|22480|S0012,not_applicable,normal,test,0,D0015 19:39:09,D0016 01:39:11,7201
v1.0,v1.0_personalization,User02,0,D0015,12,22482,User02|22482|S0014,not_applicable,normal,test,0,D0015 20:18:10,D0016 06:48:12,12547
v1.0,v1.0_personalization,User02,0,D0016,13,22480,User02|22480|S0013,not_applicable,normal,test,0,D0016 20:02:24,D0017 05:32:30,11403
v1.0,v1.0_personalization,User02,0,D0016,13,22482,User02|22482|S0015,not_applicable,normal,test,0,D0016 20:08:54,D0017 07:38:57,13802
v1.0,v1.0_personalization,User02,0,D0017,14,22482,User02|22482|S0016,not_applicable,normal,test,0,D0017 15:07:10,D0017 15:37:05,600
v1.0,v1.0_personalization,User02,0,D0017,14,22480,User02|22480|S0014,not_applicable,normal,test,0,D0017 19:19:09,D0018 05:49:12,12603
v1.0,v1.0_personalization,User02,0,D0017,14,22482,User02|22482|S0017,not_applicable,normal,test,0,D0017 20:57:20,D0018 07:57:28,12604
v1.0,v1.0_personalization,User02,0,D0018,15,22480,User02|22480|S0015,not_applicable,normal,test,0,D0018 20:50:57,D0019 06:21:00,11403
v1.0,v1.0_personalization,User02,0,D0018,15,22482,User02|22482|S0018,not_applicable,normal,test,0,D0018 21:33:26,D0019 08:03:30,11402
v1.0,v1.0_personalization,User02,0,D0019,16,22480,User02|22480|S0016,not_applicable,normal,test,1,D0019 20:03:06,D0020 01:33:07,6601
v1.0,v1.0_personalization,User02,0,D0019,16,22482,User02|22482|S0019,not_applicable,normal,test,1,D0019 21:57:56,D0020 06:28:03,10204
v1.0,v1.0_personalization,User02,0,D0020,17,22480,User02|22480|S0017,not_applicable,normal,test,1,D0020 19:45:26,D0021 06:15:26,12602
v1.0,v1.0_personalization,User02,0,D0020,17,22482,User02|22482|S0020,not_applicable,normal,test,1,D0020 21:14:56,D0021 07:41:51,12002
v1.0,v1.0_personalization,User02,0,D0021,18,22480,User02|22480|S0018,not_applicable,normal,test,1,D0021 18:59:41,D0022 00:59:50,7204
v1.0,v1.0_personalization,User02,0,D0021,18,22482,User02|22482|S0021,not_applicable,normal,test,1,D0021 21:37:31,D0022 08:37:32,13202
v1.0,v1.0_personalization,User02,0,D0022,19,22480,User02|22480|S0019,not_applicable,normal,test,1,D0022 19:30:15,D0023 07:00:17,13802
v1.0,v1.0_personalization,User02,0,D0022,19,22482,User02|22482|S0022,not_applicable,normal,test,1,D0022 21:45:56,D0023 07:15:58,11402
v1.0,v1.0_personalization,User02,0,D0023,20,22480,User02|22480|S0020,not_applicable,normal,test,1,D0023 20:07:11,D0024 01:07:11,6002
v1.0,v1.0_personalization,User02,0,D0023,20,22482,User02|22482|S0023,not_applicable,normal,test,1,D0023 20:38:42,D0024 07:38:57,12523
v1.0,v1.0_personalization,User02,0,D0024,21,22480,User02|22480|S0021,not_applicable,normal,test,1,D0024 19:52:01,D0025 01:21:58,6600
v1.0,v1.0_personalization,User02,0,D0024,21,22482,User02|22482|S0024,not_applicable,normal,test,1,D0024 21:18:22,D0025 07:48:23,12602
v1.0,v1.0_personalization,User02,0,D0025,22,22480,User02|22480|S0022,not_applicable,normal,test,1,D0025 20:06:13,D0026 01:36:17,6602
v1.0,v1.0_personalization,User02,0,D0025,22,22482,User02|22482|S0025,not_applicable,normal,test,1,D0025 21:51:16,D0026 10:21:16,13802
v1.0,v1.0_personalization,User02,0,D0026,23,22480,User02|22480|S0023,not_applicable,normal,test,1,D0026 19:30:24,D0027 06:00:27,12603
v1.0,v1.0_personalization,User02,0,D0026,23,22482,User02|22482|S0026,not_applicable,normal,test,1,D0026 21:17:53,D0027 08:47:58,13803
v1.0,v1.0_personalization,User02,0,D0027,24,22480,User02|22480|S0024,not_applicable,normal,test,1,D0027 20:08:07,D0028 05:38:11,11403
v1.0,v1.0_personalization,User02,0,D0027,24,22482,User02|22482|S0027,not_applicable,normal,test,1,D0027 21:56:29,D0028 09:56:33,14403
v1.0,v1.0_personalization,User02,0,D0028,25,22480,User02|22480|S0025,not_applicable,normal,test,1,D0028 20:10:59,D0029 06:11:02,12002
v1.0,v1.0_personalization,User02,0,D0028,25,22482,User02|22482|S0028,not_applicable,normal,test,1,D0029 00:57:21,D0029 08:57:20,9601
v1.0,v1.0_personalization,User02,0,D0029,26,22482,User02|22482|S0029,not_applicable,normal,test,1,D0029 12:22:38,D0029 15:22:36,3601
v1.0,v1.0_personalization,User02,0,D0029,26,22480,User02|22480|S0026,not_applicable,normal,test,1,D0029 20:25:13,D0030 05:55:16,11402
v1.0,v1.0_personalization,User02,0,D0029,26,22482,User02|22482|S0030,not_applicable,normal,test,1,D0029 20:43:46,D0030 07:13:46,12602
v1.0,v1.0_personalization,User02,0,D0030,27,22480,User02|22480|S0027,not_applicable,normal,test,1,D0030 19:17:12,D0031 01:17:19,7203
v1.0,v1.0_personalization,User02,0,D0030,27,22482,User02|22482|S0031,not_applicable,normal,test,1,D0030 23:21:46,D0031 08:21:48,9602
v1.0,v1.0_personalization,User02,0,D0031,28,22480,User02|22480|S0028,not_applicable,normal,test,1,D0031 19:24:14,D0032 01:24:09,7200
v1.0,v1.0_personalization,User02,0,D0031,28,22482,User02|22482|S0032,not_applicable,normal,test,1,D0031 21:26:10,D0032 08:56:10,12002
v1.0,v1.0_personalization,User02,0,D0032,29,22480,User02|22480|S0029,not_applicable,normal,test,1,D0032 19:34:40,D0033 01:04:40,6601
v1.0,v1.0_personalization,User02,0,D0032,29,22482,User02|22482|S0033,not_applicable,p1_transition,test,1,D0032 19:58:23,D0033 09:58:32,16804
v1.0,v1.0_personalization,User02,0,D0033,30,22480,User02|22480|S0030,not_applicable,normal,test,1,D0033 19:53:35,D0034 06:53:36,13202
v1.0,v1.0_personalization,User02,0,D0033,30,22482,User02|22482|S0034,not_applicable,p1_response_shift,test,1,D0033 21:37:33,D0034 07:07:33,11402
v1.0,v1.0_personalization,User02,0,D0034,31,22480,User02|22480|S0031,not_applicable,normal,test,1,D0034 18:53:11,D0035 00:53:11,7202
v1.0,v1.0_personalization,User02,0,D0034,31,22482,User02|22482|S0035,not_applicable,p1_response_shift,test,1,D0034 21:27:39,D0035 05:27:47,9603
v1.0,v1.0_personalization,User02,0,D0035,32,22480,User02|22480|S0032,not_applicable,normal,test,1,D0035 19:42:49,D0036 01:12:49,6601
v1.0,v1.0_personalization,User02,0,D0035,32,22482,User02|22482|S0036,not_applicable,p1_response_shift,test,1,D0035 21:59:57,D0036 08:30:03,12603
v1.0,v1.0_personalization,User02,0,D0036,33,22482,User02|22482|S0037,not_applicable,p1_response_shift,test,1,D0036 20:05:56,D0037 06:35:55,12601
v1.0,v1.0_personalization,User02,0,D0036,33,22480,User02|22480|S0033,not_applicable,normal,test,1,D0036 21:58:13,D0037 02:28:12,5401
v1.0,v1.0_personalization,User02,0,D0037,34,22480,User02|22480|S0034,not_applicable,normal,test,1,D0037 19:04:50,D0038 02:04:47,8401
v1.0,v1.0_personalization,User02,0,D0038,35,22480,User02|22480|S0035,not_applicable,normal,test,1,D0038 19:59:31,D0039 01:29:28,6600
v1.0,v1.0_personalization,User02,0,D0038,35,22482,User02|22482|S0038,not_applicable,p1_response_shift,test,1,D0039 06:39:36,D0039 08:09:32,1800
v1.0,v1.0_personalization,User02,0,D0039,36,22480,User02|22480|S0036,not_applicable,normal,test,1,D0039 20:08:23,D0040 04:38:23,10201
v1.0,v1.0_personalization,User02,0,D0039,36,22482,User02|22482|S0039,not_applicable,p1_response_shift,test,1,D0039 21:56:31,D0040 08:26:28,12001
v1.0,v1.0_personalization,User02,0,D0040,37,22480,User02|22480|S0037,not_applicable,normal,test,1,D0040 20:02:48,D0041 06:32:47,12601
v1.0,v1.0_personalization,User02,0,D0040,37,22482,User02|22482|S0040,not_applicable,p1_response_shift,test,1,D0040 20:55:29,D0041 07:55:31,13202
v1.0,v1.0_personalization,User02,0,D0041,38,22480,User02|22480|S0038,not_applicable,normal,test,1,D0041 18:46:19,D0042 01:16:19,7801
v1.0,v1.0_personalization,User02,0,D0041,38,22482,User02|22482|S0041,not_applicable,p1_response_shift,test,1,D0041 23:50:12,D0042 07:19:54,8999
v1.0,v1.0_personalization,User02,0,D0042,39,22480,User02|22480|S0039,not_applicable,normal,test,1,D0042 21:12:30,D0043 02:12:27,6000
v1.0,v1.0_personalization,User02,0,D0042,39,22482,User02|22482|S0042,not_applicable,p1_response_shift,test,1,D0042 21:36:24,D0043 07:36:22,11966
v1.0,v1.0_personalization,User02,0,D0042,39,22482,User02|22482|S0043,not_applicable,p1_response_shift,test,1,D0043 08:07:40,D0043 08:36:23,580
v1.0,v1.0_personalization,User02,0,D0043,40,22480,User02|22480|S0040,not_applicable,normal,test,1,D0043 19:29:25,D0044 01:59:24,7801
v1.0,v1.0_personalization,User02,0,D0043,40,22482,User02|22482|S0044,not_applicable,p1_response_shift,test,1,D0043 23:12:55,D0044 01:44:06,3021
v1.0,v1.0_personalization,User02,0,D0043,40,22482,User02|22482|S0045,not_applicable,p1_response_shift,test,1,D0044 08:09:03,D0044 09:39:01,1800
v1.0,v1.0_personalization,User02,0,D0044,41,22482,User02|22482|S0046,not_applicable,p1_response_shift,test,1,D0044 15:48:08,D0044 16:48:02,1200
v1.0,v1.0_personalization,User02,0,D0044,41,22482,User02|22482|S0047,not_applicable,p1_response_shift,test,1,D0044 20:56:34,D0045 06:56:35,12002
v1.0,v1.0_personalization,User02,0,D0044,41,22480,User02|22480|S0041,not_applicable,normal,test,1,D0045 00:34:39,D0045 07:04:37,7801
v1.0,v1.0_personalization,User02,0,D0045,42,22480,User02|22480|S0042,not_applicable,normal,test,1,D0045 15:35:43,D0045 16:05:39,600
v1.0,v1.0_personalization,User02,0,D0045,42,22480,User02|22480|S0043,not_applicable,normal,test,1,D0045 17:11:45,D0045 17:41:43,600
v1.0,v1.0_personalization,User02,0,D0045,42,22480,User02|22480|S0044,not_applicable,normal,test,1,D0045 18:59:00,D0046 00:58:59,7201
v1.0,v1.0_personalization,User02,0,D0045,42,22482,User02|22482|S0048,not_applicable,p1_response_shift,test,1,D0045 23:57:52,D0046 06:57:50,8401
v1.0,v1.0_personalization,User02,0,D0046,43,22482,User02|22482|S0049,not_applicable,p1_response_shift,test,1,D0046 18:12:26,D0047 07:42:33,15603
v1.0,v1.0_personalization,User02,0,D0046,43,22480,User02|22480|S0045,not_applicable,normal,test,1,D0046 20:05:55,D0047 01:05:54,6001
v1.0,v1.0_personalization,User02,0,D0047,44,22480,User02|22480|S0046,not_applicable,normal,test,1,D0047 19:11:17,D0048 01:11:17,7201
v1.0,v1.0_personalization,User02,0,D0047,44,22482,User02|22482|S0050,not_applicable,p1_response_shift,test,1,D0047 21:42:36,D0048 07:12:36,11401
v1.0,v1.0_personalization,User02,0,D0048,45,22480,User02|22480|S0047,not_applicable,normal,test,1,D0048 21:41:07,D0049 01:11:05,4201
v1.0,v1.0_personalization,User02,0,D0048,45,22482,User02|22482|S0051,not_applicable,p1_response_shift,test,1,D0048 22:47:44,D0049 08:17:45,10802
v1.0,v1.0_personalization,User02,0,D0049,46,22482,User02|22482|S0052,not_applicable,p1_response_shift,test,1,D0049 22:28:56,D0050 08:30:41,12002
v1.0,v1.0_personalization,User02,0,D0050,47,22482,User02|22482|S0053,not_applicable,p1_response_shift,test,1,D0050 14:21:51,D0050 15:21:48,1200
v1.0,v1.0_personalization,User02,0,D0050,47,22482,User02|22482|S0054,not_applicable,p1_response_shift,test,1,D0050 22:54:34,D0051 06:54:35,9602
v1.0,v1.0_personalization,User02,0,D0051,48,22482,User02|22482|S0055,not_applicable,p1_response_shift,test,1,D0051 22:22:18,D0052 07:52:32,10806
v1.0,v1.0_personalization,User02,0,D0052,49,22482,User02|22482|S0056,not_applicable,p1_response_shift,test,1,D0052 21:21:17,D0053 08:21:21,12603
v1.0,v1.0_personalization,User02,0,D0053,50,22482,User02|22482|S0057,not_applicable,p1_response_shift,test,1,D0053 19:31:37,D0054 08:01:42,15003
v1.0,v1.0_personalization,User02,0,D0054,51,22482,User02|22482|S0058,not_applicable,p1_response_shift,test,1,D0054 22:20:19,D0055 06:20:19,9602
v1.0,v1.0_personalization,User02,1,D0001,1,22482,User02|22482|S0001,not_applicable,normal,adaptation,0,D0001 19:41:56,D0002 06:41:59,13110
v1.0,v1.0_personalization,User02,1,D0001,1,22480,User02|22480|S0001,not_applicable,normal,adaptation,0,D0001 19:54:06,D0002 04:54:08,10802
v1.0,v1.0_personalization,User02,1,D0002,2,22480,User02|22480|S0002,not_applicable,normal,buffer,0,D0002 20:09:27,D0003 06:09:30,12002
v1.0,v1.0_personalization,User02,1,D0002,2,22482,User02|22482|S0002,not_applicable,normal,buffer,0,D0002 20:49:35,D0003 06:49:35,12002
v1.0,v1.0_personalization,User02,1,D0003,3,22480,User02|22480|S0003,not_applicable,normal,test,0,D0003 20:40:29,D0004 06:10:26,11401
v1.0,v1.0_personalization,User02,1,D0003,3,22482,User02|22482|S0003,not_applicable,normal,test,0,D0003 20:42:12,D0004 06:12:21,11405
v1.0,v1.0_personalization,User02,1,D0004,4,22482,User02|22482|S0004,not_applicable,normal,test,0,D0004 20:48:13,D0005 07:48:15,13202
v1.0,v1.0_personalization,User02,1,D0004,4,22480,User02|22480|S0004,not_applicable,normal,test,0,D0004 21:52:03,D0005 06:22:03,10201
v1.0,v1.0_personalization,User02,1,D0005,5,22480,User02|22480|S0005,not_applicable,normal,test,0,D0005 19:58:12,D0006 06:28:09,12601
v1.0,v1.0_personalization,User02,1,D0005,5,22482,User02|22482|S0005,not_applicable,normal,test,0,D0005 22:26:47,D0006 07:51:19,9601
v1.0,v1.0_personalization,User02,1,D0006,6,22480,User02|22480|S0006,not_applicable,normal,test,0,D0006 18:44:52,D0007 06:44:55,14402
v1.0,v1.0_personalization,User02,1,D0006,6,22482,User02|22482|S0006,not_applicable,normal,test,0,D0006 19:21:45,D0007 05:21:49,12002
v1.0,v1.0_personalization,User02,1,D0008,7,22480,User02|22480|S0007,not_applicable,normal,test,0,D0008 23:43:47,D0009 05:43:44,7201
v1.0,v1.0_personalization,User02,1,D0008,7,22482,User02|22482|S0007,not_applicable,normal,test,0,D0009 00:03:22,D0009 07:03:22,8401
v1.0,v1.0_personalization,User02,1,D0009,8,22482,User02|22482|S0008,not_applicable,normal,test,0,D0009 15:55:59,D0009 16:55:53,1200
v1.0,v1.0_personalization,User02,1,D0009,8,22482,User02|22482|S0009,not_applicable,normal,test,0,D0009 19:55:34,D0010 08:00:44,13802
v1.0,v1.0_personalization,User02,1,D0009,8,22480,User02|22480|S0008,not_applicable,normal,test,0,D0009 20:26:01,D0010 01:26:00,6001
v1.0,v1.0_personalization,User02,1,D0010,9,22480,User02|22480|S0009,not_applicable,normal,test,0,D0010 20:19:23,D0011 01:19:20,6000
v1.0,v1.0_personalization,User02,1,D0010,9,22482,User02|22482|S0010,not_applicable,normal,test,0,D0010 20:19:52,D0011 06:49:56,12603
v1.0,v1.0_personalization,User02,1,D0013,10,22480,User02|22480|S0010,not_applicable,normal,test,0,D0013 20:33:36,D0014 01:33:34,6000
v1.0,v1.0_personalization,User02,1,D0013,10,22482,User02|22482|S0011,not_applicable,normal,test,0,D0013 20:34:09,D0013 20:57:24,467
v1.0,v1.0_personalization,User02,1,D0013,10,22482,User02|22482|S0012,not_applicable,normal,test,0,D0013 21:40:56,D0014 10:11:00,15003
v1.0,v1.0_personalization,User02,1,D0014,11,22480,User02|22480|S0011,not_applicable,normal,test,0,D0014 20:30:44,D0015 01:30:41,6000
v1.0,v1.0_personalization,User02,1,D0014,11,22482,User02|22482|S0013,not_applicable,normal,test,0,D0014 21:22:27,D0015 07:52:29,12603
v1.0,v1.0_personalization,User02,1,D0015,12,22480,User02|22480|S0012,not_applicable,normal,test,0,D0015 19:39:09,D0016 01:39:11,7201
v1.0,v1.0_personalization,User02,1,D0015,12,22482,User02|22482|S0014,not_applicable,normal,test,0,D0015 20:18:10,D0016 06:48:12,12547
v1.0,v1.0_personalization,User02,1,D0016,13,22480,User02|22480|S0013,not_applicable,normal,test,0,D0016 20:02:24,D0017 05:32:30,11403
v1.0,v1.0_personalization,User02,1,D0016,13,22482,User02|22482|S0015,not_applicable,normal,test,0,D0016 20:08:54,D0017 07:38:57,13802
v1.0,v1.0_personalization,User02,1,D0017,14,22482,User02|22482|S0016,not_applicable,normal,test,0,D0017 15:07:10,D0017 15:37:05,600
v1.0,v1.0_personalization,User02,1,D0017,14,22480,User02|22480|S0014,not_applicable,normal,test,0,D0017 19:19:09,D0018 05:49:12,12603
v1.0,v1.0_personalization,User02,1,D0017,14,22482,User02|22482|S0017,not_applicable,normal,test,0,D0017 20:57:20,D0018 07:57:28,12604
v1.0,v1.0_personalization,User02,1,D0018,15,22480,User02|22480|S0015,not_applicable,normal,test,0,D0018 20:50:57,D0019 06:21:00,11403
v1.0,v1.0_personalization,User02,1,D0018,15,22482,User02|22482|S0018,not_applicable,normal,test,0,D0018 21:33:26,D0019 08:03:30,11402
v1.0,v1.0_personalization,User02,1,D0019,16,22480,User02|22480|S0016,not_applicable,normal,test,1,D0019 20:03:06,D0020 01:33:07,6601
v1.0,v1.0_personalization,User02,1,D0019,16,22482,User02|22482|S0019,not_applicable,normal,test,1,D0019 21:57:56,D0020 06:28:03,10204
v1.0,v1.0_personalization,User02,1,D0020,17,22480,User02|22480|S0017,not_applicable,normal,test,1,D0020 19:45:26,D0021 06:15:26,12602
v1.0,v1.0_personalization,User02,1,D0020,17,22482,User02|22482|S0020,not_applicable,normal,test,1,D0020 21:14:56,D0021 07:41:51,12002
v1.0,v1.0_personalization,User02,1,D0021,18,22480,User02|22480|S0018,not_applicable,normal,test,1,D0021 18:59:41,D0022 00:59:50,7204
v1.0,v1.0_personalization,User02,1,D0021,18,22482,User02|22482|S0021,not_applicable,normal,test,1,D0021 21:37:31,D0022 08:37:32,13202
v1.0,v1.0_personalization,User02,1,D0022,19,22480,User02|22480|S0019,not_applicable,normal,test,1,D0022 19:30:15,D0023 07:00:17,13802
v1.0,v1.0_personalization,User02,1,D0022,19,22482,User02|22482|S0022,not_applicable,normal,test,1,D0022 21:45:56,D0023 07:15:58,11402
v1.0,v1.0_personalization,User02,1,D0023,20,22480,User02|22480|S0020,not_applicable,normal,test,1,D0023 20:07:11,D0024 01:07:11,6002
v1.0,v1.0_personalization,User02,1,D0023,20,22482,User02|22482|S0023,not_applicable,normal,test,1,D0023 20:38:42,D0024 07:38:57,12523
v1.0,v1.0_personalization,User02,1,D0024,21,22480,User02|22480|S0021,not_applicable,normal,test,1,D0024 19:52:01,D0025 01:21:58,6600
v1.0,v1.0_personalization,User02,1,D0024,21,22482,User02|22482|S0024,not_applicable,normal,test,1,D0024 21:18:22,D0025 07:48:23,12602
v1.0,v1.0_personalization,User02,1,D0025,22,22480,User02|22480|S0022,not_applicable,normal,test,1,D0025 20:06:13,D0026 01:36:17,6602
v1.0,v1.0_personalization,User02,1,D0025,22,22482,User02|22482|S0025,not_applicable,normal,test,1,D0025 21:51:16,D0026 10:21:16,13802
v1.0,v1.0_personalization,User02,1,D0026,23,22480,User02|22480|S0023,not_applicable,normal,test,1,D0026 19:30:24,D0027 06:00:27,12603
v1.0,v1.0_personalization,User02,1,D0026,23,22482,User02|22482|S0026,not_applicable,normal,test,1,D0026 21:17:53,D0027 08:47:58,13803
v1.0,v1.0_personalization,User02,1,D0027,24,22480,User02|22480|S0024,not_applicable,normal,test,1,D0027 20:08:07,D0028 05:38:11,11403
v1.0,v1.0_personalization,User02,1,D0027,24,22482,User02|22482|S0027,not_applicable,normal,test,1,D0027 21:56:29,D0028 09:56:33,14403
v1.0,v1.0_personalization,User02,1,D0028,25,22480,User02|22480|S0025,not_applicable,normal,test,1,D0028 20:10:59,D0029 06:11:02,12002
v1.0,v1.0_personalization,User02,1,D0028,25,22482,User02|22482|S0028,not_applicable,normal,test,1,D0029 00:57:21,D0029 08:57:20,9601
v1.0,v1.0_personalization,User02,1,D0029,26,22482,User02|22482|S0029,not_applicable,normal,test,1,D0029 12:22:38,D0029 15:22:36,3601
v1.0,v1.0_personalization,User02,1,D0029,26,22480,User02|22480|S0026,not_applicable,normal,test,1,D0029 20:25:13,D0030 05:55:16,11402
v1.0,v1.0_personalization,User02,1,D0029,26,22482,User02|22482|S0030,not_applicable,normal,test,1,D0029 20:43:46,D0030 07:13:46,12602
v1.0,v1.0_personalization,User02,1,D0030,27,22480,User02|22480|S0027,not_applicable,normal,test,1,D0030 19:17:12,D0031 01:17:19,7203
v1.0,v1.0_personalization,User02,1,D0030,27,22482,User02|22482|S0031,not_applicable,normal,test,1,D0030 23:21:46,D0031 08:21:48,9602
v1.0,v1.0_personalization,User02,1,D0031,28,22480,User02|22480|S0028,not_applicable,normal,test,1,D0031 19:24:14,D0032 01:24:09,7200
v1.0,v1.0_personalization,User02,1,D0031,28,22482,User02|22482|S0032,not_applicable,normal,test,1,D0031 21:26:10,D0032 08:56:10,12002
v1.0,v1.0_personalization,User02,1,D0032,29,22480,User02|22480|S0029,not_applicable,normal,test,1,D0032 19:34:40,D0033 01:04:40,6601
v1.0,v1.0_personalization,User02,1,D0032,29,22482,User02|22482|S0033,not_applicable,p1_transition,test,1,D0032 19:58:23,D0033 09:58:32,16804
v1.0,v1.0_personalization,User02,1,D0033,30,22480,User02|22480|S0030,not_applicable,normal,test,1,D0033 19:53:35,D0034 06:53:36,13202
v1.0,v1.0_personalization,User02,1,D0033,30,22482,User02|22482|S0034,not_applicable,p1_response_shift,test,1,D0033 21:37:33,D0034 07:07:33,11402
v1.0,v1.0_personalization,User02,1,D0034,31,22480,User02|22480|S0031,not_applicable,normal,test,1,D0034 18:53:11,D0035 00:53:11,7202
v1.0,v1.0_personalization,User02,1,D0034,31,22482,User02|22482|S0035,not_applicable,p1_response_shift,test,1,D0034 21:27:39,D0035 05:27:47,9603
v1.0,v1.0_personalization,User02,1,D0035,32,22480,User02|22480|S0032,not_applicable,normal,test,1,D0035 19:42:49,D0036 01:12:49,6601
v1.0,v1.0_personalization,User02,1,D0035,32,22482,User02|22482|S0036,not_applicable,p1_response_shift,test,1,D0035 21:59:57,D0036 08:30:03,12603
v1.0,v1.0_personalization,User02,1,D0036,33,22482,User02|22482|S0037,not_applicable,p1_response_shift,test,1,D0036 20:05:56,D0037 06:35:55,12601
v1.0,v1.0_personalization,User02,1,D0036,33,22480,User02|22480|S0033,not_applicable,normal,test,1,D0036 21:58:13,D0037 02:28:12,5401
v1.0,v1.0_personalization,User02,1,D0037,34,22480,User02|22480|S0034,not_applicable,normal,test,1,D0037 19:04:50,D0038 02:04:47,8401
v1.0,v1.0_personalization,User02,1,D0038,35,22480,User02|22480|S0035,not_applicable,normal,test,1,D0038 19:59:31,D0039 01:29:28,6600
v1.0,v1.0_personalization,User02,1,D0038,35,22482,User02|22482|S0038,not_applicable,p1_response_shift,test,1,D0039 06:39:36,D0039 08:09:32,1800
v1.0,v1.0_personalization,User02,1,D0039,36,22480,User02|22480|S0036,not_applicable,normal,test,1,D0039 20:08:23,D0040 04:38:23,10201
v1.0,v1.0_personalization,User02,1,D0039,36,22482,User02|22482|S0039,not_applicable,p1_response_shift,test,1,D0039 21:56:31,D0040 08:26:28,12001
v1.0,v1.0_personalization,User02,1,D0040,37,22480,User02|22480|S0037,not_applicable,normal,test,1,D0040 20:02:48,D0041 06:32:47,12601
v1.0,v1.0_personalization,User02,1,D0040,37,22482,User02|22482|S0040,not_applicable,p1_response_shift,test,1,D0040 20:55:29,D0041 07:55:31,13202
v1.0,v1.0_personalization,User02,1,D0041,38,22480,User02|22480|S0038,not_applicable,normal,test,1,D0041 18:46:19,D0042 01:16:19,7801
v1.0,v1.0_personalization,User02,1,D0041,38,22482,User02|22482|S0041,not_applicable,p1_response_shift,test,1,D0041 23:50:12,D0042 07:19:54,8999
v1.0,v1.0_personalization,User02,1,D0042,39,22480,User02|22480|S0039,not_applicable,normal,test,1,D0042 21:12:30,D0043 02:12:27,6000
v1.0,v1.0_personalization,User02,1,D0042,39,22482,User02|22482|S0042,not_applicable,p1_response_shift,test,1,D0042 21:36:24,D0043 07:36:22,11966
v1.0,v1.0_personalization,User02,1,D0042,39,22482,User02|22482|S0043,not_applicable,p1_response_shift,test,1,D0043 08:07:40,D0043 08:36:23,580
v1.0,v1.0_personalization,User02,1,D0043,40,22480,User02|22480|S0040,not_applicable,normal,test,1,D0043 19:29:25,D0044 01:59:24,7801
v1.0,v1.0_personalization,User02,1,D0043,40,22482,User02|22482|S0044,not_applicable,p1_response_shift,test,1,D0043 23:12:55,D0044 01:44:06,3021
v1.0,v1.0_personalization,User02,1,D0043,40,22482,User02|22482|S0045,not_applicable,p1_response_shift,test,1,D0044 08:09:03,D0044 09:39:01,1800
v1.0,v1.0_personalization,User02,1,D0044,41,22482,User02|22482|S0046,not_applicable,p1_response_shift,test,1,D0044 15:48:08,D0044 16:48:02,1200
v1.0,v1.0_personalization,User02,1,D0044,41,22482,User02|22482|S0047,not_applicable,p1_response_shift,test,1,D0044 20:56:34,D0045 06:56:35,12002
v1.0,v1.0_personalization,User02,1,D0044,41,22480,User02|22480|S0041,not_applicable,normal,test,1,D0045 00:34:39,D0045 07:04:37,7801
v1.0,v1.0_personalization,User02,1,D0045,42,22480,User02|22480|S0042,not_applicable,normal,test,1,D0045 15:35:43,D0045 16:05:39,600
v1.0,v1.0_personalization,User02,1,D0045,42,22480,User02|22480|S0043,not_applicable,normal,test,1,D0045 17:11:45,D0045 17:41:43,600
v1.0,v1.0_personalization,User02,1,D0045,42,22480,User02|22480|S0044,not_applicable,normal,test,1,D0045 18:59:00,D0046 00:58:59,7201
v1.0,v1.0_personalization,User02,1,D0045,42,22482,User02|22482|S0048,not_applicable,p1_response_shift,test,1,D0045 23:57:52,D0046 06:57:50,8401
v1.0,v1.0_personalization,User02,1,D0046,43,22482,User02|22482|S0049,not_applicable,p1_response_shift,test,1,D0046 18:12:26,D0047 07:42:33,15603
v1.0,v1.0_personalization,User02,1,D0046,43,22480,User02|22480|S0045,not_applicable,normal,test,1,D0046 20:05:55,D0047 01:05:54,6001
v1.0,v1.0_personalization,User02,1,D0047,44,22480,User02|22480|S0046,not_applicable,normal,test,1,D0047 19:11:17,D0048 01:11:17,7201
v1.0,v1.0_personalization,User02,1,D0047,44,22482,User02|22482|S0050,not_applicable,p1_response_shift,test,1,D0047 21:42:36,D0048 07:12:36,11401
v1.0,v1.0_personalization,User02,1,D0048,45,22480,User02|22480|S0047,not_applicable,normal,test,1,D0048 21:41:07,D0049 01:11:05,4201
v1.0,v1.0_personalization,User02,1,D0048,45,22482,User02|22482|S0051,not_applicable,p1_response_shift,test,1,D0048 22:47:44,D0049 08:17:45,10802
v1.0,v1.0_personalization,User02,1,D0049,46,22482,User02|22482|S0052,not_applicable,p1_response_shift,test,1,D0049 22:28:56,D0050 08:30:41,12002
v1.0,v1.0_personalization,User02,1,D0050,47,22482,User02|22482|S0053,not_applicable,p1_response_shift,test,1,D0050 14:21:51,D0050 15:21:48,1200
v1.0,v1.0_personalization,User02,1,D0050,47,22482,User02|22482|S0054,not_applicable,p1_response_shift,test,1,D0050 22:54:34,D0051 06:54:35,9602
v1.0,v1.0_personalization,User02,1,D0051,48,22482,User02|22482|S0055,not_applicable,p1_response_shift,test,1,D0051 22:22:18,D0052 07:52:32,10806
v1.0,v1.0_personalization,User02,1,D0052,49,22482,User02|22482|S0056,not_applicable,p1_response_shift,test,1,D0052 21:21:17,D0053 08:21:21,12603
v1.0,v1.0_personalization,User02,1,D0053,50,22482,User02|22482|S0057,not_applicable,p1_response_shift,test,1,D0053 19:31:37,D0054 08:01:42,15003
v1.0,v1.0_personalization,User02,1,D0054,51,22482,User02|22482|S0058,not_applicable,p1_response_shift,test,1,D0054 22:20:19,D0055 06:20:19,9602
v1.0,v1.0_personalization,User02,3,D0001,1,22482,User02|22482|S0001,not_applicable,normal,adaptation,0,D0001 19:41:56,D0002 06:41:59,13110
v1.0,v1.0_personalization,User02,3,D0001,1,22480,User02|22480|S0001,not_applicable,normal,adaptation,0,D0001 19:54:06,D0002 04:54:08,10802
v1.0,v1.0_personalization,User02,3,D0002,2,22480,User02|22480|S0002,not_applicable,normal,adaptation,0,D0002 20:09:27,D0003 06:09:30,12002
v1.0,v1.0_personalization,User02,3,D0002,2,22482,User02|22482|S0002,not_applicable,normal,adaptation,0,D0002 20:49:35,D0003 06:49:35,12002
v1.0,v1.0_personalization,User02,3,D0003,3,22480,User02|22480|S0003,not_applicable,normal,adaptation,0,D0003 20:40:29,D0004 06:10:26,11401
v1.0,v1.0_personalization,User02,3,D0003,3,22482,User02|22482|S0003,not_applicable,normal,adaptation,0,D0003 20:42:12,D0004 06:12:21,11405
v1.0,v1.0_personalization,User02,3,D0004,4,22482,User02|22482|S0004,not_applicable,normal,buffer,0,D0004 20:48:13,D0005 07:48:15,13202
v1.0,v1.0_personalization,User02,3,D0004,4,22480,User02|22480|S0004,not_applicable,normal,buffer,0,D0004 21:52:03,D0005 06:22:03,10201
v1.0,v1.0_personalization,User02,3,D0005,5,22480,User02|22480|S0005,not_applicable,normal,test,0,D0005 19:58:12,D0006 06:28:09,12601
v1.0,v1.0_personalization,User02,3,D0005,5,22482,User02|22482|S0005,not_applicable,normal,test,0,D0005 22:26:47,D0006 07:51:19,9601
v1.0,v1.0_personalization,User02,3,D0006,6,22480,User02|22480|S0006,not_applicable,normal,test,0,D0006 18:44:52,D0007 06:44:55,14402
v1.0,v1.0_personalization,User02,3,D0006,6,22482,User02|22482|S0006,not_applicable,normal,test,0,D0006 19:21:45,D0007 05:21:49,12002
v1.0,v1.0_personalization,User02,3,D0008,7,22480,User02|22480|S0007,not_applicable,normal,test,0,D0008 23:43:47,D0009 05:43:44,7201
v1.0,v1.0_personalization,User02,3,D0008,7,22482,User02|22482|S0007,not_applicable,normal,test,0,D0009 00:03:22,D0009 07:03:22,8401
v1.0,v1.0_personalization,User02,3,D0009,8,22482,User02|22482|S0008,not_applicable,normal,test,0,D0009 15:55:59,D0009 16:55:53,1200
v1.0,v1.0_personalization,User02,3,D0009,8,22482,User02|22482|S0009,not_applicable,normal,test,0,D0009 19:55:34,D0010 08:00:44,13802
v1.0,v1.0_personalization,User02,3,D0009,8,22480,User02|22480|S0008,not_applicable,normal,test,0,D0009 20:26:01,D0010 01:26:00,6001
v1.0,v1.0_personalization,User02,3,D0010,9,22480,User02|22480|S0009,not_applicable,normal,test,0,D0010 20:19:23,D0011 01:19:20,6000
v1.0,v1.0_personalization,User02,3,D0010,9,22482,User02|22482|S0010,not_applicable,normal,test,0,D0010 20:19:52,D0011 06:49:56,12603
v1.0,v1.0_personalization,User02,3,D0013,10,22480,User02|22480|S0010,not_applicable,normal,test,0,D0013 20:33:36,D0014 01:33:34,6000
v1.0,v1.0_personalization,User02,3,D0013,10,22482,User02|22482|S0011,not_applicable,normal,test,0,D0013 20:34:09,D0013 20:57:24,467
v1.0,v1.0_personalization,User02,3,D0013,10,22482,User02|22482|S0012,not_applicable,normal,test,0,D0013 21:40:56,D0014 10:11:00,15003
v1.0,v1.0_personalization,User02,3,D0014,11,22480,User02|22480|S0011,not_applicable,normal,test,0,D0014 20:30:44,D0015 01:30:41,6000
v1.0,v1.0_personalization,User02,3,D0014,11,22482,User02|22482|S0013,not_applicable,normal,test,0,D0014 21:22:27,D0015 07:52:29,12603
v1.0,v1.0_personalization,User02,3,D0015,12,22480,User02|22480|S0012,not_applicable,normal,test,0,D0015 19:39:09,D0016 01:39:11,7201
v1.0,v1.0_personalization,User02,3,D0015,12,22482,User02|22482|S0014,not_applicable,normal,test,0,D0015 20:18:10,D0016 06:48:12,12547
v1.0,v1.0_personalization,User02,3,D0016,13,22480,User02|22480|S0013,not_applicable,normal,test,0,D0016 20:02:24,D0017 05:32:30,11403
v1.0,v1.0_personalization,User02,3,D0016,13,22482,User02|22482|S0015,not_applicable,normal,test,0,D0016 20:08:54,D0017 07:38:57,13802
v1.0,v1.0_personalization,User02,3,D0017,14,22482,User02|22482|S0016,not_applicable,normal,test,0,D0017 15:07:10,D0017 15:37:05,600
v1.0,v1.0_personalization,User02,3,D0017,14,22480,User02|22480|S0014,not_applicable,normal,test,0,D0017 19:19:09,D0018 05:49:12,12603
v1.0,v1.0_personalization,User02,3,D0017,14,22482,User02|22482|S0017,not_applicable,normal,test,0,D0017 20:57:20,D0018 07:57:28,12604
v1.0,v1.0_personalization,User02,3,D0018,15,22480,User02|22480|S0015,not_applicable,normal,test,0,D0018 20:50:57,D0019 06:21:00,11403
v1.0,v1.0_personalization,User02,3,D0018,15,22482,User02|22482|S0018,not_applicable,normal,test,0,D0018 21:33:26,D0019 08:03:30,11402
v1.0,v1.0_personalization,User02,3,D0019,16,22480,User02|22480|S0016,not_applicable,normal,test,1,D0019 20:03:06,D0020 01:33:07,6601
v1.0,v1.0_personalization,User02,3,D0019,16,22482,User02|22482|S0019,not_applicable,normal,test,1,D0019 21:57:56,D0020 06:28:03,10204
v1.0,v1.0_personalization,User02,3,D0020,17,22480,User02|22480|S0017,not_applicable,normal,test,1,D0020 19:45:26,D0021 06:15:26,12602
v1.0,v1.0_personalization,User02,3,D0020,17,22482,User02|22482|S0020,not_applicable,normal,test,1,D0020 21:14:56,D0021 07:41:51,12002
v1.0,v1.0_personalization,User02,3,D0021,18,22480,User02|22480|S0018,not_applicable,normal,test,1,D0021 18:59:41,D0022 00:59:50,7204
v1.0,v1.0_personalization,User02,3,D0021,18,22482,User02|22482|S0021,not_applicable,normal,test,1,D0021 21:37:31,D0022 08:37:32,13202
v1.0,v1.0_personalization,User02,3,D0022,19,22480,User02|22480|S0019,not_applicable,normal,test,1,D0022 19:30:15,D0023 07:00:17,13802
v1.0,v1.0_personalization,User02,3,D0022,19,22482,User02|22482|S0022,not_applicable,normal,test,1,D0022 21:45:56,D0023 07:15:58,11402
v1.0,v1.0_personalization,User02,3,D0023,20,22480,User02|22480|S0020,not_applicable,normal,test,1,D0023 20:07:11,D0024 01:07:11,6002
v1.0,v1.0_personalization,User02,3,D0023,20,22482,User02|22482|S0023,not_applicable,normal,test,1,D0023 20:38:42,D0024 07:38:57,12523
v1.0,v1.0_personalization,User02,3,D0024,21,22480,User02|22480|S0021,not_applicable,normal,test,1,D0024 19:52:01,D0025 01:21:58,6600
v1.0,v1.0_personalization,User02,3,D0024,21,22482,User02|22482|S0024,not_applicable,normal,test,1,D0024 21:18:22,D0025 07:48:23,12602
v1.0,v1.0_personalization,User02,3,D0025,22,22480,User02|22480|S0022,not_applicable,normal,test,1,D0025 20:06:13,D0026 01:36:17,6602
v1.0,v1.0_personalization,User02,3,D0025,22,22482,User02|22482|S0025,not_applicable,normal,test,1,D0025 21:51:16,D0026 10:21:16,13802
v1.0,v1.0_personalization,User02,3,D0026,23,22480,User02|22480|S0023,not_applicable,normal,test,1,D0026 19:30:24,D0027 06:00:27,12603
v1.0,v1.0_personalization,User02,3,D0026,23,22482,User02|22482|S0026,not_applicable,normal,test,1,D0026 21:17:53,D0027 08:47:58,13803
v1.0,v1.0_personalization,User02,3,D0027,24,22480,User02|22480|S0024,not_applicable,normal,test,1,D0027 20:08:07,D0028 05:38:11,11403
v1.0,v1.0_personalization,User02,3,D0027,24,22482,User02|22482|S0027,not_applicable,normal,test,1,D0027 21:56:29,D0028 09:56:33,14403
v1.0,v1.0_personalization,User02,3,D0028,25,22480,User02|22480|S0025,not_applicable,normal,test,1,D0028 20:10:59,D0029 06:11:02,12002
v1.0,v1.0_personalization,User02,3,D0028,25,22482,User02|22482|S0028,not_applicable,normal,test,1,D0029 00:57:21,D0029 08:57:20,9601
v1.0,v1.0_personalization,User02,3,D0029,26,22482,User02|22482|S0029,not_applicable,normal,test,1,D0029 12:22:38,D0029 15:22:36,3601
v1.0,v1.0_personalization,User02,3,D0029,26,22480,User02|22480|S0026,not_applicable,normal,test,1,D0029 20:25:13,D0030 05:55:16,11402
v1.0,v1.0_personalization,User02,3,D0029,26,22482,User02|22482|S0030,not_applicable,normal,test,1,D0029 20:43:46,D0030 07:13:46,12602
v1.0,v1.0_personalization,User02,3,D0030,27,22480,User02|22480|S0027,not_applicable,normal,test,1,D0030 19:17:12,D0031 01:17:19,7203
v1.0,v1.0_personalization,User02,3,D0030,27,22482,User02|22482|S0031,not_applicable,normal,test,1,D0030 23:21:46,D0031 08:21:48,9602
v1.0,v1.0_personalization,User02,3,D0031,28,22480,User02|22480|S0028,not_applicable,normal,test,1,D0031 19:24:14,D0032 01:24:09,7200
v1.0,v1.0_personalization,User02,3,D0031,28,22482,User02|22482|S0032,not_applicable,normal,test,1,D0031 21:26:10,D0032 08:56:10,12002
v1.0,v1.0_personalization,User02,3,D0032,29,22480,User02|22480|S0029,not_applicable,normal,test,1,D0032 19:34:40,D0033 01:04:40,6601
v1.0,v1.0_personalization,User02,3,D0032,29,22482,User02|22482|S0033,not_applicable,p1_transition,test,1,D0032 19:58:23,D0033 09:58:32,16804
v1.0,v1.0_personalization,User02,3,D0033,30,22480,User02|22480|S0030,not_applicable,normal,test,1,D0033 19:53:35,D0034 06:53:36,13202
v1.0,v1.0_personalization,User02,3,D0033,30,22482,User02|22482|S0034,not_applicable,p1_response_shift,test,1,D0033 21:37:33,D0034 07:07:33,11402
v1.0,v1.0_personalization,User02,3,D0034,31,22480,User02|22480|S0031,not_applicable,normal,test,1,D0034 18:53:11,D0035 00:53:11,7202
v1.0,v1.0_personalization,User02,3,D0034,31,22482,User02|22482|S0035,not_applicable,p1_response_shift,test,1,D0034 21:27:39,D0035 05:27:47,9603
v1.0,v1.0_personalization,User02,3,D0035,32,22480,User02|22480|S0032,not_applicable,normal,test,1,D0035 19:42:49,D0036 01:12:49,6601
v1.0,v1.0_personalization,User02,3,D0035,32,22482,User02|22482|S0036,not_applicable,p1_response_shift,test,1,D0035 21:59:57,D0036 08:30:03,12603
v1.0,v1.0_personalization,User02,3,D0036,33,22482,User02|22482|S0037,not_applicable,p1_response_shift,test,1,D0036 20:05:56,D0037 06:35:55,12601
v1.0,v1.0_personalization,User02,3,D0036,33,22480,User02|22480|S0033,not_applicable,normal,test,1,D0036 21:58:13,D0037 02:28:12,5401
v1.0,v1.0_personalization,User02,3,D0037,34,22480,User02|22480|S0034,not_applicable,normal,test,1,D0037 19:04:50,D0038 02:04:47,8401
v1.0,v1.0_personalization,User02,3,D0038,35,22480,User02|22480|S0035,not_applicable,normal,test,1,D0038 19:59:31,D0039 01:29:28,6600
v1.0,v1.0_personalization,User02,3,D0038,35,22482,User02|22482|S0038,not_applicable,p1_response_shift,test,1,D0039 06:39:36,D0039 08:09:32,1800
v1.0,v1.0_personalization,User02,3,D0039,36,22480,User02|22480|S0036,not_applicable,normal,test,1,D0039 20:08:23,D0040 04:38:23,10201
v1.0,v1.0_personalization,User02,3,D0039,36,22482,User02|22482|S0039,not_applicable,p1_response_shift,test,1,D0039 21:56:31,D0040 08:26:28,12001
v1.0,v1.0_personalization,User02,3,D0040,37,22480,User02|22480|S0037,not_applicable,normal,test,1,D0040 20:02:48,D0041 06:32:47,12601
v1.0,v1.0_personalization,User02,3,D0040,37,22482,User02|22482|S0040,not_applicable,p1_response_shift,test,1,D0040 20:55:29,D0041 07:55:31,13202
v1.0,v1.0_personalization,User02,3,D0041,38,22480,User02|22480|S0038,not_applicable,normal,test,1,D0041 18:46:19,D0042 01:16:19,7801
v1.0,v1.0_personalization,User02,3,D0041,38,22482,User02|22482|S0041,not_applicable,p1_response_shift,test,1,D0041 23:50:12,D0042 07:19:54,8999
v1.0,v1.0_personalization,User02,3,D0042,39,22480,User02|22480|S0039,not_applicable,normal,test,1,D0042 21:12:30,D0043 02:12:27,6000
v1.0,v1.0_personalization,User02,3,D0042,39,22482,User02|22482|S0042,not_applicable,p1_response_shift,test,1,D0042 21:36:24,D0043 07:36:22,11966
v1.0,v1.0_personalization,User02,3,D0042,39,22482,User02|22482|S0043,not_applicable,p1_response_shift,test,1,D0043 08:07:40,D0043 08:36:23,580
v1.0,v1.0_personalization,User02,3,D0043,40,22480,User02|22480|S0040,not_applicable,normal,test,1,D0043 19:29:25,D0044 01:59:24,7801
v1.0,v1.0_personalization,User02,3,D0043,40,22482,User02|22482|S0044,not_applicable,p1_response_shift,test,1,D0043 23:12:55,D0044 01:44:06,3021
v1.0,v1.0_personalization,User02,3,D0043,40,22482,User02|22482|S0045,not_applicable,p1_response_shift,test,1,D0044 08:09:03,D0044 09:39:01,1800
v1.0,v1.0_personalization,User02,3,D0044,41,22482,User02|22482|S0046,not_applicable,p1_response_shift,test,1,D0044 15:48:08,D0044 16:48:02,1200
v1.0,v1.0_personalization,User02,3,D0044,41,22482,User02|22482|S0047,not_applicable,p1_response_shift,test,1,D0044 20:56:34,D0045 06:56:35,12002
v1.0,v1.0_personalization,User02,3,D0044,41,22480,User02|22480|S0041,not_applicable,normal,test,1,D0045 00:34:39,D0045 07:04:37,7801
v1.0,v1.0_personalization,User02,3,D0045,42,22480,User02|22480|S0042,not_applicable,normal,test,1,D0045 15:35:43,D0045 16:05:39,600
v1.0,v1.0_personalization,User02,3,D0045,42,22480,User02|22480|S0043,not_applicable,normal,test,1,D0045 17:11:45,D0045 17:41:43,600
v1.0,v1.0_personalization,User02,3,D0045,42,22480,User02|22480|S0044,not_applicable,normal,test,1,D0045 18:59:00,D0046 00:58:59,7201
v1.0,v1.0_personalization,User02,3,D0045,42,22482,User02|22482|S0048,not_applicable,p1_response_shift,test,1,D0045 23:57:52,D0046 06:57:50,8401
v1.0,v1.0_personalization,User02,3,D0046,43,22482,User02|22482|S0049,not_applicable,p1_response_shift,test,1,D0046 18:12:26,D0047 07:42:33,15603
v1.0,v1.0_personalization,User02,3,D0046,43,22480,User02|22480|S0045,not_applicable,normal,test,1,D0046 20:05:55,D0047 01:05:54,6001
v1.0,v1.0_personalization,User02,3,D0047,44,22480,User02|22480|S0046,not_applicable,normal,test,1,D0047 19:11:17,D0048 01:11:17,7201
v1.0,v1.0_personalization,User02,3,D0047,44,22482,User02|22482|S0050,not_applicable,p1_response_shift,test,1,D0047 21:42:36,D0048 07:12:36,11401
v1.0,v1.0_personalization,User02,3,D0048,45,22480,User02|22480|S0047,not_applicable,normal,test,1,D0048 21:41:07,D0049 01:11:05,4201
v1.0,v1.0_personalization,User02,3,D0048,45,22482,User02|22482|S0051,not_applicable,p1_response_shift,test,1,D0048 22:47:44,D0049 08:17:45,10802
v1.0,v1.0_personalization,User02,3,D0049,46,22482,User02|22482|S0052,not_applicable,p1_response_shift,test,1,D0049 22:28:56,D0050 08:30:41,12002
v1.0,v1.0_personalization,User02,3,D0050,47,22482,User02|22482|S0053,not_applicable,p1_response_shift,test,1,D0050 14:21:51,D0050 15:21:48,1200
v1.0,v1.0_personalization,User02,3,D0050,47,22482,User02|22482|S0054,not_applicable,p1_response_shift,test,1,D0050 22:54:34,D0051 06:54:35,9602
v1.0,v1.0_personalization,User02,3,D0051,48,22482,User02|22482|S0055,not_applicable,p1_response_shift,test,1,D0051 22:22:18,D0052 07:52:32,10806
v1.0,v1.0_personalization,User02,3,D0052,49,22482,User02|22482|S0056,not_applicable,p1_response_shift,test,1,D0052 21:21:17,D0053 08:21:21,12603
v1.0,v1.0_personalization,User02,3,D0053,50,22482,User02|22482|S0057,not_applicable,p1_response_shift,test,1,D0053 19:31:37,D0054 08:01:42,15003
v1.0,v1.0_personalization,User02,3,D0054,51,22482,User02|22482|S0058,not_applicable,p1_response_shift,test,1,D0054 22:20:19,D0055 06:20:19,9602
v1.0,v1.0_personalization,User02,7,D0001,1,22482,User02|22482|S0001,not_applicable,normal,adaptation,0,D0001 19:41:56,D0002 06:41:59,13110
v1.0,v1.0_personalization,User02,7,D0001,1,22480,User02|22480|S0001,not_applicable,normal,adaptation,0,D0001 19:54:06,D0002 04:54:08,10802
v1.0,v1.0_personalization,User02,7,D0002,2,22480,User02|22480|S0002,not_applicable,normal,adaptation,0,D0002 20:09:27,D0003 06:09:30,12002
v1.0,v1.0_personalization,User02,7,D0002,2,22482,User02|22482|S0002,not_applicable,normal,adaptation,0,D0002 20:49:35,D0003 06:49:35,12002
v1.0,v1.0_personalization,User02,7,D0003,3,22480,User02|22480|S0003,not_applicable,normal,adaptation,0,D0003 20:40:29,D0004 06:10:26,11401
v1.0,v1.0_personalization,User02,7,D0003,3,22482,User02|22482|S0003,not_applicable,normal,adaptation,0,D0003 20:42:12,D0004 06:12:21,11405
v1.0,v1.0_personalization,User02,7,D0004,4,22482,User02|22482|S0004,not_applicable,normal,adaptation,0,D0004 20:48:13,D0005 07:48:15,13202
v1.0,v1.0_personalization,User02,7,D0004,4,22480,User02|22480|S0004,not_applicable,normal,adaptation,0,D0004 21:52:03,D0005 06:22:03,10201
v1.0,v1.0_personalization,User02,7,D0005,5,22480,User02|22480|S0005,not_applicable,normal,adaptation,0,D0005 19:58:12,D0006 06:28:09,12601
v1.0,v1.0_personalization,User02,7,D0005,5,22482,User02|22482|S0005,not_applicable,normal,adaptation,0,D0005 22:26:47,D0006 07:51:19,9601
v1.0,v1.0_personalization,User02,7,D0006,6,22480,User02|22480|S0006,not_applicable,normal,adaptation,0,D0006 18:44:52,D0007 06:44:55,14402
v1.0,v1.0_personalization,User02,7,D0006,6,22482,User02|22482|S0006,not_applicable,normal,adaptation,0,D0006 19:21:45,D0007 05:21:49,12002
v1.0,v1.0_personalization,User02,7,D0008,7,22480,User02|22480|S0007,not_applicable,normal,adaptation,0,D0008 23:43:47,D0009 05:43:44,7201
v1.0,v1.0_personalization,User02,7,D0008,7,22482,User02|22482|S0007,not_applicable,normal,adaptation,0,D0009 00:03:22,D0009 07:03:22,8401
v1.0,v1.0_personalization,User02,7,D0009,8,22482,User02|22482|S0008,not_applicable,normal,buffer,0,D0009 15:55:59,D0009 16:55:53,1200
v1.0,v1.0_personalization,User02,7,D0009,8,22482,User02|22482|S0009,not_applicable,normal,buffer,0,D0009 19:55:34,D0010 08:00:44,13802
v1.0,v1.0_personalization,User02,7,D0009,8,22480,User02|22480|S0008,not_applicable,normal,buffer,0,D0009 20:26:01,D0010 01:26:00,6001
v1.0,v1.0_personalization,User02,7,D0010,9,22480,User02|22480|S0009,not_applicable,normal,test,0,D0010 20:19:23,D0011 01:19:20,6000
v1.0,v1.0_personalization,User02,7,D0010,9,22482,User02|22482|S0010,not_applicable,normal,test,0,D0010 20:19:52,D0011 06:49:56,12603
v1.0,v1.0_personalization,User02,7,D0013,10,22480,User02|22480|S0010,not_applicable,normal,test,0,D0013 20:33:36,D0014 01:33:34,6000
v1.0,v1.0_personalization,User02,7,D0013,10,22482,User02|22482|S0011,not_applicable,normal,test,0,D0013 20:34:09,D0013 20:57:24,467
v1.0,v1.0_personalization,User02,7,D0013,10,22482,User02|22482|S0012,not_applicable,normal,test,0,D0013 21:40:56,D0014 10:11:00,15003
v1.0,v1.0_personalization,User02,7,D0014,11,22480,User02|22480|S0011,not_applicable,normal,test,0,D0014 20:30:44,D0015 01:30:41,6000
v1.0,v1.0_personalization,User02,7,D0014,11,22482,User02|22482|S0013,not_applicable,normal,test,0,D0014 21:22:27,D0015 07:52:29,12603
v1.0,v1.0_personalization,User02,7,D0015,12,22480,User02|22480|S0012,not_applicable,normal,test,0,D0015 19:39:09,D0016 01:39:11,7201
v1.0,v1.0_personalization,User02,7,D0015,12,22482,User02|22482|S0014,not_applicable,normal,test,0,D0015 20:18:10,D0016 06:48:12,12547
v1.0,v1.0_personalization,User02,7,D0016,13,22480,User02|22480|S0013,not_applicable,normal,test,0,D0016 20:02:24,D0017 05:32:30,11403
v1.0,v1.0_personalization,User02,7,D0016,13,22482,User02|22482|S0015,not_applicable,normal,test,0,D0016 20:08:54,D0017 07:38:57,13802
v1.0,v1.0_personalization,User02,7,D0017,14,22482,User02|22482|S0016,not_applicable,normal,test,0,D0017 15:07:10,D0017 15:37:05,600
v1.0,v1.0_personalization,User02,7,D0017,14,22480,User02|22480|S0014,not_applicable,normal,test,0,D0017 19:19:09,D0018 05:49:12,12603
v1.0,v1.0_personalization,User02,7,D0017,14,22482,User02|22482|S0017,not_applicable,normal,test,0,D0017 20:57:20,D0018 07:57:28,12604
v1.0,v1.0_personalization,User02,7,D0018,15,22480,User02|22480|S0015,not_applicable,normal,test,0,D0018 20:50:57,D0019 06:21:00,11403
v1.0,v1.0_personalization,User02,7,D0018,15,22482,User02|22482|S0018,not_applicable,normal,test,0,D0018 21:33:26,D0019 08:03:30,11402
v1.0,v1.0_personalization,User02,7,D0019,16,22480,User02|22480|S0016,not_applicable,normal,test,1,D0019 20:03:06,D0020 01:33:07,6601
v1.0,v1.0_personalization,User02,7,D0019,16,22482,User02|22482|S0019,not_applicable,normal,test,1,D0019 21:57:56,D0020 06:28:03,10204
v1.0,v1.0_personalization,User02,7,D0020,17,22480,User02|22480|S0017,not_applicable,normal,test,1,D0020 19:45:26,D0021 06:15:26,12602
v1.0,v1.0_personalization,User02,7,D0020,17,22482,User02|22482|S0020,not_applicable,normal,test,1,D0020 21:14:56,D0021 07:41:51,12002
v1.0,v1.0_personalization,User02,7,D0021,18,22480,User02|22480|S0018,not_applicable,normal,test,1,D0021 18:59:41,D0022 00:59:50,7204
v1.0,v1.0_personalization,User02,7,D0021,18,22482,User02|22482|S0021,not_applicable,normal,test,1,D0021 21:37:31,D0022 08:37:32,13202
v1.0,v1.0_personalization,User02,7,D0022,19,22480,User02|22480|S0019,not_applicable,normal,test,1,D0022 19:30:15,D0023 07:00:17,13802
v1.0,v1.0_personalization,User02,7,D0022,19,22482,User02|22482|S0022,not_applicable,normal,test,1,D0022 21:45:56,D0023 07:15:58,11402
v1.0,v1.0_personalization,User02,7,D0023,20,22480,User02|22480|S0020,not_applicable,normal,test,1,D0023 20:07:11,D0024 01:07:11,6002
v1.0,v1.0_personalization,User02,7,D0023,20,22482,User02|22482|S0023,not_applicable,normal,test,1,D0023 20:38:42,D0024 07:38:57,12523
v1.0,v1.0_personalization,User02,7,D0024,21,22480,User02|22480|S0021,not_applicable,normal,test,1,D0024 19:52:01,D0025 01:21:58,6600
v1.0,v1.0_personalization,User02,7,D0024,21,22482,User02|22482|S0024,not_applicable,normal,test,1,D0024 21:18:22,D0025 07:48:23,12602
v1.0,v1.0_personalization,User02,7,D0025,22,22480,User02|22480|S0022,not_applicable,normal,test,1,D0025 20:06:13,D0026 01:36:17,6602
v1.0,v1.0_personalization,User02,7,D0025,22,22482,User02|22482|S0025,not_applicable,normal,test,1,D0025 21:51:16,D0026 10:21:16,13802
v1.0,v1.0_personalization,User02,7,D0026,23,22480,User02|22480|S0023,not_applicable,normal,test,1,D0026 19:30:24,D0027 06:00:27,12603
v1.0,v1.0_personalization,User02,7,D0026,23,22482,User02|22482|S0026,not_applicable,normal,test,1,D0026 21:17:53,D0027 08:47:58,13803
v1.0,v1.0_personalization,User02,7,D0027,24,22480,User02|22480|S0024,not_applicable,normal,test,1,D0027 20:08:07,D0028 05:38:11,11403
v1.0,v1.0_personalization,User02,7,D0027,24,22482,User02|22482|S0027,not_applicable,normal,test,1,D0027 21:56:29,D0028 09:56:33,14403
v1.0,v1.0_personalization,User02,7,D0028,25,22480,User02|22480|S0025,not_applicable,normal,test,1,D0028 20:10:59,D0029 06:11:02,12002
v1.0,v1.0_personalization,User02,7,D0028,25,22482,User02|22482|S0028,not_applicable,normal,test,1,D0029 00:57:21,D0029 08:57:20,9601
v1.0,v1.0_personalization,User02,7,D0029,26,22482,User02|22482|S0029,not_applicable,normal,test,1,D0029 12:22:38,D0029 15:22:36,3601
v1.0,v1.0_personalization,User02,7,D0029,26,22480,User02|22480|S0026,not_applicable,normal,test,1,D0029 20:25:13,D0030 05:55:16,11402
v1.0,v1.0_personalization,User02,7,D0029,26,22482,User02|22482|S0030,not_applicable,normal,test,1,D0029 20:43:46,D0030 07:13:46,12602
v1.0,v1.0_personalization,User02,7,D0030,27,22480,User02|22480|S0027,not_applicable,normal,test,1,D0030 19:17:12,D0031 01:17:19,7203
v1.0,v1.0_personalization,User02,7,D0030,27,22482,User02|22482|S0031,not_applicable,normal,test,1,D0030 23:21:46,D0031 08:21:48,9602
v1.0,v1.0_personalization,User02,7,D0031,28,22480,User02|22480|S0028,not_applicable,normal,test,1,D0031 19:24:14,D0032 01:24:09,7200
v1.0,v1.0_personalization,User02,7,D0031,28,22482,User02|22482|S0032,not_applicable,normal,test,1,D0031 21:26:10,D0032 08:56:10,12002
v1.0,v1.0_personalization,User02,7,D0032,29,22480,User02|22480|S0029,not_applicable,normal,test,1,D0032 19:34:40,D0033 01:04:40,6601
v1.0,v1.0_personalization,User02,7,D0032,29,22482,User02|22482|S0033,not_applicable,p1_transition,test,1,D0032 19:58:23,D0033 09:58:32,16804
v1.0,v1.0_personalization,User02,7,D0033,30,22480,User02|22480|S0030,not_applicable,normal,test,1,D0033 19:53:35,D0034 06:53:36,13202
v1.0,v1.0_personalization,User02,7,D0033,30,22482,User02|22482|S0034,not_applicable,p1_response_shift,test,1,D0033 21:37:33,D0034 07:07:33,11402
v1.0,v1.0_personalization,User02,7,D0034,31,22480,User02|22480|S0031,not_applicable,normal,test,1,D0034 18:53:11,D0035 00:53:11,7202
v1.0,v1.0_personalization,User02,7,D0034,31,22482,User02|22482|S0035,not_applicable,p1_response_shift,test,1,D0034 21:27:39,D0035 05:27:47,9603
v1.0,v1.0_personalization,User02,7,D0035,32,22480,User02|22480|S0032,not_applicable,normal,test,1,D0035 19:42:49,D0036 01:12:49,6601
v1.0,v1.0_personalization,User02,7,D0035,32,22482,User02|22482|S0036,not_applicable,p1_response_shift,test,1,D0035 21:59:57,D0036 08:30:03,12603
v1.0,v1.0_personalization,User02,7,D0036,33,22482,User02|22482|S0037,not_applicable,p1_response_shift,test,1,D0036 20:05:56,D0037 06:35:55,12601
v1.0,v1.0_personalization,User02,7,D0036,33,22480,User02|22480|S0033,not_applicable,normal,test,1,D0036 21:58:13,D0037 02:28:12,5401
v1.0,v1.0_personalization,User02,7,D0037,34,22480,User02|22480|S0034,not_applicable,normal,test,1,D0037 19:04:50,D0038 02:04:47,8401
v1.0,v1.0_personalization,User02,7,D0038,35,22480,User02|22480|S0035,not_applicable,normal,test,1,D0038 19:59:31,D0039 01:29:28,6600
v1.0,v1.0_personalization,User02,7,D0038,35,22482,User02|22482|S0038,not_applicable,p1_response_shift,test,1,D0039 06:39:36,D0039 08:09:32,1800
v1.0,v1.0_personalization,User02,7,D0039,36,22480,User02|22480|S0036,not_applicable,normal,test,1,D0039 20:08:23,D0040 04:38:23,10201
v1.0,v1.0_personalization,User02,7,D0039,36,22482,User02|22482|S0039,not_applicable,p1_response_shift,test,1,D0039 21:56:31,D0040 08:26:28,12001
v1.0,v1.0_personalization,User02,7,D0040,37,22480,User02|22480|S0037,not_applicable,normal,test,1,D0040 20:02:48,D0041 06:32:47,12601
v1.0,v1.0_personalization,User02,7,D0040,37,22482,User02|22482|S0040,not_applicable,p1_response_shift,test,1,D0040 20:55:29,D0041 07:55:31,13202
v1.0,v1.0_personalization,User02,7,D0041,38,22480,User02|22480|S0038,not_applicable,normal,test,1,D0041 18:46:19,D0042 01:16:19,7801
v1.0,v1.0_personalization,User02,7,D0041,38,22482,User02|22482|S0041,not_applicable,p1_response_shift,test,1,D0041 23:50:12,D0042 07:19:54,8999
v1.0,v1.0_personalization,User02,7,D0042,39,22480,User02|22480|S0039,not_applicable,normal,test,1,D0042 21:12:30,D0043 02:12:27,6000
v1.0,v1.0_personalization,User02,7,D0042,39,22482,User02|22482|S0042,not_applicable,p1_response_shift,test,1,D0042 21:36:24,D0043 07:36:22,11966
v1.0,v1.0_personalization,User02,7,D0042,39,22482,User02|22482|S0043,not_applicable,p1_response_shift,test,1,D0043 08:07:40,D0043 08:36:23,580
v1.0,v1.0_personalization,User02,7,D0043,40,22480,User02|22480|S0040,not_applicable,normal,test,1,D0043 19:29:25,D0044 01:59:24,7801
v1.0,v1.0_personalization,User02,7,D0043,40,22482,User02|22482|S0044,not_applicable,p1_response_shift,test,1,D0043 23:12:55,D0044 01:44:06,3021
v1.0,v1.0_personalization,User02,7,D0043,40,22482,User02|22482|S0045,not_applicable,p1_response_shift,test,1,D0044 08:09:03,D0044 09:39:01,1800
v1.0,v1.0_personalization,User02,7,D0044,41,22482,User02|22482|S0046,not_applicable,p1_response_shift,test,1,D0044 15:48:08,D0044 16:48:02,1200
v1.0,v1.0_personalization,User02,7,D0044,41,22482,User02|22482|S0047,not_applicable,p1_response_shift,test,1,D0044 20:56:34,D0045 06:56:35,12002
v1.0,v1.0_personalization,User02,7,D0044,41,22480,User02|22480|S0041,not_applicable,normal,test,1,D0045 00:34:39,D0045 07:04:37,7801
v1.0,v1.0_personalization,User02,7,D0045,42,22480,User02|22480|S0042,not_applicable,normal,test,1,D0045 15:35:43,D0045 16:05:39,600
v1.0,v1.0_personalization,User02,7,D0045,42,22480,User02|22480|S0043,not_applicable,normal,test,1,D0045 17:11:45,D0045 17:41:43,600
v1.0,v1.0_personalization,User02,7,D0045,42,22480,User02|22480|S0044,not_applicable,normal,test,1,D0045 18:59:00,D0046 00:58:59,7201
v1.0,v1.0_personalization,User02,7,D0045,42,22482,User02|22482|S0048,not_applicable,p1_response_shift,test,1,D0045 23:57:52,D0046 06:57:50,8401
v1.0,v1.0_personalization,User02,7,D0046,43,22482,User02|22482|S0049,not_applicable,p1_response_shift,test,1,D0046 18:12:26,D0047 07:42:33,15603
v1.0,v1.0_personalization,User02,7,D0046,43,22480,User02|22480|S0045,not_applicable,normal,test,1,D0046 20:05:55,D0047 01:05:54,6001
v1.0,v1.0_personalization,User02,7,D0047,44,22480,User02|22480|S0046,not_applicable,normal,test,1,D0047 19:11:17,D0048 01:11:17,7201
v1.0,v1.0_personalization,User02,7,D0047,44,22482,User02|22482|S0050,not_applicable,p1_response_shift,test,1,D0047 21:42:36,D0048 07:12:36,11401
v1.0,v1.0_personalization,User02,7,D0048,45,22480,User02|22480|S0047,not_applicable,normal,test,1,D0048 21:41:07,D0049 01:11:05,4201
v1.0,v1.0_personalization,User02,7,D0048,45,22482,User02|22482|S0051,not_applicable,p1_response_shift,test,1,D0048 22:47:44,D0049 08:17:45,10802
v1.0,v1.0_personalization,User02,7,D0049,46,22482,User02|22482|S0052,not_applicable,p1_response_shift,test,1,D0049 22:28:56,D0050 08:30:41,12002
v1.0,v1.0_personalization,User02,7,D0050,47,22482,User02|22482|S0053,not_applicable,p1_response_shift,test,1,D0050 14:21:51,D0050 15:21:48,1200
v1.0,v1.0_personalization,User02,7,D0050,47,22482,User02|22482|S0054,not_applicable,p1_response_shift,test,1,D0050 22:54:34,D0051 06:54:35,9602
v1.0,v1.0_personalization,User02,7,D0051,48,22482,User02|22482|S0055,not_applicable,p1_response_shift,test,1,D0051 22:22:18,D0052 07:52:32,10806
v1.0,v1.0_personalization,User02,7,D0052,49,22482,User02|22482|S0056,not_applicable,p1_response_shift,test,1,D0052 21:21:17,D0053 08:21:21,12603
v1.0,v1.0_personalization,User02,7,D0053,50,22482,User02|22482|S0057,not_applicable,p1_response_shift,test,1,D0053 19:31:37,D0054 08:01:42,15003
v1.0,v1.0_personalization,User02,7,D0054,51,22482,User02|22482|S0058,not_applicable,p1_response_shift,test,1,D0054 22:20:19,D0055 06:20:19,9602
v1.0,v1.0_personalization,User02,14,D0001,1,22482,User02|22482|S0001,not_applicable,normal,adaptation,0,D0001 19:41:56,D0002 06:41:59,13110
v1.0,v1.0_personalization,User02,14,D0001,1,22480,User02|22480|S0001,not_applicable,normal,adaptation,0,D0001 19:54:06,D0002 04:54:08,10802
v1.0,v1.0_personalization,User02,14,D0002,2,22480,User02|22480|S0002,not_applicable,normal,adaptation,0,D0002 20:09:27,D0003 06:09:30,12002
v1.0,v1.0_personalization,User02,14,D0002,2,22482,User02|22482|S0002,not_applicable,normal,adaptation,0,D0002 20:49:35,D0003 06:49:35,12002
v1.0,v1.0_personalization,User02,14,D0003,3,22480,User02|22480|S0003,not_applicable,normal,adaptation,0,D0003 20:40:29,D0004 06:10:26,11401
v1.0,v1.0_personalization,User02,14,D0003,3,22482,User02|22482|S0003,not_applicable,normal,adaptation,0,D0003 20:42:12,D0004 06:12:21,11405
v1.0,v1.0_personalization,User02,14,D0004,4,22482,User02|22482|S0004,not_applicable,normal,adaptation,0,D0004 20:48:13,D0005 07:48:15,13202
v1.0,v1.0_personalization,User02,14,D0004,4,22480,User02|22480|S0004,not_applicable,normal,adaptation,0,D0004 21:52:03,D0005 06:22:03,10201
v1.0,v1.0_personalization,User02,14,D0005,5,22480,User02|22480|S0005,not_applicable,normal,adaptation,0,D0005 19:58:12,D0006 06:28:09,12601
v1.0,v1.0_personalization,User02,14,D0005,5,22482,User02|22482|S0005,not_applicable,normal,adaptation,0,D0005 22:26:47,D0006 07:51:19,9601
v1.0,v1.0_personalization,User02,14,D0006,6,22480,User02|22480|S0006,not_applicable,normal,adaptation,0,D0006 18:44:52,D0007 06:44:55,14402
v1.0,v1.0_personalization,User02,14,D0006,6,22482,User02|22482|S0006,not_applicable,normal,adaptation,0,D0006 19:21:45,D0007 05:21:49,12002
v1.0,v1.0_personalization,User02,14,D0008,7,22480,User02|22480|S0007,not_applicable,normal,adaptation,0,D0008 23:43:47,D0009 05:43:44,7201
v1.0,v1.0_personalization,User02,14,D0008,7,22482,User02|22482|S0007,not_applicable,normal,adaptation,0,D0009 00:03:22,D0009 07:03:22,8401
v1.0,v1.0_personalization,User02,14,D0009,8,22482,User02|22482|S0008,not_applicable,normal,adaptation,0,D0009 15:55:59,D0009 16:55:53,1200
v1.0,v1.0_personalization,User02,14,D0009,8,22482,User02|22482|S0009,not_applicable,normal,adaptation,0,D0009 19:55:34,D0010 08:00:44,13802
v1.0,v1.0_personalization,User02,14,D0009,8,22480,User02|22480|S0008,not_applicable,normal,adaptation,0,D0009 20:26:01,D0010 01:26:00,6001
v1.0,v1.0_personalization,User02,14,D0010,9,22480,User02|22480|S0009,not_applicable,normal,adaptation,0,D0010 20:19:23,D0011 01:19:20,6000
v1.0,v1.0_personalization,User02,14,D0010,9,22482,User02|22482|S0010,not_applicable,normal,adaptation,0,D0010 20:19:52,D0011 06:49:56,12603
v1.0,v1.0_personalization,User02,14,D0013,10,22480,User02|22480|S0010,not_applicable,normal,adaptation,0,D0013 20:33:36,D0014 01:33:34,6000
v1.0,v1.0_personalization,User02,14,D0013,10,22482,User02|22482|S0011,not_applicable,normal,adaptation,0,D0013 20:34:09,D0013 20:57:24,467
v1.0,v1.0_personalization,User02,14,D0013,10,22482,User02|22482|S0012,not_applicable,normal,adaptation,0,D0013 21:40:56,D0014 10:11:00,15003
v1.0,v1.0_personalization,User02,14,D0014,11,22480,User02|22480|S0011,not_applicable,normal,adaptation,0,D0014 20:30:44,D0015 01:30:41,6000
v1.0,v1.0_personalization,User02,14,D0014,11,22482,User02|22482|S0013,not_applicable,normal,adaptation,0,D0014 21:22:27,D0015 07:52:29,12603
v1.0,v1.0_personalization,User02,14,D0015,12,22480,User02|22480|S0012,not_applicable,normal,adaptation,0,D0015 19:39:09,D0016 01:39:11,7201
v1.0,v1.0_personalization,User02,14,D0015,12,22482,User02|22482|S0014,not_applicable,normal,adaptation,0,D0015 20:18:10,D0016 06:48:12,12547
v1.0,v1.0_personalization,User02,14,D0016,13,22480,User02|22480|S0013,not_applicable,normal,adaptation,0,D0016 20:02:24,D0017 05:32:30,11403
v1.0,v1.0_personalization,User02,14,D0016,13,22482,User02|22482|S0015,not_applicable,normal,adaptation,0,D0016 20:08:54,D0017 07:38:57,13802
v1.0,v1.0_personalization,User02,14,D0017,14,22482,User02|22482|S0016,not_applicable,normal,adaptation,0,D0017 15:07:10,D0017 15:37:05,600
v1.0,v1.0_personalization,User02,14,D0017,14,22480,User02|22480|S0014,not_applicable,normal,adaptation,0,D0017 19:19:09,D0018 05:49:12,12603
v1.0,v1.0_personalization,User02,14,D0017,14,22482,User02|22482|S0017,not_applicable,normal,adaptation,0,D0017 20:57:20,D0018 07:57:28,12604
v1.0,v1.0_personalization,User02,14,D0018,15,22480,User02|22480|S0015,not_applicable,normal,buffer,0,D0018 20:50:57,D0019 06:21:00,11403
v1.0,v1.0_personalization,User02,14,D0018,15,22482,User02|22482|S0018,not_applicable,normal,buffer,0,D0018 21:33:26,D0019 08:03:30,11402
v1.0,v1.0_personalization,User02,14,D0019,16,22480,User02|22480|S0016,not_applicable,normal,test,1,D0019 20:03:06,D0020 01:33:07,6601
v1.0,v1.0_personalization,User02,14,D0019,16,22482,User02|22482|S0019,not_applicable,normal,test,1,D0019 21:57:56,D0020 06:28:03,10204
v1.0,v1.0_personalization,User02,14,D0020,17,22480,User02|22480|S0017,not_applicable,normal,test,1,D0020 19:45:26,D0021 06:15:26,12602
v1.0,v1.0_personalization,User02,14,D0020,17,22482,User02|22482|S0020,not_applicable,normal,test,1,D0020 21:14:56,D0021 07:41:51,12002
v1.0,v1.0_personalization,User02,14,D0021,18,22480,User02|22480|S0018,not_applicable,normal,test,1,D0021 18:59:41,D0022 00:59:50,7204
v1.0,v1.0_personalization,User02,14,D0021,18,22482,User02|22482|S0021,not_applicable,normal,test,1,D0021 21:37:31,D0022 08:37:32,13202
v1.0,v1.0_personalization,User02,14,D0022,19,22480,User02|22480|S0019,not_applicable,normal,test,1,D0022 19:30:15,D0023 07:00:17,13802
v1.0,v1.0_personalization,User02,14,D0022,19,22482,User02|22482|S0022,not_applicable,normal,test,1,D0022 21:45:56,D0023 07:15:58,11402
v1.0,v1.0_personalization,User02,14,D0023,20,22480,User02|22480|S0020,not_applicable,normal,test,1,D0023 20:07:11,D0024 01:07:11,6002
v1.0,v1.0_personalization,User02,14,D0023,20,22482,User02|22482|S0023,not_applicable,normal,test,1,D0023 20:38:42,D0024 07:38:57,12523
v1.0,v1.0_personalization,User02,14,D0024,21,22480,User02|22480|S0021,not_applicable,normal,test,1,D0024 19:52:01,D0025 01:21:58,6600
v1.0,v1.0_personalization,User02,14,D0024,21,22482,User02|22482|S0024,not_applicable,normal,test,1,D0024 21:18:22,D0025 07:48:23,12602
v1.0,v1.0_personalization,User02,14,D0025,22,22480,User02|22480|S0022,not_applicable,normal,test,1,D0025 20:06:13,D0026 01:36:17,6602
v1.0,v1.0_personalization,User02,14,D0025,22,22482,User02|22482|S0025,not_applicable,normal,test,1,D0025 21:51:16,D0026 10:21:16,13802
v1.0,v1.0_personalization,User02,14,D0026,23,22480,User02|22480|S0023,not_applicable,normal,test,1,D0026 19:30:24,D0027 06:00:27,12603
v1.0,v1.0_personalization,User02,14,D0026,23,22482,User02|22482|S0026,not_applicable,normal,test,1,D0026 21:17:53,D0027 08:47:58,13803
v1.0,v1.0_personalization,User02,14,D0027,24,22480,User02|22480|S0024,not_applicable,normal,test,1,D0027 20:08:07,D0028 05:38:11,11403
v1.0,v1.0_personalization,User02,14,D0027,24,22482,User02|22482|S0027,not_applicable,normal,test,1,D0027 21:56:29,D0028 09:56:33,14403
v1.0,v1.0_personalization,User02,14,D0028,25,22480,User02|22480|S0025,not_applicable,normal,test,1,D0028 20:10:59,D0029 06:11:02,12002
v1.0,v1.0_personalization,User02,14,D0028,25,22482,User02|22482|S0028,not_applicable,normal,test,1,D0029 00:57:21,D0029 08:57:20,9601
v1.0,v1.0_personalization,User02,14,D0029,26,22482,User02|22482|S0029,not_applicable,normal,test,1,D0029 12:22:38,D0029 15:22:36,3601
v1.0,v1.0_personalization,User02,14,D0029,26,22480,User02|22480|S0026,not_applicable,normal,test,1,D0029 20:25:13,D0030 05:55:16,11402
v1.0,v1.0_personalization,User02,14,D0029,26,22482,User02|22482|S0030,not_applicable,normal,test,1,D0029 20:43:46,D0030 07:13:46,12602
v1.0,v1.0_personalization,User02,14,D0030,27,22480,User02|22480|S0027,not_applicable,normal,test,1,D0030 19:17:12,D0031 01:17:19,7203
v1.0,v1.0_personalization,User02,14,D0030,27,22482,User02|22482|S0031,not_applicable,normal,test,1,D0030 23:21:46,D0031 08:21:48,9602
v1.0,v1.0_personalization,User02,14,D0031,28,22480,User02|22480|S0028,not_applicable,normal,test,1,D0031 19:24:14,D0032 01:24:09,7200
v1.0,v1.0_personalization,User02,14,D0031,28,22482,User02|22482|S0032,not_applicable,normal,test,1,D0031 21:26:10,D0032 08:56:10,12002
v1.0,v1.0_personalization,User02,14,D0032,29,22480,User02|22480|S0029,not_applicable,normal,test,1,D0032 19:34:40,D0033 01:04:40,6601
v1.0,v1.0_personalization,User02,14,D0032,29,22482,User02|22482|S0033,not_applicable,p1_transition,test,1,D0032 19:58:23,D0033 09:58:32,16804
v1.0,v1.0_personalization,User02,14,D0033,30,22480,User02|22480|S0030,not_applicable,normal,test,1,D0033 19:53:35,D0034 06:53:36,13202
v1.0,v1.0_personalization,User02,14,D0033,30,22482,User02|22482|S0034,not_applicable,p1_response_shift,test,1,D0033 21:37:33,D0034 07:07:33,11402
v1.0,v1.0_personalization,User02,14,D0034,31,22480,User02|22480|S0031,not_applicable,normal,test,1,D0034 18:53:11,D0035 00:53:11,7202
v1.0,v1.0_personalization,User02,14,D0034,31,22482,User02|22482|S0035,not_applicable,p1_response_shift,test,1,D0034 21:27:39,D0035 05:27:47,9603
v1.0,v1.0_personalization,User02,14,D0035,32,22480,User02|22480|S0032,not_applicable,normal,test,1,D0035 19:42:49,D0036 01:12:49,6601
v1.0,v1.0_personalization,User02,14,D0035,32,22482,User02|22482|S0036,not_applicable,p1_response_shift,test,1,D0035 21:59:57,D0036 08:30:03,12603
v1.0,v1.0_personalization,User02,14,D0036,33,22482,User02|22482|S0037,not_applicable,p1_response_shift,test,1,D0036 20:05:56,D0037 06:35:55,12601
v1.0,v1.0_personalization,User02,14,D0036,33,22480,User02|22480|S0033,not_applicable,normal,test,1,D0036 21:58:13,D0037 02:28:12,5401
v1.0,v1.0_personalization,User02,14,D0037,34,22480,User02|22480|S0034,not_applicable,normal,test,1,D0037 19:04:50,D0038 02:04:47,8401
v1.0,v1.0_personalization,User02,14,D0038,35,22480,User02|22480|S0035,not_applicable,normal,test,1,D0038 19:59:31,D0039 01:29:28,6600
v1.0,v1.0_personalization,User02,14,D0038,35,22482,User02|22482|S0038,not_applicable,p1_response_shift,test,1,D0039 06:39:36,D0039 08:09:32,1800
v1.0,v1.0_personalization,User02,14,D0039,36,22480,User02|22480|S0036,not_applicable,normal,test,1,D0039 20:08:23,D0040 04:38:23,10201
v1.0,v1.0_personalization,User02,14,D0039,36,22482,User02|22482|S0039,not_applicable,p1_response_shift,test,1,D0039 21:56:31,D0040 08:26:28,12001
v1.0,v1.0_personalization,User02,14,D0040,37,22480,User02|22480|S0037,not_applicable,normal,test,1,D0040 20:02:48,D0041 06:32:47,12601
v1.0,v1.0_personalization,User02,14,D0040,37,22482,User02|22482|S0040,not_applicable,p1_response_shift,test,1,D0040 20:55:29,D0041 07:55:31,13202
v1.0,v1.0_personalization,User02,14,D0041,38,22480,User02|22480|S0038,not_applicable,normal,test,1,D0041 18:46:19,D0042 01:16:19,7801
v1.0,v1.0_personalization,User02,14,D0041,38,22482,User02|22482|S0041,not_applicable,p1_response_shift,test,1,D0041 23:50:12,D0042 07:19:54,8999
v1.0,v1.0_personalization,User02,14,D0042,39,22480,User02|22480|S0039,not_applicable,normal,test,1,D0042 21:12:30,D0043 02:12:27,6000
v1.0,v1.0_personalization,User02,14,D0042,39,22482,User02|22482|S0042,not_applicable,p1_response_shift,test,1,D0042 21:36:24,D0043 07:36:22,11966
v1.0,v1.0_personalization,User02,14,D0042,39,22482,User02|22482|S0043,not_applicable,p1_response_shift,test,1,D0043 08:07:40,D0043 08:36:23,580
v1.0,v1.0_personalization,User02,14,D0043,40,22480,User02|22480|S0040,not_applicable,normal,test,1,D0043 19:29:25,D0044 01:59:24,7801
v1.0,v1.0_personalization,User02,14,D0043,40,22482,User02|22482|S0044,not_applicable,p1_response_shift,test,1,D0043 23:12:55,D0044 01:44:06,3021
v1.0,v1.0_personalization,User02,14,D0043,40,22482,User02|22482|S0045,not_applicable,p1_response_shift,test,1,D0044 08:09:03,D0044 09:39:01,1800
v1.0,v1.0_personalization,User02,14,D0044,41,22482,User02|22482|S0046,not_applicable,p1_response_shift,test,1,D0044 15:48:08,D0044 16:48:02,1200
v1.0,v1.0_personalization,User02,14,D0044,41,22482,User02|22482|S0047,not_applicable,p1_response_shift,test,1,D0044 20:56:34,D0045 06:56:35,12002
v1.0,v1.0_personalization,User02,14,D0044,41,22480,User02|22480|S0041,not_applicable,normal,test,1,D0045 00:34:39,D0045 07:04:37,7801
v1.0,v1.0_personalization,User02,14,D0045,42,22480,User02|22480|S0042,not_applicable,normal,test,1,D0045 15:35:43,D0045 16:05:39,600
v1.0,v1.0_personalization,User02,14,D0045,42,22480,User02|22480|S0043,not_applicable,normal,test,1,D0045 17:11:45,D0045 17:41:43,600
v1.0,v1.0_personalization,User02,14,D0045,42,22480,User02|22480|S0044,not_applicable,normal,test,1,D0045 18:59:00,D0046 00:58:59,7201
v1.0,v1.0_personalization,User02,14,D0045,42,22482,User02|22482|S0048,not_applicable,p1_response_shift,test,1,D0045 23:57:52,D0046 06:57:50,8401
v1.0,v1.0_personalization,User02,14,D0046,43,22482,User02|22482|S0049,not_applicable,p1_response_shift,test,1,D0046 18:12:26,D0047 07:42:33,15603
v1.0,v1.0_personalization,User02,14,D0046,43,22480,User02|22480|S0045,not_applicable,normal,test,1,D0046 20:05:55,D0047 01:05:54,6001
v1.0,v1.0_personalization,User02,14,D0047,44,22480,User02|22480|S0046,not_applicable,normal,test,1,D0047 19:11:17,D0048 01:11:17,7201
v1.0,v1.0_personalization,User02,14,D0047,44,22482,User02|22482|S0050,not_applicable,p1_response_shift,test,1,D0047 21:42:36,D0048 07:12:36,11401
v1.0,v1.0_personalization,User02,14,D0048,45,22480,User02|22480|S0047,not_applicable,normal,test,1,D0048 21:41:07,D0049 01:11:05,4201
v1.0,v1.0_personalization,User02,14,D0048,45,22482,User02|22482|S0051,not_applicable,p1_response_shift,test,1,D0048 22:47:44,D0049 08:17:45,10802
v1.0,v1.0_personalization,User02,14,D0049,46,22482,User02|22482|S0052,not_applicable,p1_response_shift,test,1,D0049 22:28:56,D0050 08:30:41,12002
v1.0,v1.0_personalization,User02,14,D0050,47,22482,User02|22482|S0053,not_applicable,p1_response_shift,test,1,D0050 14:21:51,D0050 15:21:48,1200
v1.0,v1.0_personalization,User02,14,D0050,47,22482,User02|22482|S0054,not_applicable,p1_response_shift,test,1,D0050 22:54:34,D0051 06:54:35,9602
v1.0,v1.0_personalization,User02,14,D0051,48,22482,User02|22482|S0055,not_applicable,p1_response_shift,test,1,D0051 22:22:18,D0052 07:52:32,10806
v1.0,v1.0_personalization,User02,14,D0052,49,22482,User02|22482|S0056,not_applicable,p1_response_shift,test,1,D0052 21:21:17,D0053 08:21:21,12603
v1.0,v1.0_personalization,User02,14,D0053,50,22482,User02|22482|S0057,not_applicable,p1_response_shift,test,1,D0053 19:31:37,D0054 08:01:42,15003
v1.0,v1.0_personalization,User02,14,D0054,51,22482,User02|22482|S0058,not_applicable,p1_response_shift,test,1,D0054 22:20:19,D0055 06:20:19,9602
v1.0,v1.0_personalization,User07,0,D0001,1,unknown,User07|unknown|S0001,not_applicable,normal,test,0,D0001 19:00:58,D0002 07:01:03,14403
v1.0,v1.0_personalization,User07,0,D0002,2,unknown,User07|unknown|S0002,not_applicable,normal,test,0,D0002 20:05:22,D0003 06:35:24,12602
v1.0,v1.0_personalization,User07,0,D0003,3,unknown,User07|unknown|S0003,not_applicable,normal,test,0,D0003 19:14:28,D0004 06:14:30,13202
v1.0,v1.0_personalization,User07,0,D0004,4,unknown,User07|unknown|S0004,not_applicable,normal,test,0,D0004 19:36:32,D0005 06:06:36,12603
v1.0,v1.0_personalization,User07,0,D0005,5,unknown,User07|unknown|S0005,not_applicable,normal,test,0,D0005 22:45:45,D0006 05:45:45,8401
v1.0,v1.0_personalization,User07,0,D0006,6,unknown,User07|unknown|S0006,not_applicable,normal,test,0,D0006 20:33:02,D0007 07:03:06,12602
v1.0,v1.0_personalization,User07,0,D0007,7,unknown,User07|unknown|S0007,not_applicable,normal,test,0,D0007 19:36:24,D0008 06:06:27,12602
v1.0,v1.0_personalization,User07,0,D0008,8,unknown,User07|unknown|S0008,not_applicable,normal,test,0,D0008 18:45:10,D0009 06:45:10,14402
v1.0,v1.0_personalization,User07,0,D0009,9,unknown,User07|unknown|S0009,not_applicable,normal,test,0,D0009 20:02:22,D0010 06:02:23,12002
v1.0,v1.0_personalization,User07,0,D0011,10,unknown,User07|unknown|S0010,not_applicable,normal,test,0,D0011 19:41:35,D0012 05:41:38,12002
v1.0,v1.0_personalization,User07,0,D0012,11,unknown,User07|unknown|S0011,not_applicable,normal,test,0,D0012 20:00:39,D0013 06:30:41,12602
v1.0,v1.0_personalization,User07,0,D0013,12,unknown,User07|unknown|S0012,not_applicable,normal,test,0,D0013 20:23:59,D0014 06:24:00,11979
v1.0,v1.0_personalization,User07,0,D0014,13,unknown,User07|unknown|S0013,not_applicable,normal,test,0,D0014 20:10:32,D0015 05:10:34,10802
v1.0,v1.0_personalization,User07,0,D0015,14,unknown,User07|unknown|S0014,not_applicable,normal,test,0,D0015 22:22:52,D0016 02:22:49,4800
v1.0,v1.0_personalization,User07,0,D0015,14,unknown,User07|unknown|S0015,not_applicable,normal,test,0,D0016 06:22:25,D0016 06:22:52,10
v1.0,v1.0_personalization,User07,0,D0016,15,unknown,User07|unknown|S0016,not_applicable,normal,test,0,D0016 19:44:12,D0017 08:14:15,15002
v1.0,v1.0_personalization,User07,0,D0017,16,unknown,User07|unknown|S0017,not_applicable,normal,test,1,D0017 19:13:02,D0018 02:43:03,9002
v1.0,v1.0_personalization,User07,0,D0018,17,unknown,User07|unknown|S0018,not_applicable,normal,test,1,D0018 19:04:04,D0019 06:04:10,13203
v1.0,v1.0_personalization,User07,0,D0019,18,unknown,User07|unknown|S0019,not_applicable,normal,test,1,D0019 18:07:57,D0020 05:38:05,13803
v1.0,v1.0_personalization,User07,0,D0020,19,unknown,User07|unknown|S0020,not_applicable,normal,test,1,D0020 19:21:48,D0021 02:51:54,9004
v1.0,v1.0_personalization,User07,0,D0021,20,unknown,User07|unknown|S0021,not_applicable,normal,test,1,D0021 20:03:41,D0022 02:33:41,7802
v1.0,v1.0_personalization,User07,0,D0022,21,unknown,User07|unknown|S0022,not_applicable,normal,test,1,D0022 18:41:25,D0023 01:41:25,8401
v1.0,v1.0_personalization,User07,0,D0023,22,unknown,User07|unknown|S0023,not_applicable,normal,test,1,D0023 19:28:34,D0024 08:28:37,15602
v1.0,v1.0_personalization,User07,0,D0024,23,unknown,User07|unknown|S0024,not_applicable,normal,test,1,D0024 19:18:05,D0025 03:48:06,10202
v1.0,v1.0_personalization,User07,0,D0025,24,unknown,User07|unknown|S0025,not_applicable,normal,test,1,D0025 19:48:49,D0026 02:18:47,7801
v1.0,v1.0_personalization,User07,0,D0026,25,unknown,User07|unknown|S0026,not_applicable,normal,test,1,D0026 19:37:01,D0027 02:07:00,7801
v1.0,v1.0_personalization,User07,0,D0027,26,unknown,User07|unknown|S0027,not_applicable,normal,test,1,D0027 19:25:09,D0028 02:25:17,8404
v1.0,v1.0_personalization,User07,0,D0028,27,unknown,User07|unknown|S0028,not_applicable,normal,test,1,D0028 20:16:41,D0029 02:16:42,7201
v1.0,v1.0_personalization,User07,0,D0029,28,unknown,User07|unknown|S0029,not_applicable,normal,test,1,D0029 20:04:11,D0030 02:04:11,7201
v1.0,v1.0_personalization,User07,0,D0030,29,unknown,User07|unknown|S0030,not_applicable,normal,test,1,D0030 20:02:55,D0031 06:33:07,12605
v1.0,v1.0_personalization,User07,0,D0031,30,unknown,User07|unknown|S0031,not_applicable,normal,test,1,D0031 18:45:44,D0032 02:45:50,9603
v1.0,v1.0_personalization,User07,0,D0032,31,unknown,User07|unknown|S0032,not_applicable,normal,test,1,D0032 19:33:29,D0033 01:33:30,7201
v1.0,v1.0_personalization,User07,0,D0033,32,unknown,User07|unknown|S0033,not_applicable,normal,test,1,D0033 21:05:52,D0034 02:05:55,6002
v1.0,v1.0_personalization,User07,0,D0034,33,unknown,User07|unknown|S0034,not_applicable,normal,test,1,D0034 19:15:41,D0035 02:15:45,8402
v1.0,v1.0_personalization,User07,0,D0035,34,unknown,User07|unknown|S0035,not_applicable,normal,test,1,D0035 19:13:01,D0036 02:13:00,8401
v1.0,v1.0_personalization,User07,0,D0036,35,unknown,User07|unknown|S0036,not_applicable,normal,test,1,D0037 00:12:07,D0037 02:12:01,2400
v1.0,v1.0_personalization,User07,0,D0037,36,unknown,User07|unknown|S0037,not_applicable,normal,test,1,D0037 18:39:45,D0038 00:39:44,7201
v1.0,v1.0_personalization,User07,0,D0038,37,unknown,User07|unknown|S0038,not_applicable,normal,test,1,D0038 17:52:53,D0039 01:53:02,9604
v1.0,v1.0_personalization,User07,0,D0039,38,unknown,User07|unknown|S0039,not_applicable,normal,test,1,D0039 17:58:32,D0040 05:58:37,14403
v1.0,v1.0_personalization,User07,0,D0040,39,unknown,User07|unknown|S0040,not_applicable,normal,test,1,D0040 20:15:11,D0041 02:15:12,7202
v1.0,v1.0_personalization,User07,0,D0041,40,unknown,User07|unknown|S0041,not_applicable,normal,test,1,D0041 18:56:11,D0042 02:26:11,9002
v1.0,v1.0_personalization,User07,0,D0042,41,unknown,User07|unknown|S0042,not_applicable,normal,test,1,D0042 19:53:15,D0043 02:23:17,7441
v1.0,v1.0_personalization,User07,0,D0043,42,unknown,User07|unknown|S0043,not_applicable,normal,test,1,D0043 18:58:23,D0044 01:28:22,7801
v1.0,v1.0_personalization,User07,0,D0044,43,unknown,User07|unknown|S0044,not_applicable,normal,test,1,D0044 18:18:48,D0045 02:18:52,9602
v1.0,v1.0_personalization,User07,0,D0045,44,unknown,User07|unknown|S0045,not_applicable,normal,test,1,D0045 19:29:13,D0046 02:29:16,8402
v1.0,v1.0_personalization,User07,0,D0046,45,unknown,User07|unknown|S0046,not_applicable,normal,test,1,D0046 18:41:47,D0047 02:41:53,9603
v1.0,v1.0_personalization,User07,0,D0047,46,unknown,User07|unknown|S0047,not_applicable,normal,test,1,D0047 19:54:30,D0048 04:54:31,10802
v1.0,v1.0_personalization,User07,0,D0048,47,unknown,User07|unknown|S0048,not_applicable,normal,test,1,D0048 19:03:51,D0049 05:33:57,12603
v1.0,v1.0_personalization,User07,0,D0049,48,unknown,User07|unknown|S0049,not_applicable,normal,test,1,D0049 21:11:55,D0050 02:11:55,6001
v1.0,v1.0_personalization,User07,0,D0050,49,unknown,User07|unknown|S0050,not_applicable,normal,test,1,D0050 19:25:49,D0051 01:25:52,7202
v1.0,v1.0_personalization,User07,0,D0051,50,unknown,User07|unknown|S0051,not_applicable,normal,test,1,D0051 21:32:30,D0052 01:32:29,4800
v1.0,v1.0_personalization,User07,0,D0052,51,unknown,User07|unknown|S0052,not_applicable,normal,test,1,D0052 18:18:48,D0053 01:18:45,8401
v1.0,v1.0_personalization,User07,0,D0053,52,unknown,User07|unknown|S0053,not_applicable,normal,test,1,D0053 18:54:02,D0054 06:24:09,13804
v1.0,v1.0_personalization,User07,0,D0054,53,unknown,User07|unknown|S0054,not_applicable,normal,test,1,D0054 19:00:28,D0055 06:30:36,13804
v1.0,v1.0_personalization,User07,0,D0055,54,unknown,User07|unknown|S0055,not_applicable,normal,test,1,D0055 18:06:07,D0056 06:36:10,15003
v1.0,v1.0_personalization,User07,0,D0056,55,unknown,User07|unknown|S0056,not_applicable,normal,test,1,D0056 21:20:16,D0057 01:50:13,5401
v1.0,v1.0_personalization,User07,0,D0057,56,unknown,User07|unknown|S0057,not_applicable,normal,test,1,D0057 20:14:17,D0058 01:14:20,6002
v1.0,v1.0_personalization,User07,0,D0058,57,unknown,User07|unknown|S0058,not_applicable,normal,test,1,D0058 19:30:41,D0059 01:00:42,6602
v1.0,v1.0_personalization,User07,0,D0059,58,unknown,User07|unknown|S0059,not_applicable,normal,test,1,D0059 19:22:10,D0060 02:22:13,8402
v1.0,v1.0_personalization,User07,0,D0060,59,unknown,User07|unknown|S0060,not_applicable,normal,test,1,D0060 21:00:19,D0061 02:30:20,6602
v1.0,v1.0_personalization,User07,0,D0061,60,unknown,User07|unknown|S0061,not_applicable,normal,test,1,D0061 21:07:09,D0062 02:07:09,6001
v1.0,v1.0_personalization,User07,0,D0062,61,unknown,User07|unknown|S0062,not_applicable,normal,test,1,D0062 18:56:48,D0063 02:56:51,9602
v1.0,v1.0_personalization,User07,0,D0065,62,unknown,User07|unknown|S0063,not_applicable,normal,test,1,D0065 19:18:36,D0066 02:18:36,8401
v1.0,v1.0_personalization,User07,0,D0067,63,unknown,User07|unknown|S0064,not_applicable,normal,test,1,D0067 20:28:37,D0068 02:28:41,7202
v1.0,v1.0_personalization,User07,0,D0068,64,unknown,User07|unknown|S0065,not_applicable,normal,test,1,D0068 18:00:50,D0069 02:30:55,10203
v1.0,v1.0_personalization,User07,0,D0069,65,unknown,User07|unknown|S0066,not_applicable,normal,test,1,D0069 17:20:31,D0070 02:20:38,10804
v1.0,v1.0_personalization,User07,0,D0070,66,unknown,User07|unknown|S0067,not_applicable,normal,test,1,D0070 17:27:21,D0071 02:27:19,10801
v1.0,v1.0_personalization,User07,0,D0071,67,unknown,User07|unknown|S0068,not_applicable,normal,test,1,D0071 19:14:16,D0072 01:14:18,7201
v1.0,v1.0_personalization,User07,0,D0073,68,unknown,User07|unknown|S0069,not_applicable,normal,test,1,D0073 18:49:22,D0074 02:19:30,9003
v1.0,v1.0_personalization,User07,0,D0074,69,unknown,User07|unknown|S0070,not_applicable,normal,test,1,D0074 18:15:05,D0075 02:15:12,9603
v1.0,v1.0_personalization,User07,0,D0075,70,unknown,User07|unknown|S0071,not_applicable,normal,test,1,D0075 19:04:29,D0076 02:34:35,9003
v1.0,v1.0_personalization,User07,0,D0076,71,unknown,User07|unknown|S0072,not_applicable,normal,test,1,D0076 19:39:30,D0077 06:09:28,12601
v1.0,v1.0_personalization,User07,0,D0077,72,unknown,User07|unknown|S0073,not_applicable,normal,test,1,D0077 17:40:07,D0078 01:40:09,9602
v1.0,v1.0_personalization,User07,0,D0078,73,unknown,User07|unknown|S0074,not_applicable,normal,test,1,D0078 19:16:24,D0079 07:46:33,14984
v1.0,v1.0_personalization,User07,0,D0079,74,unknown,User07|unknown|S0075,not_applicable,normal,test,1,D0079 19:29:23,D0080 03:29:30,9602
v1.0,v1.0_personalization,User07,0,D0080,75,unknown,User07|unknown|S0076,not_applicable,normal,test,1,D0080 18:53:25,D0081 02:53:29,9602
v1.0,v1.0_personalization,User07,0,D0081,76,unknown,User07|unknown|S0077,not_applicable,normal,test,1,D0081 20:08:03,D0082 02:38:06,7802
v1.0,v1.0_personalization,User07,0,D0081,76,unknown,User07|unknown|S0078,not_applicable,normal,test,1,D0082 07:04:25,D0082 11:59:58,5912
v1.0,v1.0_personalization,User07,0,D0082,77,unknown,User07|unknown|S0078,not_applicable,normal,test,1,D0082 12:00:00,D0083 01:04:36,15693
v1.0,v1.0_personalization,User07,0,D0082,77,unknown,User07|unknown|S0079,not_applicable,normal,test,1,D0083 06:34:33,D0083 11:59:59,6510
v1.0,v1.0_personalization,User07,0,D0083,78,unknown,User07|unknown|S0079,not_applicable,normal,test,1,D0083 12:00:02,D0083 18:04:35,7292
v1.0,v1.0_personalization,User07,0,D0083,78,unknown,User07|unknown|S0080,not_applicable,normal,test,1,D0083 19:48:30,D0084 02:18:36,7803
v1.0,v1.0_personalization,User07,0,D0084,79,unknown,User07|unknown|S0081,not_applicable,normal,test,1,D0084 17:55:29,D0085 02:25:32,9902
v1.0,v1.0_personalization,User07,0,D0086,80,unknown,User07|unknown|S0082,not_applicable,normal,test,1,D0086 19:14:40,D0087 01:45:24,7119
v1.0,v1.0_personalization,User07,0,D0087,81,unknown,User07|unknown|S0083,not_applicable,normal,test,1,D0087 18:22:22,D0088 01:52:56,8005
v1.0,v1.0_personalization,User07,0,D0088,82,unknown,User07|unknown|S0084,not_applicable,normal,test,1,D0088 19:24:16,D0089 01:26:12,6531
v1.0,v1.0_personalization,User07,0,D0089,83,unknown,User07|unknown|S0085,not_applicable,normal,test,1,D0089 18:20:32,D0090 01:52:26,7605
v1.0,v1.0_personalization,User07,0,D0090,84,unknown,User07|unknown|S0086,not_applicable,normal,test,1,D0090 18:14:50,D0091 05:16:26,11900
v1.0,v1.0_personalization,User07,0,D0091,85,unknown,User07|unknown|S0087,not_applicable,normal,test,1,D0091 17:53:02,D0092 01:23:16,8063
v1.0,v1.0_personalization,User07,0,D0092,86,unknown,User07|unknown|S0088,not_applicable,normal,test,1,D0092 19:38:39,D0093 06:38:58,11600
v1.0,v1.0_personalization,User07,0,D0093,87,unknown,User07|unknown|S0089,not_applicable,normal,test,1,D0093 19:03:16,D0094 01:33:15,7156
v1.0,v1.0_personalization,User07,0,D0094,88,unknown,User07|unknown|S0090,not_applicable,normal,test,1,D0094 20:52:34,D0095 05:25:12,9294
v1.0,v1.0_personalization,User07,0,D0095,89,unknown,User07|unknown|S0091,not_applicable,normal,test,1,D0095 18:31:31,D0096 06:03:36,12543
v1.0,v1.0_personalization,User07,0,D0096,90,unknown,User07|unknown|S0092,not_applicable,normal,test,1,D0096 23:14:59,D0097 06:16:35,7224
v1.0,v1.0_personalization,User07,0,D0097,91,unknown,User07|unknown|S0093,not_applicable,normal,test,1,D0097 19:06:28,D0098 06:36:40,13141
v1.0,v1.0_personalization,User07,0,D0098,92,unknown,User07|unknown|S0094,not_applicable,normal,test,1,D0098 19:05:32,D0099 06:35:37,13803
v1.0,v1.0_personalization,User07,0,D0099,93,unknown,User07|unknown|S0095,not_applicable,normal,test,1,D0099 18:34:33,D0100 01:34:39,8403
v1.0,v1.0_personalization,User07,0,D0100,94,unknown,User07|unknown|S0096,not_applicable,normal,test,1,D0100 20:19:20,D0101 00:49:18,5400
v1.0,v1.0_personalization,User07,0,D0102,95,unknown,User07|unknown|S0097,not_applicable,normal,test,1,D0102 18:45:58,D0103 04:46:02,12002
v1.0,v1.0_personalization,User07,0,D0103,96,unknown,User07|unknown|S0098,not_applicable,normal,test,1,D0103 19:45:22,D0104 06:15:22,12601
v1.0,v1.0_personalization,User07,0,D0104,97,unknown,User07|unknown|S0099,not_applicable,normal,test,1,D0104 19:34:00,D0105 01:34:00,7201
v1.0,v1.0_personalization,User07,0,D0105,98,unknown,User07|unknown|S0100,not_applicable,normal,test,1,D0105 21:04:18,D0106 01:34:21,5402
v1.0,v1.0_personalization,User07,0,D0106,99,unknown,User07|unknown|S0101,not_applicable,normal,test,1,D0106 19:01:00,D0107 07:01:10,14405
v1.0,v1.0_personalization,User07,0,D0107,100,unknown,User07|unknown|S0102,not_applicable,normal,test,1,D0107 20:11:33,D0108 05:11:33,10801
v1.0,v1.0_personalization,User07,1,D0001,1,unknown,User07|unknown|S0001,not_applicable,normal,adaptation,0,D0001 19:00:58,D0002 07:01:03,14403
v1.0,v1.0_personalization,User07,1,D0002,2,unknown,User07|unknown|S0002,not_applicable,normal,buffer,0,D0002 20:05:22,D0003 06:35:24,12602
v1.0,v1.0_personalization,User07,1,D0003,3,unknown,User07|unknown|S0003,not_applicable,normal,test,0,D0003 19:14:28,D0004 06:14:30,13202
v1.0,v1.0_personalization,User07,1,D0004,4,unknown,User07|unknown|S0004,not_applicable,normal,test,0,D0004 19:36:32,D0005 06:06:36,12603
v1.0,v1.0_personalization,User07,1,D0005,5,unknown,User07|unknown|S0005,not_applicable,normal,test,0,D0005 22:45:45,D0006 05:45:45,8401
v1.0,v1.0_personalization,User07,1,D0006,6,unknown,User07|unknown|S0006,not_applicable,normal,test,0,D0006 20:33:02,D0007 07:03:06,12602
v1.0,v1.0_personalization,User07,1,D0007,7,unknown,User07|unknown|S0007,not_applicable,normal,test,0,D0007 19:36:24,D0008 06:06:27,12602
v1.0,v1.0_personalization,User07,1,D0008,8,unknown,User07|unknown|S0008,not_applicable,normal,test,0,D0008 18:45:10,D0009 06:45:10,14402
v1.0,v1.0_personalization,User07,1,D0009,9,unknown,User07|unknown|S0009,not_applicable,normal,test,0,D0009 20:02:22,D0010 06:02:23,12002
v1.0,v1.0_personalization,User07,1,D0011,10,unknown,User07|unknown|S0010,not_applicable,normal,test,0,D0011 19:41:35,D0012 05:41:38,12002
v1.0,v1.0_personalization,User07,1,D0012,11,unknown,User07|unknown|S0011,not_applicable,normal,test,0,D0012 20:00:39,D0013 06:30:41,12602
v1.0,v1.0_personalization,User07,1,D0013,12,unknown,User07|unknown|S0012,not_applicable,normal,test,0,D0013 20:23:59,D0014 06:24:00,11979
v1.0,v1.0_personalization,User07,1,D0014,13,unknown,User07|unknown|S0013,not_applicable,normal,test,0,D0014 20:10:32,D0015 05:10:34,10802
v1.0,v1.0_personalization,User07,1,D0015,14,unknown,User07|unknown|S0014,not_applicable,normal,test,0,D0015 22:22:52,D0016 02:22:49,4800
v1.0,v1.0_personalization,User07,1,D0015,14,unknown,User07|unknown|S0015,not_applicable,normal,test,0,D0016 06:22:25,D0016 06:22:52,10
v1.0,v1.0_personalization,User07,1,D0016,15,unknown,User07|unknown|S0016,not_applicable,normal,test,0,D0016 19:44:12,D0017 08:14:15,15002
v1.0,v1.0_personalization,User07,1,D0017,16,unknown,User07|unknown|S0017,not_applicable,normal,test,1,D0017 19:13:02,D0018 02:43:03,9002
v1.0,v1.0_personalization,User07,1,D0018,17,unknown,User07|unknown|S0018,not_applicable,normal,test,1,D0018 19:04:04,D0019 06:04:10,13203
v1.0,v1.0_personalization,User07,1,D0019,18,unknown,User07|unknown|S0019,not_applicable,normal,test,1,D0019 18:07:57,D0020 05:38:05,13803
v1.0,v1.0_personalization,User07,1,D0020,19,unknown,User07|unknown|S0020,not_applicable,normal,test,1,D0020 19:21:48,D0021 02:51:54,9004
v1.0,v1.0_personalization,User07,1,D0021,20,unknown,User07|unknown|S0021,not_applicable,normal,test,1,D0021 20:03:41,D0022 02:33:41,7802
v1.0,v1.0_personalization,User07,1,D0022,21,unknown,User07|unknown|S0022,not_applicable,normal,test,1,D0022 18:41:25,D0023 01:41:25,8401
v1.0,v1.0_personalization,User07,1,D0023,22,unknown,User07|unknown|S0023,not_applicable,normal,test,1,D0023 19:28:34,D0024 08:28:37,15602
v1.0,v1.0_personalization,User07,1,D0024,23,unknown,User07|unknown|S0024,not_applicable,normal,test,1,D0024 19:18:05,D0025 03:48:06,10202
v1.0,v1.0_personalization,User07,1,D0025,24,unknown,User07|unknown|S0025,not_applicable,normal,test,1,D0025 19:48:49,D0026 02:18:47,7801
v1.0,v1.0_personalization,User07,1,D0026,25,unknown,User07|unknown|S0026,not_applicable,normal,test,1,D0026 19:37:01,D0027 02:07:00,7801
v1.0,v1.0_personalization,User07,1,D0027,26,unknown,User07|unknown|S0027,not_applicable,normal,test,1,D0027 19:25:09,D0028 02:25:17,8404
v1.0,v1.0_personalization,User07,1,D0028,27,unknown,User07|unknown|S0028,not_applicable,normal,test,1,D0028 20:16:41,D0029 02:16:42,7201
v1.0,v1.0_personalization,User07,1,D0029,28,unknown,User07|unknown|S0029,not_applicable,normal,test,1,D0029 20:04:11,D0030 02:04:11,7201
v1.0,v1.0_personalization,User07,1,D0030,29,unknown,User07|unknown|S0030,not_applicable,normal,test,1,D0030 20:02:55,D0031 06:33:07,12605
v1.0,v1.0_personalization,User07,1,D0031,30,unknown,User07|unknown|S0031,not_applicable,normal,test,1,D0031 18:45:44,D0032 02:45:50,9603
v1.0,v1.0_personalization,User07,1,D0032,31,unknown,User07|unknown|S0032,not_applicable,normal,test,1,D0032 19:33:29,D0033 01:33:30,7201
v1.0,v1.0_personalization,User07,1,D0033,32,unknown,User07|unknown|S0033,not_applicable,normal,test,1,D0033 21:05:52,D0034 02:05:55,6002
v1.0,v1.0_personalization,User07,1,D0034,33,unknown,User07|unknown|S0034,not_applicable,normal,test,1,D0034 19:15:41,D0035 02:15:45,8402
v1.0,v1.0_personalization,User07,1,D0035,34,unknown,User07|unknown|S0035,not_applicable,normal,test,1,D0035 19:13:01,D0036 02:13:00,8401
v1.0,v1.0_personalization,User07,1,D0036,35,unknown,User07|unknown|S0036,not_applicable,normal,test,1,D0037 00:12:07,D0037 02:12:01,2400
v1.0,v1.0_personalization,User07,1,D0037,36,unknown,User07|unknown|S0037,not_applicable,normal,test,1,D0037 18:39:45,D0038 00:39:44,7201
v1.0,v1.0_personalization,User07,1,D0038,37,unknown,User07|unknown|S0038,not_applicable,normal,test,1,D0038 17:52:53,D0039 01:53:02,9604
v1.0,v1.0_personalization,User07,1,D0039,38,unknown,User07|unknown|S0039,not_applicable,normal,test,1,D0039 17:58:32,D0040 05:58:37,14403
v1.0,v1.0_personalization,User07,1,D0040,39,unknown,User07|unknown|S0040,not_applicable,normal,test,1,D0040 20:15:11,D0041 02:15:12,7202
v1.0,v1.0_personalization,User07,1,D0041,40,unknown,User07|unknown|S0041,not_applicable,normal,test,1,D0041 18:56:11,D0042 02:26:11,9002
v1.0,v1.0_personalization,User07,1,D0042,41,unknown,User07|unknown|S0042,not_applicable,normal,test,1,D0042 19:53:15,D0043 02:23:17,7441
v1.0,v1.0_personalization,User07,1,D0043,42,unknown,User07|unknown|S0043,not_applicable,normal,test,1,D0043 18:58:23,D0044 01:28:22,7801
v1.0,v1.0_personalization,User07,1,D0044,43,unknown,User07|unknown|S0044,not_applicable,normal,test,1,D0044 18:18:48,D0045 02:18:52,9602
v1.0,v1.0_personalization,User07,1,D0045,44,unknown,User07|unknown|S0045,not_applicable,normal,test,1,D0045 19:29:13,D0046 02:29:16,8402
v1.0,v1.0_personalization,User07,1,D0046,45,unknown,User07|unknown|S0046,not_applicable,normal,test,1,D0046 18:41:47,D0047 02:41:53,9603
v1.0,v1.0_personalization,User07,1,D0047,46,unknown,User07|unknown|S0047,not_applicable,normal,test,1,D0047 19:54:30,D0048 04:54:31,10802
v1.0,v1.0_personalization,User07,1,D0048,47,unknown,User07|unknown|S0048,not_applicable,normal,test,1,D0048 19:03:51,D0049 05:33:57,12603
v1.0,v1.0_personalization,User07,1,D0049,48,unknown,User07|unknown|S0049,not_applicable,normal,test,1,D0049 21:11:55,D0050 02:11:55,6001
v1.0,v1.0_personalization,User07,1,D0050,49,unknown,User07|unknown|S0050,not_applicable,normal,test,1,D0050 19:25:49,D0051 01:25:52,7202
v1.0,v1.0_personalization,User07,1,D0051,50,unknown,User07|unknown|S0051,not_applicable,normal,test,1,D0051 21:32:30,D0052 01:32:29,4800
v1.0,v1.0_personalization,User07,1,D0052,51,unknown,User07|unknown|S0052,not_applicable,normal,test,1,D0052 18:18:48,D0053 01:18:45,8401
v1.0,v1.0_personalization,User07,1,D0053,52,unknown,User07|unknown|S0053,not_applicable,normal,test,1,D0053 18:54:02,D0054 06:24:09,13804
v1.0,v1.0_personalization,User07,1,D0054,53,unknown,User07|unknown|S0054,not_applicable,normal,test,1,D0054 19:00:28,D0055 06:30:36,13804
v1.0,v1.0_personalization,User07,1,D0055,54,unknown,User07|unknown|S0055,not_applicable,normal,test,1,D0055 18:06:07,D0056 06:36:10,15003
v1.0,v1.0_personalization,User07,1,D0056,55,unknown,User07|unknown|S0056,not_applicable,normal,test,1,D0056 21:20:16,D0057 01:50:13,5401
v1.0,v1.0_personalization,User07,1,D0057,56,unknown,User07|unknown|S0057,not_applicable,normal,test,1,D0057 20:14:17,D0058 01:14:20,6002
v1.0,v1.0_personalization,User07,1,D0058,57,unknown,User07|unknown|S0058,not_applicable,normal,test,1,D0058 19:30:41,D0059 01:00:42,6602
v1.0,v1.0_personalization,User07,1,D0059,58,unknown,User07|unknown|S0059,not_applicable,normal,test,1,D0059 19:22:10,D0060 02:22:13,8402
v1.0,v1.0_personalization,User07,1,D0060,59,unknown,User07|unknown|S0060,not_applicable,normal,test,1,D0060 21:00:19,D0061 02:30:20,6602
v1.0,v1.0_personalization,User07,1,D0061,60,unknown,User07|unknown|S0061,not_applicable,normal,test,1,D0061 21:07:09,D0062 02:07:09,6001
v1.0,v1.0_personalization,User07,1,D0062,61,unknown,User07|unknown|S0062,not_applicable,normal,test,1,D0062 18:56:48,D0063 02:56:51,9602
v1.0,v1.0_personalization,User07,1,D0065,62,unknown,User07|unknown|S0063,not_applicable,normal,test,1,D0065 19:18:36,D0066 02:18:36,8401
v1.0,v1.0_personalization,User07,1,D0067,63,unknown,User07|unknown|S0064,not_applicable,normal,test,1,D0067 20:28:37,D0068 02:28:41,7202
v1.0,v1.0_personalization,User07,1,D0068,64,unknown,User07|unknown|S0065,not_applicable,normal,test,1,D0068 18:00:50,D0069 02:30:55,10203
v1.0,v1.0_personalization,User07,1,D0069,65,unknown,User07|unknown|S0066,not_applicable,normal,test,1,D0069 17:20:31,D0070 02:20:38,10804
v1.0,v1.0_personalization,User07,1,D0070,66,unknown,User07|unknown|S0067,not_applicable,normal,test,1,D0070 17:27:21,D0071 02:27:19,10801
v1.0,v1.0_personalization,User07,1,D0071,67,unknown,User07|unknown|S0068,not_applicable,normal,test,1,D0071 19:14:16,D0072 01:14:18,7201
v1.0,v1.0_personalization,User07,1,D0073,68,unknown,User07|unknown|S0069,not_applicable,normal,test,1,D0073 18:49:22,D0074 02:19:30,9003
v1.0,v1.0_personalization,User07,1,D0074,69,unknown,User07|unknown|S0070,not_applicable,normal,test,1,D0074 18:15:05,D0075 02:15:12,9603
v1.0,v1.0_personalization,User07,1,D0075,70,unknown,User07|unknown|S0071,not_applicable,normal,test,1,D0075 19:04:29,D0076 02:34:35,9003
v1.0,v1.0_personalization,User07,1,D0076,71,unknown,User07|unknown|S0072,not_applicable,normal,test,1,D0076 19:39:30,D0077 06:09:28,12601
v1.0,v1.0_personalization,User07,1,D0077,72,unknown,User07|unknown|S0073,not_applicable,normal,test,1,D0077 17:40:07,D0078 01:40:09,9602
v1.0,v1.0_personalization,User07,1,D0078,73,unknown,User07|unknown|S0074,not_applicable,normal,test,1,D0078 19:16:24,D0079 07:46:33,14984
v1.0,v1.0_personalization,User07,1,D0079,74,unknown,User07|unknown|S0075,not_applicable,normal,test,1,D0079 19:29:23,D0080 03:29:30,9602
v1.0,v1.0_personalization,User07,1,D0080,75,unknown,User07|unknown|S0076,not_applicable,normal,test,1,D0080 18:53:25,D0081 02:53:29,9602
v1.0,v1.0_personalization,User07,1,D0081,76,unknown,User07|unknown|S0077,not_applicable,normal,test,1,D0081 20:08:03,D0082 02:38:06,7802
v1.0,v1.0_personalization,User07,1,D0081,76,unknown,User07|unknown|S0078,not_applicable,normal,test,1,D0082 07:04:25,D0082 11:59:58,5912
v1.0,v1.0_personalization,User07,1,D0082,77,unknown,User07|unknown|S0078,not_applicable,normal,test,1,D0082 12:00:00,D0083 01:04:36,15693
v1.0,v1.0_personalization,User07,1,D0082,77,unknown,User07|unknown|S0079,not_applicable,normal,test,1,D0083 06:34:33,D0083 11:59:59,6510
v1.0,v1.0_personalization,User07,1,D0083,78,unknown,User07|unknown|S0079,not_applicable,normal,test,1,D0083 12:00:02,D0083 18:04:35,7292
v1.0,v1.0_personalization,User07,1,D0083,78,unknown,User07|unknown|S0080,not_applicable,normal,test,1,D0083 19:48:30,D0084 02:18:36,7803
v1.0,v1.0_personalization,User07,1,D0084,79,unknown,User07|unknown|S0081,not_applicable,normal,test,1,D0084 17:55:29,D0085 02:25:32,9902
v1.0,v1.0_personalization,User07,1,D0086,80,unknown,User07|unknown|S0082,not_applicable,normal,test,1,D0086 19:14:40,D0087 01:45:24,7119
v1.0,v1.0_personalization,User07,1,D0087,81,unknown,User07|unknown|S0083,not_applicable,normal,test,1,D0087 18:22:22,D0088 01:52:56,8005
v1.0,v1.0_personalization,User07,1,D0088,82,unknown,User07|unknown|S0084,not_applicable,normal,test,1,D0088 19:24:16,D0089 01:26:12,6531
v1.0,v1.0_personalization,User07,1,D0089,83,unknown,User07|unknown|S0085,not_applicable,normal,test,1,D0089 18:20:32,D0090 01:52:26,7605
v1.0,v1.0_personalization,User07,1,D0090,84,unknown,User07|unknown|S0086,not_applicable,normal,test,1,D0090 18:14:50,D0091 05:16:26,11900
v1.0,v1.0_personalization,User07,1,D0091,85,unknown,User07|unknown|S0087,not_applicable,normal,test,1,D0091 17:53:02,D0092 01:23:16,8063
v1.0,v1.0_personalization,User07,1,D0092,86,unknown,User07|unknown|S0088,not_applicable,normal,test,1,D0092 19:38:39,D0093 06:38:58,11600
v1.0,v1.0_personalization,User07,1,D0093,87,unknown,User07|unknown|S0089,not_applicable,normal,test,1,D0093 19:03:16,D0094 01:33:15,7156
v1.0,v1.0_personalization,User07,1,D0094,88,unknown,User07|unknown|S0090,not_applicable,normal,test,1,D0094 20:52:34,D0095 05:25:12,9294
v1.0,v1.0_personalization,User07,1,D0095,89,unknown,User07|unknown|S0091,not_applicable,normal,test,1,D0095 18:31:31,D0096 06:03:36,12543
v1.0,v1.0_personalization,User07,1,D0096,90,unknown,User07|unknown|S0092,not_applicable,normal,test,1,D0096 23:14:59,D0097 06:16:35,7224
v1.0,v1.0_personalization,User07,1,D0097,91,unknown,User07|unknown|S0093,not_applicable,normal,test,1,D0097 19:06:28,D0098 06:36:40,13141
v1.0,v1.0_personalization,User07,1,D0098,92,unknown,User07|unknown|S0094,not_applicable,normal,test,1,D0098 19:05:32,D0099 06:35:37,13803
v1.0,v1.0_personalization,User07,1,D0099,93,unknown,User07|unknown|S0095,not_applicable,normal,test,1,D0099 18:34:33,D0100 01:34:39,8403
v1.0,v1.0_personalization,User07,1,D0100,94,unknown,User07|unknown|S0096,not_applicable,normal,test,1,D0100 20:19:20,D0101 00:49:18,5400
v1.0,v1.0_personalization,User07,1,D0102,95,unknown,User07|unknown|S0097,not_applicable,normal,test,1,D0102 18:45:58,D0103 04:46:02,12002
v1.0,v1.0_personalization,User07,1,D0103,96,unknown,User07|unknown|S0098,not_applicable,normal,test,1,D0103 19:45:22,D0104 06:15:22,12601
v1.0,v1.0_personalization,User07,1,D0104,97,unknown,User07|unknown|S0099,not_applicable,normal,test,1,D0104 19:34:00,D0105 01:34:00,7201
v1.0,v1.0_personalization,User07,1,D0105,98,unknown,User07|unknown|S0100,not_applicable,normal,test,1,D0105 21:04:18,D0106 01:34:21,5402
v1.0,v1.0_personalization,User07,1,D0106,99,unknown,User07|unknown|S0101,not_applicable,normal,test,1,D0106 19:01:00,D0107 07:01:10,14405
v1.0,v1.0_personalization,User07,1,D0107,100,unknown,User07|unknown|S0102,not_applicable,normal,test,1,D0107 20:11:33,D0108 05:11:33,10801
v1.0,v1.0_personalization,User07,3,D0001,1,unknown,User07|unknown|S0001,not_applicable,normal,adaptation,0,D0001 19:00:58,D0002 07:01:03,14403
v1.0,v1.0_personalization,User07,3,D0002,2,unknown,User07|unknown|S0002,not_applicable,normal,adaptation,0,D0002 20:05:22,D0003 06:35:24,12602
v1.0,v1.0_personalization,User07,3,D0003,3,unknown,User07|unknown|S0003,not_applicable,normal,adaptation,0,D0003 19:14:28,D0004 06:14:30,13202
v1.0,v1.0_personalization,User07,3,D0004,4,unknown,User07|unknown|S0004,not_applicable,normal,buffer,0,D0004 19:36:32,D0005 06:06:36,12603
v1.0,v1.0_personalization,User07,3,D0005,5,unknown,User07|unknown|S0005,not_applicable,normal,test,0,D0005 22:45:45,D0006 05:45:45,8401
v1.0,v1.0_personalization,User07,3,D0006,6,unknown,User07|unknown|S0006,not_applicable,normal,test,0,D0006 20:33:02,D0007 07:03:06,12602
v1.0,v1.0_personalization,User07,3,D0007,7,unknown,User07|unknown|S0007,not_applicable,normal,test,0,D0007 19:36:24,D0008 06:06:27,12602
v1.0,v1.0_personalization,User07,3,D0008,8,unknown,User07|unknown|S0008,not_applicable,normal,test,0,D0008 18:45:10,D0009 06:45:10,14402
v1.0,v1.0_personalization,User07,3,D0009,9,unknown,User07|unknown|S0009,not_applicable,normal,test,0,D0009 20:02:22,D0010 06:02:23,12002
v1.0,v1.0_personalization,User07,3,D0011,10,unknown,User07|unknown|S0010,not_applicable,normal,test,0,D0011 19:41:35,D0012 05:41:38,12002
v1.0,v1.0_personalization,User07,3,D0012,11,unknown,User07|unknown|S0011,not_applicable,normal,test,0,D0012 20:00:39,D0013 06:30:41,12602
v1.0,v1.0_personalization,User07,3,D0013,12,unknown,User07|unknown|S0012,not_applicable,normal,test,0,D0013 20:23:59,D0014 06:24:00,11979
v1.0,v1.0_personalization,User07,3,D0014,13,unknown,User07|unknown|S0013,not_applicable,normal,test,0,D0014 20:10:32,D0015 05:10:34,10802
v1.0,v1.0_personalization,User07,3,D0015,14,unknown,User07|unknown|S0014,not_applicable,normal,test,0,D0015 22:22:52,D0016 02:22:49,4800
v1.0,v1.0_personalization,User07,3,D0015,14,unknown,User07|unknown|S0015,not_applicable,normal,test,0,D0016 06:22:25,D0016 06:22:52,10
v1.0,v1.0_personalization,User07,3,D0016,15,unknown,User07|unknown|S0016,not_applicable,normal,test,0,D0016 19:44:12,D0017 08:14:15,15002
v1.0,v1.0_personalization,User07,3,D0017,16,unknown,User07|unknown|S0017,not_applicable,normal,test,1,D0017 19:13:02,D0018 02:43:03,9002
v1.0,v1.0_personalization,User07,3,D0018,17,unknown,User07|unknown|S0018,not_applicable,normal,test,1,D0018 19:04:04,D0019 06:04:10,13203
v1.0,v1.0_personalization,User07,3,D0019,18,unknown,User07|unknown|S0019,not_applicable,normal,test,1,D0019 18:07:57,D0020 05:38:05,13803
v1.0,v1.0_personalization,User07,3,D0020,19,unknown,User07|unknown|S0020,not_applicable,normal,test,1,D0020 19:21:48,D0021 02:51:54,9004
v1.0,v1.0_personalization,User07,3,D0021,20,unknown,User07|unknown|S0021,not_applicable,normal,test,1,D0021 20:03:41,D0022 02:33:41,7802
v1.0,v1.0_personalization,User07,3,D0022,21,unknown,User07|unknown|S0022,not_applicable,normal,test,1,D0022 18:41:25,D0023 01:41:25,8401
v1.0,v1.0_personalization,User07,3,D0023,22,unknown,User07|unknown|S0023,not_applicable,normal,test,1,D0023 19:28:34,D0024 08:28:37,15602
v1.0,v1.0_personalization,User07,3,D0024,23,unknown,User07|unknown|S0024,not_applicable,normal,test,1,D0024 19:18:05,D0025 03:48:06,10202
v1.0,v1.0_personalization,User07,3,D0025,24,unknown,User07|unknown|S0025,not_applicable,normal,test,1,D0025 19:48:49,D0026 02:18:47,7801
v1.0,v1.0_personalization,User07,3,D0026,25,unknown,User07|unknown|S0026,not_applicable,normal,test,1,D0026 19:37:01,D0027 02:07:00,7801
v1.0,v1.0_personalization,User07,3,D0027,26,unknown,User07|unknown|S0027,not_applicable,normal,test,1,D0027 19:25:09,D0028 02:25:17,8404
v1.0,v1.0_personalization,User07,3,D0028,27,unknown,User07|unknown|S0028,not_applicable,normal,test,1,D0028 20:16:41,D0029 02:16:42,7201
v1.0,v1.0_personalization,User07,3,D0029,28,unknown,User07|unknown|S0029,not_applicable,normal,test,1,D0029 20:04:11,D0030 02:04:11,7201
v1.0,v1.0_personalization,User07,3,D0030,29,unknown,User07|unknown|S0030,not_applicable,normal,test,1,D0030 20:02:55,D0031 06:33:07,12605
v1.0,v1.0_personalization,User07,3,D0031,30,unknown,User07|unknown|S0031,not_applicable,normal,test,1,D0031 18:45:44,D0032 02:45:50,9603
v1.0,v1.0_personalization,User07,3,D0032,31,unknown,User07|unknown|S0032,not_applicable,normal,test,1,D0032 19:33:29,D0033 01:33:30,7201
v1.0,v1.0_personalization,User07,3,D0033,32,unknown,User07|unknown|S0033,not_applicable,normal,test,1,D0033 21:05:52,D0034 02:05:55,6002
v1.0,v1.0_personalization,User07,3,D0034,33,unknown,User07|unknown|S0034,not_applicable,normal,test,1,D0034 19:15:41,D0035 02:15:45,8402
v1.0,v1.0_personalization,User07,3,D0035,34,unknown,User07|unknown|S0035,not_applicable,normal,test,1,D0035 19:13:01,D0036 02:13:00,8401
v1.0,v1.0_personalization,User07,3,D0036,35,unknown,User07|unknown|S0036,not_applicable,normal,test,1,D0037 00:12:07,D0037 02:12:01,2400
v1.0,v1.0_personalization,User07,3,D0037,36,unknown,User07|unknown|S0037,not_applicable,normal,test,1,D0037 18:39:45,D0038 00:39:44,7201
v1.0,v1.0_personalization,User07,3,D0038,37,unknown,User07|unknown|S0038,not_applicable,normal,test,1,D0038 17:52:53,D0039 01:53:02,9604
v1.0,v1.0_personalization,User07,3,D0039,38,unknown,User07|unknown|S0039,not_applicable,normal,test,1,D0039 17:58:32,D0040 05:58:37,14403
v1.0,v1.0_personalization,User07,3,D0040,39,unknown,User07|unknown|S0040,not_applicable,normal,test,1,D0040 20:15:11,D0041 02:15:12,7202
v1.0,v1.0_personalization,User07,3,D0041,40,unknown,User07|unknown|S0041,not_applicable,normal,test,1,D0041 18:56:11,D0042 02:26:11,9002
v1.0,v1.0_personalization,User07,3,D0042,41,unknown,User07|unknown|S0042,not_applicable,normal,test,1,D0042 19:53:15,D0043 02:23:17,7441
v1.0,v1.0_personalization,User07,3,D0043,42,unknown,User07|unknown|S0043,not_applicable,normal,test,1,D0043 18:58:23,D0044 01:28:22,7801
v1.0,v1.0_personalization,User07,3,D0044,43,unknown,User07|unknown|S0044,not_applicable,normal,test,1,D0044 18:18:48,D0045 02:18:52,9602
v1.0,v1.0_personalization,User07,3,D0045,44,unknown,User07|unknown|S0045,not_applicable,normal,test,1,D0045 19:29:13,D0046 02:29:16,8402
v1.0,v1.0_personalization,User07,3,D0046,45,unknown,User07|unknown|S0046,not_applicable,normal,test,1,D0046 18:41:47,D0047 02:41:53,9603
v1.0,v1.0_personalization,User07,3,D0047,46,unknown,User07|unknown|S0047,not_applicable,normal,test,1,D0047 19:54:30,D0048 04:54:31,10802
v1.0,v1.0_personalization,User07,3,D0048,47,unknown,User07|unknown|S0048,not_applicable,normal,test,1,D0048 19:03:51,D0049 05:33:57,12603
v1.0,v1.0_personalization,User07,3,D0049,48,unknown,User07|unknown|S0049,not_applicable,normal,test,1,D0049 21:11:55,D0050 02:11:55,6001
v1.0,v1.0_personalization,User07,3,D0050,49,unknown,User07|unknown|S0050,not_applicable,normal,test,1,D0050 19:25:49,D0051 01:25:52,7202
v1.0,v1.0_personalization,User07,3,D0051,50,unknown,User07|unknown|S0051,not_applicable,normal,test,1,D0051 21:32:30,D0052 01:32:29,4800
v1.0,v1.0_personalization,User07,3,D0052,51,unknown,User07|unknown|S0052,not_applicable,normal,test,1,D0052 18:18:48,D0053 01:18:45,8401
v1.0,v1.0_personalization,User07,3,D0053,52,unknown,User07|unknown|S0053,not_applicable,normal,test,1,D0053 18:54:02,D0054 06:24:09,13804
v1.0,v1.0_personalization,User07,3,D0054,53,unknown,User07|unknown|S0054,not_applicable,normal,test,1,D0054 19:00:28,D0055 06:30:36,13804
v1.0,v1.0_personalization,User07,3,D0055,54,unknown,User07|unknown|S0055,not_applicable,normal,test,1,D0055 18:06:07,D0056 06:36:10,15003
v1.0,v1.0_personalization,User07,3,D0056,55,unknown,User07|unknown|S0056,not_applicable,normal,test,1,D0056 21:20:16,D0057 01:50:13,5401
v1.0,v1.0_personalization,User07,3,D0057,56,unknown,User07|unknown|S0057,not_applicable,normal,test,1,D0057 20:14:17,D0058 01:14:20,6002
v1.0,v1.0_personalization,User07,3,D0058,57,unknown,User07|unknown|S0058,not_applicable,normal,test,1,D0058 19:30:41,D0059 01:00:42,6602
v1.0,v1.0_personalization,User07,3,D0059,58,unknown,User07|unknown|S0059,not_applicable,normal,test,1,D0059 19:22:10,D0060 02:22:13,8402
v1.0,v1.0_personalization,User07,3,D0060,59,unknown,User07|unknown|S0060,not_applicable,normal,test,1,D0060 21:00:19,D0061 02:30:20,6602
v1.0,v1.0_personalization,User07,3,D0061,60,unknown,User07|unknown|S0061,not_applicable,normal,test,1,D0061 21:07:09,D0062 02:07:09,6001
v1.0,v1.0_personalization,User07,3,D0062,61,unknown,User07|unknown|S0062,not_applicable,normal,test,1,D0062 18:56:48,D0063 02:56:51,9602
v1.0,v1.0_personalization,User07,3,D0065,62,unknown,User07|unknown|S0063,not_applicable,normal,test,1,D0065 19:18:36,D0066 02:18:36,8401
v1.0,v1.0_personalization,User07,3,D0067,63,unknown,User07|unknown|S0064,not_applicable,normal,test,1,D0067 20:28:37,D0068 02:28:41,7202
v1.0,v1.0_personalization,User07,3,D0068,64,unknown,User07|unknown|S0065,not_applicable,normal,test,1,D0068 18:00:50,D0069 02:30:55,10203
v1.0,v1.0_personalization,User07,3,D0069,65,unknown,User07|unknown|S0066,not_applicable,normal,test,1,D0069 17:20:31,D0070 02:20:38,10804
v1.0,v1.0_personalization,User07,3,D0070,66,unknown,User07|unknown|S0067,not_applicable,normal,test,1,D0070 17:27:21,D0071 02:27:19,10801
v1.0,v1.0_personalization,User07,3,D0071,67,unknown,User07|unknown|S0068,not_applicable,normal,test,1,D0071 19:14:16,D0072 01:14:18,7201
v1.0,v1.0_personalization,User07,3,D0073,68,unknown,User07|unknown|S0069,not_applicable,normal,test,1,D0073 18:49:22,D0074 02:19:30,9003
v1.0,v1.0_personalization,User07,3,D0074,69,unknown,User07|unknown|S0070,not_applicable,normal,test,1,D0074 18:15:05,D0075 02:15:12,9603
v1.0,v1.0_personalization,User07,3,D0075,70,unknown,User07|unknown|S0071,not_applicable,normal,test,1,D0075 19:04:29,D0076 02:34:35,9003
v1.0,v1.0_personalization,User07,3,D0076,71,unknown,User07|unknown|S0072,not_applicable,normal,test,1,D0076 19:39:30,D0077 06:09:28,12601
v1.0,v1.0_personalization,User07,3,D0077,72,unknown,User07|unknown|S0073,not_applicable,normal,test,1,D0077 17:40:07,D0078 01:40:09,9602
v1.0,v1.0_personalization,User07,3,D0078,73,unknown,User07|unknown|S0074,not_applicable,normal,test,1,D0078 19:16:24,D0079 07:46:33,14984
v1.0,v1.0_personalization,User07,3,D0079,74,unknown,User07|unknown|S0075,not_applicable,normal,test,1,D0079 19:29:23,D0080 03:29:30,9602
v1.0,v1.0_personalization,User07,3,D0080,75,unknown,User07|unknown|S0076,not_applicable,normal,test,1,D0080 18:53:25,D0081 02:53:29,9602
v1.0,v1.0_personalization,User07,3,D0081,76,unknown,User07|unknown|S0077,not_applicable,normal,test,1,D0081 20:08:03,D0082 02:38:06,7802
v1.0,v1.0_personalization,User07,3,D0081,76,unknown,User07|unknown|S0078,not_applicable,normal,test,1,D0082 07:04:25,D0082 11:59:58,5912
v1.0,v1.0_personalization,User07,3,D0082,77,unknown,User07|unknown|S0078,not_applicable,normal,test,1,D0082 12:00:00,D0083 01:04:36,15693
v1.0,v1.0_personalization,User07,3,D0082,77,unknown,User07|unknown|S0079,not_applicable,normal,test,1,D0083 06:34:33,D0083 11:59:59,6510
v1.0,v1.0_personalization,User07,3,D0083,78,unknown,User07|unknown|S0079,not_applicable,normal,test,1,D0083 12:00:02,D0083 18:04:35,7292
v1.0,v1.0_personalization,User07,3,D0083,78,unknown,User07|unknown|S0080,not_applicable,normal,test,1,D0083 19:48:30,D0084 02:18:36,7803
v1.0,v1.0_personalization,User07,3,D0084,79,unknown,User07|unknown|S0081,not_applicable,normal,test,1,D0084 17:55:29,D0085 02:25:32,9902
v1.0,v1.0_personalization,User07,3,D0086,80,unknown,User07|unknown|S0082,not_applicable,normal,test,1,D0086 19:14:40,D0087 01:45:24,7119
v1.0,v1.0_personalization,User07,3,D0087,81,unknown,User07|unknown|S0083,not_applicable,normal,test,1,D0087 18:22:22,D0088 01:52:56,8005
v1.0,v1.0_personalization,User07,3,D0088,82,unknown,User07|unknown|S0084,not_applicable,normal,test,1,D0088 19:24:16,D0089 01:26:12,6531
v1.0,v1.0_personalization,User07,3,D0089,83,unknown,User07|unknown|S0085,not_applicable,normal,test,1,D0089 18:20:32,D0090 01:52:26,7605
v1.0,v1.0_personalization,User07,3,D0090,84,unknown,User07|unknown|S0086,not_applicable,normal,test,1,D0090 18:14:50,D0091 05:16:26,11900
v1.0,v1.0_personalization,User07,3,D0091,85,unknown,User07|unknown|S0087,not_applicable,normal,test,1,D0091 17:53:02,D0092 01:23:16,8063
v1.0,v1.0_personalization,User07,3,D0092,86,unknown,User07|unknown|S0088,not_applicable,normal,test,1,D0092 19:38:39,D0093 06:38:58,11600
v1.0,v1.0_personalization,User07,3,D0093,87,unknown,User07|unknown|S0089,not_applicable,normal,test,1,D0093 19:03:16,D0094 01:33:15,7156
v1.0,v1.0_personalization,User07,3,D0094,88,unknown,User07|unknown|S0090,not_applicable,normal,test,1,D0094 20:52:34,D0095 05:25:12,9294
v1.0,v1.0_personalization,User07,3,D0095,89,unknown,User07|unknown|S0091,not_applicable,normal,test,1,D0095 18:31:31,D0096 06:03:36,12543
v1.0,v1.0_personalization,User07,3,D0096,90,unknown,User07|unknown|S0092,not_applicable,normal,test,1,D0096 23:14:59,D0097 06:16:35,7224
v1.0,v1.0_personalization,User07,3,D0097,91,unknown,User07|unknown|S0093,not_applicable,normal,test,1,D0097 19:06:28,D0098 06:36:40,13141
v1.0,v1.0_personalization,User07,3,D0098,92,unknown,User07|unknown|S0094,not_applicable,normal,test,1,D0098 19:05:32,D0099 06:35:37,13803
v1.0,v1.0_personalization,User07,3,D0099,93,unknown,User07|unknown|S0095,not_applicable,normal,test,1,D0099 18:34:33,D0100 01:34:39,8403
v1.0,v1.0_personalization,User07,3,D0100,94,unknown,User07|unknown|S0096,not_applicable,normal,test,1,D0100 20:19:20,D0101 00:49:18,5400
v1.0,v1.0_personalization,User07,3,D0102,95,unknown,User07|unknown|S0097,not_applicable,normal,test,1,D0102 18:45:58,D0103 04:46:02,12002
v1.0,v1.0_personalization,User07,3,D0103,96,unknown,User07|unknown|S0098,not_applicable,normal,test,1,D0103 19:45:22,D0104 06:15:22,12601
v1.0,v1.0_personalization,User07,3,D0104,97,unknown,User07|unknown|S0099,not_applicable,normal,test,1,D0104 19:34:00,D0105 01:34:00,7201
v1.0,v1.0_personalization,User07,3,D0105,98,unknown,User07|unknown|S0100,not_applicable,normal,test,1,D0105 21:04:18,D0106 01:34:21,5402
v1.0,v1.0_personalization,User07,3,D0106,99,unknown,User07|unknown|S0101,not_applicable,normal,test,1,D0106 19:01:00,D0107 07:01:10,14405
v1.0,v1.0_personalization,User07,3,D0107,100,unknown,User07|unknown|S0102,not_applicable,normal,test,1,D0107 20:11:33,D0108 05:11:33,10801
v1.0,v1.0_personalization,User07,7,D0001,1,unknown,User07|unknown|S0001,not_applicable,normal,adaptation,0,D0001 19:00:58,D0002 07:01:03,14403
v1.0,v1.0_personalization,User07,7,D0002,2,unknown,User07|unknown|S0002,not_applicable,normal,adaptation,0,D0002 20:05:22,D0003 06:35:24,12602
v1.0,v1.0_personalization,User07,7,D0003,3,unknown,User07|unknown|S0003,not_applicable,normal,adaptation,0,D0003 19:14:28,D0004 06:14:30,13202
v1.0,v1.0_personalization,User07,7,D0004,4,unknown,User07|unknown|S0004,not_applicable,normal,adaptation,0,D0004 19:36:32,D0005 06:06:36,12603
v1.0,v1.0_personalization,User07,7,D0005,5,unknown,User07|unknown|S0005,not_applicable,normal,adaptation,0,D0005 22:45:45,D0006 05:45:45,8401
v1.0,v1.0_personalization,User07,7,D0006,6,unknown,User07|unknown|S0006,not_applicable,normal,adaptation,0,D0006 20:33:02,D0007 07:03:06,12602
v1.0,v1.0_personalization,User07,7,D0007,7,unknown,User07|unknown|S0007,not_applicable,normal,adaptation,0,D0007 19:36:24,D0008 06:06:27,12602
v1.0,v1.0_personalization,User07,7,D0008,8,unknown,User07|unknown|S0008,not_applicable,normal,buffer,0,D0008 18:45:10,D0009 06:45:10,14402
v1.0,v1.0_personalization,User07,7,D0009,9,unknown,User07|unknown|S0009,not_applicable,normal,test,0,D0009 20:02:22,D0010 06:02:23,12002
v1.0,v1.0_personalization,User07,7,D0011,10,unknown,User07|unknown|S0010,not_applicable,normal,test,0,D0011 19:41:35,D0012 05:41:38,12002
v1.0,v1.0_personalization,User07,7,D0012,11,unknown,User07|unknown|S0011,not_applicable,normal,test,0,D0012 20:00:39,D0013 06:30:41,12602
v1.0,v1.0_personalization,User07,7,D0013,12,unknown,User07|unknown|S0012,not_applicable,normal,test,0,D0013 20:23:59,D0014 06:24:00,11979
v1.0,v1.0_personalization,User07,7,D0014,13,unknown,User07|unknown|S0013,not_applicable,normal,test,0,D0014 20:10:32,D0015 05:10:34,10802
v1.0,v1.0_personalization,User07,7,D0015,14,unknown,User07|unknown|S0014,not_applicable,normal,test,0,D0015 22:22:52,D0016 02:22:49,4800
v1.0,v1.0_personalization,User07,7,D0015,14,unknown,User07|unknown|S0015,not_applicable,normal,test,0,D0016 06:22:25,D0016 06:22:52,10
v1.0,v1.0_personalization,User07,7,D0016,15,unknown,User07|unknown|S0016,not_applicable,normal,test,0,D0016 19:44:12,D0017 08:14:15,15002
v1.0,v1.0_personalization,User07,7,D0017,16,unknown,User07|unknown|S0017,not_applicable,normal,test,1,D0017 19:13:02,D0018 02:43:03,9002
v1.0,v1.0_personalization,User07,7,D0018,17,unknown,User07|unknown|S0018,not_applicable,normal,test,1,D0018 19:04:04,D0019 06:04:10,13203
v1.0,v1.0_personalization,User07,7,D0019,18,unknown,User07|unknown|S0019,not_applicable,normal,test,1,D0019 18:07:57,D0020 05:38:05,13803
v1.0,v1.0_personalization,User07,7,D0020,19,unknown,User07|unknown|S0020,not_applicable,normal,test,1,D0020 19:21:48,D0021 02:51:54,9004
v1.0,v1.0_personalization,User07,7,D0021,20,unknown,User07|unknown|S0021,not_applicable,normal,test,1,D0021 20:03:41,D0022 02:33:41,7802
v1.0,v1.0_personalization,User07,7,D0022,21,unknown,User07|unknown|S0022,not_applicable,normal,test,1,D0022 18:41:25,D0023 01:41:25,8401
v1.0,v1.0_personalization,User07,7,D0023,22,unknown,User07|unknown|S0023,not_applicable,normal,test,1,D0023 19:28:34,D0024 08:28:37,15602
v1.0,v1.0_personalization,User07,7,D0024,23,unknown,User07|unknown|S0024,not_applicable,normal,test,1,D0024 19:18:05,D0025 03:48:06,10202
v1.0,v1.0_personalization,User07,7,D0025,24,unknown,User07|unknown|S0025,not_applicable,normal,test,1,D0025 19:48:49,D0026 02:18:47,7801
v1.0,v1.0_personalization,User07,7,D0026,25,unknown,User07|unknown|S0026,not_applicable,normal,test,1,D0026 19:37:01,D0027 02:07:00,7801
v1.0,v1.0_personalization,User07,7,D0027,26,unknown,User07|unknown|S0027,not_applicable,normal,test,1,D0027 19:25:09,D0028 02:25:17,8404
v1.0,v1.0_personalization,User07,7,D0028,27,unknown,User07|unknown|S0028,not_applicable,normal,test,1,D0028 20:16:41,D0029 02:16:42,7201
v1.0,v1.0_personalization,User07,7,D0029,28,unknown,User07|unknown|S0029,not_applicable,normal,test,1,D0029 20:04:11,D0030 02:04:11,7201
v1.0,v1.0_personalization,User07,7,D0030,29,unknown,User07|unknown|S0030,not_applicable,normal,test,1,D0030 20:02:55,D0031 06:33:07,12605
v1.0,v1.0_personalization,User07,7,D0031,30,unknown,User07|unknown|S0031,not_applicable,normal,test,1,D0031 18:45:44,D0032 02:45:50,9603
v1.0,v1.0_personalization,User07,7,D0032,31,unknown,User07|unknown|S0032,not_applicable,normal,test,1,D0032 19:33:29,D0033 01:33:30,7201
v1.0,v1.0_personalization,User07,7,D0033,32,unknown,User07|unknown|S0033,not_applicable,normal,test,1,D0033 21:05:52,D0034 02:05:55,6002
v1.0,v1.0_personalization,User07,7,D0034,33,unknown,User07|unknown|S0034,not_applicable,normal,test,1,D0034 19:15:41,D0035 02:15:45,8402
v1.0,v1.0_personalization,User07,7,D0035,34,unknown,User07|unknown|S0035,not_applicable,normal,test,1,D0035 19:13:01,D0036 02:13:00,8401
v1.0,v1.0_personalization,User07,7,D0036,35,unknown,User07|unknown|S0036,not_applicable,normal,test,1,D0037 00:12:07,D0037 02:12:01,2400
v1.0,v1.0_personalization,User07,7,D0037,36,unknown,User07|unknown|S0037,not_applicable,normal,test,1,D0037 18:39:45,D0038 00:39:44,7201
v1.0,v1.0_personalization,User07,7,D0038,37,unknown,User07|unknown|S0038,not_applicable,normal,test,1,D0038 17:52:53,D0039 01:53:02,9604
v1.0,v1.0_personalization,User07,7,D0039,38,unknown,User07|unknown|S0039,not_applicable,normal,test,1,D0039 17:58:32,D0040 05:58:37,14403
v1.0,v1.0_personalization,User07,7,D0040,39,unknown,User07|unknown|S0040,not_applicable,normal,test,1,D0040 20:15:11,D0041 02:15:12,7202
v1.0,v1.0_personalization,User07,7,D0041,40,unknown,User07|unknown|S0041,not_applicable,normal,test,1,D0041 18:56:11,D0042 02:26:11,9002
v1.0,v1.0_personalization,User07,7,D0042,41,unknown,User07|unknown|S0042,not_applicable,normal,test,1,D0042 19:53:15,D0043 02:23:17,7441
v1.0,v1.0_personalization,User07,7,D0043,42,unknown,User07|unknown|S0043,not_applicable,normal,test,1,D0043 18:58:23,D0044 01:28:22,7801
v1.0,v1.0_personalization,User07,7,D0044,43,unknown,User07|unknown|S0044,not_applicable,normal,test,1,D0044 18:18:48,D0045 02:18:52,9602
v1.0,v1.0_personalization,User07,7,D0045,44,unknown,User07|unknown|S0045,not_applicable,normal,test,1,D0045 19:29:13,D0046 02:29:16,8402
v1.0,v1.0_personalization,User07,7,D0046,45,unknown,User07|unknown|S0046,not_applicable,normal,test,1,D0046 18:41:47,D0047 02:41:53,9603
v1.0,v1.0_personalization,User07,7,D0047,46,unknown,User07|unknown|S0047,not_applicable,normal,test,1,D0047 19:54:30,D0048 04:54:31,10802
v1.0,v1.0_personalization,User07,7,D0048,47,unknown,User07|unknown|S0048,not_applicable,normal,test,1,D0048 19:03:51,D0049 05:33:57,12603
v1.0,v1.0_personalization,User07,7,D0049,48,unknown,User07|unknown|S0049,not_applicable,normal,test,1,D0049 21:11:55,D0050 02:11:55,6001
v1.0,v1.0_personalization,User07,7,D0050,49,unknown,User07|unknown|S0050,not_applicable,normal,test,1,D0050 19:25:49,D0051 01:25:52,7202
v1.0,v1.0_personalization,User07,7,D0051,50,unknown,User07|unknown|S0051,not_applicable,normal,test,1,D0051 21:32:30,D0052 01:32:29,4800
v1.0,v1.0_personalization,User07,7,D0052,51,unknown,User07|unknown|S0052,not_applicable,normal,test,1,D0052 18:18:48,D0053 01:18:45,8401
v1.0,v1.0_personalization,User07,7,D0053,52,unknown,User07|unknown|S0053,not_applicable,normal,test,1,D0053 18:54:02,D0054 06:24:09,13804
v1.0,v1.0_personalization,User07,7,D0054,53,unknown,User07|unknown|S0054,not_applicable,normal,test,1,D0054 19:00:28,D0055 06:30:36,13804
v1.0,v1.0_personalization,User07,7,D0055,54,unknown,User07|unknown|S0055,not_applicable,normal,test,1,D0055 18:06:07,D0056 06:36:10,15003
v1.0,v1.0_personalization,User07,7,D0056,55,unknown,User07|unknown|S0056,not_applicable,normal,test,1,D0056 21:20:16,D0057 01:50:13,5401
v1.0,v1.0_personalization,User07,7,D0057,56,unknown,User07|unknown|S0057,not_applicable,normal,test,1,D0057 20:14:17,D0058 01:14:20,6002
v1.0,v1.0_personalization,User07,7,D0058,57,unknown,User07|unknown|S0058,not_applicable,normal,test,1,D0058 19:30:41,D0059 01:00:42,6602
v1.0,v1.0_personalization,User07,7,D0059,58,unknown,User07|unknown|S0059,not_applicable,normal,test,1,D0059 19:22:10,D0060 02:22:13,8402
v1.0,v1.0_personalization,User07,7,D0060,59,unknown,User07|unknown|S0060,not_applicable,normal,test,1,D0060 21:00:19,D0061 02:30:20,6602
v1.0,v1.0_personalization,User07,7,D0061,60,unknown,User07|unknown|S0061,not_applicable,normal,test,1,D0061 21:07:09,D0062 02:07:09,6001
v1.0,v1.0_personalization,User07,7,D0062,61,unknown,User07|unknown|S0062,not_applicable,normal,test,1,D0062 18:56:48,D0063 02:56:51,9602
v1.0,v1.0_personalization,User07,7,D0065,62,unknown,User07|unknown|S0063,not_applicable,normal,test,1,D0065 19:18:36,D0066 02:18:36,8401
v1.0,v1.0_personalization,User07,7,D0067,63,unknown,User07|unknown|S0064,not_applicable,normal,test,1,D0067 20:28:37,D0068 02:28:41,7202
v1.0,v1.0_personalization,User07,7,D0068,64,unknown,User07|unknown|S0065,not_applicable,normal,test,1,D0068 18:00:50,D0069 02:30:55,10203
v1.0,v1.0_personalization,User07,7,D0069,65,unknown,User07|unknown|S0066,not_applicable,normal,test,1,D0069 17:20:31,D0070 02:20:38,10804
v1.0,v1.0_personalization,User07,7,D0070,66,unknown,User07|unknown|S0067,not_applicable,normal,test,1,D0070 17:27:21,D0071 02:27:19,10801
v1.0,v1.0_personalization,User07,7,D0071,67,unknown,User07|unknown|S0068,not_applicable,normal,test,1,D0071 19:14:16,D0072 01:14:18,7201
v1.0,v1.0_personalization,User07,7,D0073,68,unknown,User07|unknown|S0069,not_applicable,normal,test,1,D0073 18:49:22,D0074 02:19:30,9003
v1.0,v1.0_personalization,User07,7,D0074,69,unknown,User07|unknown|S0070,not_applicable,normal,test,1,D0074 18:15:05,D0075 02:15:12,9603
v1.0,v1.0_personalization,User07,7,D0075,70,unknown,User07|unknown|S0071,not_applicable,normal,test,1,D0075 19:04:29,D0076 02:34:35,9003
v1.0,v1.0_personalization,User07,7,D0076,71,unknown,User07|unknown|S0072,not_applicable,normal,test,1,D0076 19:39:30,D0077 06:09:28,12601
v1.0,v1.0_personalization,User07,7,D0077,72,unknown,User07|unknown|S0073,not_applicable,normal,test,1,D0077 17:40:07,D0078 01:40:09,9602
v1.0,v1.0_personalization,User07,7,D0078,73,unknown,User07|unknown|S0074,not_applicable,normal,test,1,D0078 19:16:24,D0079 07:46:33,14984
v1.0,v1.0_personalization,User07,7,D0079,74,unknown,User07|unknown|S0075,not_applicable,normal,test,1,D0079 19:29:23,D0080 03:29:30,9602
v1.0,v1.0_personalization,User07,7,D0080,75,unknown,User07|unknown|S0076,not_applicable,normal,test,1,D0080 18:53:25,D0081 02:53:29,9602
v1.0,v1.0_personalization,User07,7,D0081,76,unknown,User07|unknown|S0077,not_applicable,normal,test,1,D0081 20:08:03,D0082 02:38:06,7802
v1.0,v1.0_personalization,User07,7,D0081,76,unknown,User07|unknown|S0078,not_applicable,normal,test,1,D0082 07:04:25,D0082 11:59:58,5912
v1.0,v1.0_personalization,User07,7,D0082,77,unknown,User07|unknown|S0078,not_applicable,normal,test,1,D0082 12:00:00,D0083 01:04:36,15693
v1.0,v1.0_personalization,User07,7,D0082,77,unknown,User07|unknown|S0079,not_applicable,normal,test,1,D0083 06:34:33,D0083 11:59:59,6510
v1.0,v1.0_personalization,User07,7,D0083,78,unknown,User07|unknown|S0079,not_applicable,normal,test,1,D0083 12:00:02,D0083 18:04:35,7292
v1.0,v1.0_personalization,User07,7,D0083,78,unknown,User07|unknown|S0080,not_applicable,normal,test,1,D0083 19:48:30,D0084 02:18:36,7803
v1.0,v1.0_personalization,User07,7,D0084,79,unknown,User07|unknown|S0081,not_applicable,normal,test,1,D0084 17:55:29,D0085 02:25:32,9902
v1.0,v1.0_personalization,User07,7,D0086,80,unknown,User07|unknown|S0082,not_applicable,normal,test,1,D0086 19:14:40,D0087 01:45:24,7119
v1.0,v1.0_personalization,User07,7,D0087,81,unknown,User07|unknown|S0083,not_applicable,normal,test,1,D0087 18:22:22,D0088 01:52:56,8005
v1.0,v1.0_personalization,User07,7,D0088,82,unknown,User07|unknown|S0084,not_applicable,normal,test,1,D0088 19:24:16,D0089 01:26:12,6531
v1.0,v1.0_personalization,User07,7,D0089,83,unknown,User07|unknown|S0085,not_applicable,normal,test,1,D0089 18:20:32,D0090 01:52:26,7605
v1.0,v1.0_personalization,User07,7,D0090,84,unknown,User07|unknown|S0086,not_applicable,normal,test,1,D0090 18:14:50,D0091 05:16:26,11900
v1.0,v1.0_personalization,User07,7,D0091,85,unknown,User07|unknown|S0087,not_applicable,normal,test,1,D0091 17:53:02,D0092 01:23:16,8063
v1.0,v1.0_personalization,User07,7,D0092,86,unknown,User07|unknown|S0088,not_applicable,normal,test,1,D0092 19:38:39,D0093 06:38:58,11600
v1.0,v1.0_personalization,User07,7,D0093,87,unknown,User07|unknown|S0089,not_applicable,normal,test,1,D0093 19:03:16,D0094 01:33:15,7156
v1.0,v1.0_personalization,User07,7,D0094,88,unknown,User07|unknown|S0090,not_applicable,normal,test,1,D0094 20:52:34,D0095 05:25:12,9294
v1.0,v1.0_personalization,User07,7,D0095,89,unknown,User07|unknown|S0091,not_applicable,normal,test,1,D0095 18:31:31,D0096 06:03:36,12543
v1.0,v1.0_personalization,User07,7,D0096,90,unknown,User07|unknown|S0092,not_applicable,normal,test,1,D0096 23:14:59,D0097 06:16:35,7224
v1.0,v1.0_personalization,User07,7,D0097,91,unknown,User07|unknown|S0093,not_applicable,normal,test,1,D0097 19:06:28,D0098 06:36:40,13141
v1.0,v1.0_personalization,User07,7,D0098,92,unknown,User07|unknown|S0094,not_applicable,normal,test,1,D0098 19:05:32,D0099 06:35:37,13803
v1.0,v1.0_personalization,User07,7,D0099,93,unknown,User07|unknown|S0095,not_applicable,normal,test,1,D0099 18:34:33,D0100 01:34:39,8403
v1.0,v1.0_personalization,User07,7,D0100,94,unknown,User07|unknown|S0096,not_applicable,normal,test,1,D0100 20:19:20,D0101 00:49:18,5400
v1.0,v1.0_personalization,User07,7,D0102,95,unknown,User07|unknown|S0097,not_applicable,normal,test,1,D0102 18:45:58,D0103 04:46:02,12002
v1.0,v1.0_personalization,User07,7,D0103,96,unknown,User07|unknown|S0098,not_applicable,normal,test,1,D0103 19:45:22,D0104 06:15:22,12601
v1.0,v1.0_personalization,User07,7,D0104,97,unknown,User07|unknown|S0099,not_applicable,normal,test,1,D0104 19:34:00,D0105 01:34:00,7201
v1.0,v1.0_personalization,User07,7,D0105,98,unknown,User07|unknown|S0100,not_applicable,normal,test,1,D0105 21:04:18,D0106 01:34:21,5402
v1.0,v1.0_personalization,User07,7,D0106,99,unknown,User07|unknown|S0101,not_applicable,normal,test,1,D0106 19:01:00,D0107 07:01:10,14405
v1.0,v1.0_personalization,User07,7,D0107,100,unknown,User07|unknown|S0102,not_applicable,normal,test,1,D0107 20:11:33,D0108 05:11:33,10801
v1.0,v1.0_personalization,User07,14,D0001,1,unknown,User07|unknown|S0001,not_applicable,normal,adaptation,0,D0001 19:00:58,D0002 07:01:03,14403
v1.0,v1.0_personalization,User07,14,D0002,2,unknown,User07|unknown|S0002,not_applicable,normal,adaptation,0,D0002 20:05:22,D0003 06:35:24,12602
v1.0,v1.0_personalization,User07,14,D0003,3,unknown,User07|unknown|S0003,not_applicable,normal,adaptation,0,D0003 19:14:28,D0004 06:14:30,13202
v1.0,v1.0_personalization,User07,14,D0004,4,unknown,User07|unknown|S0004,not_applicable,normal,adaptation,0,D0004 19:36:32,D0005 06:06:36,12603
v1.0,v1.0_personalization,User07,14,D0005,5,unknown,User07|unknown|S0005,not_applicable,normal,adaptation,0,D0005 22:45:45,D0006 05:45:45,8401
v1.0,v1.0_personalization,User07,14,D0006,6,unknown,User07|unknown|S0006,not_applicable,normal,adaptation,0,D0006 20:33:02,D0007 07:03:06,12602
v1.0,v1.0_personalization,User07,14,D0007,7,unknown,User07|unknown|S0007,not_applicable,normal,adaptation,0,D0007 19:36:24,D0008 06:06:27,12602
v1.0,v1.0_personalization,User07,14,D0008,8,unknown,User07|unknown|S0008,not_applicable,normal,adaptation,0,D0008 18:45:10,D0009 06:45:10,14402
v1.0,v1.0_personalization,User07,14,D0009,9,unknown,User07|unknown|S0009,not_applicable,normal,adaptation,0,D0009 20:02:22,D0010 06:02:23,12002
v1.0,v1.0_personalization,User07,14,D0011,10,unknown,User07|unknown|S0010,not_applicable,normal,adaptation,0,D0011 19:41:35,D0012 05:41:38,12002
v1.0,v1.0_personalization,User07,14,D0012,11,unknown,User07|unknown|S0011,not_applicable,normal,adaptation,0,D0012 20:00:39,D0013 06:30:41,12602
v1.0,v1.0_personalization,User07,14,D0013,12,unknown,User07|unknown|S0012,not_applicable,normal,adaptation,0,D0013 20:23:59,D0014 06:24:00,11979
v1.0,v1.0_personalization,User07,14,D0014,13,unknown,User07|unknown|S0013,not_applicable,normal,adaptation,0,D0014 20:10:32,D0015 05:10:34,10802
v1.0,v1.0_personalization,User07,14,D0015,14,unknown,User07|unknown|S0014,not_applicable,normal,adaptation,0,D0015 22:22:52,D0016 02:22:49,4800
v1.0,v1.0_personalization,User07,14,D0015,14,unknown,User07|unknown|S0015,not_applicable,normal,adaptation,0,D0016 06:22:25,D0016 06:22:52,10
v1.0,v1.0_personalization,User07,14,D0016,15,unknown,User07|unknown|S0016,not_applicable,normal,buffer,0,D0016 19:44:12,D0017 08:14:15,15002
v1.0,v1.0_personalization,User07,14,D0017,16,unknown,User07|unknown|S0017,not_applicable,normal,test,1,D0017 19:13:02,D0018 02:43:03,9002
v1.0,v1.0_personalization,User07,14,D0018,17,unknown,User07|unknown|S0018,not_applicable,normal,test,1,D0018 19:04:04,D0019 06:04:10,13203
v1.0,v1.0_personalization,User07,14,D0019,18,unknown,User07|unknown|S0019,not_applicable,normal,test,1,D0019 18:07:57,D0020 05:38:05,13803
v1.0,v1.0_personalization,User07,14,D0020,19,unknown,User07|unknown|S0020,not_applicable,normal,test,1,D0020 19:21:48,D0021 02:51:54,9004
v1.0,v1.0_personalization,User07,14,D0021,20,unknown,User07|unknown|S0021,not_applicable,normal,test,1,D0021 20:03:41,D0022 02:33:41,7802
v1.0,v1.0_personalization,User07,14,D0022,21,unknown,User07|unknown|S0022,not_applicable,normal,test,1,D0022 18:41:25,D0023 01:41:25,8401
v1.0,v1.0_personalization,User07,14,D0023,22,unknown,User07|unknown|S0023,not_applicable,normal,test,1,D0023 19:28:34,D0024 08:28:37,15602
v1.0,v1.0_personalization,User07,14,D0024,23,unknown,User07|unknown|S0024,not_applicable,normal,test,1,D0024 19:18:05,D0025 03:48:06,10202
v1.0,v1.0_personalization,User07,14,D0025,24,unknown,User07|unknown|S0025,not_applicable,normal,test,1,D0025 19:48:49,D0026 02:18:47,7801
v1.0,v1.0_personalization,User07,14,D0026,25,unknown,User07|unknown|S0026,not_applicable,normal,test,1,D0026 19:37:01,D0027 02:07:00,7801
v1.0,v1.0_personalization,User07,14,D0027,26,unknown,User07|unknown|S0027,not_applicable,normal,test,1,D0027 19:25:09,D0028 02:25:17,8404
v1.0,v1.0_personalization,User07,14,D0028,27,unknown,User07|unknown|S0028,not_applicable,normal,test,1,D0028 20:16:41,D0029 02:16:42,7201
v1.0,v1.0_personalization,User07,14,D0029,28,unknown,User07|unknown|S0029,not_applicable,normal,test,1,D0029 20:04:11,D0030 02:04:11,7201
v1.0,v1.0_personalization,User07,14,D0030,29,unknown,User07|unknown|S0030,not_applicable,normal,test,1,D0030 20:02:55,D0031 06:33:07,12605
v1.0,v1.0_personalization,User07,14,D0031,30,unknown,User07|unknown|S0031,not_applicable,normal,test,1,D0031 18:45:44,D0032 02:45:50,9603
v1.0,v1.0_personalization,User07,14,D0032,31,unknown,User07|unknown|S0032,not_applicable,normal,test,1,D0032 19:33:29,D0033 01:33:30,7201
v1.0,v1.0_personalization,User07,14,D0033,32,unknown,User07|unknown|S0033,not_applicable,normal,test,1,D0033 21:05:52,D0034 02:05:55,6002
v1.0,v1.0_personalization,User07,14,D0034,33,unknown,User07|unknown|S0034,not_applicable,normal,test,1,D0034 19:15:41,D0035 02:15:45,8402
v1.0,v1.0_personalization,User07,14,D0035,34,unknown,User07|unknown|S0035,not_applicable,normal,test,1,D0035 19:13:01,D0036 02:13:00,8401
v1.0,v1.0_personalization,User07,14,D0036,35,unknown,User07|unknown|S0036,not_applicable,normal,test,1,D0037 00:12:07,D0037 02:12:01,2400
v1.0,v1.0_personalization,User07,14,D0037,36,unknown,User07|unknown|S0037,not_applicable,normal,test,1,D0037 18:39:45,D0038 00:39:44,7201
v1.0,v1.0_personalization,User07,14,D0038,37,unknown,User07|unknown|S0038,not_applicable,normal,test,1,D0038 17:52:53,D0039 01:53:02,9604
v1.0,v1.0_personalization,User07,14,D0039,38,unknown,User07|unknown|S0039,not_applicable,normal,test,1,D0039 17:58:32,D0040 05:58:37,14403
v1.0,v1.0_personalization,User07,14,D0040,39,unknown,User07|unknown|S0040,not_applicable,normal,test,1,D0040 20:15:11,D0041 02:15:12,7202
v1.0,v1.0_personalization,User07,14,D0041,40,unknown,User07|unknown|S0041,not_applicable,normal,test,1,D0041 18:56:11,D0042 02:26:11,9002
v1.0,v1.0_personalization,User07,14,D0042,41,unknown,User07|unknown|S0042,not_applicable,normal,test,1,D0042 19:53:15,D0043 02:23:17,7441
v1.0,v1.0_personalization,User07,14,D0043,42,unknown,User07|unknown|S0043,not_applicable,normal,test,1,D0043 18:58:23,D0044 01:28:22,7801
v1.0,v1.0_personalization,User07,14,D0044,43,unknown,User07|unknown|S0044,not_applicable,normal,test,1,D0044 18:18:48,D0045 02:18:52,9602
v1.0,v1.0_personalization,User07,14,D0045,44,unknown,User07|unknown|S0045,not_applicable,normal,test,1,D0045 19:29:13,D0046 02:29:16,8402
v1.0,v1.0_personalization,User07,14,D0046,45,unknown,User07|unknown|S0046,not_applicable,normal,test,1,D0046 18:41:47,D0047 02:41:53,9603
v1.0,v1.0_personalization,User07,14,D0047,46,unknown,User07|unknown|S0047,not_applicable,normal,test,1,D0047 19:54:30,D0048 04:54:31,10802
v1.0,v1.0_personalization,User07,14,D0048,47,unknown,User07|unknown|S0048,not_applicable,normal,test,1,D0048 19:03:51,D0049 05:33:57,12603
v1.0,v1.0_personalization,User07,14,D0049,48,unknown,User07|unknown|S0049,not_applicable,normal,test,1,D0049 21:11:55,D0050 02:11:55,6001
v1.0,v1.0_personalization,User07,14,D0050,49,unknown,User07|unknown|S0050,not_applicable,normal,test,1,D0050 19:25:49,D0051 01:25:52,7202
v1.0,v1.0_personalization,User07,14,D0051,50,unknown,User07|unknown|S0051,not_applicable,normal,test,1,D0051 21:32:30,D0052 01:32:29,4800
v1.0,v1.0_personalization,User07,14,D0052,51,unknown,User07|unknown|S0052,not_applicable,normal,test,1,D0052 18:18:48,D0053 01:18:45,8401
v1.0,v1.0_personalization,User07,14,D0053,52,unknown,User07|unknown|S0053,not_applicable,normal,test,1,D0053 18:54:02,D0054 06:24:09,13804
v1.0,v1.0_personalization,User07,14,D0054,53,unknown,User07|unknown|S0054,not_applicable,normal,test,1,D0054 19:00:28,D0055 06:30:36,13804
v1.0,v1.0_personalization,User07,14,D0055,54,unknown,User07|unknown|S0055,not_applicable,normal,test,1,D0055 18:06:07,D0056 06:36:10,15003
v1.0,v1.0_personalization,User07,14,D0056,55,unknown,User07|unknown|S0056,not_applicable,normal,test,1,D0056 21:20:16,D0057 01:50:13,5401
v1.0,v1.0_personalization,User07,14,D0057,56,unknown,User07|unknown|S0057,not_applicable,normal,test,1,D0057 20:14:17,D0058 01:14:20,6002
v1.0,v1.0_personalization,User07,14,D0058,57,unknown,User07|unknown|S0058,not_applicable,normal,test,1,D0058 19:30:41,D0059 01:00:42,6602
v1.0,v1.0_personalization,User07,14,D0059,58,unknown,User07|unknown|S0059,not_applicable,normal,test,1,D0059 19:22:10,D0060 02:22:13,8402
v1.0,v1.0_personalization,User07,14,D0060,59,unknown,User07|unknown|S0060,not_applicable,normal,test,1,D0060 21:00:19,D0061 02:30:20,6602
v1.0,v1.0_personalization,User07,14,D0061,60,unknown,User07|unknown|S0061,not_applicable,normal,test,1,D0061 21:07:09,D0062 02:07:09,6001
v1.0,v1.0_personalization,User07,14,D0062,61,unknown,User07|unknown|S0062,not_applicable,normal,test,1,D0062 18:56:48,D0063 02:56:51,9602
v1.0,v1.0_personalization,User07,14,D0065,62,unknown,User07|unknown|S0063,not_applicable,normal,test,1,D0065 19:18:36,D0066 02:18:36,8401
v1.0,v1.0_personalization,User07,14,D0067,63,unknown,User07|unknown|S0064,not_applicable,normal,test,1,D0067 20:28:37,D0068 02:28:41,7202
v1.0,v1.0_personalization,User07,14,D0068,64,unknown,User07|unknown|S0065,not_applicable,normal,test,1,D0068 18:00:50,D0069 02:30:55,10203
v1.0,v1.0_personalization,User07,14,D0069,65,unknown,User07|unknown|S0066,not_applicable,normal,test,1,D0069 17:20:31,D0070 02:20:38,10804
v1.0,v1.0_personalization,User07,14,D0070,66,unknown,User07|unknown|S0067,not_applicable,normal,test,1,D0070 17:27:21,D0071 02:27:19,10801
v1.0,v1.0_personalization,User07,14,D0071,67,unknown,User07|unknown|S0068,not_applicable,normal,test,1,D0071 19:14:16,D0072 01:14:18,7201
v1.0,v1.0_personalization,User07,14,D0073,68,unknown,User07|unknown|S0069,not_applicable,normal,test,1,D0073 18:49:22,D0074 02:19:30,9003
v1.0,v1.0_personalization,User07,14,D0074,69,unknown,User07|unknown|S0070,not_applicable,normal,test,1,D0074 18:15:05,D0075 02:15:12,9603
v1.0,v1.0_personalization,User07,14,D0075,70,unknown,User07|unknown|S0071,not_applicable,normal,test,1,D0075 19:04:29,D0076 02:34:35,9003
v1.0,v1.0_personalization,User07,14,D0076,71,unknown,User07|unknown|S0072,not_applicable,normal,test,1,D0076 19:39:30,D0077 06:09:28,12601
v1.0,v1.0_personalization,User07,14,D0077,72,unknown,User07|unknown|S0073,not_applicable,normal,test,1,D0077 17:40:07,D0078 01:40:09,9602
v1.0,v1.0_personalization,User07,14,D0078,73,unknown,User07|unknown|S0074,not_applicable,normal,test,1,D0078 19:16:24,D0079 07:46:33,14984
v1.0,v1.0_personalization,User07,14,D0079,74,unknown,User07|unknown|S0075,not_applicable,normal,test,1,D0079 19:29:23,D0080 03:29:30,9602
v1.0,v1.0_personalization,User07,14,D0080,75,unknown,User07|unknown|S0076,not_applicable,normal,test,1,D0080 18:53:25,D0081 02:53:29,9602
v1.0,v1.0_personalization,User07,14,D0081,76,unknown,User07|unknown|S0077,not_applicable,normal,test,1,D0081 20:08:03,D0082 02:38:06,7802
v1.0,v1.0_personalization,User07,14,D0081,76,unknown,User07|unknown|S0078,not_applicable,normal,test,1,D0082 07:04:25,D0082 11:59:58,5912
v1.0,v1.0_personalization,User07,14,D0082,77,unknown,User07|unknown|S0078,not_applicable,normal,test,1,D0082 12:00:00,D0083 01:04:36,15693
v1.0,v1.0_personalization,User07,14,D0082,77,unknown,User07|unknown|S0079,not_applicable,normal,test,1,D0083 06:34:33,D0083 11:59:59,6510
v1.0,v1.0_personalization,User07,14,D0083,78,unknown,User07|unknown|S0079,not_applicable,normal,test,1,D0083 12:00:02,D0083 18:04:35,7292
v1.0,v1.0_personalization,User07,14,D0083,78,unknown,User07|unknown|S0080,not_applicable,normal,test,1,D0083 19:48:30,D0084 02:18:36,7803
v1.0,v1.0_personalization,User07,14,D0084,79,unknown,User07|unknown|S0081,not_applicable,normal,test,1,D0084 17:55:29,D0085 02:25:32,9902
v1.0,v1.0_personalization,User07,14,D0086,80,unknown,User07|unknown|S0082,not_applicable,normal,test,1,D0086 19:14:40,D0087 01:45:24,7119
v1.0,v1.0_personalization,User07,14,D0087,81,unknown,User07|unknown|S0083,not_applicable,normal,test,1,D0087 18:22:22,D0088 01:52:56,8005
v1.0,v1.0_personalization,User07,14,D0088,82,unknown,User07|unknown|S0084,not_applicable,normal,test,1,D0088 19:24:16,D0089 01:26:12,6531
v1.0,v1.0_personalization,User07,14,D0089,83,unknown,User07|unknown|S0085,not_applicable,normal,test,1,D0089 18:20:32,D0090 01:52:26,7605
v1.0,v1.0_personalization,User07,14,D0090,84,unknown,User07|unknown|S0086,not_applicable,normal,test,1,D0090 18:14:50,D0091 05:16:26,11900
v1.0,v1.0_personalization,User07,14,D0091,85,unknown,User07|unknown|S0087,not_applicable,normal,test,1,D0091 17:53:02,D0092 01:23:16,8063
v1.0,v1.0_personalization,User07,14,D0092,86,unknown,User07|unknown|S0088,not_applicable,normal,test,1,D0092 19:38:39,D0093 06:38:58,11600
v1.0,v1.0_personalization,User07,14,D0093,87,unknown,User07|unknown|S0089,not_applicable,normal,test,1,D0093 19:03:16,D0094 01:33:15,7156
v1.0,v1.0_personalization,User07,14,D0094,88,unknown,User07|unknown|S0090,not_applicable,normal,test,1,D0094 20:52:34,D0095 05:25:12,9294
v1.0,v1.0_personalization,User07,14,D0095,89,unknown,User07|unknown|S0091,not_applicable,normal,test,1,D0095 18:31:31,D0096 06:03:36,12543
v1.0,v1.0_personalization,User07,14,D0096,90,unknown,User07|unknown|S0092,not_applicable,normal,test,1,D0096 23:14:59,D0097 06:16:35,7224
v1.0,v1.0_personalization,User07,14,D0097,91,unknown,User07|unknown|S0093,not_applicable,normal,test,1,D0097 19:06:28,D0098 06:36:40,13141
v1.0,v1.0_personalization,User07,14,D0098,92,unknown,User07|unknown|S0094,not_applicable,normal,test,1,D0098 19:05:32,D0099 06:35:37,13803
v1.0,v1.0_personalization,User07,14,D0099,93,unknown,User07|unknown|S0095,not_applicable,normal,test,1,D0099 18:34:33,D0100 01:34:39,8403
v1.0,v1.0_personalization,User07,14,D0100,94,unknown,User07|unknown|S0096,not_applicable,normal,test,1,D0100 20:19:20,D0101 00:49:18,5400
v1.0,v1.0_personalization,User07,14,D0102,95,unknown,User07|unknown|S0097,not_applicable,normal,test,1,D0102 18:45:58,D0103 04:46:02,12002
v1.0,v1.0_personalization,User07,14,D0103,96,unknown,User07|unknown|S0098,not_applicable,normal,test,1,D0103 19:45:22,D0104 06:15:22,12601
v1.0,v1.0_personalization,User07,14,D0104,97,unknown,User07|unknown|S0099,not_applicable,normal,test,1,D0104 19:34:00,D0105 01:34:00,7201
v1.0,v1.0_personalization,User07,14,D0105,98,unknown,User07|unknown|S0100,not_applicable,normal,test,1,D0105 21:04:18,D0106 01:34:21,5402
v1.0,v1.0_personalization,User07,14,D0106,99,unknown,User07|unknown|S0101,not_applicable,normal,test,1,D0106 19:01:00,D0107 07:01:10,14405
v1.0,v1.0_personalization,User07,14,D0107,100,unknown,User07|unknown|S0102,not_applicable,normal,test,1,D0107 20:11:33,D0108 05:11:33,10801
