subject_id,target,condition,budget_nights,seed,role,statistic,point_estimate,ci_lower,ci_upper,interval,n_undefined,n_nights,n_resamples,rng_seed,level,status,protocol_version
User01,temperature,C,0,0,primary,r_pooled,0.05739675793899707,0.01167947499253195,0.10095793099552706,above_zero,0,136,2000,0,0.95,post_hoc_second_order_diagnostic,v1.2
User01,temperature,C,0,0,primary,r_within,0.013490468864393144,-0.016369804377709813,0.04363601633716871,includes_zero,0,136,2000,0,0.95,post_hoc_second_order_diagnostic,v1.2
User01,temperature,C,0,0,primary,r_within_mat,0.013490468864393144,-0.016369804377709813,0.04363601633716871,includes_zero,0,136,2000,0,0.95,post_hoc_second_order_diagnostic,v1.2
User01,humidity,C,0,0,primary,r_pooled,-0.0006660985417414775,-0.03964968676477813,0.042961625107495884,includes_zero,0,136,2000,0,0.95,post_hoc_second_order_diagnostic,v1.2
User01,humidity,C,0,0,primary,r_within,-0.008319550155631366,-0.034057542554299935,0.019686037214123302,includes_zero,0,136,2000,0,0.95,post_hoc_second_order_diagnostic,v1.2
User01,humidity,C,0,0,primary,r_within_mat,-0.008319550155631366,-0.034057542554299935,0.019686037214123302,includes_zero,0,136,2000,0,0.95,post_hoc_second_order_diagnostic,v1.2
User01,temperature,C,0,1,sensitivity,r_pooled,0.0905777951596144,0.044217461798068604,0.13382165565223178,above_zero,0,136,2000,0,0.95,post_hoc_second_order_diagnostic,v1.2
User01,temperature,C,0,1,sensitivity,r_within,0.02266057470995528,-0.008300786411920759,0.05479152638908317,includes_zero,0,136,2000,0,0.95,post_hoc_second_order_diagnostic,v1.2
User01,temperature,C,0,1,sensitivity,r_within_mat,0.02266057470995528,-0.008300786411920759,0.05479152638908317,includes_zero,0,136,2000,0,0.95,post_hoc_second_order_diagnostic,v1.2
User01,humidity,C,0,1,sensitivity,r_pooled,-0.007580018703627336,-0.04982123580206293,0.04382136521712576,includes_zero,0,136,2000,0,0.95,post_hoc_second_order_diagnostic,v1.2
User01,humidity,C,0,1,sensitivity,r_within,-0.017157104620816477,-0.0401924363144312,0.006854698108632002,includes_zero,0,136,2000,0,0.95,post_hoc_second_order_diagnostic,v1.2
User01,humidity,C,0,1,sensitivity,r_within_mat,-0.017157104620816477,-0.0401924363144312,0.006854698108632002,includes_zero,0,136,2000,0,0.95,post_hoc_second_order_diagnostic,v1.2
User01,temperature,C,0,2,sensitivity,r_pooled,0.02539175808450346,-0.026836483011923932,0.07412559929835134,includes_zero,0,136,2000,0,0.95,post_hoc_second_order_diagnostic,v1.2
User01,temperature,C,0,2,sensitivity,r_within,0.03087314329058688,-7.647222158058351e-05,0.06193257565977645,includes_zero,0,136,2000,0,0.95,post_hoc_second_order_diagnostic,v1.2
User01,temperature,C,0,2,sensitivity,r_within_mat,0.03087314329058688,-7.647222158058351e-05,0.06193257565977645,includes_zero,0,136,2000,0,0.95,post_hoc_second_order_diagnostic,v1.2
User01,humidity,C,0,2,sensitivity,r_pooled,0.029636975090016542,-0.018430323569067746,0.08095311523406022,includes_zero,0,136,2000,0,0.95,post_hoc_second_order_diagnostic,v1.2
User01,humidity,C,0,2,sensitivity,r_within,-0.026046033254499477,-0.05118481579113561,-0.000954164305557406,below_zero,0,136,2000,0,0.95,post_hoc_second_order_diagnostic,v1.2
User01,humidity,C,0,2,sensitivity,r_within_mat,-0.026046033254499477,-0.05118481579113561,-0.000954164305557406,below_zero,0,136,2000,0,0.95,post_hoc_second_order_diagnostic,v1.2
User01,temperature,D,1,0,primary,r_pooled,0.05739675793899925,0.01167947499253083,0.10095793099553076,above_zero,0,136,2000,0,0.95,post_hoc_second_order_diagnostic,v1.2
User01,temperature,D,1,0,primary,r_within,0.013490468864393156,-0.016369804377709768,0.04363601633716868,includes_zero,0,136,2000,0,0.95,post_hoc_second_order_diagnostic,v1.2
User01,temperature,D,1,0,primary,r_within_mat,0.013490468864393156,-0.016369804377709768,0.04363601633716868,includes_zero,0,136,2000,0,0.95,post_hoc_second_order_diagnostic,v1.2
User01,humidity,D,1,0,primary,r_pooled,-0.0006660985417422572,-0.03964968676477869,0.04296162510749513,includes_zero,0,136,2000,0,0.95,post_hoc_second_order_diagnostic,v1.2
User01,humidity,D,1,0,primary,r_within,-0.008319550155631381,-0.03405754255429991,0.019686037214123316,includes_zero,0,136,2000,0,0.95,post_hoc_second_order_diagnostic,v1.2
User01,humidity,D,1,0,primary,r_within_mat,-0.008319550155631381,-0.03405754255429991,0.019686037214123316,includes_zero,0,136,2000,0,0.95,post_hoc_second_order_diagnostic,v1.2
User01,temperature,D,1,1,sensitivity,r_pooled,0.09057779515961384,0.04421746179806769,0.1338216556522309,above_zero,0,136,2000,0,0.95,post_hoc_second_order_diagnostic,v1.2
User01,temperature,D,1,1,sensitivity,r_within,0.022660574709955302,-0.00830078641192071,0.054791526389083176,includes_zero,0,136,2000,0,0.95,post_hoc_second_order_diagnostic,v1.2
User01,temperature,D,1,1,sensitivity,r_within_mat,0.022660574709955302,-0.00830078641192071,0.054791526389083176,includes_zero,0,136,2000,0,0.95,post_hoc_second_order_diagnostic,v1.2
User01,humidity,D,1,1,sensitivity,r_pooled,-0.007580018703624349,-0.04982123580206093,0.04382136521712695,includes_zero,0,136,2000,0,0.95,post_hoc_second_order_diagnostic,v1.2
User01,humidity,D,1,1,sensitivity,r_within,-0.01715710462081646,-0.04019243631443119,0.006854698108632034,includes_zero,0,136,2000,0,0.95,post_hoc_second_order_diagnostic,v1.2
User01,humidity,D,1,1,sensitivity,r_within_mat,-0.01715710462081646,-0.04019243631443119,0.006854698108632034,includes_zero,0,136,2000,0,0.95,post_hoc_second_order_diagnostic,v1.2
User01,temperature,D,1,2,sensitivity,r_pooled,0.025391758084507724,-0.026836483011920025,0.07412559929835567,includes_zero,0,136,2000,0,0.95,post_hoc_second_order_diagnostic,v1.2
User01,temperature,D,1,2,sensitivity,r_within,0.03087314329058692,-7.647222158054021e-05,0.0619325756597765,includes_zero,0,136,2000,0,0.95,post_hoc_second_order_diagnostic,v1.2
User01,temperature,D,1,2,sensitivity,r_within_mat,0.03087314329058692,-7.647222158054021e-05,0.0619325756597765,includes_zero,0,136,2000,0,0.95,post_hoc_second_order_diagnostic,v1.2
User01,humidity,D,1,2,sensitivity,r_pooled,0.029636975090016345,-0.018430323569067555,0.08095311523406135,includes_zero,0,136,2000,0,0.95,post_hoc_second_order_diagnostic,v1.2
User01,humidity,D,1,2,sensitivity,r_within,-0.02604603325449945,-0.05118481579113557,-0.0009541643055573902,below_zero,0,136,2000,0,0.95,post_hoc_second_order_diagnostic,v1.2
User01,humidity,D,1,2,sensitivity,r_within_mat,-0.02604603325449945,-0.05118481579113557,-0.0009541643055573902,below_zero,0,136,2000,0,0.95,post_hoc_second_order_diagnostic,v1.2
User01,temperature,D,3,0,primary,r_pooled,0.05739675793899269,0.01167947499252789,0.10095793099552343,above_zero,0,136,2000,0,0.95,post_hoc_second_order_diagnostic,v1.2
User01,temperature,D,3,0,primary,r_within,0.013490468864393123,-0.016369804377709865,0.04363601633716863,includes_zero,0,136,2000,0,0.95,post_hoc_second_order_diagnostic,v1.2
User01,temperature,D,3,0,primary,r_within_mat,0.013490468864393123,-0.016369804377709865,0.04363601633716863,includes_zero,0,136,2000,0,0.95,post_hoc_second_order_diagnostic,v1.2
User01,humidity,D,3,0,primary,r_pooled,-0.0006660985417440253,-0.03964968676478188,0.04296162510749229,includes_zero,0,136,2000,0,0.95,post_hoc_second_order_diagnostic,v1.2
User01,humidity,D,3,0,primary,r_within,-0.008319550155631359,-0.03405754255429991,0.01968603721412337,includes_zero,0,136,2000,0,0.95,post_hoc_second_order_diagnostic,v1.2
User01,humidity,D,3,0,primary,r_within_mat,-0.008319550155631359,-0.03405754255429991,0.01968603721412337,includes_zero,0,136,2000,0,0.95,post_hoc_second_order_diagnostic,v1.2
User01,temperature,D,3,1,sensitivity,r_pooled,0.09057779515961369,0.04421746179806667,0.1338216556522312,above_zero,0,136,2000,0,0.95,post_hoc_second_order_diagnostic,v1.2
User01,temperature,D,3,1,sensitivity,r_within,0.022660574709955313,-0.008300786411920691,0.05479152638908323,includes_zero,0,136,2000,0,0.95,post_hoc_second_order_diagnostic,v1.2
User01,temperature,D,3,1,sensitivity,r_within_mat,0.022660574709955313,-0.008300786411920691,0.05479152638908323,includes_zero,0,136,2000,0,0.95,post_hoc_second_order_diagnostic,v1.2
User01,humidity,D,3,1,sensitivity,r_pooled,-0.0075800187036275226,-0.04982123580206388,0.04382136521712554,includes_zero,0,136,2000,0,0.95,post_hoc_second_order_diagnostic,v1.2
User01,humidity,D,3,1,sensitivity,r_within,-0.017157104620816505,-0.040192436314431236,0.006854698108631959,includes_zero,0,136,2000,0,0.95,post_hoc_second_order_diagnostic,v1.2
User01,humidity,D,3,1,sensitivity,r_within_mat,-0.017157104620816505,-0.040192436314431236,0.006854698108631959,includes_zero,0,136,2000,0,0.95,post_hoc_second_order_diagnostic,v1.2
User01,temperature,D,3,2,sensitivity,r_pooled,0.025391758084502676,-0.02683648301192432,0.07412559929835008,includes_zero,0,136,2000,0,0.95,post_hoc_second_order_diagnostic,v1.2
User01,temperature,D,3,2,sensitivity,r_within,0.030873143290586925,-7.647222158055062e-05,0.061932575659776494,includes_zero,0,136,2000,0,0.95,post_hoc_second_order_diagnostic,v1.2
User01,temperature,D,3,2,sensitivity,r_within_mat,0.030873143290586925,-7.647222158055062e-05,0.061932575659776494,includes_zero,0,136,2000,0,0.95,post_hoc_second_order_diagnostic,v1.2
User01,humidity,D,3,2,sensitivity,r_pooled,0.029636975090013805,-0.0184303235690721,0.08095311523405736,includes_zero,0,136,2000,0,0.95,post_hoc_second_order_diagnostic,v1.2
User01,humidity,D,3,2,sensitivity,r_within,-0.026046033254499473,-0.051184815791135596,-0.0009541643055574262,below_zero,0,136,2000,0,0.95,post_hoc_second_order_diagnostic,v1.2
User01,humidity,D,3,2,sensitivity,r_within_mat,-0.026046033254499473,-0.051184815791135596,-0.0009541643055574262,below_zero,0,136,2000,0,0.95,post_hoc_second_order_diagnostic,v1.2
User01,temperature,D,7,0,primary,r_pooled,0.05739675793899316,0.011679474992527758,0.10095793099552394,above_zero,0,136,2000,0,0.95,post_hoc_second_order_diagnostic,v1.2
User01,temperature,D,7,0,primary,r_within,0.013490468864393118,-0.016369804377709893,0.04363601633716865,includes_zero,0,136,2000,0,0.95,post_hoc_second_order_diagnostic,v1.2
User01,temperature,D,7,0,primary,r_within_mat,0.013490468864393118,-0.016369804377709893,0.04363601633716865,includes_zero,0,136,2000,0,0.95,post_hoc_second_order_diagnostic,v1.2
User01,humidity,D,7,0,primary,r_pooled,-0.0006660985417422042,-0.03964968676477865,0.04296162510749492,includes_zero,0,136,2000,0,0.95,post_hoc_second_order_diagnostic,v1.2
User01,humidity,D,7,0,primary,r_within,-0.008319550155631362,-0.03405754255429992,0.01968603721412333,includes_zero,0,136,2000,0,0.95,post_hoc_second_order_diagnostic,v1.2
User01,humidity,D,7,0,primary,r_within_mat,-0.008319550155631362,-0.03405754255429992,0.01968603721412333,includes_zero,0,136,2000,0,0.95,post_hoc_second_order_diagnostic,v1.2
User01,temperature,D,7,1,sensitivity,r_pooled,0.09057779515961312,0.04421746179806759,0.1338216556522309,above_zero,0,136,2000,0,0.95,post_hoc_second_order_diagnostic,v1.2
User01,temperature,D,7,1,sensitivity,r_within,0.022660574709955295,-0.008300786411920743,0.05479152638908319,includes_zero,0,136,2000,0,0.95,post_hoc_second_order_diagnostic,v1.2
User01,temperature,D,7,1,sensitivity,r_within_mat,0.022660574709955295,-0.008300786411920743,0.05479152638908319,includes_zero,0,136,2000,0,0.95,post_hoc_second_order_diagnostic,v1.2
User01,humidity,D,7,1,sensitivity,r_pooled,-0.007580018703627347,-0.04982123580206463,0.04382136521712596,includes_zero,0,136,2000,0,0.95,post_hoc_second_order_diagnostic,v1.2
User01,humidity,D,7,1,sensitivity,r_within,-0.01715710462081648,-0.040192436314431215,0.006854698108631966,includes_zero,0,136,2000,0,0.95,post_hoc_second_order_diagnostic,v1.2
User01,humidity,D,7,1,sensitivity,r_within_mat,-0.01715710462081648,-0.040192436314431215,0.006854698108631966,includes_zero,0,136,2000,0,0.95,post_hoc_second_order_diagnostic,v1.2
User01,temperature,D,7,2,sensitivity,r_pooled,0.025391758084502683,-0.026836483011923783,0.07412559929835034,includes_zero,0,136,2000,0,0.95,post_hoc_second_order_diagnostic,v1.2
User01,temperature,D,7,2,sensitivity,r_within,0.030873143290586894,-7.647222158056758e-05,0.061932575659776445,includes_zero,0,136,2000,0,0.95,post_hoc_second_order_diagnostic,v1.2
User01,temperature,D,7,2,sensitivity,r_within_mat,0.030873143290586894,-7.647222158056758e-05,0.061932575659776445,includes_zero,0,136,2000,0,0.95,post_hoc_second_order_diagnostic,v1.2
User01,humidity,D,7,2,sensitivity,r_pooled,0.02963697509001449,-0.018430323569071164,0.08095311523405796,includes_zero,0,136,2000,0,0.95,post_hoc_second_order_diagnostic,v1.2
User01,humidity,D,7,2,sensitivity,r_within,-0.026046033254499477,-0.05118481579113559,-0.0009541643055574539,below_zero,0,136,2000,0,0.95,post_hoc_second_order_diagnostic,v1.2
User01,humidity,D,7,2,sensitivity,r_within_mat,-0.026046033254499477,-0.05118481579113559,-0.0009541643055574539,below_zero,0,136,2000,0,0.95,post_hoc_second_order_diagnostic,v1.2
User01,temperature,D,14,0,primary,r_pooled,0.057396757938998205,0.01167947499253132,0.10095793099552927,above_zero,0,136,2000,0,0.95,post_hoc_second_order_diagnostic,v1.2
User01,temperature,D,14,0,primary,r_within,0.013490468864393116,-0.016369804377709855,0.04363601633716863,includes_zero,0,136,2000,0,0.95,post_hoc_second_order_diagnostic,v1.2
User01,temperature,D,14,0,primary,r_within_mat,0.013490468864393116,-0.016369804377709855,0.04363601633716863,includes_zero,0,136,2000,0,0.95,post_hoc_second_order_diagnostic,v1.2
User01,humidity,D,14,0,primary,r_pooled,-0.0006660985417424631,-0.03964968676478,0.04296162510749321,includes_zero,0,136,2000,0,0.95,post_hoc_second_order_diagnostic,v1.2
User01,humidity,D,14,0,primary,r_within,-0.00831955015563136,-0.034057542554299915,0.019686037214123306,includes_zero,0,136,2000,0,0.95,post_hoc_second_order_diagnostic,v1.2
User01,humidity,D,14,0,primary,r_within_mat,-0.00831955015563136,-0.034057542554299915,0.019686037214123306,includes_zero,0,136,2000,0,0.95,post_hoc_second_order_diagnostic,v1.2
User01,temperature,D,14,1,sensitivity,r_pooled,0.09057779515961321,0.04421746179806729,0.1338216556522314,above_zero,0,136,2000,0,0.95,post_hoc_second_order_diagnostic,v1.2
User01,temperature,D,14,1,sensitivity,r_within,0.022660574709955295,-0.008300786411920717,0.05479152638908319,includes_zero,0,136,2000,0,0.95,post_hoc_second_order_diagnostic,v1.2
User01,temperature,D,14,1,sensitivity,r_within_mat,0.022660574709955295,-0.008300786411920717,0.05479152638908319,includes_zero,0,136,2000,0,0.95,post_hoc_second_order_diagnostic,v1.2
User01,humidity,D,14,1,sensitivity,r_pooled,-0.007580018703626306,-0.049821235802062394,0.04382136521712588,includes_zero,0,136,2000,0,0.95,post_hoc_second_order_diagnostic,v1.2
User01,humidity,D,14,1,sensitivity,r_within,-0.017157104620816495,-0.04019243631443125,0.0068546981086319795,includes_zero,0,136,2000,0,0.95,post_hoc_second_order_diagnostic,v1.2
User01,humidity,D,14,1,sensitivity,r_within_mat,-0.017157104620816495,-0.04019243631443125,0.0068546981086319795,includes_zero,0,136,2000,0,0.95,post_hoc_second_order_diagnostic,v1.2
User01,temperature,D,14,2,sensitivity,r_pooled,0.025391758084501906,-0.026836483011923037,0.07412559929834978,includes_zero,0,136,2000,0,0.95,post_hoc_second_order_diagnostic,v1.2
User01,temperature,D,14,2,sensitivity,r_within,0.03087314329058687,-7.647222158064817e-05,0.06193257565977645,includes_zero,0,136,2000,0,0.95,post_hoc_second_order_diagnostic,v1.2
User01,temperature,D,14,2,sensitivity,r_within_mat,0.03087314329058687,-7.647222158064817e-05,0.06193257565977645,includes_zero,0,136,2000,0,0.95,post_hoc_second_order_diagnostic,v1.2
User01,humidity,D,14,2,sensitivity,r_pooled,0.029636975090015224,-0.018430323569070085,0.08095311523405982,includes_zero,0,136,2000,0,0.95,post_hoc_second_order_diagnostic,v1.2
User01,humidity,D,14,2,sensitivity,r_within,-0.02604603325449944,-0.051184815791135554,-0.0009541643055573823,below_zero,0,136,2000,0,0.95,post_hoc_second_order_diagnostic,v1.2
User01,humidity,D,14,2,sensitivity,r_within_mat,-0.02604603325449944,-0.051184815791135554,-0.0009541643055573823,below_zero,0,136,2000,0,0.95,post_hoc_second_order_diagnostic,v1.2
User01,temperature,E,1,0,primary,r_pooled,0.08037509198429871,0.037867527221284246,0.12149452849527494,above_zero,0,136,2000,0,0.95,post_hoc_second_order_diagnostic,v1.2
User01,temperature,E,1,0,primary,r_within,0.005637820652762288,-0.022592903491783584,0.03428113732841028,includes_zero,0,136,2000,0,0.95,post_hoc_second_order_diagnostic,v1.2
User01,temperature,E,1,0,primary,r_within_mat,0.005637820652762288,-0.022592903491783584,0.03428113732841028,includes_zero,0,136,2000,0,0.95,post_hoc_second_order_diagnostic,v1.2
User01,humidity,E,1,0,primary,r_pooled,-0.09373362616905023,-0.13368840760112047,-0.05023387109446777,below_zero,0,136,2000,0,0.95,post_hoc_second_order_diagnostic,v1.2
User01,humidity,E,1,0,primary,r_within,-0.02440092725946314,-0.050603704292667986,0.004313023205572297,includes_zero,0,136,2000,0,0.95,post_hoc_second_order_diagnostic,v1.2
User01,humidity,E,1,0,primary,r_within_mat,-0.02440092725946314,-0.050603704292667986,0.004313023205572297,includes_zero,0,136,2000,0,0.95,post_hoc_second_order_diagnostic,v1.2
User01,temperature,E,1,1,sensitivity,r_pooled,0.09518457677597031,0.050516637187905306,0.1353209783134137,above_zero,0,136,2000,0,0.95,post_hoc_second_order_diagnostic,v1.2
User01,temperature,E,1,1,sensitivity,r_within,0.025548113935901298,-0.003655567086863786,0.054467549323453275,includes_zero,0,136,2000,0,0.95,post_hoc_second_order_diagnostic,v1.2
User01,temperature,E,1,1,sensitivity,r_within_mat,0.025548113935901298,-0.003655567086863786,0.054467549323453275,includes_zero,0,136,2000,0,0.95,post_hoc_second_order_diagnostic,v1.2
User01,humidity,E,1,1,sensitivity,r_pooled,-0.07564841263865509,-0.11582920134071825,-0.03136429793770115,below_zero,0,136,2000,0,0.95,post_hoc_second_order_diagnostic,v1.2
User01,humidity,E,1,1,sensitivity,r_within,-0.0648707559956435,-0.09130989873522641,-0.03706067077082566,below_zero,0,136,2000,0,0.95,post_hoc_second_order_diagnostic,v1.2
User01,humidity,E,1,1,sensitivity,r_within_mat,-0.0648707559956435,-0.09130989873522641,-0.03706067077082566,below_zero,0,136,2000,0,0.95,post_hoc_second_order_diagnostic,v1.2
User01,temperature,E,1,2,sensitivity,r_pooled,-0.0008484473610100412,-0.04929306656291617,0.04387058696977745,includes_zero,0,136,2000,0,0.95,post_hoc_second_order_diagnostic,v1.2
User01,temperature,E,1,2,sensitivity,r_within,0.020774229706729274,-0.00889390258485381,0.05123364894368681,includes_zero,0,136,2000,0,0.95,post_hoc_second_order_diagnostic,v1.2
User01,temperature,E,1,2,sensitivity,r_within_mat,0.020774229706729274,-0.00889390258485381,0.05123364894368681,includes_zero,0,136,2000,0,0.95,post_hoc_second_order_diagnostic,v1.2
User01,humidity,E,1,2,sensitivity,r_pooled,-0.07568363819312769,-0.11781149803468781,-0.029532194986765698,below_zero,0,136,2000,0,0.95,post_hoc_second_order_diagnostic,v1.2
User01,humidity,E,1,2,sensitivity,r_within,-0.08637262962935897,-0.11522675218895796,-0.05775405415690775,below_zero,0,136,2000,0,0.95,post_hoc_second_order_diagnostic,v1.2
User01,humidity,E,1,2,sensitivity,r_within_mat,-0.08637262962935897,-0.11522675218895796,-0.05775405415690775,below_zero,0,136,2000,0,0.95,post_hoc_second_order_diagnostic,v1.2
User01,temperature,E,3,0,primary,r_pooled,-0.05126725367894353,-0.0820158838043651,-0.020273438907260608,below_zero,0,136,2000,0,0.95,post_hoc_second_order_diagnostic,v1.2
User01,temperature,E,3,0,primary,r_within,-0.02213160567143329,-0.04694396923259908,0.0018503369917379693,includes_zero,0,136,2000,0,0.95,post_hoc_second_order_diagnostic,v1.2
User01,temperature,E,3,0,primary,r_within_mat,-0.02213160567143329,-0.04694396923259908,0.0018503369917379693,includes_zero,0,136,2000,0,0.95,post_hoc_second_order_diagnostic,v1.2
User01,humidity,E,3,0,primary,r_pooled,-0.12646228422361466,-0.1624948212287327,-0.08824115963308404,below_zero,0,136,2000,0,0.95,post_hoc_second_order_diagnostic,v1.2
User01,humidity,E,3,0,primary,r_within,-0.04512300432179888,-0.07156957694135885,-0.016310618765442195,below_zero,0,136,2000,0,0.95,post_hoc_second_order_diagnostic,v1.2
User01,humidity,E,3,0,primary,r_within_mat,-0.04512300432179888,-0.07156957694135885,-0.016310618765442195,below_zero,0,136,2000,0,0.95,post_hoc_second_order_diagnostic,v1.2
User01,temperature,E,3,1,sensitivity,r_pooled,-0.026037835117268506,-0.0633519366073233,0.009927394573382596,includes_zero,0,136,2000,0,0.95,post_hoc_second_order_diagnostic,v1.2
User01,temperature,E,3,1,sensitivity,r_within,0.014616386354968845,-0.01339641135440135,0.04123800248379836,includes_zero,0,136,2000,0,0.95,post_hoc_second_order_diagnostic,v1.2
User01,temperature,E,3,1,sensitivity,r_within_mat,0.014616386354968845,-0.01339641135440135,0.04123800248379836,includes_zero,0,136,2000,0,0.95,post_hoc_second_order_diagnostic,v1.2
User01,humidity,E,3,1,sensitivity,r_pooled,-0.1367619794140936,-0.1872756584325009,-0.07999778653571504,below_zero,0,136,2000,0,0.95,post_hoc_second_order_diagnostic,v1.2
User01,humidity,E,3,1,sensitivity,r_within,-0.0793988669743315,-0.11100402004731807,-0.04472979316403756,below_zero,0,136,2000,0,0.95,post_hoc_second_order_diagnostic,v1.2
User01,humidity,E,3,1,sensitivity,r_within_mat,-0.0793988669743315,-0.11100402004731807,-0.04472979316403756,below_zero,0,136,2000,0,0.95,post_hoc_second_order_diagnostic,v1.2
User01,temperature,E,3,2,sensitivity,r_pooled,-0.15358835138871407,-0.19662778476645584,-0.1075041328848715,below_zero,0,136,2000,0,0.95,post_hoc_second_order_diagnostic,v1.2
User01,temperature,E,3,2,sensitivity,r_within,-0.010992432038969492,-0.03699119302401466,0.01516793606165735,includes_zero,0,136,2000,0,0.95,post_hoc_second_order_diagnostic,v1.2
User01,temperature,E,3,2,sensitivity,r_within_mat,-0.010992432038969492,-0.03699119302401466,0.01516793606165735,includes_zero,0,136,2000,0,0.95,post_hoc_second_order_diagnostic,v1.2
User01,humidity,E,3,2,sensitivity,r_pooled,-0.12246811463279475,-0.1618380840793099,-0.07780857733671996,below_zero,0,136,2000,0,0.95,post_hoc_second_order_diagnostic,v1.2
User01,humidity,E,3,2,sensitivity,r_within,-0.12352478314435346,-0.1547928498560997,-0.09076785170145006,below_zero,0,136,2000,0,0.95,post_hoc_second_order_diagnostic,v1.2
User01,humidity,E,3,2,sensitivity,r_within_mat,-0.12352478314435346,-0.1547928498560997,-0.09076785170145006,below_zero,0,136,2000,0,0.95,post_hoc_second_order_diagnostic,v1.2
User01,temperature,E,7,0,primary,r_pooled,-0.021412407086427034,-0.0568578287016111,0.01354525779607017,includes_zero,0,136,2000,0,0.95,post_hoc_second_order_diagnostic,v1.2
User01,temperature,E,7,0,primary,r_within,-0.03967938774608971,-0.06315674037524205,-0.015769291040928765,below_zero,0,136,2000,0,0.95,post_hoc_second_order_diagnostic,v1.2
User01,temperature,E,7,0,primary,r_within_mat,-0.03967938774608971,-0.06315674037524205,-0.015769291040928765,below_zero,0,136,2000,0,0.95,post_hoc_second_order_diagnostic,v1.2
User01,humidity,E,7,0,primary,r_pooled,-0.09785493383886863,-0.1636976952308104,-0.032437968157648475,below_zero,0,136,2000,0,0.95,post_hoc_second_order_diagnostic,v1.2
User01,humidity,E,7,0,primary,r_within,-0.06765938226731902,-0.09557036504848136,-0.03913869141216516,below_zero,0,136,2000,0,0.95,post_hoc_second_order_diagnostic,v1.2
User01,humidity,E,7,0,primary,r_within_mat,-0.06765938226731902,-0.09557036504848136,-0.03913869141216516,below_zero,0,136,2000,0,0.95,post_hoc_second_order_diagnostic,v1.2
User01,temperature,E,7,1,sensitivity,r_pooled,0.011740202062761426,-0.02461427428370587,0.045601889525269564,includes_zero,0,136,2000,0,0.95,post_hoc_second_order_diagnostic,v1.2
User01,temperature,E,7,1,sensitivity,r_within,0.008562187306796473,-0.015745933101493675,0.033174896078871544,includes_zero,0,136,2000,0,0.95,post_hoc_second_order_diagnostic,v1.2
User01,temperature,E,7,1,sensitivity,r_within_mat,0.008562187306796473,-0.015745933101493675,0.033174896078871544,includes_zero,0,136,2000,0,0.95,post_hoc_second_order_diagnostic,v1.2
User01,humidity,E,7,1,sensitivity,r_pooled,-0.13836189462502255,-0.21299975446433242,-0.0551489520752264,below_zero,0,136,2000,0,0.95,post_hoc_second_order_diagnostic,v1.2
User01,humidity,E,7,1,sensitivity,r_within,-0.09175711517768033,-0.12321452930173823,-0.05892313451582483,below_zero,0,136,2000,0,0.95,post_hoc_second_order_diagnostic,v1.2
User01,humidity,E,7,1,sensitivity,r_within_mat,-0.09175711517768033,-0.12321452930173823,-0.05892313451582483,below_zero,0,136,2000,0,0.95,post_hoc_second_order_diagnostic,v1.2
User01,temperature,E,7,2,sensitivity,r_pooled,-0.09561376335017018,-0.12474911426343298,-0.06437004723857206,below_zero,0,136,2000,0,0.95,post_hoc_second_order_diagnostic,v1.2
User01,temperature,E,7,2,sensitivity,r_within,-0.0118814226982216,-0.03841410785059454,0.013944719684090352,includes_zero,0,136,2000,0,0.95,post_hoc_second_order_diagnostic,v1.2
User01,temperature,E,7,2,sensitivity,r_within_mat,-0.0118814226982216,-0.03841410785059454,0.013944719684090352,includes_zero,0,136,2000,0,0.95,post_hoc_second_order_diagnostic,v1.2
User01,humidity,E,7,2,sensitivity,r_pooled,-0.07691393416835289,-0.12819447928138566,-0.020493351689288435,below_zero,0,136,2000,0,0.95,post_hoc_second_order_diagnostic,v1.2
User01,humidity,E,7,2,sensitivity,r_within,-0.08429457656623567,-0.11458549780354599,-0.05217880683427381,below_zero,0,136,2000,0,0.95,post_hoc_second_order_diagnostic,v1.2
User01,humidity,E,7,2,sensitivity,r_within_mat,-0.08429457656623567,-0.11458549780354599,-0.05217880683427381,below_zero,0,136,2000,0,0.95,post_hoc_second_order_diagnostic,v1.2
User01,temperature,E,14,0,primary,r_pooled,0.16970339815468136,0.10991039704859495,0.22458214523571732,above_zero,0,136,2000,0,0.95,post_hoc_second_order_diagnostic,v1.2
User01,temperature,E,14,0,primary,r_within,-0.013352626151976214,-0.03365672591205996,0.006244611288883671,includes_zero,0,136,2000,0,0.95,post_hoc_second_order_diagnostic,v1.2
User01,temperature,E,14,0,primary,r_within_mat,-0.013352626151976214,-0.03365672591205996,0.006244611288883671,includes_zero,0,136,2000,0,0.95,post_hoc_second_order_diagnostic,v1.2
User01,humidity,E,14,0,primary,r_pooled,-0.16350821702635696,-0.2378882211159605,-0.0849479026207891,below_zero,0,136,2000,0,0.95,post_hoc_second_order_diagnostic,v1.2
User01,humidity,E,14,0,primary,r_within,-0.04250049054461981,-0.0719626308943414,-0.016098439435843555,below_zero,0,136,2000,0,0.95,post_hoc_second_order_diagnostic,v1.2
User01,humidity,E,14,0,primary,r_within_mat,-0.04250049054461981,-0.0719626308943414,-0.016098439435843555,below_zero,0,136,2000,0,0.95,post_hoc_second_order_diagnostic,v1.2
User01,temperature,E,14,1,sensitivity,r_pooled,0.08266102609962415,0.04343918132463413,0.11869202459194393,above_zero,0,136,2000,0,0.95,post_hoc_second_order_diagnostic,v1.2
User01,temperature,E,14,1,sensitivity,r_within,-0.00622520732371468,-0.026382106562397693,0.013562613397167427,includes_zero,0,136,2000,0,0.95,post_hoc_second_order_diagnostic,v1.2
User01,temperature,E,14,1,sensitivity,r_within_mat,-0.00622520732371468,-0.026382106562397693,0.013562613397167427,includes_zero,0,136,2000,0,0.95,post_hoc_second_order_diagnostic,v1.2
User01,humidity,E,14,1,sensitivity,r_pooled,-0.1140149242183646,-0.16532101547624808,-0.059622696318664944,below_zero,0,136,2000,0,0.95,post_hoc_second_order_diagnostic,v1.2
User01,humidity,E,14,1,sensitivity,r_within,-0.03447477688170561,-0.06172426326141446,-0.009070624037959989,below_zero,0,136,2000,0,0.95,post_hoc_second_order_diagnostic,v1.2
User01,humidity,E,14,1,sensitivity,r_within_mat,-0.03447477688170561,-0.06172426326141446,-0.009070624037959989,below_zero,0,136,2000,0,0.95,post_hoc_second_order_diagnostic,v1.2
User01,temperature,E,14,2,sensitivity,r_pooled,0.16779762338744714,0.11155666504347617,0.22000375581511913,above_zero,0,136,2000,0,0.95,post_hoc_second_order_diagnostic,v1.2
User01,temperature,E,14,2,sensitivity,r_within,0.006998067710864805,-0.013465101355089383,0.027150448194016737,includes_zero,0,136,2000,0,0.95,post_hoc_second_order_diagnostic,v1.2
User01,temperature,E,14,2,sensitivity,r_within_mat,0.006998067710864805,-0.013465101355089383,0.027150448194016737,includes_zero,0,136,2000,0,0.95,post_hoc_second_order_diagnostic,v1.2
User01,humidity,E,14,2,sensitivity,r_pooled,-0.1820648809925477,-0.25380369652193147,-0.10448619282235865,below_zero,0,136,2000,0,0.95,post_hoc_second_order_diagnostic,v1.2
User01,humidity,E,14,2,sensitivity,r_within,-0.046542075513346576,-0.07587614719009542,-0.018043989510544433,below_zero,0,136,2000,0,0.95,post_hoc_second_order_diagnostic,v1.2
User01,humidity,E,14,2,sensitivity,r_within_mat,-0.046542075513346576,-0.07587614719009542,-0.018043989510544433,below_zero,0,136,2000,0,0.95,post_hoc_second_order_diagnostic,v1.2
User01,temperature,S,14,0,primary,r_pooled,0.11705139800548814,0.06923703488333381,0.16426219669805273,above_zero,0,136,2000,0,0.95,post_hoc_second_order_diagnostic,v1.2
User01,temperature,S,14,0,primary,r_within,0.003225825118418012,-0.020986993867848747,0.026345515373163427,includes_zero,0,136,2000,0,0.95,post_hoc_second_order_diagnostic,v1.2
User01,temperature,S,14,0,primary,r_within_mat,0.003225825118418012,-0.020986993867848747,0.026345515373163427,includes_zero,0,136,2000,0,0.95,post_hoc_second_order_diagnostic,v1.2
User01,humidity,S,14,0,primary,r_pooled,-0.10358812384943314,-0.15914797899683045,-0.047554767713456965,below_zero,0,136,2000,0,0.95,post_hoc_second_order_diagnostic,v1.2
User01,humidity,S,14,0,primary,r_within,-0.06507144934680009,-0.09556538251005207,-0.038518349001207694,below_zero,0,136,2000,0,0.95,post_hoc_second_order_diagnostic,v1.2
User01,humidity,S,14,0,primary,r_within_mat,-0.06507144934680009,-0.09556538251005207,-0.038518349001207694,below_zero,0,136,2000,0,0.95,post_hoc_second_order_diagnostic,v1.2
User01,temperature,S,14,1,sensitivity,r_pooled,0.12631931940482227,0.08243749216326775,0.166286311031507,above_zero,0,136,2000,0,0.95,post_hoc_second_order_diagnostic,v1.2
User01,temperature,S,14,1,sensitivity,r_within,0.01714803397691359,-0.009034612401333342,0.04184097624089126,includes_zero,0,136,2000,0,0.95,post_hoc_second_order_diagnostic,v1.2
User01,temperature,S,14,1,sensitivity,r_within_mat,0.01714803397691359,-0.009034612401333342,0.04184097624089126,includes_zero,0,136,2000,0,0.95,post_hoc_second_order_diagnostic,v1.2
User01,humidity,S,14,1,sensitivity,r_pooled,-0.11345059715850296,-0.1696281162897735,-0.05609717552653051,below_zero,0,136,2000,0,0.95,post_hoc_second_order_diagnostic,v1.2
User01,humidity,S,14,1,sensitivity,r_within,-0.07070343550701325,-0.10033051636080849,-0.04404937462987833,below_zero,0,136,2000,0,0.95,post_hoc_second_order_diagnostic,v1.2
User01,humidity,S,14,1,sensitivity,r_within_mat,-0.07070343550701325,-0.10033051636080849,-0.04404937462987833,below_zero,0,136,2000,0,0.95,post_hoc_second_order_diagnostic,v1.2
User01,temperature,S,14,2,sensitivity,r_pooled,0.16846740495908197,0.11179141515908693,0.2211279322091938,above_zero,0,136,2000,0,0.95,post_hoc_second_order_diagnostic,v1.2
User01,temperature,S,14,2,sensitivity,r_within,0.01554594014713007,-0.010635014471565863,0.04042370863418292,includes_zero,0,136,2000,0,0.95,post_hoc_second_order_diagnostic,v1.2
User01,temperature,S,14,2,sensitivity,r_within_mat,0.01554594014713007,-0.010635014471565863,0.04042370863418292,includes_zero,0,136,2000,0,0.95,post_hoc_second_order_diagnostic,v1.2
User01,humidity,S,14,2,sensitivity,r_pooled,-0.11870985326829891,-0.1775338178992569,-0.058034680895488466,below_zero,0,136,2000,0,0.95,post_hoc_second_order_diagnostic,v1.2
User01,humidity,S,14,2,sensitivity,r_within,-0.07111370325518217,-0.10014173522915847,-0.044974458489990946,below_zero,0,136,2000,0,0.95,post_hoc_second_order_diagnostic,v1.2
User01,humidity,S,14,2,sensitivity,r_within_mat,-0.07111370325518217,-0.10014173522915847,-0.044974458489990946,below_zero,0,136,2000,0,0.95,post_hoc_second_order_diagnostic,v1.2
User01,temperature,E-C,1,0,primary,delta_r_within,-0.007852648211630855,-0.015536370712051103,-6.451859480965824e-05,below_zero,0,136,2000,0,0.95,post_hoc_second_order_diagnostic,v1.2
User01,humidity,E-C,1,0,primary,delta_r_within,-0.016081377103831777,-0.026575730359024358,-0.005722864753583538,below_zero,0,136,2000,0,0.95,post_hoc_second_order_diagnostic,v1.2
User01,temperature,E-C,1,1,sensitivity,delta_r_within,0.002887539225946017,-0.005809586147991705,0.011538782629905918,includes_zero,0,136,2000,0,0.95,post_hoc_second_order_diagnostic,v1.2
User01,humidity,E-C,1,1,sensitivity,delta_r_within,-0.047713651374827026,-0.06490809459725964,-0.03178887353324795,below_zero,0,136,2000,0,0.95,post_hoc_second_order_diagnostic,v1.2
User01,temperature,E-C,1,2,sensitivity,delta_r_within,-0.010098913583857606,-0.022715179005824527,0.0032527273008239065,includes_zero,0,136,2000,0,0.95,post_hoc_second_order_diagnostic,v1.2
User01,humidity,E-C,1,2,sensitivity,delta_r_within,-0.0603265963748595,-0.07801406499102029,-0.04257623003175481,below_zero,0,136,2000,0,0.95,post_hoc_second_order_diagnostic,v1.2
User01,temperature,E-C,3,0,primary,delta_r_within,-0.035622074535826435,-0.05709878668397963,-0.013037943527402387,below_zero,0,136,2000,0,0.95,post_hoc_second_order_diagnostic,v1.2
User01,humidity,E-C,3,0,primary,delta_r_within,-0.03680345416616752,-0.055019891221535694,-0.019024686388857074,below_zero,0,136,2000,0,0.95,post_hoc_second_order_diagnostic,v1.2
User01,temperature,E-C,3,1,sensitivity,delta_r_within,-0.008044188354986437,-0.027136338824658844,0.011507273960688083,includes_zero,0,136,2000,0,0.95,post_hoc_second_order_diagnostic,v1.2
User01,humidity,E-C,3,1,sensitivity,delta_r_within,-0.06224176235351503,-0.0868239938713236,-0.039526569256523696,below_zero,0,136,2000,0,0.95,post_hoc_second_order_diagnostic,v1.2
User01,temperature,E-C,3,2,sensitivity,delta_r_within,-0.04186557532955637,-0.068325427997368,-0.0139671364149366,below_zero,0,136,2000,0,0.95,post_hoc_second_order_diagnostic,v1.2
User01,humidity,E-C,3,2,sensitivity,delta_r_within,-0.09747874988985399,-0.12450304041330355,-0.07014624836831744,below_zero,0,136,2000,0,0.95,post_hoc_second_order_diagnostic,v1.2
User01,temperature,E-C,7,0,primary,delta_r_within,-0.05316985661048285,-0.07716451295263449,-0.0285101106916448,below_zero,0,136,2000,0,0.95,post_hoc_second_order_diagnostic,v1.2
User01,humidity,E-C,7,0,primary,delta_r_within,-0.059339832111687654,-0.08351037351533562,-0.03620182322470697,below_zero,0,136,2000,0,0.95,post_hoc_second_order_diagnostic,v1.2
User01,temperature,E-C,7,1,sensitivity,delta_r_within,-0.014098387403158809,-0.04119762924208496,0.013745385079365357,includes_zero,0,136,2000,0,0.95,post_hoc_second_order_diagnostic,v1.2
User01,humidity,E-C,7,1,sensitivity,delta_r_within,-0.07460001055686385,-0.0964857886046522,-0.05231223088386928,below_zero,0,136,2000,0,0.95,post_hoc_second_order_diagnostic,v1.2
User01,temperature,E-C,7,2,sensitivity,delta_r_within,-0.04275456598880848,-0.07312315789351713,-0.009871895463709706,below_zero,0,136,2000,0,0.95,post_hoc_second_order_diagnostic,v1.2
User01,humidity,E-C,7,2,sensitivity,delta_r_within,-0.05824854331173619,-0.08362999746049116,-0.03099447855667951,below_zero,0,136,2000,0,0.95,post_hoc_second_order_diagnostic,v1.2
User01,temperature,E-C,14,0,primary,delta_r_within,-0.026843095016369358,-0.058941575205093875,0.0063023545488572275,includes_zero,0,136,2000,0,0.95,post_hoc_second_order_diagnostic,v1.2
User01,humidity,E-C,14,0,primary,delta_r_within,-0.034180940388988446,-0.07306972788124066,-0.0016879548943865214,below_zero,0,136,2000,0,0.95,post_hoc_second_order_diagnostic,v1.2
User01,temperature,E-C,14,1,sensitivity,delta_r_within,-0.02888578203366996,-0.058257425970346645,0.001958522630242236,includes_zero,0,136,2000,0,0.95,post_hoc_second_order_diagnostic,v1.2
User01,humidity,E-C,14,1,sensitivity,delta_r_within,-0.017317672260889132,-0.04888341748419479,0.010999406229115485,includes_zero,0,136,2000,0,0.95,post_hoc_second_order_diagnostic,v1.2
User01,temperature,E-C,14,2,sensitivity,delta_r_within,-0.023875075579722075,-0.05500675714508526,0.008634375246181164,includes_zero,0,136,2000,0,0.95,post_hoc_second_order_diagnostic,v1.2
User01,humidity,E-C,14,2,sensitivity,delta_r_within,-0.0204960422588471,-0.05221476396591122,0.009399801991895437,includes_zero,0,136,2000,0,0.95,post_hoc_second_order_diagnostic,v1.2
User01,temperature,S-E,14,0,primary,delta_r_within,0.016578451270394225,-0.007555444607283905,0.041184858069554624,includes_zero,0,136,2000,0,0.95,post_hoc_second_order_diagnostic,v1.2
User01,humidity,S-E,14,0,primary,delta_r_within,-0.022570958802180283,-0.033996237515792366,-0.011896705454542427,below_zero,0,136,2000,0,0.95,post_hoc_second_order_diagnostic,v1.2
User01,temperature,S-E,14,1,sensitivity,delta_r_within,0.023373241300628272,-0.002176574628868112,0.04853896963982165,includes_zero,0,136,2000,0,0.95,post_hoc_second_order_diagnostic,v1.2
User01,humidity,S-E,14,1,sensitivity,delta_r_within,-0.036228658625307636,-0.05235546702099441,-0.022123971793387168,below_zero,0,136,2000,0,0.95,post_hoc_second_order_diagnostic,v1.2
User01,temperature,S-E,14,2,sensitivity,delta_r_within,0.008547872436265265,-0.013652472457730968,0.030090541876817957,includes_zero,0,136,2000,0,0.95,post_hoc_second_order_diagnostic,v1.2
User01,humidity,S-E,14,2,sensitivity,delta_r_within,-0.02457162774183559,-0.04329599707100932,-0.007047922572464267,below_zero,0,136,2000,0,0.95,post_hoc_second_order_diagnostic,v1.2
User02,temperature,C,0,0,primary,r_pooled,-0.26322502327266634,-0.3284117665154794,-0.1860360385499577,below_zero,0,36,2000,0,0.95,post_hoc_second_order_diagnostic,v1.2
User02,temperature,C,0,0,primary,r_within,-0.289665253354834,-0.3577562760230421,-0.20760694444507288,below_zero,0,36,2000,0,0.95,post_hoc_second_order_diagnostic,v1.2
User02,temperature,C,0,0,primary,r_within_mat,-0.06200057917045548,-0.10310356532415049,-0.015699952150970274,below_zero,0,36,2000,0,0.95,post_hoc_second_order_diagnostic,v1.2
User02,humidity,C,0,0,primary,r_pooled,-0.25630072625391287,-0.3310342969728262,-0.18828741877040087,below_zero,0,36,2000,0,0.95,post_hoc_second_order_diagnostic,v1.2
User02,humidity,C,0,0,primary,r_within,-0.37782351500392924,-0.44715361989988484,-0.3048158157929567,below_zero,0,36,2000,0,0.95,post_hoc_second_order_diagnostic,v1.2
User02,humidity,C,0,0,primary,r_within_mat,-0.11655248383299467,-0.15905012205779379,-0.07350175705903703,below_zero,0,36,2000,0,0.95,post_hoc_second_order_diagnostic,v1.2
User02,temperature,C,0,1,sensitivity,r_pooled,-0.24885696787362377,-0.3210125087208585,-0.16821878042394628,below_zero,0,36,2000,0,0.95,post_hoc_second_order_diagnostic,v1.2
User02,temperature,C,0,1,sensitivity,r_within,-0.2657722826886432,-0.3429709666161859,-0.1799123689394775,below_zero,0,36,2000,0,0.95,post_hoc_second_order_diagnostic,v1.2
User02,temperature,C,0,1,sensitivity,r_within_mat,-0.0018710055644199682,-0.04591364015167191,0.04744271668135152,includes_zero,0,36,2000,0,0.95,post_hoc_second_order_diagnostic,v1.2
User02,humidity,C,0,1,sensitivity,r_pooled,-0.2619189310923931,-0.32773819427631706,-0.19892359455127206,below_zero,0,36,2000,0,0.95,post_hoc_second_order_diagnostic,v1.2
User02,humidity,C,0,1,sensitivity,r_within,-0.3556416405816895,-0.41960041489271427,-0.2857447277878479,below_zero,0,36,2000,0,0.95,post_hoc_second_order_diagnostic,v1.2
User02,humidity,C,0,1,sensitivity,r_within_mat,-0.08401556814792974,-0.12442328818502132,-0.04594299431015219,below_zero,0,36,2000,0,0.95,post_hoc_second_order_diagnostic,v1.2
User02,temperature,C,0,2,sensitivity,r_pooled,-0.263698043362793,-0.31826287278756676,-0.20698045376867882,below_zero,0,36,2000,0,0.95,post_hoc_second_order_diagnostic,v1.2
User02,temperature,C,0,2,sensitivity,r_within,-0.2830708806307433,-0.3390548872092305,-0.22457845269642537,below_zero,0,36,2000,0,0.95,post_hoc_second_order_diagnostic,v1.2
User02,temperature,C,0,2,sensitivity,r_within_mat,-0.09237261372098401,-0.13088115497710978,-0.05244121755397607,below_zero,0,36,2000,0,0.95,post_hoc_second_order_diagnostic,v1.2
User02,humidity,C,0,2,sensitivity,r_pooled,-0.25405499568051937,-0.3301135517482564,-0.1841553618277976,below_zero,0,36,2000,0,0.95,post_hoc_second_order_diagnostic,v1.2
User02,humidity,C,0,2,sensitivity,r_within,-0.3747289979587011,-0.44103596139254675,-0.30459519781177113,below_zero,0,36,2000,0,0.95,post_hoc_second_order_diagnostic,v1.2
User02,humidity,C,0,2,sensitivity,r_within_mat,-0.12343189185104936,-0.1671526534421575,-0.0791209461578486,below_zero,0,36,2000,0,0.95,post_hoc_second_order_diagnostic,v1.2
User02,temperature,D,1,0,primary,r_pooled,-0.26322502327265795,-0.3284117665154685,-0.18603603854995251,below_zero,0,36,2000,0,0.95,post_hoc_second_order_diagnostic,v1.2
User02,temperature,D,1,0,primary,r_within,-0.2896652533548342,-0.3577562760230419,-0.20760694444507322,below_zero,0,36,2000,0,0.95,post_hoc_second_order_diagnostic,v1.2
User02,temperature,D,1,0,primary,r_within_mat,-0.062000579170455414,-0.10310356532415046,-0.01569995215097011,below_zero,0,36,2000,0,0.95,post_hoc_second_order_diagnostic,v1.2
User02,humidity,D,1,0,primary,r_pooled,-0.25630072625390704,-0.33103429697282694,-0.18828741877039545,below_zero,0,36,2000,0,0.95,post_hoc_second_order_diagnostic,v1.2
User02,humidity,D,1,0,primary,r_within,-0.37782351500392936,-0.4471536198998849,-0.3048158157929569,below_zero,0,36,2000,0,0.95,post_hoc_second_order_diagnostic,v1.2
User02,humidity,D,1,0,primary,r_within_mat,-0.1165524838329947,-0.15905012205779379,-0.07350175705903712,below_zero,0,36,2000,0,0.95,post_hoc_second_order_diagnostic,v1.2
User02,temperature,D,1,1,sensitivity,r_pooled,-0.24885696787362457,-0.32101250872085585,-0.16821878042395125,below_zero,0,36,2000,0,0.95,post_hoc_second_order_diagnostic,v1.2
User02,temperature,D,1,1,sensitivity,r_within,-0.26577228268864356,-0.3429709666161864,-0.17991236893947765,below_zero,0,36,2000,0,0.95,post_hoc_second_order_diagnostic,v1.2
User02,temperature,D,1,1,sensitivity,r_within_mat,-0.0018710055644200153,-0.04591364015167197,0.0474427166813514,includes_zero,0,36,2000,0,0.95,post_hoc_second_order_diagnostic,v1.2
User02,humidity,D,1,1,sensitivity,r_pooled,-0.2619189310923893,-0.3277381942763159,-0.19892359455126232,below_zero,0,36,2000,0,0.95,post_hoc_second_order_diagnostic,v1.2
User02,humidity,D,1,1,sensitivity,r_within,-0.35564164058168946,-0.41960041489271427,-0.28574472778784776,below_zero,0,36,2000,0,0.95,post_hoc_second_order_diagnostic,v1.2
User02,humidity,D,1,1,sensitivity,r_within_mat,-0.08401556814792968,-0.12442328818502127,-0.04594299431015215,below_zero,0,36,2000,0,0.95,post_hoc_second_order_diagnostic,v1.2
User02,temperature,D,1,2,sensitivity,r_pooled,-0.26369804336281183,-0.3182628727875832,-0.20698045376869004,below_zero,0,36,2000,0,0.95,post_hoc_second_order_diagnostic,v1.2
User02,temperature,D,1,2,sensitivity,r_within,-0.2830708806307433,-0.33905488720923066,-0.22457845269642526,below_zero,0,36,2000,0,0.95,post_hoc_second_order_diagnostic,v1.2
User02,temperature,D,1,2,sensitivity,r_within_mat,-0.09237261372098408,-0.13088115497710986,-0.052441217553976134,below_zero,0,36,2000,0,0.95,post_hoc_second_order_diagnostic,v1.2
User02,humidity,D,1,2,sensitivity,r_pooled,-0.2540549956805127,-0.33011355174824736,-0.18415536182779008,below_zero,0,36,2000,0,0.95,post_hoc_second_order_diagnostic,v1.2
User02,humidity,D,1,2,sensitivity,r_within,-0.37472899795870085,-0.44103596139254664,-0.3045951978117711,below_zero,0,36,2000,0,0.95,post_hoc_second_order_diagnostic,v1.2
User02,humidity,D,1,2,sensitivity,r_within_mat,-0.12343189185104941,-0.16715265344215757,-0.07912094615784872,below_zero,0,36,2000,0,0.95,post_hoc_second_order_diagnostic,v1.2
User02,temperature,D,3,0,primary,r_pooled,-0.26322502327266445,-0.32841176651547566,-0.18603603854995496,below_zero,0,36,2000,0,0.95,post_hoc_second_order_diagnostic,v1.2
User02,temperature,D,3,0,primary,r_within,-0.2896652533548342,-0.3577562760230422,-0.20760694444507324,below_zero,0,36,2000,0,0.95,post_hoc_second_order_diagnostic,v1.2
User02,temperature,D,3,0,primary,r_within_mat,-0.0620005791704555,-0.10310356532415056,-0.015699952150970312,below_zero,0,36,2000,0,0.95,post_hoc_second_order_diagnostic,v1.2
User02,humidity,D,3,0,primary,r_pooled,-0.25630072625390804,-0.3310342969728277,-0.18828741877039493,below_zero,0,36,2000,0,0.95,post_hoc_second_order_diagnostic,v1.2
User02,humidity,D,3,0,primary,r_within,-0.3778235150039294,-0.447153619899885,-0.3048158157929568,below_zero,0,36,2000,0,0.95,post_hoc_second_order_diagnostic,v1.2
User02,humidity,D,3,0,primary,r_within_mat,-0.1165524838329947,-0.15905012205779387,-0.07350175705903719,below_zero,0,36,2000,0,0.95,post_hoc_second_order_diagnostic,v1.2
User02,temperature,D,3,1,sensitivity,r_pooled,-0.2488569678736162,-0.32101250872085285,-0.16821878042393335,below_zero,0,36,2000,0,0.95,post_hoc_second_order_diagnostic,v1.2
User02,temperature,D,3,1,sensitivity,r_within,-0.26577228268864334,-0.3429709666161861,-0.1799123689394776,below_zero,0,36,2000,0,0.95,post_hoc_second_order_diagnostic,v1.2
User02,temperature,D,3,1,sensitivity,r_within_mat,-0.0018710055644200123,-0.04591364015167194,0.047442716681351436,includes_zero,0,36,2000,0,0.95,post_hoc_second_order_diagnostic,v1.2
User02,humidity,D,3,1,sensitivity,r_pooled,-0.2619189310923878,-0.32773819427631423,-0.1989235945512657,below_zero,0,36,2000,0,0.95,post_hoc_second_order_diagnostic,v1.2
User02,humidity,D,3,1,sensitivity,r_within,-0.3556416405816895,-0.4196004148927142,-0.2857447277878478,below_zero,0,36,2000,0,0.95,post_hoc_second_order_diagnostic,v1.2
User02,humidity,D,3,1,sensitivity,r_within_mat,-0.08401556814792967,-0.12442328818502117,-0.04594299431015222,below_zero,0,36,2000,0,0.95,post_hoc_second_order_diagnostic,v1.2
User02,temperature,D,3,2,sensitivity,r_pooled,-0.26369804336281166,-0.31826287278757087,-0.20698045376868718,below_zero,0,36,2000,0,0.95,post_hoc_second_order_diagnostic,v1.2
User02,temperature,D,3,2,sensitivity,r_within,-0.2830708806307431,-0.33905488720923027,-0.22457845269642526,below_zero,0,36,2000,0,0.95,post_hoc_second_order_diagnostic,v1.2
User02,temperature,D,3,2,sensitivity,r_within_mat,-0.09237261372098417,-0.13088115497710995,-0.05244121755397618,below_zero,0,36,2000,0,0.95,post_hoc_second_order_diagnostic,v1.2
User02,humidity,D,3,2,sensitivity,r_pooled,-0.2540549956805179,-0.330113551748255,-0.18415536182779113,below_zero,0,36,2000,0,0.95,post_hoc_second_order_diagnostic,v1.2
User02,humidity,D,3,2,sensitivity,r_within,-0.3747289979587009,-0.44103596139254675,-0.30459519781177125,below_zero,0,36,2000,0,0.95,post_hoc_second_order_diagnostic,v1.2
User02,humidity,D,3,2,sensitivity,r_within_mat,-0.12343189185104922,-0.1671526534421573,-0.07912094615784852,below_zero,0,36,2000,0,0.95,post_hoc_second_order_diagnostic,v1.2
User02,temperature,D,7,0,primary,r_pooled,-0.2632250232726654,-0.3284117665154749,-0.18603603854995998,below_zero,0,36,2000,0,0.95,post_hoc_second_order_diagnostic,v1.2
User02,temperature,D,7,0,primary,r_within,-0.28966525335483384,-0.35775627602304183,-0.20760694444507288,below_zero,0,36,2000,0,0.95,post_hoc_second_order_diagnostic,v1.2
User02,temperature,D,7,0,primary,r_within_mat,-0.06200057917045551,-0.1031035653241506,-0.015699952150970205,below_zero,0,36,2000,0,0.95,post_hoc_second_order_diagnostic,v1.2
User02,humidity,D,7,0,primary,r_pooled,-0.25630072625391426,-0.3310342969728291,-0.18828741877040403,below_zero,0,36,2000,0,0.95,post_hoc_second_order_diagnostic,v1.2
User02,humidity,D,7,0,primary,r_within,-0.37782351500392913,-0.44715361989988467,-0.30481581579295675,below_zero,0,36,2000,0,0.95,post_hoc_second_order_diagnostic,v1.2
User02,humidity,D,7,0,primary,r_within_mat,-0.11655248383299478,-0.15905012205779395,-0.0735017570590371,below_zero,0,36,2000,0,0.95,post_hoc_second_order_diagnostic,v1.2
User02,temperature,D,7,1,sensitivity,r_pooled,-0.2488569678736166,-0.3210125087208426,-0.16821878042394753,below_zero,0,36,2000,0,0.95,post_hoc_second_order_diagnostic,v1.2
User02,temperature,D,7,1,sensitivity,r_within,-0.26577228268864356,-0.34297096661618653,-0.17991236893947773,below_zero,0,36,2000,0,0.95,post_hoc_second_order_diagnostic,v1.2
User02,temperature,D,7,1,sensitivity,r_within_mat,-0.0018710055644199624,-0.04591364015167198,0.04744271668135147,includes_zero,0,36,2000,0,0.95,post_hoc_second_order_diagnostic,v1.2
User02,humidity,D,7,1,sensitivity,r_pooled,-0.26191893109239345,-0.32773819427632006,-0.19892359455127345,below_zero,0,36,2000,0,0.95,post_hoc_second_order_diagnostic,v1.2
User02,humidity,D,7,1,sensitivity,r_within,-0.3556416405816894,-0.4196004148927139,-0.2857447277878476,below_zero,0,36,2000,0,0.95,post_hoc_second_order_diagnostic,v1.2
User02,humidity,D,7,1,sensitivity,r_within_mat,-0.08401556814792965,-0.12442328818502126,-0.045942994310152085,below_zero,0,36,2000,0,0.95,post_hoc_second_order_diagnostic,v1.2
User02,temperature,D,7,2,sensitivity,r_pooled,-0.2636980433627799,-0.3182628727875515,-0.2069804537686787,below_zero,0,36,2000,0,0.95,post_hoc_second_order_diagnostic,v1.2
User02,temperature,D,7,2,sensitivity,r_within,-0.2830708806307432,-0.33905488720923055,-0.2245784526964252,below_zero,0,36,2000,0,0.95,post_hoc_second_order_diagnostic,v1.2
User02,temperature,D,7,2,sensitivity,r_within_mat,-0.09237261372098411,-0.1308811549771098,-0.05244121755397614,below_zero,0,36,2000,0,0.95,post_hoc_second_order_diagnostic,v1.2
User02,humidity,D,7,2,sensitivity,r_pooled,-0.25405499568052026,-0.3301135517482564,-0.18415536182778997,below_zero,0,36,2000,0,0.95,post_hoc_second_order_diagnostic,v1.2
User02,humidity,D,7,2,sensitivity,r_within,-0.3747289979587009,-0.4410359613925466,-0.30459519781177086,below_zero,0,36,2000,0,0.95,post_hoc_second_order_diagnostic,v1.2
User02,humidity,D,7,2,sensitivity,r_within_mat,-0.12343189185104926,-0.16715265344215738,-0.07912094615784851,below_zero,0,36,2000,0,0.95,post_hoc_second_order_diagnostic,v1.2
User02,temperature,D,14,0,primary,r_pooled,-0.2632250232726794,-0.3284117665154851,-0.1860360385499792,below_zero,0,36,2000,0,0.95,post_hoc_second_order_diagnostic,v1.2
User02,temperature,D,14,0,primary,r_within,-0.28966525335483406,-0.3577562760230422,-0.20760694444507294,below_zero,0,36,2000,0,0.95,post_hoc_second_order_diagnostic,v1.2
User02,temperature,D,14,0,primary,r_within_mat,-0.06200057917045544,-0.10310356532415056,-0.015699952150970184,below_zero,0,36,2000,0,0.95,post_hoc_second_order_diagnostic,v1.2
User02,humidity,D,14,0,primary,r_pooled,-0.2563007262539094,-0.3310342969728268,-0.18828741877039318,below_zero,0,36,2000,0,0.95,post_hoc_second_order_diagnostic,v1.2
User02,humidity,D,14,0,primary,r_within,-0.37782351500392924,-0.44715361989988484,-0.3048158157929567,below_zero,0,36,2000,0,0.95,post_hoc_second_order_diagnostic,v1.2
User02,humidity,D,14,0,primary,r_within_mat,-0.11655248383299475,-0.1590501220577939,-0.07350175705903703,below_zero,0,36,2000,0,0.95,post_hoc_second_order_diagnostic,v1.2
User02,temperature,D,14,1,sensitivity,r_pooled,-0.24885696787361233,-0.32101250872083675,-0.16821878042393515,below_zero,0,36,2000,0,0.95,post_hoc_second_order_diagnostic,v1.2
User02,temperature,D,14,1,sensitivity,r_within,-0.2657722826886433,-0.34297096661618615,-0.17991236893947746,below_zero,0,36,2000,0,0.95,post_hoc_second_order_diagnostic,v1.2
User02,temperature,D,14,1,sensitivity,r_within_mat,-0.0018710055644199906,-0.045913640151671924,0.04744271668135142,includes_zero,0,36,2000,0,0.95,post_hoc_second_order_diagnostic,v1.2
User02,humidity,D,14,1,sensitivity,r_pooled,-0.26191893109239006,-0.3277381942763124,-0.19892359455127448,below_zero,0,36,2000,0,0.95,post_hoc_second_order_diagnostic,v1.2
User02,humidity,D,14,1,sensitivity,r_within,-0.35564164058168946,-0.4196004148927142,-0.28574472778784754,below_zero,0,36,2000,0,0.95,post_hoc_second_order_diagnostic,v1.2
User02,humidity,D,14,1,sensitivity,r_within_mat,-0.08401556814792965,-0.12442328818502127,-0.04594299431015213,below_zero,0,36,2000,0,0.95,post_hoc_second_order_diagnostic,v1.2
User02,temperature,D,14,2,sensitivity,r_pooled,-0.2636980433627823,-0.31826287278753274,-0.20698045376865695,below_zero,0,36,2000,0,0.95,post_hoc_second_order_diagnostic,v1.2
User02,temperature,D,14,2,sensitivity,r_within,-0.28307088063074315,-0.3390548872092305,-0.22457845269642523,below_zero,0,36,2000,0,0.95,post_hoc_second_order_diagnostic,v1.2
User02,temperature,D,14,2,sensitivity,r_within_mat,-0.09237261372098411,-0.13088115497710986,-0.052441217553976155,below_zero,0,36,2000,0,0.95,post_hoc_second_order_diagnostic,v1.2
User02,humidity,D,14,2,sensitivity,r_pooled,-0.25405499568051976,-0.330113551748254,-0.18415536182779785,below_zero,0,36,2000,0,0.95,post_hoc_second_order_diagnostic,v1.2
User02,humidity,D,14,2,sensitivity,r_within,-0.37472899795870107,-0.441035961392547,-0.30459519781177125,below_zero,0,36,2000,0,0.95,post_hoc_second_order_diagnostic,v1.2
User02,humidity,D,14,2,sensitivity,r_within_mat,-0.12343189185104926,-0.16715265344215746,-0.07912094615784855,below_zero,0,36,2000,0,0.95,post_hoc_second_order_diagnostic,v1.2
User02,temperature,E,1,0,primary,r_pooled,-0.240720053657968,-0.31249620576000187,-0.15108530162730244,below_zero,0,36,2000,0,0.95,post_hoc_second_order_diagnostic,v1.2
User02,temperature,E,1,0,primary,r_within,-0.2626654255871279,-0.3403731141808327,-0.17115823377903944,below_zero,0,36,2000,0,0.95,post_hoc_second_order_diagnostic,v1.2
User02,temperature,E,1,0,primary,r_within_mat,0.0013836841613547937,-0.05063891561740564,0.056808576646252544,includes_zero,0,36,2000,0,0.95,post_hoc_second_order_diagnostic,v1.2
User02,humidity,E,1,0,primary,r_pooled,-0.22891931251416353,-0.30394065924318575,-0.16343146346045798,below_zero,0,36,2000,0,0.95,post_hoc_second_order_diagnostic,v1.2
User02,humidity,E,1,0,primary,r_within,-0.34425521052030844,-0.4246338567251988,-0.2593591889834899,below_zero,0,36,2000,0,0.95,post_hoc_second_order_diagnostic,v1.2
User02,humidity,E,1,0,primary,r_within_mat,-0.10502563990776928,-0.16017446019642387,-0.053292239103663534,below_zero,0,36,2000,0,0.95,post_hoc_second_order_diagnostic,v1.2
User02,temperature,E,1,1,sensitivity,r_pooled,-0.2923386780360462,-0.36694395293752247,-0.2061414248195915,below_zero,0,36,2000,0,0.95,post_hoc_second_order_diagnostic,v1.2
User02,temperature,E,1,1,sensitivity,r_within,-0.32330208241921793,-0.39649997995073877,-0.2408259001635017,below_zero,0,36,2000,0,0.95,post_hoc_second_order_diagnostic,v1.2
User02,temperature,E,1,1,sensitivity,r_within_mat,-0.04908325960819822,-0.09734122138524118,0.00018385330685483377,includes_zero,0,36,2000,0,0.95,post_hoc_second_order_diagnostic,v1.2
User02,humidity,E,1,1,sensitivity,r_pooled,-0.22147498024494172,-0.2967521698270394,-0.153296460616992,below_zero,0,36,2000,0,0.95,post_hoc_second_order_diagnostic,v1.2
User02,humidity,E,1,1,sensitivity,r_within,-0.31334176683103926,-0.3840064910912888,-0.23474667369463129,below_zero,0,36,2000,0,0.95,post_hoc_second_order_diagnostic,v1.2
User02,humidity,E,1,1,sensitivity,r_within_mat,-0.01963011706199868,-0.06429773457323272,0.023693899811936786,includes_zero,0,36,2000,0,0.95,post_hoc_second_order_diagnostic,v1.2
User02,temperature,E,1,2,sensitivity,r_pooled,-0.2625530876119746,-0.33565316832038644,-0.18024202843664278,below_zero,0,36,2000,0,0.95,post_hoc_second_order_diagnostic,v1.2
User02,temperature,E,1,2,sensitivity,r_within,-0.2885914959680092,-0.3656614340119102,-0.19756144297698874,below_zero,0,36,2000,0,0.95,post_hoc_second_order_diagnostic,v1.2
User02,temperature,E,1,2,sensitivity,r_within_mat,0.03068738425106284,-0.027000255164465612,0.0903187137616651,includes_zero,0,36,2000,0,0.95,post_hoc_second_order_diagnostic,v1.2
User02,humidity,E,1,2,sensitivity,r_pooled,-0.2542698665327337,-0.33047842422556595,-0.18842509985778258,below_zero,0,36,2000,0,0.95,post_hoc_second_order_diagnostic,v1.2
User02,humidity,E,1,2,sensitivity,r_within,-0.3743116636346702,-0.4469596809061582,-0.29567638931056145,below_zero,0,36,2000,0,0.95,post_hoc_second_order_diagnostic,v1.2
User02,humidity,E,1,2,sensitivity,r_within_mat,-0.1112330621881783,-0.16187029556615226,-0.061677215993056464,below_zero,0,36,2000,0,0.95,post_hoc_second_order_diagnostic,v1.2
User02,temperature,E,3,0,primary,r_pooled,-0.23363892201600958,-0.30652803055704136,-0.1430820771052565,below_zero,0,36,2000,0,0.95,post_hoc_second_order_diagnostic,v1.2
User02,temperature,E,3,0,primary,r_within,-0.25271242048269565,-0.32992974395680286,-0.1588077907540463,below_zero,0,36,2000,0,0.95,post_hoc_second_order_diagnostic,v1.2
User02,temperature,E,3,0,primary,r_within_mat,-0.09652012480900059,-0.15113373676958947,-0.03484625030925409,below_zero,0,36,2000,0,0.95,post_hoc_second_order_diagnostic,v1.2
User02,humidity,E,3,0,primary,r_pooled,-0.14108329326178884,-0.2262207224365477,-0.0651525309821941,below_zero,0,36,2000,0,0.95,post_hoc_second_order_diagnostic,v1.2
User02,humidity,E,3,0,primary,r_within,-0.2450930363072489,-0.32660295255430233,-0.15602194135881187,below_zero,0,36,2000,0,0.95,post_hoc_second_order_diagnostic,v1.2
User02,humidity,E,3,0,primary,r_within_mat,-0.045275755824834805,-0.10075022897973335,0.007378305204944715,includes_zero,0,36,2000,0,0.95,post_hoc_second_order_diagnostic,v1.2
User02,temperature,E,3,1,sensitivity,r_pooled,-0.3348449299077731,-0.4033726861008066,-0.25574435503324827,below_zero,0,36,2000,0,0.95,post_hoc_second_order_diagnostic,v1.2
User02,temperature,E,3,1,sensitivity,r_within,-0.36584442158651537,-0.43294079012619446,-0.28572081623331885,below_zero,0,36,2000,0,0.95,post_hoc_second_order_diagnostic,v1.2
User02,temperature,E,3,1,sensitivity,r_within_mat,-0.07314615822605494,-0.12873964127850487,-0.016283851200303692,below_zero,0,36,2000,0,0.95,post_hoc_second_order_diagnostic,v1.2
User02,humidity,E,3,1,sensitivity,r_pooled,-0.21609084533696882,-0.2938959314569384,-0.14402854822490488,below_zero,0,36,2000,0,0.95,post_hoc_second_order_diagnostic,v1.2
User02,humidity,E,3,1,sensitivity,r_within,-0.34186450862593776,-0.40793515941170627,-0.26910129159874374,below_zero,0,36,2000,0,0.95,post_hoc_second_order_diagnostic,v1.2
User02,humidity,E,3,1,sensitivity,r_within_mat,-0.02887902913093985,-0.08115199516087301,0.022103242812490115,includes_zero,0,36,2000,0,0.95,post_hoc_second_order_diagnostic,v1.2
User02,temperature,E,3,2,sensitivity,r_pooled,-0.27080203224054045,-0.3371581269344999,-0.19105336584391322,below_zero,0,36,2000,0,0.95,post_hoc_second_order_diagnostic,v1.2
User02,temperature,E,3,2,sensitivity,r_within,-0.2951896268016992,-0.3673320028993989,-0.20770715444862814,below_zero,0,36,2000,0,0.95,post_hoc_second_order_diagnostic,v1.2
User02,temperature,E,3,2,sensitivity,r_within_mat,-0.04626210999506362,-0.10672007814781095,0.01724250044764264,includes_zero,0,36,2000,0,0.95,post_hoc_second_order_diagnostic,v1.2
User02,humidity,E,3,2,sensitivity,r_pooled,-0.19842360066499737,-0.27467300538830375,-0.13449357296992281,below_zero,0,36,2000,0,0.95,post_hoc_second_order_diagnostic,v1.2
User02,humidity,E,3,2,sensitivity,r_within,-0.30986324531230086,-0.38123335262253955,-0.22811200511209304,below_zero,0,36,2000,0,0.95,post_hoc_second_order_diagnostic,v1.2
User02,humidity,E,3,2,sensitivity,r_within_mat,-0.08283392063565252,-0.13678333423867078,-0.033940570953562836,below_zero,0,36,2000,0,0.95,post_hoc_second_order_diagnostic,v1.2
User02,temperature,E,7,0,primary,r_pooled,0.048909728305347074,-0.016532279984528466,0.12054790570217795,includes_zero,0,36,2000,0,0.95,post_hoc_second_order_diagnostic,v1.2
User02,temperature,E,7,0,primary,r_within,0.05842419828936597,-0.019147131738519566,0.13855546663697346,includes_zero,0,36,2000,0,0.95,post_hoc_second_order_diagnostic,v1.2
User02,temperature,E,7,0,primary,r_within_mat,-0.016714358446810077,-0.07715173307700936,0.047718114659219546,includes_zero,0,36,2000,0,0.95,post_hoc_second_order_diagnostic,v1.2
User02,humidity,E,7,0,primary,r_pooled,0.0626145196247811,-0.019403099879084274,0.1363645626045326,includes_zero,0,36,2000,0,0.95,post_hoc_second_order_diagnostic,v1.2
User02,humidity,E,7,0,primary,r_within,0.06693426736185852,-0.025455032822463565,0.15875603447871015,includes_zero,0,36,2000,0,0.95,post_hoc_second_order_diagnostic,v1.2
User02,humidity,E,7,0,primary,r_within_mat,-0.021768969874180977,-0.08078357806478052,0.039070240329616666,includes_zero,0,36,2000,0,0.95,post_hoc_second_order_diagnostic,v1.2
User02,temperature,E,7,1,sensitivity,r_pooled,-0.21127769857331538,-0.2788535168465824,-0.13315414035592635,below_zero,0,36,2000,0,0.95,post_hoc_second_order_diagnostic,v1.2
User02,temperature,E,7,1,sensitivity,r_within,-0.22859847264746946,-0.2935006350014693,-0.15247833405929362,below_zero,0,36,2000,0,0.95,post_hoc_second_order_diagnostic,v1.2
User02,temperature,E,7,1,sensitivity,r_within_mat,-0.028562542489331766,-0.07600865185768292,0.020302965841088805,includes_zero,0,36,2000,0,0.95,post_hoc_second_order_diagnostic,v1.2
User02,humidity,E,7,1,sensitivity,r_pooled,-0.13098153308278546,-0.20432700259995532,-0.06163640792429971,below_zero,0,36,2000,0,0.95,post_hoc_second_order_diagnostic,v1.2
User02,humidity,E,7,1,sensitivity,r_within,-0.1875127957603122,-0.26583107519634547,-0.10237503881036765,below_zero,0,36,2000,0,0.95,post_hoc_second_order_diagnostic,v1.2
User02,humidity,E,7,1,sensitivity,r_within_mat,-0.015857315704980945,-0.06212726693365989,0.029802003216414123,includes_zero,0,36,2000,0,0.95,post_hoc_second_order_diagnostic,v1.2
User02,temperature,E,7,2,sensitivity,r_pooled,-0.14898634565956617,-0.2139395395944553,-0.07607758108877784,below_zero,0,36,2000,0,0.95,post_hoc_second_order_diagnostic,v1.2
User02,temperature,E,7,2,sensitivity,r_within,-0.16193333484965047,-0.23408689867238686,-0.08036972088853679,below_zero,0,36,2000,0,0.95,post_hoc_second_order_diagnostic,v1.2
User02,temperature,E,7,2,sensitivity,r_within_mat,0.0015236760636629762,-0.061865091671565835,0.06260843804077285,includes_zero,0,36,2000,0,0.95,post_hoc_second_order_diagnostic,v1.2
User02,humidity,E,7,2,sensitivity,r_pooled,-0.11534001000443224,-0.18139397054839707,-0.057783714185934906,below_zero,0,36,2000,0,0.95,post_hoc_second_order_diagnostic,v1.2
User02,humidity,E,7,2,sensitivity,r_within,-0.1619938434916946,-0.24062454119321972,-0.08606923896580211,below_zero,0,36,2000,0,0.95,post_hoc_second_order_diagnostic,v1.2
User02,humidity,E,7,2,sensitivity,r_within_mat,-0.09293393380612873,-0.13828920536638292,-0.0494577667360415,below_zero,0,36,2000,0,0.95,post_hoc_second_order_diagnostic,v1.2
User02,temperature,E,14,0,primary,r_pooled,0.33355980090256937,0.26829973014011343,0.39713151314590217,above_zero,0,36,2000,0,0.95,post_hoc_second_order_diagnostic,v1.2
User02,temperature,E,14,0,primary,r_within,0.3665918116763357,0.3018738634069466,0.42815839943838646,above_zero,0,36,2000,0,0.95,post_hoc_second_order_diagnostic,v1.2
User02,temperature,E,14,0,primary,r_within_mat,0.09581821576914445,0.05104429870556441,0.14724141396360282,above_zero,0,36,2000,0,0.95,post_hoc_second_order_diagnostic,v1.2
User02,humidity,E,14,0,primary,r_pooled,0.20960071819793402,0.13837708049570882,0.28513798539267265,above_zero,0,36,2000,0,0.95,post_hoc_second_order_diagnostic,v1.2
User02,humidity,E,14,0,primary,r_within,0.320880797436278,0.248716468442668,0.39202076033172073,above_zero,0,36,2000,0,0.95,post_hoc_second_order_diagnostic,v1.2
User02,humidity,E,14,0,primary,r_within_mat,0.0124569794504158,-0.03946500185116945,0.06802397097090324,includes_zero,0,36,2000,0,0.95,post_hoc_second_order_diagnostic,v1.2
User02,temperature,E,14,1,sensitivity,r_pooled,0.2993586473647907,0.24886751798698303,0.3516272021726335,above_zero,0,36,2000,0,0.95,post_hoc_second_order_diagnostic,v1.2
User02,temperature,E,14,1,sensitivity,r_within,0.32362045755931085,0.27067707015899123,0.37416825650951313,above_zero,0,36,2000,0,0.95,post_hoc_second_order_diagnostic,v1.2
User02,temperature,E,14,1,sensitivity,r_within_mat,0.12389405741030947,0.08470806147183578,0.16741915001443705,above_zero,0,36,2000,0,0.95,post_hoc_second_order_diagnostic,v1.2
User02,humidity,E,14,1,sensitivity,r_pooled,0.15775468437304369,0.09186906195665671,0.22728667924549076,above_zero,0,36,2000,0,0.95,post_hoc_second_order_diagnostic,v1.2
User02,humidity,E,14,1,sensitivity,r_within,0.2880245427606652,0.2293345455022149,0.34513681349261854,above_zero,0,36,2000,0,0.95,post_hoc_second_order_diagnostic,v1.2
User02,humidity,E,14,1,sensitivity,r_within_mat,0.03022554087860316,-0.021813907787256285,0.08029388630121305,includes_zero,0,36,2000,0,0.95,post_hoc_second_order_diagnostic,v1.2
User02,temperature,E,14,2,sensitivity,r_pooled,0.21475985157442534,0.15107832983168898,0.2781593311214813,above_zero,0,36,2000,0,0.95,post_hoc_second_order_diagnostic,v1.2
User02,temperature,E,14,2,sensitivity,r_within,0.23514619532811926,0.16961627824153366,0.29840950074486233,above_zero,0,36,2000,0,0.95,post_hoc_second_order_diagnostic,v1.2
User02,temperature,E,14,2,sensitivity,r_within_mat,0.04588759327860419,-0.0015909365251350412,0.09263944586290433,includes_zero,0,36,2000,0,0.95,post_hoc_second_order_diagnostic,v1.2
User02,humidity,E,14,2,sensitivity,r_pooled,0.12988361570620377,0.06856466001835448,0.19364698684149745,above_zero,0,36,2000,0,0.95,post_hoc_second_order_diagnostic,v1.2
User02,humidity,E,14,2,sensitivity,r_within,0.2025481887577026,0.13669567544036776,0.26957876942373143,above_zero,0,36,2000,0,0.95,post_hoc_second_order_diagnostic,v1.2
User02,humidity,E,14,2,sensitivity,r_within_mat,-0.005243650823663422,-0.0473672305939616,0.038376083054488676,includes_zero,0,36,2000,0,0.95,post_hoc_second_order_diagnostic,v1.2
User02,temperature,S,14,0,primary,r_pooled,0.37902601078907155,0.31693681108554844,0.4398713426317635,above_zero,0,36,2000,0,0.95,post_hoc_second_order_diagnostic,v1.2
User02,temperature,S,14,0,primary,r_within,0.42112383882715865,0.3641474772435271,0.47216570822421355,above_zero,0,36,2000,0,0.95,post_hoc_second_order_diagnostic,v1.2
User02,temperature,S,14,0,primary,r_within_mat,0.15280973327627373,0.10827863957327713,0.20137482804097026,above_zero,0,36,2000,0,0.95,post_hoc_second_order_diagnostic,v1.2
User02,humidity,S,14,0,primary,r_pooled,0.23648835019087536,0.16602965872638845,0.30903001430491467,above_zero,0,36,2000,0,0.95,post_hoc_second_order_diagnostic,v1.2
User02,humidity,S,14,0,primary,r_within,0.36849434706721634,0.3089593917104836,0.42649927568430573,above_zero,0,36,2000,0,0.95,post_hoc_second_order_diagnostic,v1.2
User02,humidity,S,14,0,primary,r_within_mat,0.014113077818439047,-0.03674227578352121,0.06788508675885092,includes_zero,0,36,2000,0,0.95,post_hoc_second_order_diagnostic,v1.2
User02,temperature,S,14,1,sensitivity,r_pooled,0.3436793147979252,0.27680343840886695,0.4068944336367501,above_zero,0,36,2000,0,0.95,post_hoc_second_order_diagnostic,v1.2
User02,temperature,S,14,1,sensitivity,r_within,0.38692053014789973,0.3279358299265922,0.44216924653961415,above_zero,0,36,2000,0,0.95,post_hoc_second_order_diagnostic,v1.2
User02,temperature,S,14,1,sensitivity,r_within_mat,0.114801359629807,0.06959075681117877,0.16252909353672818,above_zero,0,36,2000,0,0.95,post_hoc_second_order_diagnostic,v1.2
User02,humidity,S,14,1,sensitivity,r_pooled,0.2471658578463004,0.18439600927154434,0.3163679426200375,above_zero,0,36,2000,0,0.95,post_hoc_second_order_diagnostic,v1.2
User02,humidity,S,14,1,sensitivity,r_within,0.3727256162746514,0.30903228945139904,0.43526739010248633,above_zero,0,36,2000,0,0.95,post_hoc_second_order_diagnostic,v1.2
User02,humidity,S,14,1,sensitivity,r_within_mat,0.034624012140433515,-0.012862467401429906,0.08513729394418913,includes_zero,0,36,2000,0,0.95,post_hoc_second_order_diagnostic,v1.2
User02,temperature,S,14,2,sensitivity,r_pooled,0.36141041479218033,0.2962103399731498,0.42471728041188744,above_zero,0,36,2000,0,0.95,post_hoc_second_order_diagnostic,v1.2
User02,temperature,S,14,2,sensitivity,r_within,0.3989982930042691,0.33499648285188394,0.45635361027379984,above_zero,0,36,2000,0,0.95,post_hoc_second_order_diagnostic,v1.2
User02,temperature,S,14,2,sensitivity,r_within_mat,0.10252559194197729,0.057220442570185125,0.15194124088926655,above_zero,0,36,2000,0,0.95,post_hoc_second_order_diagnostic,v1.2
User02,humidity,S,14,2,sensitivity,r_pooled,0.25028257733976106,0.1888259162693159,0.31563860576087416,above_zero,0,36,2000,0,0.95,post_hoc_second_order_diagnostic,v1.2
User02,humidity,S,14,2,sensitivity,r_within,0.36739554416195735,0.3044159127764071,0.42821864163404244,above_zero,0,36,2000,0,0.95,post_hoc_second_order_diagnostic,v1.2
User02,humidity,S,14,2,sensitivity,r_within_mat,0.02306111191804111,-0.025046065159137893,0.07358807167067455,includes_zero,0,36,2000,0,0.95,post_hoc_second_order_diagnostic,v1.2
User02,temperature,E-C,1,0,primary,delta_r_within,0.026999827767706097,-0.003130039312984132,0.05856472039962607,includes_zero,0,36,2000,0,0.95,post_hoc_second_order_diagnostic,v1.2
User02,humidity,E-C,1,0,primary,delta_r_within,0.0335683044836208,0.010159519552171684,0.05918567540253857,above_zero,0,36,2000,0,0.95,post_hoc_second_order_diagnostic,v1.2
User02,temperature,E-C,1,1,sensitivity,delta_r_within,-0.057529799730574704,-0.0821985175418287,-0.034750621715608256,below_zero,0,36,2000,0,0.95,post_hoc_second_order_diagnostic,v1.2
User02,humidity,E-C,1,1,sensitivity,delta_r_within,0.04229987375065025,0.006571176439103396,0.07416628732878917,above_zero,0,36,2000,0,0.95,post_hoc_second_order_diagnostic,v1.2
User02,temperature,E-C,1,2,sensitivity,delta_r_within,-0.005520615337265888,-0.05594988045888787,0.051127432476552465,includes_zero,0,36,2000,0,0.95,post_hoc_second_order_diagnostic,v1.2
User02,humidity,E-C,1,2,sensitivity,delta_r_within,0.00041733432403090465,-0.018647585474457256,0.02043748524243351,includes_zero,0,36,2000,0,0.95,post_hoc_second_order_diagnostic,v1.2
User02,temperature,E-C,3,0,primary,delta_r_within,0.03695283287213835,-0.011322304181857343,0.08869110993780761,includes_zero,0,36,2000,0,0.95,post_hoc_second_order_diagnostic,v1.2
User02,humidity,E-C,3,0,primary,delta_r_within,0.13273047869668034,0.08841259316783398,0.18339102550801617,above_zero,0,36,2000,0,0.95,post_hoc_second_order_diagnostic,v1.2
User02,temperature,E-C,3,1,sensitivity,delta_r_within,-0.10007213889787214,-0.13626331317647447,-0.06861747788358227,below_zero,0,36,2000,0,0.95,post_hoc_second_order_diagnostic,v1.2
User02,humidity,E-C,3,1,sensitivity,delta_r_within,0.013777131955751754,-0.02326210635652703,0.05056726212391956,includes_zero,0,36,2000,0,0.95,post_hoc_second_order_diagnostic,v1.2
User02,temperature,E-C,3,2,sensitivity,delta_r_within,-0.012118746170955874,-0.059487838468287875,0.039631351528263366,includes_zero,0,36,2000,0,0.95,post_hoc_second_order_diagnostic,v1.2
User02,humidity,E-C,3,2,sensitivity,delta_r_within,0.06486575264640027,0.027484206029491837,0.10361630594340346,above_zero,0,36,2000,0,0.95,post_hoc_second_order_diagnostic,v1.2
User02,temperature,E-C,7,0,primary,delta_r_within,0.34808945164419997,0.26046069044029535,0.4352905435451257,above_zero,0,36,2000,0,0.95,post_hoc_second_order_diagnostic,v1.2
User02,humidity,E-C,7,0,primary,delta_r_within,0.4447577823657878,0.35829315557656066,0.5305247724316897,above_zero,0,36,2000,0,0.95,post_hoc_second_order_diagnostic,v1.2
User02,temperature,E-C,7,1,sensitivity,delta_r_within,0.03717381004117376,-0.0020855817911513844,0.0713667651376436,includes_zero,0,36,2000,0,0.95,post_hoc_second_order_diagnostic,v1.2
User02,humidity,E-C,7,1,sensitivity,delta_r_within,0.1681288448213773,0.1111978860836808,0.22780422973538672,above_zero,0,36,2000,0,0.95,post_hoc_second_order_diagnostic,v1.2
User02,temperature,E-C,7,2,sensitivity,delta_r_within,0.12113754578109284,0.06674941252174371,0.1809293084498236,above_zero,0,36,2000,0,0.95,post_hoc_second_order_diagnostic,v1.2
User02,humidity,E-C,7,2,sensitivity,delta_r_within,0.21273515446700653,0.15303860161214913,0.2716777148875554,above_zero,0,36,2000,0,0.95,post_hoc_second_order_diagnostic,v1.2
User02,temperature,E-C,14,0,primary,delta_r_within,0.6562570650311697,0.542365575514254,0.7622920872758835,above_zero,0,36,2000,0,0.95,post_hoc_second_order_diagnostic,v1.2
User02,humidity,E-C,14,0,primary,delta_r_within,0.6987043124402073,0.5975227891099806,0.7933000278243663,above_zero,0,36,2000,0,0.95,post_hoc_second_order_diagnostic,v1.2
User02,temperature,E-C,14,1,sensitivity,delta_r_within,0.5893927402479541,0.4733069842116095,0.6958923264497021,above_zero,0,36,2000,0,0.95,post_hoc_second_order_diagnostic,v1.2
User02,humidity,E-C,14,1,sensitivity,delta_r_within,0.6436661833423547,0.5432491359537683,0.7392435662873941,above_zero,0,36,2000,0,0.95,post_hoc_second_order_diagnostic,v1.2
User02,temperature,E-C,14,2,sensitivity,delta_r_within,0.5182170759588626,0.4296502748624627,0.6105922414477236,above_zero,0,36,2000,0,0.95,post_hoc_second_order_diagnostic,v1.2
User02,humidity,E-C,14,2,sensitivity,delta_r_within,0.5772771867164037,0.48144462604960114,0.669331751889742,above_zero,0,36,2000,0,0.95,post_hoc_second_order_diagnostic,v1.2
User02,temperature,S-E,14,0,primary,delta_r_within,0.05453202715082295,0.028770754404929186,0.07787322812282228,above_zero,0,36,2000,0,0.95,post_hoc_second_order_diagnostic,v1.2
User02,humidity,S-E,14,0,primary,delta_r_within,0.047613549630938334,0.01798329233789551,0.07609790348425001,above_zero,0,36,2000,0,0.95,post_hoc_second_order_diagnostic,v1.2
User02,temperature,S-E,14,1,sensitivity,delta_r_within,0.06330007258858888,0.03204671763689645,0.09056522052492957,above_zero,0,36,2000,0,0.95,post_hoc_second_order_diagnostic,v1.2
User02,humidity,S-E,14,1,sensitivity,delta_r_within,0.0847010735139862,0.05652844422987491,0.11027209790906199,above_zero,0,36,2000,0,0.95,post_hoc_second_order_diagnostic,v1.2
User02,temperature,S-E,14,2,sensitivity,delta_r_within,0.16385209767614983,0.11843034115702906,0.20634871782188985,above_zero,0,36,2000,0,0.95,post_hoc_second_order_diagnostic,v1.2
User02,humidity,S-E,14,2,sensitivity,delta_r_within,0.16484735540425474,0.12752113946300292,0.199994712275823,above_zero,0,36,2000,0,0.95,post_hoc_second_order_diagnostic,v1.2
User07,temperature,C,0,0,primary,r_pooled,0.12142993120033554,0.05345889156476791,0.17780652455584225,above_zero,0,85,2000,0,0.95,post_hoc_second_order_diagnostic,v1.2
User07,temperature,C,0,0,primary,r_within,-0.01541365832593486,-0.05207147248621896,0.023692095984344717,includes_zero,0,85,2000,0,0.95,post_hoc_second_order_diagnostic,v1.2
User07,temperature,C,0,0,primary,r_within_mat,-0.01541365832593486,-0.05207147248621896,0.023692095984344717,includes_zero,0,85,2000,0,0.95,post_hoc_second_order_diagnostic,v1.2
User07,humidity,C,0,0,primary,r_pooled,0.0037044059953630134,-0.07810143425445051,0.07752301570935022,includes_zero,0,85,2000,0,0.95,post_hoc_second_order_diagnostic,v1.2
User07,humidity,C,0,0,primary,r_within,-0.0504846231738353,-0.1270702168059877,0.013405108002780934,includes_zero,0,85,2000,0,0.95,post_hoc_second_order_diagnostic,v1.2
User07,humidity,C,0,0,primary,r_within_mat,-0.0504846231738353,-0.1270702168059877,0.013405108002780934,includes_zero,0,85,2000,0,0.95,post_hoc_second_order_diagnostic,v1.2
User07,temperature,C,0,1,sensitivity,r_pooled,0.13891084092701111,0.08069071958279904,0.19093450302865742,above_zero,0,85,2000,0,0.95,post_hoc_second_order_diagnostic,v1.2
User07,temperature,C,0,1,sensitivity,r_within,-0.013985116971990947,-0.05052424328500993,0.026071634136739484,includes_zero,0,85,2000,0,0.95,post_hoc_second_order_diagnostic,v1.2
User07,temperature,C,0,1,sensitivity,r_within_mat,-0.013985116971990947,-0.05052424328500993,0.026071634136739484,includes_zero,0,85,2000,0,0.95,post_hoc_second_order_diagnostic,v1.2
User07,humidity,C,0,1,sensitivity,r_pooled,0.02899620392899528,-0.043872081092802655,0.09735900526424209,includes_zero,0,85,2000,0,0.95,post_hoc_second_order_diagnostic,v1.2
User07,humidity,C,0,1,sensitivity,r_within,-0.027537758576945123,-0.09621241220816186,0.032598956719499195,includes_zero,0,85,2000,0,0.95,post_hoc_second_order_diagnostic,v1.2
User07,humidity,C,0,1,sensitivity,r_within_mat,-0.027537758576945123,-0.09621241220816186,0.032598956719499195,includes_zero,0,85,2000,0,0.95,post_hoc_second_order_diagnostic,v1.2
User07,temperature,C,0,2,sensitivity,r_pooled,0.13107395783987047,0.07477586813634904,0.18079559223010785,above_zero,0,85,2000,0,0.95,post_hoc_second_order_diagnostic,v1.2
User07,temperature,C,0,2,sensitivity,r_within,-0.016946208775884854,-0.05607212506367045,0.026139001997199252,includes_zero,0,85,2000,0,0.95,post_hoc_second_order_diagnostic,v1.2
User07,temperature,C,0,2,sensitivity,r_within_mat,-0.016946208775884854,-0.05607212506367045,0.026139001997199252,includes_zero,0,85,2000,0,0.95,post_hoc_second_order_diagnostic,v1.2
User07,humidity,C,0,2,sensitivity,r_pooled,0.020534655373878448,-0.05317011940516015,0.08537715112471282,includes_zero,0,85,2000,0,0.95,post_hoc_second_order_diagnostic,v1.2
User07,humidity,C,0,2,sensitivity,r_within,-0.043462102737313345,-0.11032043423751685,0.013110729648704241,includes_zero,0,85,2000,0,0.95,post_hoc_second_order_diagnostic,v1.2
User07,humidity,C,0,2,sensitivity,r_within_mat,-0.043462102737313345,-0.11032043423751685,0.013110729648704241,includes_zero,0,85,2000,0,0.95,post_hoc_second_order_diagnostic,v1.2
User07,temperature,D,1,0,primary,r_pooled,0.12142993120033829,0.05345889156477151,0.17780652455584225,above_zero,0,85,2000,0,0.95,post_hoc_second_order_diagnostic,v1.2
User07,temperature,D,1,0,primary,r_within,-0.015413658325934878,-0.05207147248621893,0.023692095984344685,includes_zero,0,85,2000,0,0.95,post_hoc_second_order_diagnostic,v1.2
User07,temperature,D,1,0,primary,r_within_mat,-0.015413658325934878,-0.05207147248621893,0.023692095984344685,includes_zero,0,85,2000,0,0.95,post_hoc_second_order_diagnostic,v1.2
User07,humidity,D,1,0,primary,r_pooled,0.003704405995363222,-0.07810143425444832,0.07752301570935119,includes_zero,0,85,2000,0,0.95,post_hoc_second_order_diagnostic,v1.2
User07,humidity,D,1,0,primary,r_within,-0.05048462317383531,-0.1270702168059877,0.013405108002780934,includes_zero,0,85,2000,0,0.95,post_hoc_second_order_diagnostic,v1.2
User07,humidity,D,1,0,primary,r_within_mat,-0.05048462317383531,-0.1270702168059877,0.013405108002780934,includes_zero,0,85,2000,0,0.95,post_hoc_second_order_diagnostic,v1.2
User07,temperature,D,1,1,sensitivity,r_pooled,0.1389108409270117,0.08069071958280023,0.19093450302865458,above_zero,0,85,2000,0,0.95,post_hoc_second_order_diagnostic,v1.2
User07,temperature,D,1,1,sensitivity,r_within,-0.013985116971990981,-0.050524243285009984,0.026071634136739436,includes_zero,0,85,2000,0,0.95,post_hoc_second_order_diagnostic,v1.2
User07,temperature,D,1,1,sensitivity,r_within_mat,-0.013985116971990981,-0.050524243285009984,0.026071634136739436,includes_zero,0,85,2000,0,0.95,post_hoc_second_order_diagnostic,v1.2
User07,humidity,D,1,1,sensitivity,r_pooled,0.028996203928995493,-0.04387208109280406,0.09735900526424421,includes_zero,0,85,2000,0,0.95,post_hoc_second_order_diagnostic,v1.2
User07,humidity,D,1,1,sensitivity,r_within,-0.027537758576945078,-0.09621241220816164,0.03259895671949918,includes_zero,0,85,2000,0,0.95,post_hoc_second_order_diagnostic,v1.2
User07,humidity,D,1,1,sensitivity,r_within_mat,-0.027537758576945078,-0.09621241220816164,0.03259895671949918,includes_zero,0,85,2000,0,0.95,post_hoc_second_order_diagnostic,v1.2
User07,temperature,D,1,2,sensitivity,r_pooled,0.13107395783987202,0.07477586813635162,0.18079559223010866,above_zero,0,85,2000,0,0.95,post_hoc_second_order_diagnostic,v1.2
User07,temperature,D,1,2,sensitivity,r_within,-0.01694620877588487,-0.0560721250636705,0.026139001997199294,includes_zero,0,85,2000,0,0.95,post_hoc_second_order_diagnostic,v1.2
User07,temperature,D,1,2,sensitivity,r_within_mat,-0.01694620877588487,-0.0560721250636705,0.026139001997199294,includes_zero,0,85,2000,0,0.95,post_hoc_second_order_diagnostic,v1.2
User07,humidity,D,1,2,sensitivity,r_pooled,0.020534655373877116,-0.05317011940516107,0.08537715112470999,includes_zero,0,85,2000,0,0.95,post_hoc_second_order_diagnostic,v1.2
User07,humidity,D,1,2,sensitivity,r_within,-0.0434621027373133,-0.11032043423751686,0.013110729648704255,includes_zero,0,85,2000,0,0.95,post_hoc_second_order_diagnostic,v1.2
User07,humidity,D,1,2,sensitivity,r_within_mat,-0.0434621027373133,-0.11032043423751686,0.013110729648704255,includes_zero,0,85,2000,0,0.95,post_hoc_second_order_diagnostic,v1.2
User07,temperature,D,3,0,primary,r_pooled,0.12142993120034058,0.05345889156477707,0.17780652455584237,above_zero,0,85,2000,0,0.95,post_hoc_second_order_diagnostic,v1.2
User07,temperature,D,3,0,primary,r_within,-0.01541365832593488,-0.05207147248621891,0.023692095984344724,includes_zero,0,85,2000,0,0.95,post_hoc_second_order_diagnostic,v1.2
User07,temperature,D,3,0,primary,r_within_mat,-0.01541365832593488,-0.05207147248621891,0.023692095984344724,includes_zero,0,85,2000,0,0.95,post_hoc_second_order_diagnostic,v1.2
User07,humidity,D,3,0,primary,r_pooled,0.003704405995362558,-0.07810143425445011,0.07752301570934934,includes_zero,0,85,2000,0,0.95,post_hoc_second_order_diagnostic,v1.2
User07,humidity,D,3,0,primary,r_within,-0.05048462317383531,-0.12707021680598773,0.013405108002780964,includes_zero,0,85,2000,0,0.95,post_hoc_second_order_diagnostic,v1.2
User07,humidity,D,3,0,primary,r_within_mat,-0.05048462317383531,-0.12707021680598773,0.013405108002780964,includes_zero,0,85,2000,0,0.95,post_hoc_second_order_diagnostic,v1.2
User07,temperature,D,3,1,sensitivity,r_pooled,0.13891084092701386,0.08069071958280215,0.19093450302865297,above_zero,0,85,2000,0,0.95,post_hoc_second_order_diagnostic,v1.2
User07,temperature,D,3,1,sensitivity,r_within,-0.01398511697199096,-0.050524243285009936,0.02607163413673949,includes_zero,0,85,2000,0,0.95,post_hoc_second_order_diagnostic,v1.2
User07,temperature,D,3,1,sensitivity,r_within_mat,-0.01398511697199096,-0.050524243285009936,0.02607163413673949,includes_zero,0,85,2000,0,0.95,post_hoc_second_order_diagnostic,v1.2
User07,humidity,D,3,1,sensitivity,r_pooled,0.02899620392899619,-0.04387208109280465,0.09735900526424546,includes_zero,0,85,2000,0,0.95,post_hoc_second_order_diagnostic,v1.2
User07,humidity,D,3,1,sensitivity,r_within,-0.02753775857694514,-0.09621241220816176,0.032598956719499174,includes_zero,0,85,2000,0,0.95,post_hoc_second_order_diagnostic,v1.2
User07,humidity,D,3,1,sensitivity,r_within_mat,-0.02753775857694514,-0.09621241220816176,0.032598956719499174,includes_zero,0,85,2000,0,0.95,post_hoc_second_order_diagnostic,v1.2
User07,temperature,D,3,2,sensitivity,r_pooled,0.1310739578398701,0.07477586813634754,0.18079559223011224,above_zero,0,85,2000,0,0.95,post_hoc_second_order_diagnostic,v1.2
User07,temperature,D,3,2,sensitivity,r_within,-0.01694620877588488,-0.05607212506367048,0.026139001997199224,includes_zero,0,85,2000,0,0.95,post_hoc_second_order_diagnostic,v1.2
User07,temperature,D,3,2,sensitivity,r_within_mat,-0.01694620877588488,-0.05607212506367048,0.026139001997199224,includes_zero,0,85,2000,0,0.95,post_hoc_second_order_diagnostic,v1.2
User07,humidity,D,3,2,sensitivity,r_pooled,0.020534655373877133,-0.05317011940516197,0.08537715112471023,includes_zero,0,85,2000,0,0.95,post_hoc_second_order_diagnostic,v1.2
User07,humidity,D,3,2,sensitivity,r_within,-0.04346210273731335,-0.11032043423751686,0.013110729648704238,includes_zero,0,85,2000,0,0.95,post_hoc_second_order_diagnostic,v1.2
User07,humidity,D,3,2,sensitivity,r_within_mat,-0.04346210273731335,-0.11032043423751686,0.013110729648704238,includes_zero,0,85,2000,0,0.95,post_hoc_second_order_diagnostic,v1.2
User07,temperature,D,7,0,primary,r_pooled,0.12142993120034415,0.053458891564779176,0.1778065245558442,above_zero,0,85,2000,0,0.95,post_hoc_second_order_diagnostic,v1.2
User07,temperature,D,7,0,primary,r_within,-0.01541365832593486,-0.05207147248621887,0.023692095984344703,includes_zero,0,85,2000,0,0.95,post_hoc_second_order_diagnostic,v1.2
User07,temperature,D,7,0,primary,r_within_mat,-0.01541365832593486,-0.05207147248621887,0.023692095984344703,includes_zero,0,85,2000,0,0.95,post_hoc_second_order_diagnostic,v1.2
User07,humidity,D,7,0,primary,r_pooled,0.003704405995362445,-0.07810143425444913,0.07752301570934797,includes_zero,0,85,2000,0,0.95,post_hoc_second_order_diagnostic,v1.2
User07,humidity,D,7,0,primary,r_within,-0.05048462317383532,-0.1270702168059877,0.013405108002780896,includes_zero,0,85,2000,0,0.95,post_hoc_second_order_diagnostic,v1.2
User07,humidity,D,7,0,primary,r_within_mat,-0.05048462317383532,-0.1270702168059877,0.013405108002780896,includes_zero,0,85,2000,0,0.95,post_hoc_second_order_diagnostic,v1.2
User07,temperature,D,7,1,sensitivity,r_pooled,0.13891084092701397,0.0806907195828014,0.19093450302865764,above_zero,0,85,2000,0,0.95,post_hoc_second_order_diagnostic,v1.2
User07,temperature,D,7,1,sensitivity,r_within,-0.013985116971990945,-0.05052424328500996,0.02607163413673948,includes_zero,0,85,2000,0,0.95,post_hoc_second_order_diagnostic,v1.2
User07,temperature,D,7,1,sensitivity,r_within_mat,-0.013985116971990945,-0.05052424328500996,0.02607163413673948,includes_zero,0,85,2000,0,0.95,post_hoc_second_order_diagnostic,v1.2
User07,humidity,D,7,1,sensitivity,r_pooled,0.02899620392899538,-0.04387208109280433,0.09735900526424418,includes_zero,0,85,2000,0,0.95,post_hoc_second_order_diagnostic,v1.2
User07,humidity,D,7,1,sensitivity,r_within,-0.02753775857694508,-0.0962124122081617,0.0325989567194992,includes_zero,0,85,2000,0,0.95,post_hoc_second_order_diagnostic,v1.2
User07,humidity,D,7,1,sensitivity,r_within_mat,-0.02753775857694508,-0.0962124122081617,0.0325989567194992,includes_zero,0,85,2000,0,0.95,post_hoc_second_order_diagnostic,v1.2
User07,temperature,D,7,2,sensitivity,r_pooled,0.13107395783986717,0.07477586813634898,0.18079559223010774,above_zero,0,85,2000,0,0.95,post_hoc_second_order_diagnostic,v1.2
User07,temperature,D,7,2,sensitivity,r_within,-0.016946208775884895,-0.056072125063670535,0.026139001997199235,includes_zero,0,85,2000,0,0.95,post_hoc_second_order_diagnostic,v1.2
User07,temperature,D,7,2,sensitivity,r_within_mat,-0.016946208775884895,-0.056072125063670535,0.026139001997199235,includes_zero,0,85,2000,0,0.95,post_hoc_second_order_diagnostic,v1.2
User07,humidity,D,7,2,sensitivity,r_pooled,0.020534655373876342,-0.05317011940516193,0.08537715112470995,includes_zero,0,85,2000,0,0.95,post_hoc_second_order_diagnostic,v1.2
User07,humidity,D,7,2,sensitivity,r_within,-0.04346210273731331,-0.11032043423751679,0.013110729648704286,includes_zero,0,85,2000,0,0.95,post_hoc_second_order_diagnostic,v1.2
User07,humidity,D,7,2,sensitivity,r_within_mat,-0.04346210273731331,-0.11032043423751679,0.013110729648704286,includes_zero,0,85,2000,0,0.95,post_hoc_second_order_diagnostic,v1.2
User07,temperature,D,14,0,primary,r_pooled,0.12142993120034215,0.0534588915647787,0.1778065245558424,above_zero,0,85,2000,0,0.95,post_hoc_second_order_diagnostic,v1.2
User07,temperature,D,14,0,primary,r_within,-0.01541365832593485,-0.05207147248621885,0.023692095984344665,includes_zero,0,85,2000,0,0.95,post_hoc_second_order_diagnostic,v1.2
User07,temperature,D,14,0,primary,r_within_mat,-0.01541365832593485,-0.05207147248621885,0.023692095984344665,includes_zero,0,85,2000,0,0.95,post_hoc_second_order_diagnostic,v1.2
User07,humidity,D,14,0,primary,r_pooled,0.003704405995363063,-0.07810143425444972,0.07752301570935002,includes_zero,0,85,2000,0,0.95,post_hoc_second_order_diagnostic,v1.2
User07,humidity,D,14,0,primary,r_within,-0.050484623173835286,-0.1270702168059877,0.01340510800278096,includes_zero,0,85,2000,0,0.95,post_hoc_second_order_diagnostic,v1.2
User07,humidity,D,14,0,primary,r_within_mat,-0.050484623173835286,-0.1270702168059877,0.01340510800278096,includes_zero,0,85,2000,0,0.95,post_hoc_second_order_diagnostic,v1.2
User07,temperature,D,14,1,sensitivity,r_pooled,0.1389108409270151,0.08069071958280105,0.19093450302865828,above_zero,0,85,2000,0,0.95,post_hoc_second_order_diagnostic,v1.2
User07,temperature,D,14,1,sensitivity,r_within,-0.013985116971990973,-0.05052424328500997,0.026071634136739446,includes_zero,0,85,2000,0,0.95,post_hoc_second_order_diagnostic,v1.2
User07,temperature,D,14,1,sensitivity,r_within_mat,-0.013985116971990973,-0.05052424328500997,0.026071634136739446,includes_zero,0,85,2000,0,0.95,post_hoc_second_order_diagnostic,v1.2
User07,humidity,D,14,1,sensitivity,r_pooled,0.028996203928997353,-0.043872081092802225,0.09735900526424457,includes_zero,0,85,2000,0,0.95,post_hoc_second_order_diagnostic,v1.2
User07,humidity,D,14,1,sensitivity,r_within,-0.027537758576945157,-0.09621241220816187,0.03259895671949915,includes_zero,0,85,2000,0,0.95,post_hoc_second_order_diagnostic,v1.2
User07,humidity,D,14,1,sensitivity,r_within_mat,-0.027537758576945157,-0.09621241220816187,0.03259895671949915,includes_zero,0,85,2000,0,0.95,post_hoc_second_order_diagnostic,v1.2
User07,temperature,D,14,2,sensitivity,r_pooled,0.13107395783987089,0.0747758681363484,0.1807955922301086,above_zero,0,85,2000,0,0.95,post_hoc_second_order_diagnostic,v1.2
User07,temperature,D,14,2,sensitivity,r_within,-0.016946208775884836,-0.056072125063670514,0.02613900199719931,includes_zero,0,85,2000,0,0.95,post_hoc_second_order_diagnostic,v1.2
User07,temperature,D,14,2,sensitivity,r_within_mat,-0.016946208775884836,-0.056072125063670514,0.02613900199719931,includes_zero,0,85,2000,0,0.95,post_hoc_second_order_diagnostic,v1.2
User07,humidity,D,14,2,sensitivity,r_pooled,0.02053465537387685,-0.053170119405159755,0.08537715112471062,includes_zero,0,85,2000,0,0.95,post_hoc_second_order_diagnostic,v1.2
User07,humidity,D,14,2,sensitivity,r_within,-0.04346210273731331,-0.11032043423751683,0.013110729648704258,includes_zero,0,85,2000,0,0.95,post_hoc_second_order_diagnostic,v1.2
User07,humidity,D,14,2,sensitivity,r_within_mat,-0.04346210273731331,-0.11032043423751683,0.013110729648704258,includes_zero,0,85,2000,0,0.95,post_hoc_second_order_diagnostic,v1.2
User07,temperature,E,1,0,primary,r_pooled,0.07497535990343365,-0.006608325612775575,0.14121628507107623,includes_zero,0,85,2000,0,0.95,post_hoc_second_order_diagnostic,v1.2
User07,temperature,E,1,0,primary,r_within,-0.028522722899522124,-0.07026076515832916,0.0177151168368779,includes_zero,0,85,2000,0,0.95,post_hoc_second_order_diagnostic,v1.2
User07,temperature,E,1,0,primary,r_within_mat,-0.028522722899522124,-0.07026076515832916,0.0177151168368779,includes_zero,0,85,2000,0,0.95,post_hoc_second_order_diagnostic,v1.2
User07,humidity,E,1,0,primary,r_pooled,0.016810154680821834,-0.06420851927957133,0.0876642886702899,includes_zero,0,85,2000,0,0.95,post_hoc_second_order_diagnostic,v1.2
User07,humidity,E,1,0,primary,r_within,-0.04554125739346803,-0.13732139004467261,0.030249905515222268,includes_zero,0,85,2000,0,0.95,post_hoc_second_order_diagnostic,v1.2
User07,humidity,E,1,0,primary,r_within_mat,-0.04554125739346803,-0.13732139004467261,0.030249905515222268,includes_zero,0,85,2000,0,0.95,post_hoc_second_order_diagnostic,v1.2
User07,temperature,E,1,1,sensitivity,r_pooled,0.08396790844227464,0.03516595341080481,0.1254099031062855,above_zero,0,85,2000,0,0.95,post_hoc_second_order_diagnostic,v1.2
User07,temperature,E,1,1,sensitivity,r_within,0.0010439754770920834,-0.030974736768085265,0.03251083219798096,includes_zero,0,85,2000,0,0.95,post_hoc_second_order_diagnostic,v1.2
User07,temperature,E,1,1,sensitivity,r_within_mat,0.0010439754770920834,-0.030974736768085265,0.03251083219798096,includes_zero,0,85,2000,0,0.95,post_hoc_second_order_diagnostic,v1.2
User07,humidity,E,1,1,sensitivity,r_pooled,0.03192902782283804,-0.03095150421419579,0.08850618748303156,includes_zero,0,85,2000,0,0.95,post_hoc_second_order_diagnostic,v1.2
User07,humidity,E,1,1,sensitivity,r_within,-0.019106166441782087,-0.08720274660560985,0.03936709406484018,includes_zero,0,85,2000,0,0.95,post_hoc_second_order_diagnostic,v1.2
User07,humidity,E,1,1,sensitivity,r_within_mat,-0.019106166441782087,-0.08720274660560985,0.03936709406484018,includes_zero,0,85,2000,0,0.95,post_hoc_second_order_diagnostic,v1.2
User07,temperature,E,1,2,sensitivity,r_pooled,0.07702560930973057,-0.0038510458967731943,0.1388155031834758,includes_zero,0,85,2000,0,0.95,post_hoc_second_order_diagnostic,v1.2
User07,temperature,E,1,2,sensitivity,r_within,-0.003607469743140754,-0.040367669541081716,0.03202457366005978,includes_zero,0,85,2000,0,0.95,post_hoc_second_order_diagnostic,v1.2
User07,temperature,E,1,2,sensitivity,r_within_mat,-0.003607469743140754,-0.040367669541081716,0.03202457366005978,includes_zero,0,85,2000,0,0.95,post_hoc_second_order_diagnostic,v1.2
User07,humidity,E,1,2,sensitivity,r_pooled,-0.02263279368300526,-0.11233038406197998,0.05962519795993923,includes_zero,0,85,2000,0,0.95,post_hoc_second_order_diagnostic,v1.2
User07,humidity,E,1,2,sensitivity,r_within,-0.05791124002963237,-0.1542944668105112,0.024612448015330062,includes_zero,0,85,2000,0,0.95,post_hoc_second_order_diagnostic,v1.2
User07,humidity,E,1,2,sensitivity,r_within_mat,-0.05791124002963237,-0.1542944668105112,0.024612448015330062,includes_zero,0,85,2000,0,0.95,post_hoc_second_order_diagnostic,v1.2
User07,temperature,E,3,0,primary,r_pooled,0.0072184424390665525,-0.04887838974942767,0.059508021831288546,includes_zero,0,85,2000,0,0.95,post_hoc_second_order_diagnostic,v1.2
User07,temperature,E,3,0,primary,r_within,-0.0018937888916861884,-0.04022998820865798,0.039069613112867274,includes_zero,0,85,2000,0,0.95,post_hoc_second_order_diagnostic,v1.2
User07,temperature,E,3,0,primary,r_within_mat,-0.0018937888916861884,-0.04022998820865798,0.039069613112867274,includes_zero,0,85,2000,0,0.95,post_hoc_second_order_diagnostic,v1.2
User07,humidity,E,3,0,primary,r_pooled,0.046305166716469955,-0.023453877950776254,0.1138927097746951,includes_zero,0,85,2000,0,0.95,post_hoc_second_order_diagnostic,v1.2
User07,humidity,E,3,0,primary,r_within,0.02993375942608157,-0.03117161949305476,0.09018164254999264,includes_zero,0,85,2000,0,0.95,post_hoc_second_order_diagnostic,v1.2
User07,humidity,E,3,0,primary,r_within_mat,0.02993375942608157,-0.03117161949305476,0.09018164254999264,includes_zero,0,85,2000,0,0.95,post_hoc_second_order_diagnostic,v1.2
User07,temperature,E,3,1,sensitivity,r_pooled,0.010115949953185249,-0.026461609166134076,0.046961159666256296,includes_zero,0,85,2000,0,0.95,post_hoc_second_order_diagnostic,v1.2
User07,temperature,E,3,1,sensitivity,r_within,0.013393108569749648,-0.02092131632237584,0.04507007744935546,includes_zero,0,85,2000,0,0.95,post_hoc_second_order_diagnostic,v1.2
User07,temperature,E,3,1,sensitivity,r_within_mat,0.013393108569749648,-0.02092131632237584,0.04507007744935546,includes_zero,0,85,2000,0,0.95,post_hoc_second_order_diagnostic,v1.2
User07,humidity,E,3,1,sensitivity,r_pooled,0.020342989188450542,-0.036700806470906185,0.07378735296853979,includes_zero,0,85,2000,0,0.95,post_hoc_second_order_diagnostic,v1.2
User07,humidity,E,3,1,sensitivity,r_within,0.005056626233768479,-0.043096671702879945,0.051151594586504576,includes_zero,0,85,2000,0,0.95,post_hoc_second_order_diagnostic,v1.2
User07,humidity,E,3,1,sensitivity,r_within_mat,0.005056626233768479,-0.043096671702879945,0.051151594586504576,includes_zero,0,85,2000,0,0.95,post_hoc_second_order_diagnostic,v1.2
User07,temperature,E,3,2,sensitivity,r_pooled,0.005247550006488341,-0.0471013366044465,0.052535611589927526,includes_zero,0,85,2000,0,0.95,post_hoc_second_order_diagnostic,v1.2
User07,temperature,E,3,2,sensitivity,r_within,0.02107698444211289,-0.013872229387036005,0.05454918903869099,includes_zero,0,85,2000,0,0.95,post_hoc_second_order_diagnostic,v1.2
User07,temperature,E,3,2,sensitivity,r_within_mat,0.02107698444211289,-0.013872229387036005,0.05454918903869099,includes_zero,0,85,2000,0,0.95,post_hoc_second_order_diagnostic,v1.2
User07,humidity,E,3,2,sensitivity,r_pooled,-0.010549196678010474,-0.09953907511551338,0.07357087583709185,includes_zero,0,85,2000,0,0.95,post_hoc_second_order_diagnostic,v1.2
User07,humidity,E,3,2,sensitivity,r_within,-0.013292690218715408,-0.09981369059426506,0.06794654116539399,includes_zero,0,85,2000,0,0.95,post_hoc_second_order_diagnostic,v1.2
User07,humidity,E,3,2,sensitivity,r_within_mat,-0.013292690218715408,-0.09981369059426506,0.06794654116539399,includes_zero,0,85,2000,0,0.95,post_hoc_second_order_diagnostic,v1.2
User07,temperature,E,7,0,primary,r_pooled,-0.08268226093912791,-0.12709942996420026,-0.03231747413784964,below_zero,0,85,2000,0,0.95,post_hoc_second_order_diagnostic,v1.2
User07,temperature,E,7,0,primary,r_within,0.03196401619382999,-0.01382903966198938,0.08053840891890701,includes_zero,0,85,2000,0,0.95,post_hoc_second_order_diagnostic,v1.2
User07,temperature,E,7,0,primary,r_within_mat,0.03196401619382999,-0.01382903966198938,0.08053840891890701,includes_zero,0,85,2000,0,0.95,post_hoc_second_order_diagnostic,v1.2
User07,humidity,E,7,0,primary,r_pooled,0.03872827290905722,-0.03315400106200084,0.11104551482537875,includes_zero,0,85,2000,0,0.95,post_hoc_second_order_diagnostic,v1.2
User07,humidity,E,7,0,primary,r_within,0.01765136405226631,-0.04964818957408932,0.08181546504301289,includes_zero,0,85,2000,0,0.95,post_hoc_second_order_diagnostic,v1.2
User07,humidity,E,7,0,primary,r_within_mat,0.01765136405226631,-0.04964818957408932,0.08181546504301289,includes_zero,0,85,2000,0,0.95,post_hoc_second_order_diagnostic,v1.2
User07,temperature,E,7,1,sensitivity,r_pooled,-0.0663420083418405,-0.1132598035439988,-0.015838631395038532,below_zero,0,85,2000,0,0.95,post_hoc_second_order_diagnostic,v1.2
User07,temperature,E,7,1,sensitivity,r_within,0.04189892212076423,-0.001956914241981328,0.08465045372099614,includes_zero,0,85,2000,0,0.95,post_hoc_second_order_diagnostic,v1.2
User07,temperature,E,7,1,sensitivity,r_within_mat,0.04189892212076423,-0.001956914241981328,0.08465045372099614,includes_zero,0,85,2000,0,0.95,post_hoc_second_order_diagnostic,v1.2
User07,humidity,E,7,1,sensitivity,r_pooled,0.03339940853567661,-0.03334953393065571,0.09890261007153264,includes_zero,0,85,2000,0,0.95,post_hoc_second_order_diagnostic,v1.2
User07,humidity,E,7,1,sensitivity,r_within,0.011836684467418498,-0.048359493664623124,0.06975601827150957,includes_zero,0,85,2000,0,0.95,post_hoc_second_order_diagnostic,v1.2
User07,humidity,E,7,1,sensitivity,r_within_mat,0.011836684467418498,-0.048359493664623124,0.06975601827150957,includes_zero,0,85,2000,0,0.95,post_hoc_second_order_diagnostic,v1.2
User07,temperature,E,7,2,sensitivity,r_pooled,-0.05708573404568861,-0.09860182071977301,-0.011020354876037867,below_zero,0,85,2000,0,0.95,post_hoc_second_order_diagnostic,v1.2
User07,temperature,E,7,2,sensitivity,r_within,0.04228194005725084,0.0020507461763282606,0.08329596565066476,above_zero,0,85,2000,0,0.95,post_hoc_second_order_diagnostic,v1.2
User07,temperature,E,7,2,sensitivity,r_within_mat,0.04228194005725084,0.0020507461763282606,0.08329596565066476,above_zero,0,85,2000,0,0.95,post_hoc_second_order_diagnostic,v1.2
User07,humidity,E,7,2,sensitivity,r_pooled,0.008681903746968015,-0.08544517845226528,0.09679778082833322,includes_zero,0,85,2000,0,0.95,post_hoc_second_order_diagnostic,v1.2
User07,humidity,E,7,2,sensitivity,r_within,-0.006064667387132594,-0.09580268647965284,0.07444120761535808,includes_zero,0,85,2000,0,0.95,post_hoc_second_order_diagnostic,v1.2
User07,humidity,E,7,2,sensitivity,r_within_mat,-0.006064667387132594,-0.09580268647965284,0.07444120761535808,includes_zero,0,85,2000,0,0.95,post_hoc_second_order_diagnostic,v1.2
User07,temperature,E,14,0,primary,r_pooled,-0.1301052058181109,-0.1751723440852769,-0.0821610582796071,below_zero,0,85,2000,0,0.95,post_hoc_second_order_diagnostic,v1.2
User07,temperature,E,14,0,primary,r_within,0.029940644864896296,-0.013218535151440891,0.07350623345370076,includes_zero,0,85,2000,0,0.95,post_hoc_second_order_diagnostic,v1.2
User07,temperature,E,14,0,primary,r_within_mat,0.029940644864896296,-0.013218535151440891,0.07350623345370076,includes_zero,0,85,2000,0,0.95,post_hoc_second_order_diagnostic,v1.2
User07,humidity,E,14,0,primary,r_pooled,0.09377712727982306,0.028764837617081124,0.15875343600281827,above_zero,0,85,2000,0,0.95,post_hoc_second_order_diagnostic,v1.2
User07,humidity,E,14,0,primary,r_within,0.059068808704209705,-0.00204019680005495,0.12011918004295694,includes_zero,0,85,2000,0,0.95,post_hoc_second_order_diagnostic,v1.2
User07,humidity,E,14,0,primary,r_within_mat,0.059068808704209705,-0.00204019680005495,0.12011918004295694,includes_zero,0,85,2000,0,0.95,post_hoc_second_order_diagnostic,v1.2
User07,temperature,E,14,1,sensitivity,r_pooled,-0.11113634647897978,-0.15863138148884992,-0.060569504899478044,below_zero,0,85,2000,0,0.95,post_hoc_second_order_diagnostic,v1.2
User07,temperature,E,14,1,sensitivity,r_within,0.039911037642101035,0.00039930785544099913,0.07623801941104202,above_zero,0,85,2000,0,0.95,post_hoc_second_order_diagnostic,v1.2
User07,temperature,E,14,1,sensitivity,r_within_mat,0.039911037642101035,0.00039930785544099913,0.07623801941104202,above_zero,0,85,2000,0,0.95,post_hoc_second_order_diagnostic,v1.2
User07,humidity,E,14,1,sensitivity,r_pooled,0.09753515734526687,0.04177081083337183,0.15225316704324154,above_zero,0,85,2000,0,0.95,post_hoc_second_order_diagnostic,v1.2
User07,humidity,E,14,1,sensitivity,r_within,0.04426639222207631,-0.008062562697450761,0.09172901362453591,includes_zero,0,85,2000,0,0.95,post_hoc_second_order_diagnostic,v1.2
User07,humidity,E,14,1,sensitivity,r_within_mat,0.04426639222207631,-0.008062562697450761,0.09172901362453591,includes_zero,0,85,2000,0,0.95,post_hoc_second_order_diagnostic,v1.2
User07,temperature,E,14,2,sensitivity,r_pooled,-0.10176007102193861,-0.15184264234786002,-0.04465025983573713,below_zero,0,85,2000,0,0.95,post_hoc_second_order_diagnostic,v1.2
User07,temperature,E,14,2,sensitivity,r_within,0.03868842643516017,0.0026125656201244434,0.07391019876517894,above_zero,0,85,2000,0,0.95,post_hoc_second_order_diagnostic,v1.2
User07,temperature,E,14,2,sensitivity,r_within_mat,0.03868842643516017,0.0026125656201244434,0.07391019876517894,above_zero,0,85,2000,0,0.95,post_hoc_second_order_diagnostic,v1.2
User07,humidity,E,14,2,sensitivity,r_pooled,0.08563412748209534,-0.0019534914001636005,0.16457390247936207,includes_zero,0,85,2000,0,0.95,post_hoc_second_order_diagnostic,v1.2
User07,humidity,E,14,2,sensitivity,r_within,0.03067818077516872,-0.04886084539304826,0.10221701615259805,includes_zero,0,85,2000,0,0.95,post_hoc_second_order_diagnostic,v1.2
User07,humidity,E,14,2,sensitivity,r_within_mat,0.03067818077516872,-0.04886084539304826,0.10221701615259805,includes_zero,0,85,2000,0,0.95,post_hoc_second_order_diagnostic,v1.2
User07,temperature,S,14,0,primary,r_pooled,-0.14542283407021167,-0.20472464834254894,-0.07009500244872549,below_zero,0,85,2000,0,0.95,post_hoc_second_order_diagnostic,v1.2
User07,temperature,S,14,0,primary,r_within,0.03130256299892519,-0.022208362739794228,0.08318985791830742,includes_zero,0,85,2000,0,0.95,post_hoc_second_order_diagnostic,v1.2
User07,temperature,S,14,0,primary,r_within_mat,0.03130256299892519,-0.022208362739794228,0.08318985791830742,includes_zero,0,85,2000,0,0.95,post_hoc_second_order_diagnostic,v1.2
User07,humidity,S,14,0,primary,r_pooled,0.07827040364937682,0.0049866668539927505,0.14922666170053664,above_zero,0,85,2000,0,0.95,post_hoc_second_order_diagnostic,v1.2
User07,humidity,S,14,0,primary,r_within,0.058059056350100495,-0.004087525585520902,0.1245451191276367,includes_zero,0,85,2000,0,0.95,post_hoc_second_order_diagnostic,v1.2
User07,humidity,S,14,0,primary,r_within_mat,0.058059056350100495,-0.004087525585520902,0.1245451191276367,includes_zero,0,85,2000,0,0.95,post_hoc_second_order_diagnostic,v1.2
User07,temperature,S,14,1,sensitivity,r_pooled,-0.15157793242648143,-0.20634038068826904,-0.07873808186802432,below_zero,0,85,2000,0,0.95,post_hoc_second_order_diagnostic,v1.2
User07,temperature,S,14,1,sensitivity,r_within,0.042552297463585596,-0.009124537357693079,0.09187819549019781,includes_zero,0,85,2000,0,0.95,post_hoc_second_order_diagnostic,v1.2
User07,temperature,S,14,1,sensitivity,r_within_mat,0.042552297463585596,-0.009124537357693079,0.09187819549019781,includes_zero,0,85,2000,0,0.95,post_hoc_second_order_diagnostic,v1.2
User07,humidity,S,14,1,sensitivity,r_pooled,0.08952324714000652,0.02818629152665621,0.14768372800058954,above_zero,0,85,2000,0,0.95,post_hoc_second_order_diagnostic,v1.2
User07,humidity,S,14,1,sensitivity,r_within,0.05421076621216843,-0.0004046742144636839,0.11050185900772647,includes_zero,0,85,2000,0,0.95,post_hoc_second_order_diagnostic,v1.2
User07,humidity,S,14,1,sensitivity,r_within_mat,0.05421076621216843,-0.0004046742144636839,0.11050185900772647,includes_zero,0,85,2000,0,0.95,post_hoc_second_order_diagnostic,v1.2
User07,temperature,S,14,2,sensitivity,r_pooled,-0.13704034125181264,-0.19318563161466257,-0.06430003309539883,below_zero,0,85,2000,0,0.95,post_hoc_second_order_diagnostic,v1.2
User07,temperature,S,14,2,sensitivity,r_within,0.0469152252970072,-0.003122438381109266,0.09545361200715433,includes_zero,0,85,2000,0,0.95,post_hoc_second_order_diagnostic,v1.2
User07,temperature,S,14,2,sensitivity,r_within_mat,0.0469152252970072,-0.003122438381109266,0.09545361200715433,includes_zero,0,85,2000,0,0.95,post_hoc_second_order_diagnostic,v1.2
User07,humidity,S,14,2,sensitivity,r_pooled,0.07855943408443473,0.0028650931639370835,0.152194088425395,above_zero,0,85,2000,0,0.95,post_hoc_second_order_diagnostic,v1.2
User07,humidity,S,14,2,sensitivity,r_within,0.06387163974632307,0.001527094615851504,0.12758743362972721,above_zero,0,85,2000,0,0.95,post_hoc_second_order_diagnostic,v1.2
User07,humidity,S,14,2,sensitivity,r_within_mat,0.06387163974632307,0.001527094615851504,0.12758743362972721,above_zero,0,85,2000,0,0.95,post_hoc_second_order_diagnostic,v1.2
User07,temperature,E-C,1,0,primary,delta_r_within,-0.013109064573587265,-0.03979197735431254,0.01490567453800002,includes_zero,0,85,2000,0,0.95,post_hoc_second_order_diagnostic,v1.2
User07,humidity,E-C,1,0,primary,delta_r_within,0.004943365780367269,-0.025109986041669963,0.03905043823971403,includes_zero,0,85,2000,0,0.95,post_hoc_second_order_diagnostic,v1.2
User07,temperature,E-C,1,1,sensitivity,delta_r_within,0.01502909244908303,-0.013621218282168293,0.043961372305276906,includes_zero,0,85,2000,0,0.95,post_hoc_second_order_diagnostic,v1.2
User07,humidity,E-C,1,1,sensitivity,delta_r_within,0.008431592135163035,-0.027630900847337804,0.051454061782870375,includes_zero,0,85,2000,0,0.95,post_hoc_second_order_diagnostic,v1.2
User07,temperature,E-C,1,2,sensitivity,delta_r_within,0.0133387390327441,-0.019893803699755016,0.04706821035349405,includes_zero,0,85,2000,0,0.95,post_hoc_second_order_diagnostic,v1.2
User07,humidity,E-C,1,2,sensitivity,delta_r_within,-0.014449137292319024,-0.059565105745670366,0.03570153459343306,includes_zero,0,85,2000,0,0.95,post_hoc_second_order_diagnostic,v1.2
User07,temperature,E-C,3,0,primary,delta_r_within,0.01351986943424867,-0.02200275251806768,0.049673483310919045,includes_zero,0,85,2000,0,0.95,post_hoc_second_order_diagnostic,v1.2
User07,humidity,E-C,3,0,primary,delta_r_within,0.08041838259991688,0.026548710867826425,0.12679289085116693,above_zero,0,85,2000,0,0.95,post_hoc_second_order_diagnostic,v1.2
User07,temperature,E-C,3,1,sensitivity,delta_r_within,0.027378225541740596,-0.01072687435062126,0.06534360735800789,includes_zero,0,85,2000,0,0.95,post_hoc_second_order_diagnostic,v1.2
User07,humidity,E-C,3,1,sensitivity,delta_r_within,0.032594384810713604,-0.008825766143283571,0.078800463923804,includes_zero,0,85,2000,0,0.95,post_hoc_second_order_diagnostic,v1.2
User07,temperature,E-C,3,2,sensitivity,delta_r_within,0.03802319321799774,-0.008165132484041783,0.08201661128374499,includes_zero,0,85,2000,0,0.95,post_hoc_second_order_diagnostic,v1.2
User07,humidity,E-C,3,2,sensitivity,delta_r_within,0.030169412518597935,-0.027405677299827166,0.09033616415701272,includes_zero,0,85,2000,0,0.95,post_hoc_second_order_diagnostic,v1.2
User07,temperature,E-C,7,0,primary,delta_r_within,0.04737767451976485,-0.011292649556348549,0.1033415087861127,includes_zero,0,85,2000,0,0.95,post_hoc_second_order_diagnostic,v1.2
User07,humidity,E-C,7,0,primary,delta_r_within,0.0681359872261016,0.020286369006443383,0.1091624767779687,above_zero,0,85,2000,0,0.95,post_hoc_second_order_diagnostic,v1.2
User07,temperature,E-C,7,1,sensitivity,delta_r_within,0.055884039092755175,0.001241791020445438,0.10706674252538283,above_zero,0,85,2000,0,0.95,post_hoc_second_order_diagnostic,v1.2
User07,humidity,E-C,7,1,sensitivity,delta_r_within,0.03937444304436362,-0.0031643273842071056,0.07911653877547277,includes_zero,0,85,2000,0,0.95,post_hoc_second_order_diagnostic,v1.2
User07,temperature,E-C,7,2,sensitivity,delta_r_within,0.059228148833135694,0.0042287552704917564,0.11368201965055488,above_zero,0,85,2000,0,0.95,post_hoc_second_order_diagnostic,v1.2
User07,humidity,E-C,7,2,sensitivity,delta_r_within,0.03739743535018075,-0.019458484487762422,0.0965151824612947,includes_zero,0,85,2000,0,0.95,post_hoc_second_order_diagnostic,v1.2
User07,temperature,E-C,14,0,primary,delta_r_within,0.045354303190831155,-0.01711375617397249,0.10408798509562907,includes_zero,0,85,2000,0,0.95,post_hoc_second_order_diagnostic,v1.2
User07,humidity,E-C,14,0,primary,delta_r_within,0.109553431878045,0.03494009061058428,0.1806893427379941,above_zero,0,85,2000,0,0.95,post_hoc_second_order_diagnostic,v1.2
User07,temperature,E-C,14,1,sensitivity,delta_r_within,0.05389615461409198,-0.0015568962561274798,0.10601471879427955,includes_zero,0,85,2000,0,0.95,post_hoc_second_order_diagnostic,v1.2
User07,humidity,E-C,14,1,sensitivity,delta_r_within,0.07180415079902143,0.002856640977281609,0.13839982395811912,above_zero,0,85,2000,0,0.95,post_hoc_second_order_diagnostic,v1.2
User07,temperature,E-C,14,2,sensitivity,delta_r_within,0.05563463521104502,-0.001141634981930799,0.10932920384351717,includes_zero,0,85,2000,0,0.95,post_hoc_second_order_diagnostic,v1.2
User07,humidity,E-C,14,2,sensitivity,delta_r_within,0.07414028351248206,0.01504432642611137,0.13686024887084616,above_zero,0,85,2000,0,0.95,post_hoc_second_order_diagnostic,v1.2
User07,temperature,S-E,14,0,primary,delta_r_within,0.0013619181340288958,-0.019446933160825346,0.022802522313532667,includes_zero,0,85,2000,0,0.95,post_hoc_second_order_diagnostic,v1.2
User07,humidity,S-E,14,0,primary,delta_r_within,-0.0010097523541092099,-0.02557610950044315,0.021403395763300744,includes_zero,0,85,2000,0,0.95,post_hoc_second_order_diagnostic,v1.2
User07,temperature,S-E,14,1,sensitivity,delta_r_within,0.002641259821484561,-0.026125303458052095,0.030576170980729712,includes_zero,0,85,2000,0,0.95,post_hoc_second_order_diagnostic,v1.2
User07,humidity,S-E,14,1,sensitivity,delta_r_within,0.009944373990092119,-0.0189347147542593,0.037336903461151906,includes_zero,0,85,2000,0,0.95,post_hoc_second_order_diagnostic,v1.2
User07,temperature,S-E,14,2,sensitivity,delta_r_within,0.008226798861847032,-0.020187169675049712,0.03511941708681638,includes_zero,0,85,2000,0,0.95,post_hoc_second_order_diagnostic,v1.2
User07,humidity,S-E,14,2,sensitivity,delta_r_within,0.033193458971154347,-0.015469034868557162,0.09270658300574046,includes_zero,0,85,2000,0,0.95,post_hoc_second_order_diagnostic,v1.2
