stratum_type,stratum,budget_nights,seed,target,metric,value,n_windows,n_nights,seed_sd
device,22480,0,0,temperature,mae,3.3824854364794104,36543,30,
device,22480,0,0,temperature,rmse,3.498472792915949,36543,30,
device,22480,0,0,temperature,bias,-3.3824854364794104,36543,30,
device,22480,0,0,humidity,mae,13.0641363043428,36543,30,
device,22480,0,0,humidity,rmse,14.850486964937604,36543,30,
device,22480,0,0,humidity,bias,-12.548295500952952,36543,30,
device,22480,0,1,temperature,mae,3.442865630672861,36543,30,
device,22480,0,1,temperature,rmse,3.56306007444656,36543,30,
device,22480,0,1,temperature,bias,-3.442865630672861,36543,30,
device,22480,0,1,humidity,mae,13.170406375799649,36543,30,
device,22480,0,1,humidity,rmse,14.95453108670251,36543,30,
device,22480,0,1,humidity,bias,-12.656369272803394,36543,30,
device,22480,0,2,temperature,mae,3.5302227294513875,36543,30,
device,22480,0,2,temperature,rmse,3.6430041109232465,36543,30,
device,22480,0,2,temperature,bias,-3.5302227294513875,36543,30,
device,22480,0,2,humidity,mae,13.96111552503289,36543,30,
device,22480,0,2,humidity,rmse,15.741798222297817,36543,30,
device,22480,0,2,humidity,bias,-13.523595105876014,36543,30,
device,22480,1,0,temperature,mae,2.749734826382594,36543,30,
device,22480,1,0,temperature,rmse,2.8778017563203773,36543,30,
device,22480,1,0,temperature,bias,-2.749734826382594,36543,30,
device,22480,1,0,humidity,mae,8.848167731277307,36543,30,
device,22480,1,0,humidity,rmse,10.360797725038468,36543,30,
device,22480,1,0,humidity,bias,-7.073150050872953,36543,30,
device,22480,1,1,temperature,mae,2.6693827261398804,36543,30,
device,22480,1,1,temperature,rmse,2.80942219291043,36543,30,
device,22480,1,1,temperature,bias,-2.6693762806612074,36543,30,
device,22480,1,1,humidity,mae,8.739884909077139,36543,30,
device,22480,1,1,humidity,rmse,10.251009422668666,36543,30,
device,22480,1,1,humidity,bias,-7.007839379596876,36543,30,
device,22480,1,2,temperature,mae,2.658421757281365,36543,30,
device,22480,1,2,temperature,rmse,2.8088104516860297,36543,30,
device,22480,1,2,temperature,bias,-2.6583623697444376,36543,30,
device,22480,1,2,humidity,mae,9.210112203421387,36543,30,
device,22480,1,2,humidity,rmse,10.891798125403188,36543,30,
device,22480,1,2,humidity,bias,-7.356914085213836,36543,30,
device,22480,3,0,temperature,mae,1.4883845012118881,36543,30,
device,22480,3,0,temperature,rmse,1.6983924038907565,36543,30,
device,22480,3,0,temperature,bias,-1.480505642045119,36543,30,
device,22480,3,0,humidity,mae,6.902974021993401,36543,30,
device,22480,3,0,humidity,rmse,9.18566952865012,36543,30,
device,22480,3,0,humidity,bias,5.292016674486426,36543,30,
device,22480,3,1,temperature,mae,1.2227870728410963,36543,30,
device,22480,3,1,temperature,rmse,1.4632243597897079,36543,30,
device,22480,3,1,temperature,bias,-1.1747154432655016,36543,30,
device,22480,3,1,humidity,mae,7.45442192525447,36543,30,
device,22480,3,1,humidity,rmse,9.738985816467988,36543,30,
device,22480,3,1,humidity,bias,5.8908986273370685,36543,30,
device,22480,3,2,temperature,mae,0.8204534300219829,36543,30,
device,22480,3,2,temperature,rmse,1.0953155618419095,36543,30,
device,22480,3,2,temperature,bias,-0.5145899890003551,36543,30,
device,22480,3,2,humidity,mae,12.021146706593544,36543,30,
device,22480,3,2,humidity,rmse,14.27291458748915,36543,30,
device,22480,3,2,humidity,bias,11.08156434348654,36543,30,
device,22480,7,0,temperature,mae,0.6578528388662889,36543,30,
device,22480,7,0,temperature,rmse,0.9158566749579897,36543,30,
device,22480,7,0,temperature,bias,-0.37239021036433856,36543,30,
device,22480,7,0,humidity,mae,18.444682401250585,36543,30,
device,22480,7,0,humidity,rmse,19.96496937425328,36543,30,
device,22480,7,0,humidity,bias,18.435963775599177,36543,30,
device,22480,7,1,temperature,mae,0.6505515297593983,36543,30,
device,22480,7,1,temperature,rmse,0.8848688396556275,36543,30,
device,22480,7,1,temperature,bias,-0.2807682008336948,36543,30,
device,22480,7,1,humidity,mae,18.543794341064824,36543,30,
device,22480,7,1,humidity,rmse,20.046636347623934,36543,30,
device,22480,7,1,humidity,bias,18.541365478395118,36543,30,
device,22480,7,2,temperature,mae,0.702858772590134,36543,30,
device,22480,7,2,temperature,rmse,0.9093110440435201,36543,30,
device,22480,7,2,temperature,bias,-0.19624696474405914,36543,30,
device,22480,7,2,humidity,mae,18.456618790568662,36543,30,
device,22480,7,2,humidity,rmse,20.288763621815047,36543,30,
device,22480,7,2,humidity,bias,18.42117039475617,36543,30,
device,22480,14,0,temperature,mae,0.6637079309536285,36543,30,
device,22480,14,0,temperature,rmse,0.8712387810139526,36543,30,
device,22480,14,0,temperature,bias,-0.008882830535247868,36543,30,
device,22480,14,0,humidity,mae,11.599602670254422,36543,30,
device,22480,14,0,humidity,rmse,13.734878674620303,36543,30,
device,22480,14,0,humidity,bias,11.547420853863663,36543,30,
device,22480,14,1,temperature,mae,0.6625675883700206,36543,30,
device,22480,14,1,temperature,rmse,0.8560852975770161,36543,30,
device,22480,14,1,temperature,bias,0.016744602578212385,36543,30,
device,22480,14,1,humidity,mae,12.153497834160447,36543,30,
device,22480,14,1,humidity,rmse,14.206935370326093,36543,30,
device,22480,14,1,humidity,bias,12.119082920372682,36543,30,
device,22480,14,2,temperature,mae,0.6865168516011334,36543,30,
device,22480,14,2,temperature,rmse,0.8756855304710796,36543,30,
device,22480,14,2,temperature,bias,0.06966265166301869,36543,30,
device,22480,14,2,humidity,mae,11.907203908007363,36543,30,
device,22480,14,2,humidity,rmse,14.092392045082677,36543,30,
device,22480,14,2,humidity,bias,11.818266125464309,36543,30,
device_x_heater,22480/after_AHON_60min,,,,,,0,0,
device_x_heater,22480/after_AHOF_60min,0,0,temperature,mae,3.2518930157709955,4530,23,
device_x_heater,22480/after_AHOF_60min,0,0,temperature,rmse,3.4046769054767902,4530,23,
device_x_heater,22480/after_AHOF_60min,0,0,temperature,bias,-3.2518930157709955,4530,23,
device_x_heater,22480/after_AHOF_60min,0,0,humidity,mae,14.943294329194694,4530,23,
device_x_heater,22480/after_AHOF_60min,0,0,humidity,rmse,16.459356876141104,4530,23,
device_x_heater,22480/after_AHOF_60min,0,0,humidity,bias,-14.338502022196655,4530,23,
device_x_heater,22480/after_AHOF_60min,0,1,temperature,mae,3.310256151602855,4530,23,
device_x_heater,22480/after_AHOF_60min,0,1,temperature,rmse,3.4659980835630915,4530,23,
device_x_heater,22480/after_AHOF_60min,0,1,temperature,bias,-3.310256151602855,4530,23,
device_x_heater,22480/after_AHOF_60min,0,1,humidity,mae,14.959095336728028,4530,23,
device_x_heater,22480/after_AHOF_60min,0,1,humidity,rmse,16.48252601026102,4530,23,
device_x_heater,22480/after_AHOF_60min,0,1,humidity,bias,-14.381847223996072,4530,23,
device_x_heater,22480/after_AHOF_60min,0,2,temperature,mae,3.3959501096232283,4530,23,
device_x_heater,22480/after_AHOF_60min,0,2,temperature,rmse,3.5471523104503286,4530,23,
device_x_heater,22480/after_AHOF_60min,0,2,temperature,bias,-3.3959501096232283,4530,23,
device_x_heater,22480/after_AHOF_60min,0,2,humidity,mae,15.705862538771456,4530,23,
device_x_heater,22480/after_AHOF_60min,0,2,humidity,rmse,17.273710504401226,4530,23,
device_x_heater,22480/after_AHOF_60min,0,2,humidity,bias,-15.215034914347056,4530,23,
device_x_heater,22480/after_AHOF_60min,1,0,temperature,mae,2.6193531473513514,4530,23,
device_x_heater,22480/after_AHOF_60min,1,0,temperature,rmse,2.783385363196843,4530,23,
device_x_heater,22480/after_AHOF_60min,1,0,temperature,bias,-2.6193531473513514,4530,23,
device_x_heater,22480/after_AHOF_60min,1,0,humidity,mae,10.195518142492281,4530,23,
device_x_heater,22480/after_AHOF_60min,1,0,humidity,rmse,11.568372019018309,4530,23,
device_x_heater,22480/after_AHOF_60min,1,0,humidity,bias,-8.572456667536395,4530,23,
device_x_heater,22480/after_AHOF_60min,1,1,temperature,mae,2.531393144239653,4530,23,
device_x_heater,22480/after_AHOF_60min,1,1,temperature,rmse,2.7149007603816986,4530,23,
device_x_heater,22480/after_AHOF_60min,1,1,temperature,bias,-2.5313411492888473,4530,23,
device_x_heater,22480/after_AHOF_60min,1,1,humidity,mae,9.829421618552622,4530,23,
device_x_heater,22480/after_AHOF_60min,1,1,humidity,rmse,11.122368607154803,4530,23,
device_x_heater,22480/after_AHOF_60min,1,1,humidity,bias,-8.283601260694933,4530,23,
device_x_heater,22480/after_AHOF_60min,1,2,temperature,mae,2.563351652624639,4530,23,
device_x_heater,22480/after_AHOF_60min,1,2,temperature,rmse,2.7509711562981547,4530,23,
device_x_heater,22480/after_AHOF_60min,1,2,temperature,bias,-2.5628725800502616,4530,23,
device_x_heater,22480/after_AHOF_60min,1,2,humidity,mae,10.52909909579627,4530,23,
device_x_heater,22480/after_AHOF_60min,1,2,humidity,rmse,12.086856560700305,4530,23,
device_x_heater,22480/after_AHOF_60min,1,2,humidity,bias,-8.973084795416732,4530,23,
device_x_heater,22480/after_AHOF_60min,3,0,temperature,mae,1.335886755695667,4530,23,
device_x_heater,22480/after_AHOF_60min,3,0,temperature,rmse,1.6002394921949434,4530,23,
device_x_heater,22480/after_AHOF_60min,3,0,temperature,bias,-1.3167625225149597,4530,23,
device_x_heater,22480/after_AHOF_60min,3,0,humidity,mae,6.03816737051196,4530,23,
device_x_heater,22480/after_AHOF_60min,3,0,humidity,rmse,8.49344002520532,4530,23,
device_x_heater,22480/after_AHOF_60min,3,0,humidity,bias,4.09690464901732,4530,23,
device_x_heater,22480/after_AHOF_60min,3,1,temperature,mae,1.1107698916068134,4530,23,
device_x_heater,22480/after_AHOF_60min,3,1,temperature,rmse,1.3992099110870402,4530,23,
device_x_heater,22480/after_AHOF_60min,3,1,temperature,bias,-1.0196459413335122,4530,23,
device_x_heater,22480/after_AHOF_60min,3,1,humidity,mae,6.611899094464219,4530,23,
device_x_heater,22480/after_AHOF_60min,3,1,humidity,rmse,8.993221118716482,4530,23,
device_x_heater,22480/after_AHOF_60min,3,1,humidity,bias,4.661227558198635,4530,23,
device_x_heater,22480/after_AHOF_60min,3,2,temperature,mae,0.8256721677379095,4530,23,
device_x_heater,22480/after_AHOF_60min,3,2,temperature,rmse,1.1179903188582203,4530,23,
device_x_heater,22480/after_AHOF_60min,3,2,temperature,bias,-0.42323092117259575,4530,23,
device_x_heater,22480/after_AHOF_60min,3,2,humidity,mae,10.606423247576712,4530,23,
device_x_heater,22480/after_AHOF_60min,3,2,humidity,rmse,12.98732501187587,4530,23,
device_x_heater,22480/after_AHOF_60min,3,2,humidity,bias,9.271672821120772,4530,23,
device_x_heater,22480/after_AHOF_60min,7,0,temperature,mae,0.6443228143910499,4530,23,
device_x_heater,22480/after_AHOF_60min,7,0,temperature,rmse,0.9298801449431303,4530,23,
device_x_heater,22480/after_AHOF_60min,7,0,temperature,bias,-0.19945745875150728,4530,23,
device_x_heater,22480/after_AHOF_60min,7,0,humidity,mae,17.29444049324841,4530,23,
device_x_heater,22480/after_AHOF_60min,7,0,humidity,rmse,18.88928123482001,4530,23,
device_x_heater,22480/after_AHOF_60min,7,0,humidity,bias,17.29444049324841,4530,23,
device_x_heater,22480/after_AHOF_60min,7,1,temperature,mae,0.6652537092677496,4530,23,
device_x_heater,22480/after_AHOF_60min,7,1,temperature,rmse,0.9342115044380053,4530,23,
device_x_heater,22480/after_AHOF_60min,7,1,temperature,bias,-0.11772475734573859,4530,23,
device_x_heater,22480/after_AHOF_60min,7,1,humidity,mae,17.312201235327016,4530,23,
device_x_heater,22480/after_AHOF_60min,7,1,humidity,rmse,18.917929367366867,4530,23,
device_x_heater,22480/after_AHOF_60min,7,1,humidity,bias,17.30695657835974,4530,23,
device_x_heater,22480/after_AHOF_60min,7,2,temperature,mae,0.7176933669970159,4530,23,
device_x_heater,22480/after_AHOF_60min,7,2,temperature,rmse,0.9722731875555409,4530,23,
device_x_heater,22480/after_AHOF_60min,7,2,temperature,bias,-0.08779269003017064,4530,23,
device_x_heater,22480/after_AHOF_60min,7,2,humidity,mae,16.755326497303912,4530,23,
device_x_heater,22480/after_AHOF_60min,7,2,humidity,rmse,18.811197041430137,4530,23,
device_x_heater,22480/after_AHOF_60min,7,2,humidity,bias,16.664379444640947,4530,23,
device_x_heater,22480/after_AHOF_60min,14,0,temperature,mae,0.6816756628801622,4530,23,
device_x_heater,22480/after_AHOF_60min,14,0,temperature,rmse,0.9590949676332021,4530,23,
device_x_heater,22480/after_AHOF_60min,14,0,temperature,bias,0.16857631171689438,4530,23,
device_x_heater,22480/after_AHOF_60min,14,0,humidity,mae,10.512868027636022,4530,23,
device_x_heater,22480/after_AHOF_60min,14,0,humidity,rmse,12.81136508059821,4530,23,
device_x_heater,22480/after_AHOF_60min,14,0,humidity,bias,10.471647490779706,4530,23,
device_x_heater,22480/after_AHOF_60min,14,1,temperature,mae,0.7001401542157903,4530,23,
device_x_heater,22480/after_AHOF_60min,14,1,temperature,rmse,0.95282702346607,4530,23,
device_x_heater,22480/after_AHOF_60min,14,1,temperature,bias,0.1824387627024473,4530,23,
device_x_heater,22480/after_AHOF_60min,14,1,humidity,mae,11.027938290008606,4530,23,
device_x_heater,22480/after_AHOF_60min,14,1,humidity,rmse,13.284650454294955,4530,23,
device_x_heater,22480/after_AHOF_60min,14,1,humidity,bias,10.96778480122083,4530,23,
device_x_heater,22480/after_AHOF_60min,14,2,temperature,mae,0.7308918479516263,4530,23,
device_x_heater,22480/after_AHOF_60min,14,2,temperature,rmse,0.984288537817534,4530,23,
device_x_heater,22480/after_AHOF_60min,14,2,temperature,bias,0.22340840785345237,4530,23,
device_x_heater,22480/after_AHOF_60min,14,2,humidity,mae,10.741955826628882,4530,23,
device_x_heater,22480/after_AHOF_60min,14,2,humidity,rmse,13.099646259606423,4530,23,
device_x_heater,22480/after_AHOF_60min,14,2,humidity,bias,10.546216644802401,4530,23,
device_x_heater,22480/no_AHON_AHOF_60min,0,0,temperature,mae,3.4009649187462747,32013,30,
device_x_heater,22480/no_AHON_AHOF_60min,0,0,temperature,rmse,3.511543043574543,32013,30,
device_x_heater,22480/no_AHON_AHOF_60min,0,0,temperature,bias,-3.4009649187462747,32013,30,
device_x_heater,22480/no_AHON_AHOF_60min,0,0,humidity,mae,12.798226022501701,32013,30,
device_x_heater,22480/no_AHON_AHOF_60min,0,0,humidity,rmse,14.608520292972576,32013,30,
device_x_heater,22480/no_AHON_AHOF_60min,0,0,humidity,bias,-12.294972302838625,32013,30,
device_x_heater,22480/no_AHON_AHOF_60min,0,1,temperature,mae,3.46163053681059,32013,30,
device_x_heater,22480/no_AHON_AHOF_60min,0,1,temperature,rmse,3.576582098773244,32013,30,
device_x_heater,22480/no_AHON_AHOF_60min,0,1,temperature,bias,-3.46163053681059,32013,30,
device_x_heater,22480/no_AHON_AHOF_60min,0,1,humidity,mae,12.917297920078363,32013,30,
device_x_heater,22480/no_AHON_AHOF_60min,0,1,humidity,rmse,14.725512309757548,32013,30,
device_x_heater,22480/no_AHON_AHOF_60min,0,1,humidity,bias,-12.412205491873685,32013,30,
device_x_heater,22480/no_AHON_AHOF_60min,0,2,temperature,mae,3.5492229783446976,32013,30,
device_x_heater,22480/no_AHON_AHOF_60min,0,2,temperature,rmse,3.6563646854611775,32013,30,
device_x_heater,22480/no_AHON_AHOF_60min,0,2,temperature,bias,-3.5492229783446976,32013,30,
device_x_heater,22480/no_AHON_AHOF_60min,0,2,humidity,mae,13.71422507514579,32013,30,
device_x_heater,22480/no_AHON_AHOF_60min,0,2,humidity,rmse,15.512811851512588,32013,30,
device_x_heater,22480/no_AHON_AHOF_60min,0,2,humidity,bias,-13.284247892794648,32013,30,
device_x_heater,22480/no_AHON_AHOF_60min,1,0,temperature,mae,2.7681844876455663,32013,30,
device_x_heater,22480/no_AHON_AHOF_60min,1,0,temperature,rmse,2.8909131141212225,32013,30,
device_x_heater,22480/no_AHON_AHOF_60min,1,0,temperature,bias,-2.7681844876455663,32013,30,
device_x_heater,22480/no_AHON_AHOF_60min,1,0,humidity,mae,8.657510893030224,32013,30,
device_x_heater,22480/no_AHON_AHOF_60min,1,0,humidity,rmse,10.178355508005295,32013,30,
device_x_heater,22480/no_AHON_AHOF_60min,1,0,humidity,bias,-6.86099064770907,32013,30,
device_x_heater,22480/no_AHON_AHOF_60min,1,1,temperature,mae,2.688908943801706,32013,30,
device_x_heater,22480/no_AHON_AHOF_60min,1,1,temperature,rmse,2.8225418145756542,32013,30,
device_x_heater,22480/no_AHON_AHOF_60min,1,1,temperature,bias,-2.688908943801706,32013,30,
device_x_heater,22480/no_AHON_AHOF_60min,1,1,humidity,mae,8.585710002197935,32013,30,
device_x_heater,22480/no_AHON_AHOF_60min,1,1,humidity,rmse,10.121651074912918,32013,30,
device_x_heater,22480/no_AHON_AHOF_60min,1,1,humidity,bias,-6.827312677276749,32013,30,
device_x_heater,22480/no_AHON_AHOF_60min,1,2,temperature,mae,2.671874653732649,32013,30,
device_x_heater,22480/no_AHON_AHOF_60min,1,2,temperature,rmse,2.8168990868712185,32013,30,
device_x_heater,22480/no_AHON_AHOF_60min,1,2,temperature,bias,-2.671874653732649,32013,30,
device_x_heater,22480/no_AHON_AHOF_60min,1,2,humidity,mae,9.023468945293184,32013,30,
device_x_heater,22480/no_AHON_AHOF_60min,1,2,humidity,rmse,10.711928890658676,32013,30,
device_x_heater,22480/no_AHON_AHOF_60min,1,2,humidity,bias,-7.128217826905673,32013,30,
device_x_heater,22480/no_AHON_AHOF_60min,3,0,temperature,mae,1.5099636967633354,32013,30,
device_x_heater,22480/no_AHON_AHOF_60min,3,0,temperature,rmse,1.7118270595660716,32013,30,
device_x_heater,22480/no_AHON_AHOF_60min,3,0,temperature,bias,-1.5036761143992132,32013,30,
device_x_heater,22480/no_AHON_AHOF_60min,3,0,humidity,mae,7.025348498962475,32013,30,
device_x_heater,22480/no_AHON_AHOF_60min,3,0,humidity,rmse,9.279453821190426,32013,30,
device_x_heater,22480/no_AHON_AHOF_60min,3,0,humidity,bias,5.461131017889889,32013,30,
device_x_heater,22480/no_AHON_AHOF_60min,3,1,temperature,mae,1.238638065593769,32013,30,
device_x_heater,22480/no_AHON_AHOF_60min,3,1,temperature,rmse,1.4720579141925823,32013,30,
device_x_heater,22480/no_AHON_AHOF_60min,3,1,temperature,bias,-1.1966585552435076,32013,30,
device_x_heater,22480/no_AHON_AHOF_60min,3,1,humidity,mae,7.573643129873839,32013,30,
device_x_heater,22480/no_AHON_AHOF_60min,3,1,humidity,rmse,9.83995142824907,32013,30,
device_x_heater,22480/no_AHON_AHOF_60min,3,1,humidity,bias,6.064903248684556,32013,30,
device_x_heater,22480/no_AHON_AHOF_60min,3,2,temperature,mae,0.8197149524705775,32013,30,
device_x_heater,22480/no_AHON_AHOF_60min,3,2,temperature,rmse,1.0920689469598563,32013,30,
device_x_heater,22480/no_AHON_AHOF_60min,3,2,temperature,bias,-0.5275177551347302,32013,30,
device_x_heater,22480/no_AHON_AHOF_60min,3,2,humidity,mae,12.22133716888531,32013,30,
device_x_heater,22480/no_AHON_AHOF_60min,3,2,humidity,rmse,14.445594550769634,32013,30,
device_x_heater,22480/no_AHON_AHOF_60min,3,2,humidity,bias,11.33767306795213,32013,30,
device_x_heater,22480/no_AHON_AHOF_60min,7,0,temperature,mae,0.6597674051635065,32013,30,
device_x_heater,22480/no_AHON_AHOF_60min,7,0,temperature,rmse,0.9138549036677905,32013,30,
device_x_heater,22480/no_AHON_AHOF_60min,7,0,temperature,bias,-0.39686106173116226,32013,30,
device_x_heater,22480/no_AHON_AHOF_60min,7,0,humidity,mae,18.607447398072182,32013,30,
device_x_heater,22480/no_AHON_AHOF_60min,7,0,humidity,rmse,20.1125386801229,32013,30,
device_x_heater,22480/no_AHON_AHOF_60min,7,0,humidity,bias,18.597495043179507,32013,30,
device_x_heater,22480/no_AHON_AHOF_60min,7,1,temperature,mae,0.6484710976482925,32013,30,
device_x_heater,22480/no_AHON_AHOF_60min,7,1,temperature,rmse,0.8776625877560924,32013,30,
device_x_heater,22480/no_AHON_AHOF_60min,7,1,temperature,bias,-0.3038396655199298,32013,30,
device_x_heater,22480/no_AHON_AHOF_60min,7,1,humidity,mae,18.718070940227427,32013,30,
device_x_heater,22480/no_AHON_AHOF_60min,7,1,humidity,rmse,20.201261335323924,32013,30,
device_x_heater,22480/no_AHON_AHOF_60min,7,1,humidity,bias,18.71604052656806,32013,30,
device_x_heater,22480/no_AHON_AHOF_60min,7,2,temperature,mae,0.7007596031070122,32013,30,
device_x_heater,22480/no_AHON_AHOF_60min,7,2,temperature,rmse,0.9000459306632308,32013,30,
device_x_heater,22480/no_AHON_AHOF_60min,7,2,temperature,bias,-0.21159378836114956,32013,30,
device_x_heater,22480/no_AHON_AHOF_60min,7,2,humidity,mae,18.697360179644647,32013,30,
device_x_heater,22480/no_AHON_AHOF_60min,7,2,humidity,rmse,20.489242774380404,32013,30,
device_x_heater,22480/no_AHON_AHOF_60min,7,2,humidity,bias,18.669765122023904,32013,30,
device_x_heater,22480/no_AHON_AHOF_60min,14,0,temperature,mae,0.6611654068032147,32013,30,
device_x_heater,22480/no_AHON_AHOF_60min,14,0,temperature,rmse,0.8580804962451154,32013,30,
device_x_heater,22480/no_AHON_AHOF_60min,14,0,temperature,bias,-0.033994188870992884,32013,30,
device_x_heater,22480/no_AHON_AHOF_60min,14,0,humidity,mae,11.75338107062494,32013,30,
device_x_heater,22480/no_AHON_AHOF_60min,14,0,humidity,rmse,13.86059173416351,32013,30,
device_x_heater,22480/no_AHON_AHOF_60min,14,0,humidity,bias,11.699648178224711,32013,30,
device_x_heater,22480/no_AHON_AHOF_60min,14,1,temperature,mae,0.6572508819294703,32013,30,
device_x_heater,22480/no_AHON_AHOF_60min,14,1,temperature,rmse,0.8414980935358617,32013,30,
device_x_heater,22480/no_AHON_AHOF_60min,14,1,temperature,bias,-0.0067019518016578185,32013,30,
device_x_heater,22480/no_AHON_AHOF_60min,14,1,humidity,mae,12.312770152750014,32013,30,
device_x_heater,22480/no_AHON_AHOF_60min,14,1,humidity,rmse,14.332650935477666,32013,30,
device_x_heater,22480/no_AHON_AHOF_60min,14,1,humidity,bias,12.281997376367368,32013,30,
device_x_heater,22480/no_AHON_AHOF_60min,14,2,temperature,mae,0.6802375671395793,32013,30,
device_x_heater,22480/no_AHON_AHOF_60min,14,2,temperature,rmse,0.8592096999774039,32013,30,
device_x_heater,22480/no_AHON_AHOF_60min,14,2,temperature,bias,0.04790685634415872,32013,30,
device_x_heater,22480/no_AHON_AHOF_60min,14,2,humidity,mae,12.072092353596483,32013,30,
device_x_heater,22480/no_AHON_AHOF_60min,14,2,humidity,rmse,14.227276986997008,32013,30,
device_x_heater,22480/no_AHON_AHOF_60min,14,2,humidity,bias,11.998267504510272,32013,30,
device,22482,0,0,temperature,mae,5.978908397336955,59296,35,
device,22482,0,0,temperature,rmse,6.184487073249959,59296,35,
device,22482,0,0,temperature,bias,-5.978908397336955,59296,35,
device,22482,0,0,humidity,mae,27.048282905084125,59296,35,
device,22482,0,0,humidity,rmse,30.759174097171226,59296,35,
device,22482,0,0,humidity,bias,-26.277008982667002,59296,35,
device,22482,0,1,temperature,mae,6.070173237457007,59296,35,
device,22482,0,1,temperature,rmse,6.266137753419369,59296,35,
device,22482,0,1,temperature,bias,-6.070173237457007,59296,35,
device,22482,0,1,humidity,mae,26.916406823138566,59296,35,
device,22482,0,1,humidity,rmse,30.67408920777169,59296,35,
device,22482,0,1,humidity,bias,-26.16555534052484,59296,35,
device,22482,0,2,temperature,mae,6.106041206215337,59296,35,
device,22482,0,2,temperature,rmse,6.306453675082529,59296,35,
device,22482,0,2,temperature,bias,-6.106041206215337,59296,35,
device,22482,0,2,humidity,mae,27.86166506443096,59296,35,
device,22482,0,2,humidity,rmse,31.62541010776397,59296,35,
device,22482,0,2,humidity,bias,-27.278861940283758,59296,35,
device,22482,1,0,temperature,mae,5.3324433476383195,59296,35,
device,22482,1,0,temperature,rmse,5.558866806984387,59296,35,
device,22482,1,0,temperature,bias,-5.3324433476383195,59296,35,
device,22482,1,0,humidity,mae,22.376149168197127,59296,35,
device,22482,1,0,humidity,rmse,25.69669056282251,59296,35,
device,22482,1,0,humidity,bias,-20.2185035841637,59296,35,
device,22482,1,1,temperature,mae,5.314621071888717,59296,35,
device,22482,1,1,temperature,rmse,5.548917266156572,59296,35,
device,22482,1,1,temperature,bias,-5.314621071888717,59296,35,
device,22482,1,1,humidity,mae,21.886720066535997,59296,35,
device,22482,1,1,humidity,rmse,25.15206167114058,59296,35,
device,22482,1,1,humidity,bias,-19.684799922893006,59296,35,
device,22482,1,2,temperature,mae,5.413220973382958,59296,35,
device,22482,1,2,temperature,rmse,5.640916361624099,59296,35,
device,22482,1,2,temperature,bias,-5.413220973382958,59296,35,
device,22482,1,2,humidity,mae,23.053791967676567,59296,35,
device,22482,1,2,humidity,rmse,26.530148593240074,59296,35,
device,22482,1,2,humidity,bias,-21.148770294672932,59296,35,
device,22482,3,0,temperature,mae,3.963253421067893,59296,35,
device,22482,3,0,temperature,rmse,4.266026736699343,59296,35,
device,22482,3,0,temperature,bias,-3.9630139045255928,59296,35,
device,22482,3,0,humidity,mae,15.185462604612228,59296,35,
device,22482,3,0,humidity,rmse,17.191207792172758,59296,35,
device,22482,3,0,humidity,bias,-7.188001367484319,59296,35,
device,22482,3,1,temperature,mae,3.8642383991975073,59296,35,
device,22482,3,1,temperature,rmse,4.182762105455892,59296,35,
device,22482,3,1,temperature,bias,-3.8638593476271037,59296,35,
device,22482,3,1,humidity,mae,15.513062768190942,59296,35,
device,22482,3,1,humidity,rmse,17.53620446417064,59296,35,
device,22482,3,1,humidity,bias,-7.619404628191384,59296,35,
device,22482,3,2,temperature,mae,3.371129983320283,59296,35,
device,22482,3,2,temperature,rmse,3.791474598585423,59296,35,
device,22482,3,2,temperature,bias,-3.3509959511676723,59296,35,
device,22482,3,2,humidity,mae,14.631076380087878,59296,35,
device,22482,3,2,humidity,rmse,17.118400554788984,59296,35,
device,22482,3,2,humidity,bias,-3.666005687711452,59296,35,
device,22482,7,0,temperature,mae,2.684598111234655,59296,35,
device,22482,7,0,temperature,rmse,3.064163239836927,59296,35,
device,22482,7,0,temperature,bias,-2.6483448067529403,59296,35,
device,22482,7,0,humidity,mae,12.780499202701188,59296,35,
device,22482,7,0,humidity,rmse,17.337802746330023,59296,35,
device,22482,7,0,humidity,bias,8.085473854559664,59296,35,
device,22482,7,1,temperature,mae,2.7908648112357306,59296,35,
device,22482,7,1,temperature,rmse,3.164438552258513,59296,35,
device,22482,7,1,temperature,bias,-2.7673373188626833,59296,35,
device,22482,7,1,humidity,mae,12.500142289754795,59296,35,
device,22482,7,1,humidity,rmse,16.84232972489657,59296,35,
device,22482,7,1,humidity,bias,6.737523111250762,59296,35,
device,22482,7,2,temperature,mae,2.776978622564927,59296,35,
device,22482,7,2,temperature,rmse,3.168175880086506,59296,35,
device,22482,7,2,temperature,bias,-2.7323515548453527,59296,35,
device,22482,7,2,humidity,mae,13.217285904097434,59296,35,
device,22482,7,2,humidity,rmse,17.311848425634306,59296,35,
device,22482,7,2,humidity,bias,6.301345357868984,59296,35,
device,22482,14,0,temperature,mae,2.0520266618595793,59296,35,
device,22482,14,0,temperature,rmse,2.453753511140632,59296,35,
device,22482,14,0,temperature,bias,-1.9232236839663566,59296,35,
device,22482,14,0,humidity,mae,12.368242246770635,59296,35,
device,22482,14,0,humidity,rmse,15.586340787430846,59296,35,
device,22482,14,0,humidity,bias,3.2305459518852553,59296,35,
device,22482,14,1,temperature,mae,2.0824850452572945,59296,35,
device,22482,14,1,temperature,rmse,2.493606167693744,59296,35,
device,22482,14,1,temperature,bias,-1.9722497091809505,59296,35,
device,22482,14,1,humidity,mae,12.556383084196403,59296,35,
device,22482,14,1,humidity,rmse,15.775536573677329,59296,35,
device,22482,14,1,humidity,bias,3.4151505048583606,59296,35,
device,22482,14,2,temperature,mae,2.142694051089623,59296,35,
device,22482,14,2,temperature,rmse,2.543295616874277,59296,35,
device,22482,14,2,temperature,bias,-2.028710700722867,59296,35,
device,22482,14,2,humidity,mae,12.42097999768719,59296,35,
device,22482,14,2,humidity,rmse,15.605797851799098,59296,35,
device,22482,14,2,humidity,bias,2.6708829586398224,59296,35,
device_x_heater,22482/after_AHON_60min,0,0,temperature,mae,5.9738679150907465,9,8,
device_x_heater,22482/after_AHON_60min,0,0,temperature,rmse,6.180777641005375,9,8,
device_x_heater,22482/after_AHON_60min,0,0,temperature,bias,-5.9738679150907465,9,8,
device_x_heater,22482/after_AHON_60min,0,0,humidity,mae,36.91594881449523,9,8,
device_x_heater,22482/after_AHON_60min,0,0,humidity,rmse,39.81599276631022,9,8,
device_x_heater,22482/after_AHON_60min,0,0,humidity,bias,-36.91594881449523,9,8,
device_x_heater,22482/after_AHON_60min,0,1,temperature,mae,6.132838558321082,9,8,
device_x_heater,22482/after_AHON_60min,0,1,temperature,rmse,6.31955141273122,9,8,
device_x_heater,22482/after_AHON_60min,0,1,temperature,bias,-6.132838558321082,9,8,
device_x_heater,22482/after_AHON_60min,0,1,humidity,mae,35.99669719083036,9,8,
device_x_heater,22482/after_AHON_60min,0,1,humidity,rmse,39.326348274182365,9,8,
device_x_heater,22482/after_AHON_60min,0,1,humidity,bias,-35.99669719083036,9,8,
device_x_heater,22482/after_AHON_60min,0,2,temperature,mae,6.124083501729949,9,8,
device_x_heater,22482/after_AHON_60min,0,2,temperature,rmse,6.3575712123398755,9,8,
device_x_heater,22482/after_AHON_60min,0,2,temperature,bias,-6.124083501729949,9,8,
device_x_heater,22482/after_AHON_60min,0,2,humidity,mae,38.10616540256078,9,8,
device_x_heater,22482/after_AHON_60min,0,2,humidity,rmse,40.93945420192973,9,8,
device_x_heater,22482/after_AHON_60min,0,2,humidity,bias,-38.10616540256078,9,8,
device_x_heater,22482/after_AHON_60min,1,0,temperature,mae,5.416297073231075,9,8,
device_x_heater,22482/after_AHON_60min,1,0,temperature,rmse,5.6375946615461885,9,8,
device_x_heater,22482/after_AHON_60min,1,0,temperature,bias,-5.416297073231075,9,8,
device_x_heater,22482/after_AHON_60min,1,0,humidity,mae,30.915007236584522,9,8,
device_x_heater,22482/after_AHON_60min,1,0,humidity,rmse,34.04894646253621,9,8,
device_x_heater,22482/after_AHON_60min,1,0,humidity,bias,-30.335232121231645,9,8,
device_x_heater,22482/after_AHON_60min,1,1,temperature,mae,5.280263635323042,9,8,
device_x_heater,22482/after_AHON_60min,1,1,temperature,rmse,5.513517714727087,9,8,
device_x_heater,22482/after_AHON_60min,1,1,temperature,bias,-5.280263635323042,9,8,
device_x_heater,22482/after_AHON_60min,1,1,humidity,mae,29.52648286916768,9,8,
device_x_heater,22482/after_AHON_60min,1,1,humidity,rmse,32.03962623268347,9,8,
device_x_heater,22482/after_AHON_60min,1,1,humidity,bias,-28.316524471963792,9,8,
device_x_heater,22482/after_AHON_60min,1,2,temperature,mae,5.630121906396454,9,8,
device_x_heater,22482/after_AHON_60min,1,2,temperature,rmse,5.858432786640262,9,8,
device_x_heater,22482/after_AHON_60min,1,2,temperature,bias,-5.630121906396454,9,8,
device_x_heater,22482/after_AHON_60min,1,2,humidity,mae,31.89236577565761,9,8,
device_x_heater,22482/after_AHON_60min,1,2,humidity,rmse,35.012687636532625,9,8,
device_x_heater,22482/after_AHON_60min,1,2,humidity,bias,-31.47055696491894,9,8,
device_x_heater,22482/after_AHON_60min,3,0,temperature,mae,4.075481015841344,9,8,
device_x_heater,22482/after_AHON_60min,3,0,temperature,rmse,4.377834938572184,9,8,
device_x_heater,22482/after_AHON_60min,3,0,temperature,bias,-4.075481015841344,9,8,
device_x_heater,22482/after_AHON_60min,3,0,humidity,mae,20.609840015916944,9,8,
device_x_heater,22482/after_AHON_60min,3,0,humidity,rmse,22.75782997541345,9,8,
device_x_heater,22482/after_AHON_60min,3,0,humidity,bias,-16.965512621162993,9,8,
device_x_heater,22482/after_AHON_60min,3,1,temperature,mae,3.8909233513765358,9,8,
device_x_heater,22482/after_AHON_60min,3,1,temperature,rmse,4.207276638987458,9,8,
device_x_heater,22482/after_AHON_60min,3,1,temperature,bias,-3.8909233513765358,9,8,
device_x_heater,22482/after_AHON_60min,3,1,humidity,mae,20.408933898033332,9,8,
device_x_heater,22482/after_AHON_60min,3,1,humidity,rmse,22.37703148532719,9,8,
device_x_heater,22482/after_AHON_60min,3,1,humidity,bias,-16.41480422163743,9,8,
device_x_heater,22482/after_AHON_60min,3,2,temperature,mae,3.6143974973350534,9,8,
device_x_heater,22482/after_AHON_60min,3,2,temperature,rmse,3.9915071588315296,9,8,
device_x_heater,22482/after_AHON_60min,3,2,temperature,bias,-3.6143974973350534,9,8,
device_x_heater,22482/after_AHON_60min,3,2,humidity,mae,19.37513260602329,9,8,
device_x_heater,22482/after_AHON_60min,3,2,humidity,rmse,21.534889790697267,9,8,
device_x_heater,22482/after_AHON_60min,3,2,humidity,bias,-14.755851988020153,9,8,
device_x_heater,22482/after_AHON_60min,7,0,temperature,mae,2.869004263925064,9,8,
device_x_heater,22482/after_AHON_60min,7,0,temperature,rmse,3.302392763616915,9,8,
device_x_heater,22482/after_AHON_60min,7,0,temperature,bias,-2.869004263925064,9,8,
device_x_heater,22482/after_AHON_60min,7,0,humidity,mae,12.119067735079621,9,8,
device_x_heater,22482/after_AHON_60min,7,0,humidity,rmse,15.066528691705866,9,8,
device_x_heater,22482/after_AHON_60min,7,0,humidity,bias,-2.3920469124707164,9,8,
device_x_heater,22482/after_AHON_60min,7,1,temperature,mae,2.8481400197303586,9,8,
device_x_heater,22482/after_AHON_60min,7,1,temperature,rmse,3.2640609777234904,9,8,
device_x_heater,22482/after_AHON_60min,7,1,temperature,bias,-2.8481400197303586,9,8,
device_x_heater,22482/after_AHON_60min,7,1,humidity,mae,12.166102206505185,9,8,
device_x_heater,22482/after_AHON_60min,7,1,humidity,rmse,15.26304235845968,9,8,
device_x_heater,22482/after_AHON_60min,7,1,humidity,bias,-2.644745240771815,9,8,
device_x_heater,22482/after_AHON_60min,7,2,temperature,mae,3.0225855486605706,9,8,
device_x_heater,22482/after_AHON_60min,7,2,temperature,rmse,3.4463137430087345,9,8,
device_x_heater,22482/after_AHON_60min,7,2,temperature,bias,-3.0225855486605706,9,8,
device_x_heater,22482/after_AHON_60min,7,2,humidity,mae,13.737368871701303,9,8,
device_x_heater,22482/after_AHON_60min,7,2,humidity,rmse,16.23976678966713,9,8,
device_x_heater,22482/after_AHON_60min,7,2,humidity,bias,-5.380880309954811,9,8,
device_x_heater,22482/after_AHON_60min,14,0,temperature,mae,2.2516363346500157,9,8,
device_x_heater,22482/after_AHON_60min,14,0,temperature,rmse,2.7245174003971457,9,8,
device_x_heater,22482/after_AHON_60min,14,0,temperature,bias,-2.1343949857213413,9,8,
device_x_heater,22482/after_AHON_60min,14,0,humidity,mae,13.819616503108124,9,8,
device_x_heater,22482/after_AHON_60min,14,0,humidity,rmse,16.048382112138867,9,8,
device_x_heater,22482/after_AHON_60min,14,0,humidity,bias,-6.703400605361761,9,8,
device_x_heater,22482/after_AHON_60min,14,1,temperature,mae,2.2754544606873677,9,8,
device_x_heater,22482/after_AHON_60min,14,1,temperature,rmse,2.7064314447426523,9,8,
device_x_heater,22482/after_AHON_60min,14,1,temperature,bias,-2.1725510594253774,9,8,
device_x_heater,22482/after_AHON_60min,14,1,humidity,mae,13.688210846187499,9,8,
device_x_heater,22482/after_AHON_60min,14,1,humidity,rmse,15.998772534629456,9,8,
device_x_heater,22482/after_AHON_60min,14,1,humidity,bias,-6.375637254676061,9,8,
device_x_heater,22482/after_AHON_60min,14,2,temperature,mae,2.366128531213476,9,8,
device_x_heater,22482/after_AHON_60min,14,2,temperature,rmse,2.7887600865640754,9,8,
device_x_heater,22482/after_AHON_60min,14,2,temperature,bias,-2.252268034803957,9,8,
device_x_heater,22482/after_AHON_60min,14,2,humidity,mae,14.262542081475983,9,8,
device_x_heater,22482/after_AHON_60min,14,2,humidity,rmse,16.41077669057686,9,8,
device_x_heater,22482/after_AHON_60min,14,2,humidity,bias,-7.34015013253118,9,8,
device_x_heater,22482/after_AHOF_60min,0,0,temperature,mae,5.072813133103138,9023,32,
device_x_heater,22482/after_AHOF_60min,0,0,temperature,rmse,5.396240218303774,9023,32,
device_x_heater,22482/after_AHOF_60min,0,0,temperature,bias,-5.072813133103138,9023,32,
device_x_heater,22482/after_AHOF_60min,0,0,humidity,mae,31.663812899907768,9023,32,
device_x_heater,22482/after_AHOF_60min,0,0,humidity,rmse,34.92467377637419,9023,32,
device_x_heater,22482/after_AHOF_60min,0,0,humidity,bias,-31.217373994532373,9023,32,
device_x_heater,22482/after_AHOF_60min,0,1,temperature,mae,5.2354596902034185,9023,32,
device_x_heater,22482/after_AHOF_60min,0,1,temperature,rmse,5.530386931298713,9023,32,
device_x_heater,22482/after_AHOF_60min,0,1,temperature,bias,-5.2354596902034185,9023,32,
device_x_heater,22482/after_AHOF_60min,0,1,humidity,mae,31.313632087601075,9023,32,
device_x_heater,22482/after_AHOF_60min,0,1,humidity,rmse,34.57185683733133,9023,32,
device_x_heater,22482/after_AHOF_60min,0,1,humidity,bias,-30.883851520826433,9023,32,
device_x_heater,22482/after_AHOF_60min,0,2,temperature,mae,5.191872807128368,9023,32,
device_x_heater,22482/after_AHOF_60min,0,2,temperature,rmse,5.5080276402538635,9023,32,
device_x_heater,22482/after_AHOF_60min,0,2,temperature,bias,-5.191872807128368,9023,32,
device_x_heater,22482/after_AHOF_60min,0,2,humidity,mae,32.75205190701865,9023,32,
device_x_heater,22482/after_AHOF_60min,0,2,humidity,rmse,36.003881954495725,9023,32,
device_x_heater,22482/after_AHOF_60min,0,2,humidity,bias,-32.45986657818888,9023,32,
device_x_heater,22482/after_AHOF_60min,1,0,temperature,mae,4.482401368585352,9023,32,
device_x_heater,22482/after_AHOF_60min,1,0,temperature,rmse,4.825126222246354,9023,32,
device_x_heater,22482/after_AHOF_60min,1,0,temperature,bias,-4.482401368585352,9023,32,
device_x_heater,22482/after_AHOF_60min,1,0,humidity,mae,26.386158662979213,9023,32,
device_x_heater,22482/after_AHOF_60min,1,0,humidity,rmse,29.563930024333253,9023,32,
device_x_heater,22482/after_AHOF_60min,1,0,humidity,bias,-25.07746686864497,9023,32,
device_x_heater,22482/after_AHOF_60min,1,1,temperature,mae,4.4221664355129935,9023,32,
device_x_heater,22482/after_AHOF_60min,1,1,temperature,rmse,4.783910292484327,9023,32,
device_x_heater,22482/after_AHOF_60min,1,1,temperature,bias,-4.4221664355129935,9023,32,
device_x_heater,22482/after_AHOF_60min,1,1,humidity,mae,24.96724992668088,9023,32,
device_x_heater,22482/after_AHOF_60min,1,1,humidity,rmse,28.202377991262786,9023,32,
device_x_heater,22482/after_AHOF_60min,1,1,humidity,bias,-23.720937322046304,9023,32,
device_x_heater,22482/after_AHOF_60min,1,2,temperature,mae,4.589967177363766,9023,32,
device_x_heater,22482/after_AHOF_60min,1,2,temperature,rmse,4.936119769814923,9023,32,
device_x_heater,22482/after_AHOF_60min,1,2,temperature,bias,-4.589967177363766,9023,32,
device_x_heater,22482/after_AHOF_60min,1,2,humidity,mae,27.2012406572003,9023,32,
device_x_heater,22482/after_AHOF_60min,1,2,humidity,rmse,30.406605653803183,9023,32,
device_x_heater,22482/after_AHOF_60min,1,2,humidity,bias,-26.03585702692755,9023,32,
device_x_heater,22482/after_AHOF_60min,3,0,temperature,mae,3.0705354804597658,9023,32,
device_x_heater,22482/after_AHOF_60min,3,0,temperature,rmse,3.5633569912123977,9023,32,
device_x_heater,22482/after_AHOF_60min,3,0,temperature,bias,-3.0690346249185265,9023,32,
device_x_heater,22482/after_AHOF_60min,3,0,humidity,mae,17.524734894463467,9023,32,
device_x_heater,22482/after_AHOF_60min,3,0,humidity,rmse,19.1348020940346,9023,32,
device_x_heater,22482/after_AHOF_60min,3,0,humidity,bias,-11.237462414509277,9023,32,
device_x_heater,22482/after_AHOF_60min,3,1,temperature,mae,2.9725031397575385,9023,32,
device_x_heater,22482/after_AHOF_60min,3,1,temperature,rmse,3.4918684625253227,9023,32,
device_x_heater,22482/after_AHOF_60min,3,1,temperature,bias,-2.970620751390519,9023,32,
device_x_heater,22482/after_AHOF_60min,3,1,humidity,mae,17.474505647119486,9023,32,
device_x_heater,22482/after_AHOF_60min,3,1,humidity,rmse,19.137084365437104,9023,32,
device_x_heater,22482/after_AHOF_60min,3,1,humidity,bias,-11.38229223335734,9023,32,
device_x_heater,22482/after_AHOF_60min,3,2,temperature,mae,2.4884021945210297,9023,32,
device_x_heater,22482/after_AHOF_60min,3,2,temperature,rmse,3.1450024347445584,9023,32,
device_x_heater,22482/after_AHOF_60min,3,2,temperature,bias,-2.425283231787209,9023,32,
device_x_heater,22482/after_AHOF_60min,3,2,humidity,mae,16.28122978237783,9023,32,
device_x_heater,22482/after_AHOF_60min,3,2,humidity,rmse,18.359148646677124,9023,32,
device_x_heater,22482/after_AHOF_60min,3,2,humidity,bias,-7.743112857876655,9023,32,
device_x_heater,22482/after_AHOF_60min,7,0,temperature,mae,1.9032535729579465,9023,32,
device_x_heater,22482/after_AHOF_60min,7,0,temperature,rmse,2.525756723432825,9023,32,
device_x_heater,22482/after_AHOF_60min,7,0,temperature,bias,-1.8029614856707463,9023,32,
device_x_heater,22482/after_AHOF_60min,7,0,humidity,mae,11.702948041180465,9023,32,
device_x_heater,22482/after_AHOF_60min,7,0,humidity,rmse,15.928924050920179,9023,32,
device_x_heater,22482/after_AHOF_60min,7,0,humidity,bias,3.7446159414973184,9023,32,
device_x_heater,22482/after_AHOF_60min,7,1,temperature,mae,1.980675433348614,9023,32,
device_x_heater,22482/after_AHOF_60min,7,1,temperature,rmse,2.607446098310415,9023,32,
device_x_heater,22482/after_AHOF_60min,7,1,temperature,bias,-1.9082409537293845,9023,32,
device_x_heater,22482/after_AHOF_60min,7,1,humidity,mae,11.796950182645125,9023,32,
device_x_heater,22482/after_AHOF_60min,7,1,humidity,rmse,15.461348007025856,9023,32,
device_x_heater,22482/after_AHOF_60min,7,1,humidity,bias,2.650315692526071,9023,32,
device_x_heater,22482/after_AHOF_60min,7,2,temperature,mae,2.006294627084439,9023,32,
device_x_heater,22482/after_AHOF_60min,7,2,temperature,rmse,2.636737436667119,9023,32,
device_x_heater,22482/after_AHOF_60min,7,2,temperature,bias,-1.8785949259041745,9023,32,
device_x_heater,22482/after_AHOF_60min,7,2,humidity,mae,12.772123207245668,9023,32,
device_x_heater,22482/after_AHOF_60min,7,2,humidity,rmse,16.285729636260395,9023,32,
device_x_heater,22482/after_AHOF_60min,7,2,humidity,bias,1.466443748044409,9023,32,
device_x_heater,22482/after_AHOF_60min,14,0,temperature,mae,1.4759577082001785,9023,32,
device_x_heater,22482/after_AHOF_60min,14,0,temperature,rmse,2.0382330760813674,9023,32,
device_x_heater,22482/after_AHOF_60min,14,0,temperature,bias,-1.1562499148852443,9023,32,
device_x_heater,22482/after_AHOF_60min,14,0,humidity,mae,12.794707440267002,9023,32,
device_x_heater,22482/after_AHOF_60min,14,0,humidity,rmse,15.199655180698127,9023,32,
device_x_heater,22482/after_AHOF_60min,14,0,humidity,bias,-1.5168321595516245,9023,32,
device_x_heater,22482/after_AHOF_60min,14,1,temperature,mae,1.5058044024993162,9023,32,
device_x_heater,22482/after_AHOF_60min,14,1,temperature,rmse,2.0542515065174105,9023,32,
device_x_heater,22482/after_AHOF_60min,14,1,temperature,bias,-1.228172064989861,9023,32,
device_x_heater,22482/after_AHOF_60min,14,1,humidity,mae,12.762930203290693,9023,32,
device_x_heater,22482/after_AHOF_60min,14,1,humidity,rmse,15.19411486538826,9023,32,
device_x_heater,22482/after_AHOF_60min,14,1,humidity,bias,-1.243934376827922,9023,32,
device_x_heater,22482/after_AHOF_60min,14,2,temperature,mae,1.5266957013129783,9023,32,
device_x_heater,22482/after_AHOF_60min,14,2,temperature,rmse,2.1096250352883987,9023,32,
device_x_heater,22482/after_AHOF_60min,14,2,temperature,bias,-1.2119271450139992,9023,32,
device_x_heater,22482/after_AHOF_60min,14,2,humidity,mae,13.009813749081069,9023,32,
device_x_heater,22482/after_AHOF_60min,14,2,humidity,rmse,15.39580145159855,9023,32,
device_x_heater,22482/after_AHOF_60min,14,2,humidity,bias,-1.8750425819117338,9023,32,
device_x_heater,22482/no_AHON_AHOF_60min,0,0,temperature,mae,6.141564432143615,50264,35,
device_x_heater,22482/no_AHON_AHOF_60min,0,0,temperature,rmse,6.315580766454174,50264,35,
device_x_heater,22482/no_AHON_AHOF_60min,0,0,temperature,bias,-6.141564432143615,50264,35,
device_x_heater,22482/no_AHON_AHOF_60min,0,0,humidity,mae,26.217972222757247,50264,35,
device_x_heater,22482/no_AHON_AHOF_60min,0,0,humidity,rmse,29.948234088759037,50264,35,
device_x_heater,22482/no_AHON_AHOF_60min,0,0,humidity,bias,-25.38824835954612,50264,35,
device_x_heater,22482/no_AHON_AHOF_60min,0,1,temperature,mae,6.220003261907535,50264,35,
device_x_heater,22482/no_AHON_AHOF_60min,0,1,temperature,rmse,6.389241151608175,50264,35,
device_x_heater,22482/no_AHON_AHOF_60min,0,1,temperature,bias,-6.220003261907535,50264,35,
device_x_heater,22482/no_AHON_AHOF_60min,0,1,humidity,mae,26.125425481133266,50264,35,
device_x_heater,22482/no_AHON_AHOF_60min,0,1,humidity,rmse,29.918872404161473,50264,35,
device_x_heater,22482/no_AHON_AHOF_60min,0,1,humidity,bias,-25.31680341645365,50264,35,
device_x_heater,22482/no_AHON_AHOF_60min,0,2,temperature,mae,6.270142333946955,50264,35,
device_x_heater,22482/no_AHON_AHOF_60min,0,2,temperature,rmse,6.439299535474127,50264,35,
device_x_heater,22482/no_AHON_AHOF_60min,0,2,temperature,bias,-6.270142333946955,50264,35,
device_x_heater,22482/no_AHON_AHOF_60min,0,2,humidity,mae,26.98194675741775,50264,35,
device_x_heater,22482/no_AHON_AHOF_60min,0,2,humidity,rmse,30.77157237274754,50264,35,
device_x_heater,22482/no_AHON_AHOF_60min,0,2,humidity,bias,-26.346869846956956,50264,35,
device_x_heater,22482/no_AHON_AHOF_60min,1,0,temperature,mae,5.485021218350253,50264,35,
device_x_heater,22482/no_AHON_AHOF_60min,1,0,temperature,rmse,5.6805434438206515,50264,35,
device_x_heater,22482/no_AHON_AHOF_60min,1,0,temperature,bias,-5.485021218350253,50264,35,
device_x_heater,22482/no_AHON_AHOF_60min,1,0,humidity,mae,21.65477471741656,50264,35,
device_x_heater,22482/no_AHON_AHOF_60min,1,0,humidity,rmse,24.937275657778745,50264,35,
device_x_heater,22482/no_AHON_AHOF_60min,1,0,humidity,bias,-19.34444906656247,50264,35,
device_x_heater,22482/no_AHON_AHOF_60min,1,1,temperature,mae,5.474833697245776,50264,35,
device_x_heater,22482/no_AHON_AHOF_60min,1,1,temperature,rmse,5.67534493869651,50264,35,
device_x_heater,22482/no_AHON_AHOF_60min,1,1,temperature,bias,-5.474833697245776,50264,35,
device_x_heater,22482/no_AHON_AHOF_60min,1,1,humidity,mae,21.332359514385143,50264,35,
device_x_heater,22482/no_AHON_AHOF_60min,1,1,humidity,rmse,24.562989268285502,50264,35,
device_x_heater,22482/no_AHON_AHOF_60min,1,1,humidity,bias,-18.958718566982178,50264,35,
device_x_heater,22482/no_AHON_AHOF_60min,1,2,temperature,mae,5.560966216361711,50264,35,
device_x_heater,22482/no_AHON_AHOF_60min,1,2,temperature,rmse,5.758271580030042,50264,35,
device_x_heater,22482/no_AHON_AHOF_60min,1,2,temperature,bias,-5.560966216361711,50264,35,
device_x_heater,22482/no_AHON_AHOF_60min,1,2,humidity,mae,22.307691842540397,50264,35,
device_x_heater,22482/no_AHON_AHOF_60min,1,2,humidity,rmse,25.770810250584496,50264,35,
device_x_heater,22482/no_AHON_AHOF_60min,1,2,humidity,bias,-20.269630559173056,50264,35,
device_x_heater,22482/no_AHON_AHOF_60min,3,0,temperature,mae,4.123487066017642,50264,35,
device_x_heater,22482/no_AHON_AHOF_60min,3,0,temperature,rmse,4.380227404112852,50264,35,
device_x_heater,22482/no_AHON_AHOF_60min,3,0,temperature,bias,-4.1234739322968155,50264,35,
device_x_heater,22482/no_AHON_AHOF_60min,3,0,humidity,mae,14.764563486594774,50264,35,
device_x_heater,22482/no_AHON_AHOF_60min,3,0,humidity,rmse,16.817363176227698,50264,35,
device_x_heater,22482/no_AHON_AHOF_60min,3,0,humidity,bias,-6.459323096184995,50264,35,
device_x_heater,22482/no_AHON_AHOF_60min,3,1,temperature,mae,4.024310957715676,50264,35,
device_x_heater,22482/no_AHON_AHOF_60min,3,1,temperature,rmse,4.2950318987510325,50264,35,
device_x_heater,22482/no_AHON_AHOF_60min,3,1,temperature,bias,-4.024201705533537,50264,35,
device_x_heater,22482/no_AHON_AHOF_60min,3,1,humidity,mae,15.16008326125276,50264,35,
device_x_heater,22482/no_AHON_AHOF_60min,3,1,humidity,rmse,17.23208622531409,50264,35,
device_x_heater,22482/no_AHON_AHOF_60min,3,1,humidity,bias,-6.942345630543892,50264,35,
device_x_heater,22482/no_AHON_AHOF_60min,3,2,temperature,mae,3.5295468110838817,50264,35,
device_x_heater,22482/no_AHON_AHOF_60min,3,2,temperature,rmse,3.8961489225719306,50264,35,
device_x_heater,22482/no_AHON_AHOF_60min,3,2,temperature,bias,-3.5171254922518362,50264,35,
device_x_heater,22482/no_AHON_AHOF_60min,3,2,humidity,mae,14.334004307533053,50264,35,
device_x_heater,22482/no_AHON_AHOF_60min,3,2,humidity,rmse,16.8851170544109,50264,35,
device_x_heater,22482/no_AHON_AHOF_60min,3,2,humidity,bias,-2.932129621081191,50264,35,
device_x_heater,22482/no_AHON_AHOF_60min,7,0,temperature,mae,2.824825950513195,50264,35,
device_x_heater,22482/no_AHON_AHOF_60min,7,0,temperature,rmse,3.1510464116116452,50264,35,
device_x_heater,22482/no_AHON_AHOF_60min,7,0,temperature,bias,-2.800061895942223,50264,35,
device_x_heater,22482/no_AHON_AHOF_60min,7,0,humidity,mae,12.974051188488433,50264,35,
device_x_heater,22482/no_AHON_AHOF_60min,7,0,humidity,rmse,17.57913818926136,50264,35,
device_x_heater,22482/no_AHON_AHOF_60min,7,0,humidity,bias,8.866586751194728,50264,35,
device_x_heater,22482/no_AHON_AHOF_60min,7,1,temperature,mae,2.9362934138101178,50264,35,
device_x_heater,22482/no_AHON_AHOF_60min,7,1,temperature,rmse,3.2543309129715117,50264,35,
device_x_heater,22482/no_AHON_AHOF_60min,7,1,temperature,bias,-2.9215411084196212,50264,35,
device_x_heater,22482/no_AHON_AHOF_60min,7,1,humidity,mae,12.62643364625646,50264,35,
device_x_heater,22482/no_AHON_AHOF_60min,7,1,humidity,rmse,17.078680539087223,50264,35,
device_x_heater,22482/no_AHON_AHOF_60min,7,1,humidity,bias,7.472906545802751,50264,35,
device_x_heater,22482/no_AHON_AHOF_60min,7,2,temperature,mae,2.915281806332346,50264,35,
device_x_heater,22482/no_AHON_AHOF_60min,7,2,temperature,rmse,3.2543502908005713,50264,35,
device_x_heater,22482/no_AHON_AHOF_60min,7,2,temperature,bias,-2.8855592971060546,50264,35,
device_x_heater,22482/no_AHON_AHOF_60min,7,2,humidity,mae,13.29710490511178,50264,35,
device_x_heater,22482/no_AHON_AHOF_60min,7,2,humidity,rmse,17.489861000795788,50264,35,
device_x_heater,22482/no_AHON_AHOF_60min,7,2,humidity,bias,7.17136082135095,50264,35,
device_x_heater,22482/no_AHON_AHOF_60min,14,0,temperature,mae,2.155402312062779,50264,35,
device_x_heater,22482/no_AHON_AHOF_60min,14,0,temperature,rmse,2.5210547222914617,50264,35,
device_x_heater,22482/no_AHON_AHOF_60min,14,0,temperature,bias,-2.0608670027770972,50264,35,
device_x_heater,22482/no_AHON_AHOF_60min,14,0,humidity,mae,12.291426676795608,50264,35,
device_x_heater,22482/no_AHON_AHOF_60min,14,0,humidity,rmse,15.654660806036404,50264,35,
device_x_heater,22482/no_AHON_AHOF_60min,14,0,humidity,bias,4.08453684434328,50264,35,
device_x_heater,22482/no_AHON_AHOF_60min,14,1,temperature,mae,2.185971690070011,50264,35,
device_x_heater,22482/no_AHON_AHOF_60min,14,1,temperature,rmse,2.5644806241086915,50264,35,
device_x_heater,22482/no_AHON_AHOF_60min,14,1,temperature,bias,-2.105784841112034,50264,35,
device_x_heater,22482/no_AHON_AHOF_60min,14,1,humidity,mae,12.51910270250283,50264,35,
device_x_heater,22482/no_AHON_AHOF_60min,14,1,humidity,rmse,15.877614969710672,50264,35,
device_x_heater,22482/no_AHON_AHOF_60min,14,1,humidity,bias,4.253266054303115,50264,35,
device_x_heater,22482/no_AHON_AHOF_60min,14,2,temperature,mae,2.253233248123555,50264,35,
device_x_heater,22482/no_AHON_AHOF_60min,14,2,temperature,rmse,2.61349271261215,50264,35,
device_x_heater,22482/no_AHON_AHOF_60min,14,2,temperature,bias,-2.1752932649269576,50264,35,
device_x_heater,22482/no_AHON_AHOF_60min,14,2,humidity,mae,12.31494742969457,50264,35,
device_x_heater,22482/no_AHON_AHOF_60min,14,2,humidity,rmse,15.643048820400999,50264,35,
device_x_heater,22482/no_AHON_AHOF_60min,14,2,humidity,bias,3.4887244644932607,50264,35,
22482_quality_phase,22482/normal,0,0,temperature,mae,6.466222268036423,23134,13,
22482_quality_phase,22482/normal,0,0,temperature,rmse,6.659500378645283,23134,13,
22482_quality_phase,22482/normal,0,0,temperature,bias,-6.466222268036423,23134,13,
22482_quality_phase,22482/normal,0,0,humidity,mae,27.475488232224915,23134,13,
22482_quality_phase,22482/normal,0,0,humidity,rmse,29.5361710637082,23134,13,
22482_quality_phase,22482/normal,0,0,humidity,bias,-27.38300857760832,23134,13,
22482_quality_phase,22482/normal,0,1,temperature,mae,6.556558719927154,23134,13,
22482_quality_phase,22482/normal,0,1,temperature,rmse,6.74378605727669,23134,13,
22482_quality_phase,22482/normal,0,1,temperature,bias,-6.556558719927154,23134,13,
22482_quality_phase,22482/normal,0,1,humidity,mae,27.189562671549783,23134,13,
22482_quality_phase,22482/normal,0,1,humidity,rmse,29.29176443654005,23134,13,
22482_quality_phase,22482/normal,0,1,humidity,bias,-27.11913592117624,23134,13,
22482_quality_phase,22482/normal,0,2,temperature,mae,6.530624231870255,23134,13,
22482_quality_phase,22482/normal,0,2,temperature,rmse,6.72262547097963,23134,13,
22482_quality_phase,22482/normal,0,2,temperature,bias,-6.530624231870255,23134,13,
22482_quality_phase,22482/normal,0,2,humidity,mae,28.174204266630486,23134,13,
22482_quality_phase,22482/normal,0,2,humidity,rmse,30.238738045079703,23134,13,
22482_quality_phase,22482/normal,0,2,humidity,bias,-28.113581939512887,23134,13,
22482_quality_phase,22482/normal,1,0,temperature,mae,5.881604955229913,23134,13,
22482_quality_phase,22482/normal,1,0,temperature,rmse,6.0911472169153305,23134,13,
22482_quality_phase,22482/normal,1,0,temperature,bias,-5.881604955229913,23134,13,
22482_quality_phase,22482/normal,1,0,humidity,mae,22.015330432970163,23134,13,
22482_quality_phase,22482/normal,1,0,humidity,rmse,24.253265573779803,23134,13,
22482_quality_phase,22482/normal,1,0,humidity,bias,-21.604949041132365,23134,13,
22482_quality_phase,22482/normal,1,1,temperature,mae,5.865354085357626,23134,13,
22482_quality_phase,22482/normal,1,1,temperature,rmse,6.090537417965164,23134,13,
22482_quality_phase,22482/normal,1,1,temperature,bias,-5.865354085357626,23134,13,
22482_quality_phase,22482/normal,1,1,humidity,mae,21.306224726036266,23134,13,
22482_quality_phase,22482/normal,1,1,humidity,rmse,23.483680798998055,23134,13,
22482_quality_phase,22482/normal,1,1,humidity,bias,-20.907837685576247,23134,13,
22482_quality_phase,22482/normal,1,2,temperature,mae,5.934978436880327,23134,13,
22482_quality_phase,22482/normal,1,2,temperature,rmse,6.14351652626581,23134,13,
22482_quality_phase,22482/normal,1,2,temperature,bias,-5.934978436880327,23134,13,
22482_quality_phase,22482/normal,1,2,humidity,mae,22.759819722304737,23134,13,
22482_quality_phase,22482/normal,1,2,humidity,rmse,25.057684941389642,23134,13,
22482_quality_phase,22482/normal,1,2,humidity,bias,-22.38892267275941,23134,13,
22482_quality_phase,22482/normal,3,0,temperature,mae,4.465048537594751,23134,13,
22482_quality_phase,22482/normal,3,0,temperature,rmse,4.740665498903888,23134,13,
22482_quality_phase,22482/normal,3,0,temperature,bias,-4.465020001529064,23134,13,
22482_quality_phase,22482/normal,3,0,humidity,mae,11.603627539255761,23134,13,
22482_quality_phase,22482/normal,3,0,humidity,rmse,13.81337895327656,23134,13,
22482_quality_phase,22482/normal,3,0,humidity,bias,-8.74536058164045,23134,13,
22482_quality_phase,22482/normal,3,1,temperature,mae,4.388776635347625,23134,13,
22482_quality_phase,22482/normal,3,1,temperature,rmse,4.688180098708639,23134,13,
22482_quality_phase,22482/normal,3,1,temperature,bias,-4.388532890437864,23134,13,
22482_quality_phase,22482/normal,3,1,humidity,mae,12.028463730397041,23134,13,
22482_quality_phase,22482/normal,3,1,humidity,rmse,14.327450721392369,23134,13,
22482_quality_phase,22482/normal,3,1,humidity,bias,-9.154433973648546,23134,13,
22482_quality_phase,22482/normal,3,2,temperature,mae,4.028365245226993,23134,13,
22482_quality_phase,22482/normal,3,2,temperature,rmse,4.411184675766528,23134,13,
22482_quality_phase,22482/normal,3,2,temperature,bias,-4.018852992383711,23134,13,
22482_quality_phase,22482/normal,3,2,humidity,mae,11.336544452682666,23134,13,
22482_quality_phase,22482/normal,3,2,humidity,rmse,13.892816670462441,23134,13,
22482_quality_phase,22482/normal,3,2,humidity,bias,-6.109485505077594,23134,13,
22482_quality_phase,22482/normal,7,0,temperature,mae,3.0983064456284874,23134,13,
22482_quality_phase,22482/normal,7,0,temperature,rmse,3.423956848083154,23134,13,
22482_quality_phase,22482/normal,7,0,temperature,bias,-3.066644848869155,23134,13,
22482_quality_phase,22482/normal,7,0,humidity,mae,9.518026170353373,23134,13,
22482_quality_phase,22482/normal,7,0,humidity,rmse,12.514974457354015,23134,13,
22482_quality_phase,22482/normal,7,0,humidity,bias,7.0432854242298,23134,13,
22482_quality_phase,22482/normal,7,1,temperature,mae,3.2398137607080706,23134,13,
22482_quality_phase,22482/normal,7,1,temperature,rmse,3.560800092015355,23134,13,
22482_quality_phase,22482/normal,7,1,temperature,bias,-3.2088325374371043,23134,13,
22482_quality_phase,22482/normal,7,1,humidity,mae,8.947539063243376,23134,13,
22482_quality_phase,22482/normal,7,1,humidity,rmse,11.78223062755333,23134,13,
22482_quality_phase,22482/normal,7,1,humidity,bias,5.768377485749322,23134,13,
22482_quality_phase,22482/normal,7,2,temperature,mae,3.2596237005750432,23134,13,
22482_quality_phase,22482/normal,7,2,temperature,rmse,3.5985156085124634,23134,13,
22482_quality_phase,22482/normal,7,2,temperature,bias,-3.23186024114851,23134,13,
22482_quality_phase,22482/normal,7,2,humidity,mae,9.726004227406323,23134,13,
22482_quality_phase,22482/normal,7,2,humidity,rmse,12.737162504194595,23134,13,
22482_quality_phase,22482/normal,7,2,humidity,bias,5.3298608226783575,23134,13,
22482_quality_phase,22482/normal,14,0,temperature,mae,2.3089173914717684,23134,13,
22482_quality_phase,22482/normal,14,0,temperature,rmse,2.7027918135488145,23134,13,
22482_quality_phase,22482/normal,14,0,temperature,bias,-2.2241316108023947,23134,13,
22482_quality_phase,22482/normal,14,0,humidity,mae,8.520808013652307,23134,13,
22482_quality_phase,22482/normal,14,0,humidity,rmse,11.105016240911334,23134,13,
22482_quality_phase,22482/normal,14,0,humidity,bias,3.0031028114607494,23134,13,
22482_quality_phase,22482/normal,14,1,temperature,mae,2.3194265581701576,23134,13,
22482_quality_phase,22482/normal,14,1,temperature,rmse,2.7328750685315364,23134,13,
22482_quality_phase,22482/normal,14,1,temperature,bias,-2.2311864801974366,23134,13,
22482_quality_phase,22482/normal,14,1,humidity,mae,8.657564035151056,23134,13,
22482_quality_phase,22482/normal,14,1,humidity,rmse,11.227465213672724,23134,13,
22482_quality_phase,22482/normal,14,1,humidity,bias,3.435035621341496,23134,13,
22482_quality_phase,22482/normal,14,2,temperature,mae,2.4500308143041756,23134,13,
22482_quality_phase,22482/normal,14,2,temperature,rmse,2.8301196253869945,23134,13,
22482_quality_phase,22482/normal,14,2,temperature,bias,-2.368904343396194,23134,13,
22482_quality_phase,22482/normal,14,2,humidity,mae,8.389669399955384,23134,13,
22482_quality_phase,22482/normal,14,2,humidity,rmse,11.005148241065273,23134,13,
22482_quality_phase,22482/normal,14,2,humidity,bias,2.4154707257501458,23134,13,
22482_quality_phase_x_heater,22482/normal/after_AHON_60min,0,0,temperature,mae,6.7718816604937295,1,1,
22482_quality_phase_x_heater,22482/normal/after_AHON_60min,0,0,temperature,rmse,6.7718816604937295,1,1,
22482_quality_phase_x_heater,22482/normal/after_AHON_60min,0,0,temperature,bias,-6.7718816604937295,1,1,
22482_quality_phase_x_heater,22482/normal/after_AHON_60min,0,0,humidity,mae,44.47751700630562,1,1,
22482_quality_phase_x_heater,22482/normal/after_AHON_60min,0,0,humidity,rmse,44.47751700630562,1,1,
22482_quality_phase_x_heater,22482/normal/after_AHON_60min,0,0,humidity,bias,-44.47751700630562,1,1,
22482_quality_phase_x_heater,22482/normal/after_AHON_60min,0,1,temperature,mae,6.830954818548854,1,1,
22482_quality_phase_x_heater,22482/normal/after_AHON_60min,0,1,temperature,rmse,6.830954818548854,1,1,
22482_quality_phase_x_heater,22482/normal/after_AHON_60min,0,1,temperature,bias,-6.830954818548854,1,1,
22482_quality_phase_x_heater,22482/normal/after_AHON_60min,0,1,humidity,mae,42.97743606476923,1,1,
22482_quality_phase_x_heater,22482/normal/after_AHON_60min,0,1,humidity,rmse,42.97743606476923,1,1,
22482_quality_phase_x_heater,22482/normal/after_AHON_60min,0,1,humidity,bias,-42.97743606476923,1,1,
22482_quality_phase_x_heater,22482/normal/after_AHON_60min,0,2,temperature,mae,6.853035068421516,1,1,
22482_quality_phase_x_heater,22482/normal/after_AHON_60min,0,2,temperature,rmse,6.853035068421516,1,1,
22482_quality_phase_x_heater,22482/normal/after_AHON_60min,0,2,temperature,bias,-6.853035068421516,1,1,
22482_quality_phase_x_heater,22482/normal/after_AHON_60min,0,2,humidity,mae,45.51146279606899,1,1,
22482_quality_phase_x_heater,22482/normal/after_AHON_60min,0,2,humidity,rmse,45.51146279606899,1,1,
22482_quality_phase_x_heater,22482/normal/after_AHON_60min,0,2,humidity,bias,-45.51146279606899,1,1,
22482_quality_phase_x_heater,22482/normal/after_AHON_60min,1,0,temperature,mae,6.193325285863285,1,1,
22482_quality_phase_x_heater,22482/normal/after_AHON_60min,1,0,temperature,rmse,6.193325285863285,1,1,
22482_quality_phase_x_heater,22482/normal/after_AHON_60min,1,0,temperature,bias,-6.193325285863285,1,1,
22482_quality_phase_x_heater,22482/normal/after_AHON_60min,1,0,humidity,mae,39.172769152094,1,1,
22482_quality_phase_x_heater,22482/normal/after_AHON_60min,1,0,humidity,rmse,39.172769152094,1,1,
22482_quality_phase_x_heater,22482/normal/after_AHON_60min,1,0,humidity,bias,-39.172769152094,1,1,
22482_quality_phase_x_heater,22482/normal/after_AHON_60min,1,1,temperature,mae,5.793732382184174,1,1,
22482_quality_phase_x_heater,22482/normal/after_AHON_60min,1,1,temperature,rmse,5.793732382184174,1,1,
22482_quality_phase_x_heater,22482/normal/after_AHON_60min,1,1,temperature,bias,-5.793732382184174,1,1,
22482_quality_phase_x_heater,22482/normal/after_AHON_60min,1,1,humidity,mae,37.11355276820493,1,1,
22482_quality_phase_x_heater,22482/normal/after_AHON_60min,1,1,humidity,rmse,37.11355276820493,1,1,
22482_quality_phase_x_heater,22482/normal/after_AHON_60min,1,1,humidity,bias,-37.11355276820493,1,1,
22482_quality_phase_x_heater,22482/normal/after_AHON_60min,1,2,temperature,mae,6.528440287499535,1,1,
22482_quality_phase_x_heater,22482/normal/after_AHON_60min,1,2,temperature,rmse,6.528440287499535,1,1,
22482_quality_phase_x_heater,22482/normal/after_AHON_60min,1,2,temperature,bias,-6.528440287499535,1,1,
22482_quality_phase_x_heater,22482/normal/after_AHON_60min,1,2,humidity,mae,41.17612013572994,1,1,
22482_quality_phase_x_heater,22482/normal/after_AHON_60min,1,2,humidity,rmse,41.17612013572994,1,1,
22482_quality_phase_x_heater,22482/normal/after_AHON_60min,1,2,humidity,bias,-41.17612013572994,1,1,
22482_quality_phase_x_heater,22482/normal/after_AHON_60min,3,0,temperature,mae,4.879250313333085,1,1,
22482_quality_phase_x_heater,22482/normal/after_AHON_60min,3,0,temperature,rmse,4.879250313333085,1,1,
22482_quality_phase_x_heater,22482/normal/after_AHON_60min,3,0,temperature,bias,-4.879250313333085,1,1,
22482_quality_phase_x_heater,22482/normal/after_AHON_60min,3,0,humidity,mae,28.03839092465163,1,1,
22482_quality_phase_x_heater,22482/normal/after_AHON_60min,3,0,humidity,rmse,28.03839092465163,1,1,
22482_quality_phase_x_heater,22482/normal/after_AHON_60min,3,0,humidity,bias,-28.03839092465163,1,1,
22482_quality_phase_x_heater,22482/normal/after_AHON_60min,3,1,temperature,mae,4.476110704294179,1,1,
22482_quality_phase_x_heater,22482/normal/after_AHON_60min,3,1,temperature,rmse,4.476110704294179,1,1,
22482_quality_phase_x_heater,22482/normal/after_AHON_60min,3,1,temperature,bias,-4.476110704294179,1,1,
22482_quality_phase_x_heater,22482/normal/after_AHON_60min,3,1,humidity,mae,27.22994954126657,1,1,
22482_quality_phase_x_heater,22482/normal/after_AHON_60min,3,1,humidity,rmse,27.22994954126657,1,1,
22482_quality_phase_x_heater,22482/normal/after_AHON_60min,3,1,humidity,bias,-27.22994954126657,1,1,
22482_quality_phase_x_heater,22482/normal/after_AHON_60min,3,2,temperature,mae,4.852261415745605,1,1,
22482_quality_phase_x_heater,22482/normal/after_AHON_60min,3,2,temperature,rmse,4.852261415745605,1,1,
22482_quality_phase_x_heater,22482/normal/after_AHON_60min,3,2,temperature,bias,-4.852261415745605,1,1,
22482_quality_phase_x_heater,22482/normal/after_AHON_60min,3,2,humidity,mae,29.236438013783115,1,1,
22482_quality_phase_x_heater,22482/normal/after_AHON_60min,3,2,humidity,rmse,29.236438013783115,1,1,
22482_quality_phase_x_heater,22482/normal/after_AHON_60min,3,2,humidity,bias,-29.236438013783115,1,1,
22482_quality_phase_x_heater,22482/normal/after_AHON_60min,7,0,temperature,mae,3.5830444085787647,1,1,
22482_quality_phase_x_heater,22482/normal/after_AHON_60min,7,0,temperature,rmse,3.5830444085787647,1,1,
22482_quality_phase_x_heater,22482/normal/after_AHON_60min,7,0,temperature,bias,-3.5830444085787647,1,1,
22482_quality_phase_x_heater,22482/normal/after_AHON_60min,7,0,humidity,mae,13.344970584376398,1,1,
22482_quality_phase_x_heater,22482/normal/after_AHON_60min,7,0,humidity,rmse,13.344970584376398,1,1,
22482_quality_phase_x_heater,22482/normal/after_AHON_60min,7,0,humidity,bias,-13.344970584376398,1,1,
22482_quality_phase_x_heater,22482/normal/after_AHON_60min,7,1,temperature,mae,3.361891947939082,1,1,
22482_quality_phase_x_heater,22482/normal/after_AHON_60min,7,1,temperature,rmse,3.361891947939082,1,1,
22482_quality_phase_x_heater,22482/normal/after_AHON_60min,7,1,temperature,bias,-3.361891947939082,1,1,
22482_quality_phase_x_heater,22482/normal/after_AHON_60min,7,1,humidity,mae,12.622949416345818,1,1,
22482_quality_phase_x_heater,22482/normal/after_AHON_60min,7,1,humidity,rmse,12.622949416345818,1,1,
22482_quality_phase_x_heater,22482/normal/after_AHON_60min,7,1,humidity,bias,-12.622949416345818,1,1,
22482_quality_phase_x_heater,22482/normal/after_AHON_60min,7,2,temperature,mae,3.9321727582175576,1,1,
22482_quality_phase_x_heater,22482/normal/after_AHON_60min,7,2,temperature,rmse,3.9321727582175576,1,1,
22482_quality_phase_x_heater,22482/normal/after_AHON_60min,7,2,temperature,bias,-3.9321727582175576,1,1,
22482_quality_phase_x_heater,22482/normal/after_AHON_60min,7,2,humidity,mae,17.024313267929728,1,1,
22482_quality_phase_x_heater,22482/normal/after_AHON_60min,7,2,humidity,rmse,17.024313267929728,1,1,
22482_quality_phase_x_heater,22482/normal/after_AHON_60min,7,2,humidity,bias,-17.024313267929728,1,1,
22482_quality_phase_x_heater,22482/normal/after_AHON_60min,14,0,temperature,mae,2.543468692932631,1,1,
22482_quality_phase_x_heater,22482/normal/after_AHON_60min,14,0,temperature,rmse,2.543468692932631,1,1,
22482_quality_phase_x_heater,22482/normal/after_AHON_60min,14,0,temperature,bias,-2.543468692932631,1,1,
22482_quality_phase_x_heater,22482/normal/after_AHON_60min,14,0,humidity,mae,15.106172183973726,1,1,
22482_quality_phase_x_heater,22482/normal/after_AHON_60min,14,0,humidity,rmse,15.106172183973726,1,1,
22482_quality_phase_x_heater,22482/normal/after_AHON_60min,14,0,humidity,bias,-15.106172183973726,1,1,
22482_quality_phase_x_heater,22482/normal/after_AHON_60min,14,1,temperature,mae,2.217144257035475,1,1,
22482_quality_phase_x_heater,22482/normal/after_AHON_60min,14,1,temperature,rmse,2.217144257035475,1,1,
22482_quality_phase_x_heater,22482/normal/after_AHON_60min,14,1,temperature,bias,-2.217144257035475,1,1,
22482_quality_phase_x_heater,22482/normal/after_AHON_60min,14,1,humidity,mae,13.232626142511805,1,1,
22482_quality_phase_x_heater,22482/normal/after_AHON_60min,14,1,humidity,rmse,13.232626142511805,1,1,
22482_quality_phase_x_heater,22482/normal/after_AHON_60min,14,1,humidity,bias,-13.232626142511805,1,1,
22482_quality_phase_x_heater,22482/normal/after_AHON_60min,14,2,temperature,mae,2.7226854815493837,1,1,
22482_quality_phase_x_heater,22482/normal/after_AHON_60min,14,2,temperature,rmse,2.7226854815493837,1,1,
22482_quality_phase_x_heater,22482/normal/after_AHON_60min,14,2,temperature,bias,-2.7226854815493837,1,1,
22482_quality_phase_x_heater,22482/normal/after_AHON_60min,14,2,humidity,mae,15.710716379884374,1,1,
22482_quality_phase_x_heater,22482/normal/after_AHON_60min,14,2,humidity,rmse,15.710716379884374,1,1,
22482_quality_phase_x_heater,22482/normal/after_AHON_60min,14,2,humidity,bias,-15.710716379884374,1,1,
22482_quality_phase_x_heater,22482/normal/after_AHOF_60min,0,0,temperature,mae,5.357192931808595,3003,12,
22482_quality_phase_x_heater,22482/normal/after_AHOF_60min,0,0,temperature,rmse,5.797944148142175,3003,12,
22482_quality_phase_x_heater,22482/normal/after_AHOF_60min,0,0,temperature,bias,-5.357192931808595,3003,12,
22482_quality_phase_x_heater,22482/normal/after_AHOF_60min,0,0,humidity,mae,35.03422460974157,3003,12,
22482_quality_phase_x_heater,22482/normal/after_AHOF_60min,0,0,humidity,rmse,36.19229955340597,3003,12,
22482_quality_phase_x_heater,22482/normal/after_AHOF_60min,0,0,humidity,bias,-35.03422460974157,3003,12,
22482_quality_phase_x_heater,22482/normal/after_AHOF_60min,0,1,temperature,mae,5.530918150101646,3003,12,
22482_quality_phase_x_heater,22482/normal/after_AHOF_60min,0,1,temperature,rmse,5.933459279815587,3003,12,
22482_quality_phase_x_heater,22482/normal/after_AHOF_60min,0,1,temperature,bias,-5.530918150101646,3003,12,
22482_quality_phase_x_heater,22482/normal/after_AHOF_60min,0,1,humidity,mae,34.47252609481181,3003,12,
22482_quality_phase_x_heater,22482/normal/after_AHOF_60min,0,1,humidity,rmse,35.70203453531068,3003,12,
22482_quality_phase_x_heater,22482/normal/after_AHOF_60min,0,1,humidity,bias,-34.47252609481181,3003,12,
22482_quality_phase_x_heater,22482/normal/after_AHOF_60min,0,2,temperature,mae,5.420543022455765,3003,12,
22482_quality_phase_x_heater,22482/normal/after_AHOF_60min,0,2,temperature,rmse,5.857896617148839,3003,12,
22482_quality_phase_x_heater,22482/normal/after_AHOF_60min,0,2,temperature,bias,-5.420543022455765,3003,12,
22482_quality_phase_x_heater,22482/normal/after_AHOF_60min,0,2,humidity,mae,36.167542334761634,3003,12,
22482_quality_phase_x_heater,22482/normal/after_AHOF_60min,0,2,humidity,rmse,37.31456381390192,3003,12,
22482_quality_phase_x_heater,22482/normal/after_AHOF_60min,0,2,humidity,bias,-36.167542334761634,3003,12,
22482_quality_phase_x_heater,22482/normal/after_AHOF_60min,1,0,temperature,mae,4.8405231980653065,3003,12,
22482_quality_phase_x_heater,22482/normal/after_AHOF_60min,1,0,temperature,rmse,5.304517130299563,3003,12,
22482_quality_phase_x_heater,22482/normal/after_AHOF_60min,1,0,temperature,bias,-4.8405231980653065,3003,12,
22482_quality_phase_x_heater,22482/normal/after_AHOF_60min,1,0,humidity,mae,29.028788687275927,3003,12,
22482_quality_phase_x_heater,22482/normal/after_AHOF_60min,1,0,humidity,rmse,30.416280299230724,3003,12,
22482_quality_phase_x_heater,22482/normal/after_AHOF_60min,1,0,humidity,bias,-29.028788687275927,3003,12,
22482_quality_phase_x_heater,22482/normal/after_AHOF_60min,1,1,temperature,mae,4.752245042005876,3003,12,
22482_quality_phase_x_heater,22482/normal/after_AHOF_60min,1,1,temperature,rmse,5.251249463651667,3003,12,
22482_quality_phase_x_heater,22482/normal/after_AHOF_60min,1,1,temperature,bias,-4.752245042005876,3003,12,
22482_quality_phase_x_heater,22482/normal/after_AHOF_60min,1,1,humidity,mae,27.188760162006147,3003,12,
22482_quality_phase_x_heater,22482/normal/after_AHOF_60min,1,1,humidity,rmse,28.70505639676405,3003,12,
22482_quality_phase_x_heater,22482/normal/after_AHOF_60min,1,1,humidity,bias,-27.188760162006147,3003,12,
22482_quality_phase_x_heater,22482/normal/after_AHOF_60min,1,2,temperature,mae,4.944065942605691,3003,12,
22482_quality_phase_x_heater,22482/normal/after_AHOF_60min,1,2,temperature,rmse,5.401929011558778,3003,12,
22482_quality_phase_x_heater,22482/normal/after_AHOF_60min,1,2,temperature,bias,-4.944065942605691,3003,12,
22482_quality_phase_x_heater,22482/normal/after_AHOF_60min,1,2,humidity,mae,29.92698862313705,3003,12,
22482_quality_phase_x_heater,22482/normal/after_AHOF_60min,1,2,humidity,rmse,31.31858450202702,3003,12,
22482_quality_phase_x_heater,22482/normal/after_AHOF_60min,1,2,humidity,bias,-29.92698862313705,3003,12,
22482_quality_phase_x_heater,22482/normal/after_AHOF_60min,3,0,temperature,mae,3.3594733094899705,3003,12,
22482_quality_phase_x_heater,22482/normal/after_AHOF_60min,3,0,temperature,rmse,4.01468523026463,3003,12,
22482_quality_phase_x_heater,22482/normal/after_AHOF_60min,3,0,temperature,bias,-3.3594733094899705,3003,12,
22482_quality_phase_x_heater,22482/normal/after_AHOF_60min,3,0,humidity,mae,15.250541825705099,3003,12,
22482_quality_phase_x_heater,22482/normal/after_AHOF_60min,3,0,humidity,rmse,17.305308136410094,3003,12,
22482_quality_phase_x_heater,22482/normal/after_AHOF_60min,3,0,humidity,bias,-14.918041769100402,3003,12,
22482_quality_phase_x_heater,22482/normal/after_AHOF_60min,3,1,temperature,mae,3.288112313249912,3003,12,
22482_quality_phase_x_heater,22482/normal/after_AHOF_60min,3,1,temperature,rmse,3.9783499540599423,3003,12,
22482_quality_phase_x_heater,22482/normal/after_AHOF_60min,3,1,temperature,bias,-3.2877688911423935,3003,12,
22482_quality_phase_x_heater,22482/normal/after_AHOF_60min,3,1,humidity,mae,15.372804816084887,3003,12,
22482_quality_phase_x_heater,22482/normal/after_AHOF_60min,3,1,humidity,rmse,17.561887417172372,3003,12,
22482_quality_phase_x_heater,22482/normal/after_AHOF_60min,3,1,humidity,bias,-14.943944965725441,3003,12,
22482_quality_phase_x_heater,22482/normal/after_AHOF_60min,3,2,temperature,mae,2.9061232393957948,3003,12,
22482_quality_phase_x_heater,22482/normal/after_AHOF_60min,3,2,temperature,rmse,3.770673151375676,3003,12,
22482_quality_phase_x_heater,22482/normal/after_AHOF_60min,3,2,temperature,bias,-2.8605600875133597,3003,12,
22482_quality_phase_x_heater,22482/normal/after_AHOF_60min,3,2,humidity,mae,13.447022610234542,3003,12,
22482_quality_phase_x_heater,22482/normal/after_AHOF_60min,3,2,humidity,rmse,16.031988281923912,3003,12,
22482_quality_phase_x_heater,22482/normal/after_AHOF_60min,3,2,humidity,bias,-12.27789811513152,3003,12,
22482_quality_phase_x_heater,22482/normal/after_AHOF_60min,7,0,temperature,mae,2.1866638051164746,3003,12,
22482_quality_phase_x_heater,22482/normal/after_AHOF_60min,7,0,temperature,rmse,2.9604452918468382,3003,12,
22482_quality_phase_x_heater,22482/normal/after_AHOF_60min,7,0,temperature,bias,-2.0527175340137833,3003,12,
22482_quality_phase_x_heater,22482/normal/after_AHOF_60min,7,0,humidity,mae,6.777739472910309,3003,12,
22482_quality_phase_x_heater,22482/normal/after_AHOF_60min,7,0,humidity,rmse,8.502799926292697,3003,12,
22482_quality_phase_x_heater,22482/normal/after_AHOF_60min,7,0,humidity,bias,0.3634602641847526,3003,12,
22482_quality_phase_x_heater,22482/normal/after_AHOF_60min,7,1,temperature,mae,2.3092557996881227,3003,12,
22482_quality_phase_x_heater,22482/normal/after_AHOF_60min,7,1,temperature,rmse,3.0662422697493663,3003,12,
22482_quality_phase_x_heater,22482/normal/after_AHOF_60min,7,1,temperature,bias,-2.173658353307806,3003,12,
22482_quality_phase_x_heater,22482/normal/after_AHOF_60min,7,1,humidity,mae,7.1838662681740315,3003,12,
22482_quality_phase_x_heater,22482/normal/after_AHOF_60min,7,1,humidity,rmse,8.644029346612667,3003,12,
22482_quality_phase_x_heater,22482/normal/after_AHOF_60min,7,1,humidity,bias,-0.591181059591688,3003,12,
22482_quality_phase_x_heater,22482/normal/after_AHOF_60min,7,2,temperature,mae,2.3385922606691323,3003,12,
22482_quality_phase_x_heater,22482/normal/after_AHOF_60min,7,2,temperature,rmse,3.1269668860451274,3003,12,
22482_quality_phase_x_heater,22482/normal/after_AHOF_60min,7,2,temperature,bias,-2.2000595717571905,3003,12,
22482_quality_phase_x_heater,22482/normal/after_AHOF_60min,7,2,humidity,mae,8.09976120627362,3003,12,
22482_quality_phase_x_heater,22482/normal/after_AHOF_60min,7,2,humidity,rmse,9.647276380373198,3003,12,
22482_quality_phase_x_heater,22482/normal/after_AHOF_60min,7,2,humidity,bias,-2.2586023489580414,3003,12,
22482_quality_phase_x_heater,22482/normal/after_AHOF_60min,14,0,temperature,mae,1.6855668274508004,3003,12,
22482_quality_phase_x_heater,22482/normal/after_AHOF_60min,14,0,temperature,rmse,2.419236464296443,3003,12,
22482_quality_phase_x_heater,22482/normal/after_AHOF_60min,14,0,temperature,bias,-1.327491821162895,3003,12,
22482_quality_phase_x_heater,22482/normal/after_AHOF_60min,14,0,humidity,mae,8.226973986904579,3003,12,
22482_quality_phase_x_heater,22482/normal/after_AHOF_60min,14,0,humidity,rmse,9.678146746046346,3003,12,
22482_quality_phase_x_heater,22482/normal/after_AHOF_60min,14,0,humidity,bias,-4.306782999204223,3003,12,
22482_quality_phase_x_heater,22482/normal/after_AHOF_60min,14,1,temperature,mae,1.727096599857814,3003,12,
22482_quality_phase_x_heater,22482/normal/after_AHOF_60min,14,1,temperature,rmse,2.43169441934717,3003,12,
22482_quality_phase_x_heater,22482/normal/after_AHOF_60min,14,1,temperature,bias,-1.3977211475701656,3003,12,
22482_quality_phase_x_heater,22482/normal/after_AHOF_60min,14,1,humidity,mae,8.16472683698316,3003,12,
22482_quality_phase_x_heater,22482/normal/after_AHOF_60min,14,1,humidity,rmse,9.621311930627362,3003,12,
22482_quality_phase_x_heater,22482/normal/after_AHOF_60min,14,1,humidity,bias,-3.8989835830155055,3003,12,
22482_quality_phase_x_heater,22482/normal/after_AHOF_60min,14,2,temperature,mae,1.7617579468504445,3003,12,
22482_quality_phase_x_heater,22482/normal/after_AHOF_60min,14,2,temperature,rmse,2.497532451534576,3003,12,
22482_quality_phase_x_heater,22482/normal/after_AHOF_60min,14,2,temperature,bias,-1.3979092255288261,3003,12,
22482_quality_phase_x_heater,22482/normal/after_AHOF_60min,14,2,humidity,mae,8.38496875525737,3003,12,
22482_quality_phase_x_heater,22482/normal/after_AHOF_60min,14,2,humidity,rmse,9.859831661257841,3003,12,
22482_quality_phase_x_heater,22482/normal/after_AHOF_60min,14,2,humidity,bias,-4.590385338202155,3003,12,
22482_quality_phase_x_heater,22482/normal/no_AHON_AHOF_60min,0,0,temperature,mae,6.631652443759213,20130,13,
22482_quality_phase_x_heater,22482/normal/no_AHON_AHOF_60min,0,0,temperature,rmse,6.778642289058958,20130,13,
22482_quality_phase_x_heater,22482/normal/no_AHON_AHOF_60min,0,0,temperature,bias,-6.631652443759213,20130,13,
22482_quality_phase_x_heater,22482/normal/no_AHON_AHOF_60min,0,0,humidity,mae,26.347028849688574,20130,13,
22482_quality_phase_x_heater,22482/normal/no_AHON_AHOF_60min,0,0,humidity,rmse,28.408880606645088,20130,13,
22482_quality_phase_x_heater,22482/normal/no_AHON_AHOF_60min,0,0,humidity,bias,-26.240748455754126,20130,13,
22482_quality_phase_x_heater,22482/normal/no_AHON_AHOF_60min,0,1,temperature,mae,6.709550485207203,20130,13,
22482_quality_phase_x_heater,22482/normal/no_AHON_AHOF_60min,0,1,temperature,rmse,6.856462502828145,20130,13,
22482_quality_phase_x_heater,22482/normal/no_AHON_AHOF_60min,0,1,temperature,bias,-6.709550485207203,20130,13,
22482_quality_phase_x_heater,22482/normal/no_AHON_AHOF_60min,0,1,humidity,mae,26.102303504463393,20130,13,
22482_quality_phase_x_heater,22482/normal/no_AHON_AHOF_60min,0,1,humidity,rmse,28.210027611173246,20130,13,
22482_quality_phase_x_heater,22482/normal/no_AHON_AHOF_60min,0,1,humidity,bias,-26.02136696978174,20130,13,
22482_quality_phase_x_heater,22482/normal/no_AHON_AHOF_60min,0,2,temperature,mae,6.696210494216761,20130,13,
22482_quality_phase_x_heater,22482/normal/no_AHON_AHOF_60min,0,2,temperature,rmse,6.842258350970051,20130,13,
22482_quality_phase_x_heater,22482/normal/no_AHON_AHOF_60min,0,2,temperature,bias,-6.696210494216761,20130,13,
22482_quality_phase_x_heater,22482/normal/no_AHON_AHOF_60min,0,2,humidity,mae,26.98089420815421,20130,13,
22482_quality_phase_x_heater,22482/normal/no_AHON_AHOF_60min,0,2,humidity,rmse,29.034742928476078,20130,13,
22482_quality_phase_x_heater,22482/normal/no_AHON_AHOF_60min,0,2,humidity,bias,-26.911225210859705,20130,13,
22482_quality_phase_x_heater,22482/normal/no_AHON_AHOF_60min,1,0,temperature,mae,6.03689838774033,20130,13,
22482_quality_phase_x_heater,22482/normal/no_AHON_AHOF_60min,1,0,temperature,rmse,6.1999427614947,20130,13,
22482_quality_phase_x_heater,22482/normal/no_AHON_AHOF_60min,1,0,temperature,bias,-6.03689838774033,20130,13,
22482_quality_phase_x_heater,22482/normal/no_AHON_AHOF_60min,1,0,humidity,mae,20.968208099318932,20130,13,
22482_quality_phase_x_heater,22482/normal/no_AHON_AHOF_60min,1,0,humidity,rmse,23.192901313819046,20130,13,
22482_quality_phase_x_heater,22482/normal/no_AHON_AHOF_60min,1,0,humidity,bias,-20.496585490338525,20130,13,
22482_quality_phase_x_heater,22482/normal/no_AHON_AHOF_60min,1,1,temperature,mae,6.031411615357054,20130,13,
22482_quality_phase_x_heater,22482/normal/no_AHON_AHOF_60min,1,1,temperature,rmse,6.206035171761312,20130,13,
22482_quality_phase_x_heater,22482/normal/no_AHON_AHOF_60min,1,1,temperature,bias,-6.031411615357054,20130,13,
22482_quality_phase_x_heater,22482/normal/no_AHON_AHOF_60min,1,1,humidity,mae,20.42788089880031,20130,13,
22482_quality_phase_x_heater,22482/normal/no_AHON_AHOF_60min,1,1,humidity,rmse,22.600686766158223,20130,13,
22482_quality_phase_x_heater,22482/normal/no_AHON_AHOF_60min,1,1,humidity,bias,-19.97004255831337,20130,13,
22482_quality_phase_x_heater,22482/normal/no_AHON_AHOF_60min,1,2,temperature,mae,6.082773606202538,20130,13,
22482_quality_phase_x_heater,22482/normal/no_AHON_AHOF_60min,1,2,temperature,rmse,6.246585366220118,20130,13,
22482_quality_phase_x_heater,22482/normal/no_AHON_AHOF_60min,1,2,temperature,bias,-6.082773606202538,20130,13,
22482_quality_phase_x_heater,22482/normal/no_AHON_AHOF_60min,1,2,humidity,mae,21.6897042474109,20130,13,
22482_quality_phase_x_heater,22482/normal/no_AHON_AHOF_60min,1,2,humidity,rmse,23.98288832727388,20130,13,
22482_quality_phase_x_heater,22482/normal/no_AHON_AHOF_60min,1,2,humidity,bias,-21.263458229319422,20130,13,
22482_quality_phase_x_heater,22482/normal/no_AHON_AHOF_60min,3,0,temperature,mae,4.629958036264544,20130,13,
22482_quality_phase_x_heater,22482/normal/no_AHON_AHOF_60min,3,0,temperature,rmse,4.839634791561708,20130,13,
22482_quality_phase_x_heater,22482/normal/no_AHON_AHOF_60min,3,0,temperature,bias,-4.629925241761632,20130,13,
22482_quality_phase_x_heater,22482/normal/no_AHON_AHOF_60min,3,0,humidity,mae,11.058763238928252,20130,13,
22482_quality_phase_x_heater,22482/normal/no_AHON_AHOF_60min,3,0,humidity,rmse,13.212467391343818,20130,13,
22482_quality_phase_x_heater,22482/normal/no_AHON_AHOF_60min,3,0,humidity,bias,-7.823559556489667,20130,13,
22482_quality_phase_x_heater,22482/normal/no_AHON_AHOF_60min,3,1,temperature,mae,4.552969761288534,20130,13,
22482_quality_phase_x_heater,22482/normal/no_AHON_AHOF_60min,3,1,temperature,rmse,4.7850654536866974,20130,13,
22482_quality_phase_x_heater,22482/normal/no_AHON_AHOF_60min,3,1,temperature,bias,-4.5527408741472755,20130,13,
22482_quality_phase_x_heater,22482/normal/no_AHON_AHOF_60min,3,1,humidity,mae,11.528798665015449,20130,13,
22482_quality_phase_x_heater,22482/normal/no_AHON_AHOF_60min,3,1,humidity,rmse,13.779047320984708,20130,13,
22482_quality_phase_x_heater,22482/normal/no_AHON_AHOF_60min,3,1,humidity,bias,-8.289854886476435,20130,13,
22482_quality_phase_x_heater,22482/normal/no_AHON_AHOF_60min,3,2,temperature,mae,4.195740746833579,20130,13,
22482_quality_phase_x_heater,22482/normal/no_AHON_AHOF_60min,3,2,temperature,rmse,4.498904072133675,20130,13,
22482_quality_phase_x_heater,22482/normal/no_AHON_AHOF_60min,3,2,temperature,bias,-4.1916061063878,20130,13,
22482_quality_phase_x_heater,22482/normal/no_AHON_AHOF_60min,3,2,humidity,mae,11.02081341439705,20130,13,
22482_quality_phase_x_heater,22482/normal/no_AHON_AHOF_60min,3,2,humidity,rmse,13.543552249001156,20130,13,
22482_quality_phase_x_heater,22482/normal/no_AHON_AHOF_60min,3,2,humidity,bias,-5.188130809573339,20130,13,
22482_quality_phase_x_heater,22482/normal/no_AHON_AHOF_60min,7,0,temperature,mae,3.23428151326359,20130,13,
22482_quality_phase_x_heater,22482/normal/no_AHON_AHOF_60min,7,0,temperature,rmse,3.4878196823941754,20130,13,
22482_quality_phase_x_heater,22482/normal/no_AHON_AHOF_60min,7,0,temperature,bias,-3.2178772049024875,20130,13,
22482_quality_phase_x_heater,22482/normal/no_AHON_AHOF_60min,7,0,humidity,mae,9.926632926836607,20130,13,
22482_quality_phase_x_heater,22482/normal/no_AHON_AHOF_60min,7,0,humidity,rmse,13.007822485094975,20130,13,
22482_quality_phase_x_heater,22482/normal/no_AHON_AHOF_60min,7,0,humidity,bias,8.040796761121198,20130,13,
22482_quality_phase_x_heater,22482/normal/no_AHON_AHOF_60min,7,1,temperature,mae,3.3786286379438217,20130,13,
22482_quality_phase_x_heater,22482/normal/no_AHON_AHOF_60min,7,1,temperature,rmse,3.6288149038475845,20130,13,
22482_quality_phase_x_heater,22482/normal/no_AHON_AHOF_60min,7,1,temperature,bias,-3.363252558079419,20130,13,
22482_quality_phase_x_heater,22482/normal/no_AHON_AHOF_60min,7,1,humidity,mae,9.210461765341744,20130,13,
22482_quality_phase_x_heater,22482/normal/no_AHON_AHOF_60min,7,1,humidity,rmse,12.181241898274523,20130,13,
22482_quality_phase_x_heater,22482/normal/no_AHON_AHOF_60min,7,1,humidity,bias,6.7180121424090915,20130,13,
22482_quality_phase_x_heater,22482/normal/no_AHON_AHOF_60min,7,2,temperature,mae,3.396990062471706,20130,13,
22482_quality_phase_x_heater,22482/normal/no_AHON_AHOF_60min,7,2,temperature,rmse,3.6636456108905864,20130,13,
22482_quality_phase_x_heater,22482/normal/no_AHON_AHOF_60min,7,2,temperature,bias,-3.3857498138094666,20130,13,
22482_quality_phase_x_heater,22482/normal/no_AHON_AHOF_60min,7,2,humidity,mae,9.968245135673635,20130,13,
22482_quality_phase_x_heater,22482/normal/no_AHON_AHOF_60min,7,2,humidity,rmse,13.135717810692878,20130,13,
22482_quality_phase_x_heater,22482/normal/no_AHON_AHOF_60min,7,2,humidity,bias,6.463020737159961,20130,13,
22482_quality_phase_x_heater,22482/normal/no_AHON_AHOF_60min,14,0,temperature,mae,2.4018973811614606,20130,13,
22482_quality_phase_x_heater,22482/normal/no_AHON_AHOF_60min,14,0,temperature,rmse,2.742588451336704,20130,13,
22482_quality_phase_x_heater,22482/normal/no_AHON_AHOF_60min,14,0,temperature,bias,-2.357876764861276,20130,13,
22482_quality_phase_x_heater,22482/normal/no_AHON_AHOF_60min,14,0,humidity,mae,8.564315128314657,20130,13,
22482_quality_phase_x_heater,22482/normal/no_AHON_AHOF_60min,14,0,humidity,rmse,11.302216497225569,20130,13,
22482_quality_phase_x_heater,22482/normal/no_AHON_AHOF_60min,14,0,humidity,bias,4.0944935896238075,20130,13,
22482_quality_phase_x_heater,22482/normal/no_AHON_AHOF_60min,14,1,temperature,mae,2.4077956166457213,20130,13,
22482_quality_phase_x_heater,22482/normal/no_AHON_AHOF_60min,14,1,temperature,rmse,2.7750276114526975,20130,13,
22482_quality_phase_x_heater,22482/normal/no_AHON_AHOF_60min,14,1,temperature,bias,-2.3555238093630035,20130,13,
22482_quality_phase_x_heater,22482/normal/no_AHON_AHOF_60min,14,1,humidity,mae,8.730858374147125,20130,13,
22482_quality_phase_x_heater,22482/normal/no_AHON_AHOF_60min,14,1,humidity,rmse,11.447665290620288,20130,13,
22482_quality_phase_x_heater,22482/normal/no_AHON_AHOF_60min,14,1,humidity,bias,4.529955011925099,20130,13,
22482_quality_phase_x_heater,22482/normal/no_AHON_AHOF_60min,14,2,temperature,mae,2.5526940416412995,20130,13,
22482_quality_phase_x_heater,22482/normal/no_AHON_AHOF_60min,14,2,temperature,rmse,2.876445837717812,20130,13,
22482_quality_phase_x_heater,22482/normal/no_AHON_AHOF_60min,14,2,temperature,bias,-2.5137401386181284,20130,13,
22482_quality_phase_x_heater,22482/normal/no_AHON_AHOF_60min,14,2,humidity,mae,8.390006955298068,20130,13,
22482_quality_phase_x_heater,22482/normal/no_AHON_AHOF_60min,14,2,humidity,rmse,11.165661921115625,20130,13,
22482_quality_phase_x_heater,22482/normal/no_AHON_AHOF_60min,14,2,humidity,bias,3.461507086761293,20130,13,
22482_quality_phase,22482/p1_response_shift,0,0,temperature,mae,5.564575231630371,33677,21,
22482_quality_phase,22482/p1_response_shift,0,0,temperature,rmse,5.7465147713423725,33677,21,
22482_quality_phase,22482/p1_response_shift,0,0,temperature,bias,-5.564575231630371,33677,21,
22482_quality_phase,22482/p1_response_shift,0,0,humidity,mae,26.117090912524038,33677,21,
22482_quality_phase,22482/p1_response_shift,0,0,humidity,rmse,31.107578067500576,33677,21,
22482_quality_phase,22482/p1_response_shift,0,0,humidity,bias,-24.82261592443883,33677,21,
22482_quality_phase,22482/p1_response_shift,0,1,temperature,mae,5.657985424442255,33677,21,
22482_quality_phase,22482/p1_response_shift,0,1,temperature,rmse,5.828068589781824,33677,21,
22482_quality_phase,22482/p1_response_shift,0,1,temperature,bias,-5.657985424442255,33677,21,
22482_quality_phase,22482/p1_response_shift,0,1,humidity,mae,26.078265374171167,33677,21,
22482_quality_phase,22482/p1_response_shift,0,1,humidity,rmse,31.116191960490003,33677,21,
22482_quality_phase,22482/p1_response_shift,0,1,humidity,bias,-24.804599754611168,33677,21,
22482_quality_phase,22482/p1_response_shift,0,2,temperature,mae,5.735185065007843,33677,21,
22482_quality_phase,22482/p1_response_shift,0,2,temperature,rmse,5.9158641005002774,33677,21,
22482_quality_phase,22482/p1_response_shift,0,2,temperature,bias,-5.735185065007843,33677,21,
22482_quality_phase,22482/p1_response_shift,0,2,humidity,mae,27.003222442360943,33677,21,
22482_quality_phase,22482/p1_response_shift,0,2,humidity,rmse,32.08129561501525,33677,21,
22482_quality_phase,22482/p1_response_shift,0,2,humidity,bias,-26.018709061302836,33677,21,
22482_quality_phase,22482/p1_response_shift,1,0,temperature,mae,4.873804792073789,33677,21,
22482_quality_phase,22482/p1_response_shift,1,0,temperature,rmse,5.0671534898445065,33677,21,
22482_quality_phase,22482/p1_response_shift,1,0,temperature,bias,-4.873804792073789,33677,21,
22482_quality_phase,22482/p1_response_shift,1,0,humidity,mae,22.094128942219186,33677,21,
22482_quality_phase,22482/p1_response_shift,1,0,humidity,rmse,26.253801403728943,33677,21,
22482_quality_phase,22482/p1_response_shift,1,0,humidity,bias,-18.577010747841108,33677,21,
22482_quality_phase,22482/p1_response_shift,1,1,temperature,mae,4.854563328679738,33677,21,
22482_quality_phase,22482/p1_response_shift,1,1,temperature,rmse,5.049132893460486,33677,21,
22482_quality_phase,22482/p1_response_shift,1,1,temperature,bias,-4.854563328679738,33677,21,
22482_quality_phase,22482/p1_response_shift,1,1,humidity,mae,21.75582085454213,33677,21,
22482_quality_phase,22482/p1_response_shift,1,1,humidity,rmse,25.85249175041868,33677,21,
22482_quality_phase,22482/p1_response_shift,1,1,humidity,bias,-18.15250788000601,33677,21,
22482_quality_phase,22482/p1_response_shift,1,2,temperature,mae,4.972998639070849,33677,21,
22482_quality_phase,22482/p1_response_shift,1,2,temperature,rmse,5.1734509818603,33677,21,
22482_quality_phase,22482/p1_response_shift,1,2,temperature,bias,-4.972998639070849,33677,21,
22482_quality_phase,22482/p1_response_shift,1,2,humidity,mae,22.702128782652043,33677,21,
22482_quality_phase,22482/p1_response_shift,1,2,humidity,rmse,27.096267298030433,33677,21,
22482_quality_phase,22482/p1_response_shift,1,2,humidity,bias,-19.60268902322448,33677,21,
22482_quality_phase,22482/p1_response_shift,3,0,temperature,mae,3.5398419352516486,33677,21,
22482_quality_phase,22482/p1_response_shift,3,0,temperature,rmse,3.815169130286103,33677,21,
22482_quality_phase,22482/p1_response_shift,3,0,temperature,bias,-3.5394398145298323,33677,21,
22482_quality_phase,22482/p1_response_shift,3,0,humidity,mae,17.563770358043385,33677,21,
22482_quality_phase,22482/p1_response_shift,3,0,humidity,rmse,19.087639162088532,33677,21,
22482_quality_phase,22482/p1_response_shift,3,0,humidity,bias,-5.445876432834376,33677,21,
22482_quality_phase,22482/p1_response_shift,3,1,temperature,mae,3.423389866033429,33677,21,
22482_quality_phase,22482/p1_response_shift,3,1,temperature,rmse,3.700918538563449,33677,21,
22482_quality_phase,22482/p1_response_shift,3,1,temperature,bias,-3.4228898972958253,33677,21,
22482_quality_phase,22482/p1_response_shift,3,1,humidity,mae,17.806403894724706,33677,21,
22482_quality_phase,22482/p1_response_shift,3,1,humidity,rmse,19.352914422921906,33677,21,
22482_quality_phase,22482/p1_response_shift,3,1,humidity,bias,-5.882106936064664,33677,21,
22482_quality_phase,22482/p1_response_shift,3,2,temperature,mae,2.8352799131168576,33677,21,
22482_quality_phase,22482/p1_response_shift,3,2,temperature,rmse,3.192622792284692,33677,21,
22482_quality_phase,22482/p1_response_shift,3,2,temperature,bias,-2.80636370581678,33677,21,
22482_quality_phase,22482/p1_response_shift,3,2,humidity,mae,16.943069115567884,33677,21,
22482_quality_phase,22482/p1_response_shift,3,2,humidity,rmse,19.047766476728754,33677,21,
22482_quality_phase,22482/p1_response_shift,3,2,humidity,bias,-1.2673870149299187,33677,21,
22482_quality_phase,22482/p1_response_shift,7,0,temperature,mae,2.3266530741970826,33677,21,
22482_quality_phase,22482/p1_response_shift,7,0,temperature,rmse,2.7023525485177218,33677,21,
22482_quality_phase,22482/p1_response_shift,7,0,temperature,bias,-2.284590351933437,33677,21,
22482_quality_phase,22482/p1_response_shift,7,0,humidity,mae,15.499169699390423,33677,21,
22482_quality_phase,22482/p1_response_shift,7,0,humidity,rmse,20.396918668574873,33677,21,
22482_quality_phase,22482/p1_response_shift,7,0,humidity,bias,9.450639800943996,33677,21,
22482_quality_phase,22482/p1_response_shift,7,1,temperature,mae,2.405343387352558,33677,21,
22482_quality_phase,22482/p1_response_shift,7,1,temperature,rmse,2.766094001397742,33677,21,
22482_quality_phase,22482/p1_response_shift,7,1,temperature,bias,-2.385261327150887,33677,21,
22482_quality_phase,22482/p1_response_shift,7,1,humidity,mae,15.428191275370617,33677,21,
22482_quality_phase,22482/p1_response_shift,7,1,humidity,rmse,19.972002853572363,33677,21,
22482_quality_phase,22482/p1_response_shift,7,1,humidity,bias,8.0790779158263,33677,21,
22482_quality_phase,22482/p1_response_shift,7,2,temperature,mae,2.365808235528438,33677,21,
22482_quality_phase,22482/p1_response_shift,7,2,temperature,rmse,2.7344798286205023,33677,21,
22482_quality_phase,22482/p1_response_shift,7,2,temperature,bias,-2.306320812379111,33677,21,
22482_quality_phase,22482/p1_response_shift,7,2,humidity,mae,16.051018803195696,33677,21,
22482_quality_phase,22482/p1_response_shift,7,2,humidity,rmse,20.227698524011394,33677,21,
22482_quality_phase,22482/p1_response_shift,7,2,humidity,bias,7.6747047644966955,33677,21,
22482_quality_phase,22482/p1_response_shift,14,0,temperature,mae,1.8129441995484359,33677,21,
22482_quality_phase,22482/p1_response_shift,14,0,temperature,rmse,2.1898175109807636,33677,21,
22482_quality_phase,22482/p1_response_shift,14,0,temperature,bias,-1.6450943356796597,33677,21,
22482_quality_phase,22482/p1_response_shift,14,0,humidity,mae,15.411280354575286,33677,21,
22482_quality_phase,22482/p1_response_shift,14,0,humidity,rmse,18.321700791192722,33677,21,
22482_quality_phase,22482/p1_response_shift,14,0,humidity,bias,4.004873159669495,33677,21,
22482_quality_phase,22482/p1_response_shift,14,1,temperature,mae,1.850617141389654,33677,21,
22482_quality_phase,22482/p1_response_shift,14,1,temperature,rmse,2.2267664566782583,33677,21,
22482_quality_phase,22482/p1_response_shift,14,1,temperature,bias,-1.7178361663946282,33677,21,
22482_quality_phase,22482/p1_response_shift,14,1,humidity,mae,15.641927061140773,33677,21,
22482_quality_phase,22482/p1_response_shift,14,1,humidity,rmse,18.55153712500349,33677,21,
22482_quality_phase,22482/p1_response_shift,14,1,humidity,bias,4.056940829726111,33677,21,
22482_quality_phase,22482/p1_response_shift,14,2,temperature,mae,1.8625322370357353,33677,21,
22482_quality_phase,22482/p1_response_shift,14,2,temperature,rmse,2.2403963813278045,33677,21,
22482_quality_phase,22482/p1_response_shift,14,2,temperature,bias,-1.7182592178083589,33677,21,
22482_quality_phase,22482/p1_response_shift,14,2,humidity,mae,15.571452333847324,33677,21,
22482_quality_phase,22482/p1_response_shift,14,2,humidity,rmse,18.37190158111338,33677,21,
22482_quality_phase,22482/p1_response_shift,14,2,humidity,bias,3.4988515925188435,33677,21,
22482_quality_phase_x_heater,22482/p1_response_shift/after_AHON_60min,0,0,temperature,mae,5.874116196915374,8,7,
22482_quality_phase_x_heater,22482/p1_response_shift/after_AHON_60min,0,0,temperature,rmse,6.10286540286852,8,7,
22482_quality_phase_x_heater,22482/p1_response_shift/after_AHON_60min,0,0,temperature,bias,-5.874116196915374,8,7,
22482_quality_phase_x_heater,22482/p1_response_shift/after_AHON_60min,0,0,humidity,mae,35.97075279051894,8,7,
22482_quality_phase_x_heater,22482/p1_response_shift/after_AHON_60min,0,0,humidity,rmse,39.194339515827416,8,7,
22482_quality_phase_x_heater,22482/p1_response_shift/after_AHON_60min,0,0,humidity,bias,-35.97075279051894,8,7,
22482_quality_phase_x_heater,22482/p1_response_shift/after_AHON_60min,0,1,temperature,mae,6.045574025792611,8,7,
22482_quality_phase_x_heater,22482/p1_response_shift/after_AHON_60min,0,1,temperature,rmse,6.25268569086839,8,7,
22482_quality_phase_x_heater,22482/p1_response_shift/after_AHON_60min,0,1,temperature,bias,-6.045574025792611,8,7,
22482_quality_phase_x_heater,22482/p1_response_shift/after_AHON_60min,0,1,humidity,mae,35.124104831588,8,7,
22482_quality_phase_x_heater,22482/p1_response_shift/after_AHON_60min,0,1,humidity,rmse,38.84584116501284,8,7,
22482_quality_phase_x_heater,22482/p1_response_shift/after_AHON_60min,0,1,humidity,bias,-35.124104831588,8,7,
22482_quality_phase_x_heater,22482/p1_response_shift/after_AHON_60min,0,2,temperature,mae,6.0329645558935034,8,7,
22482_quality_phase_x_heater,22482/p1_response_shift/after_AHON_60min,0,2,temperature,rmse,6.292895953282751,8,7,
22482_quality_phase_x_heater,22482/p1_response_shift/after_AHON_60min,0,2,temperature,bias,-6.0329645558935034,8,7,
22482_quality_phase_x_heater,22482/p1_response_shift/after_AHON_60min,0,2,humidity,mae,37.180503228372245,8,7,
22482_quality_phase_x_heater,22482/p1_response_shift/after_AHON_60min,0,2,humidity,rmse,40.33152759834598,8,7,
22482_quality_phase_x_heater,22482/p1_response_shift/after_AHON_60min,0,2,humidity,bias,-37.180503228372245,8,7,
22482_quality_phase_x_heater,22482/p1_response_shift/after_AHON_60min,1,0,temperature,mae,5.319168546652049,8,7,
22482_quality_phase_x_heater,22482/p1_response_shift/after_AHON_60min,1,0,temperature,rmse,5.564227080360457,8,7,
22482_quality_phase_x_heater,22482/p1_response_shift/after_AHON_60min,1,0,temperature,bias,-5.319168546652049,8,7,
22482_quality_phase_x_heater,22482/p1_response_shift/after_AHON_60min,1,0,humidity,mae,29.88278699714584,8,7,
22482_quality_phase_x_heater,22482/p1_response_shift/after_AHON_60min,1,0,humidity,rmse,33.35316880341856,8,7,
22482_quality_phase_x_heater,22482/p1_response_shift/after_AHON_60min,1,0,humidity,bias,-29.23053999237385,8,7,
22482_quality_phase_x_heater,22482/p1_response_shift/after_AHON_60min,1,1,temperature,mae,5.2160800419654,8,7,
22482_quality_phase_x_heater,22482/p1_response_shift/after_AHON_60min,1,1,temperature,rmse,5.477483037389471,8,7,
22482_quality_phase_x_heater,22482/p1_response_shift/after_AHON_60min,1,1,temperature,bias,-5.2160800419654,8,7,
22482_quality_phase_x_heater,22482/p1_response_shift/after_AHON_60min,1,1,humidity,mae,28.578099131788022,8,7,
22482_quality_phase_x_heater,22482/p1_response_shift/after_AHON_60min,1,1,humidity,rmse,31.34769338223348,8,7,
22482_quality_phase_x_heater,22482/p1_response_shift/after_AHON_60min,1,1,humidity,bias,-27.216895934933646,8,7,
22482_quality_phase_x_heater,22482/p1_response_shift/after_AHON_60min,1,2,temperature,mae,5.517832108758569,8,7,
22482_quality_phase_x_heater,22482/p1_response_shift/after_AHON_60min,1,2,temperature,rmse,5.769213332994231,8,7,
22482_quality_phase_x_heater,22482/p1_response_shift/after_AHON_60min,1,2,temperature,bias,-5.517832108758569,8,7,
22482_quality_phase_x_heater,22482/p1_response_shift/after_AHON_60min,1,2,humidity,mae,30.731896480648565,8,7,
22482_quality_phase_x_heater,22482/p1_response_shift/after_AHON_60min,1,2,humidity,rmse,34.16416578516256,8,7,
22482_quality_phase_x_heater,22482/p1_response_shift/after_AHON_60min,1,2,humidity,bias,-30.257361568567575,8,7,
22482_quality_phase_x_heater,22482/p1_response_shift/after_AHON_60min,3,0,temperature,mae,3.975009853654877,8,7,
22482_quality_phase_x_heater,22482/p1_response_shift/after_AHON_60min,3,0,temperature,rmse,4.311059398864288,8,7,
22482_quality_phase_x_heater,22482/p1_response_shift/after_AHON_60min,3,0,temperature,bias,-3.975009853654877,8,7,
22482_quality_phase_x_heater,22482/p1_response_shift/after_AHON_60min,3,0,humidity,mae,19.68127115232511,8,7,
22482_quality_phase_x_heater,22482/p1_response_shift/after_AHON_60min,3,0,humidity,rmse,22.008856345414838,8,7,
22482_quality_phase_x_heater,22482/p1_response_shift/after_AHON_60min,3,0,humidity,bias,-15.581402833226912,8,7,
22482_quality_phase_x_heater,22482/p1_response_shift/after_AHON_60min,3,1,temperature,mae,3.8177749322618304,8,7,
22482_quality_phase_x_heater,22482/p1_response_shift/after_AHON_60min,3,1,temperature,rmse,4.172454664457564,8,7,
22482_quality_phase_x_heater,22482/p1_response_shift/after_AHON_60min,3,1,temperature,bias,-3.8177749322618304,8,7,
22482_quality_phase_x_heater,22482/p1_response_shift/after_AHON_60min,3,1,humidity,mae,19.556306942629174,8,7,
22482_quality_phase_x_heater,22482/p1_response_shift/after_AHON_60min,3,1,humidity,rmse,21.69422069019188,8,7,
22482_quality_phase_x_heater,22482/p1_response_shift/after_AHON_60min,3,1,humidity,bias,-15.062911056683788,8,7,
22482_quality_phase_x_heater,22482/p1_response_shift/after_AHON_60min,3,2,temperature,mae,3.4596645075337347,8,7,
22482_quality_phase_x_heater,22482/p1_response_shift/after_AHON_60min,3,2,temperature,rmse,3.870476775287132,8,7,
22482_quality_phase_x_heater,22482/p1_response_shift/after_AHON_60min,3,2,temperature,bias,-3.4596645075337347,8,7,
22482_quality_phase_x_heater,22482/p1_response_shift/after_AHON_60min,3,2,humidity,mae,18.142469430053314,8,7,
22482_quality_phase_x_heater,22482/p1_response_shift/after_AHON_60min,3,2,humidity,rmse,20.36846213188269,8,7,
22482_quality_phase_x_heater,22482/p1_response_shift/after_AHON_60min,3,2,humidity,bias,-12.945778734799784,8,7,
22482_quality_phase_x_heater,22482/p1_response_shift/after_AHON_60min,7,0,temperature,mae,2.7797492458433513,8,7,
22482_quality_phase_x_heater,22482/p1_response_shift/after_AHON_60min,7,0,temperature,rmse,3.265615838797805,8,7,
22482_quality_phase_x_heater,22482/p1_response_shift/after_AHON_60min,7,0,temperature,bias,-2.7797492458433513,8,7,
22482_quality_phase_x_heater,22482/p1_response_shift/after_AHON_60min,7,0,humidity,mae,11.965829878917525,8,7,
22482_quality_phase_x_heater,22482/p1_response_shift/after_AHON_60min,7,0,humidity,rmse,15.268080844788964,8,7,
22482_quality_phase_x_heater,22482/p1_response_shift/after_AHON_60min,7,0,humidity,bias,-1.0229314534825065,8,7,
22482_quality_phase_x_heater,22482/p1_response_shift/after_AHON_60min,7,1,temperature,mae,2.783921028704268,8,7,
22482_quality_phase_x_heater,22482/p1_response_shift/after_AHON_60min,7,1,temperature,rmse,3.2516251538088117,8,7,
22482_quality_phase_x_heater,22482/p1_response_shift/after_AHON_60min,7,1,temperature,bias,-2.783921028704268,8,7,
22482_quality_phase_x_heater,22482/p1_response_shift/after_AHON_60min,7,1,humidity,mae,12.108996305275106,8,7,
22482_quality_phase_x_heater,22482/p1_response_shift/after_AHON_60min,7,1,humidity,rmse,15.561592569357998,8,7,
22482_quality_phase_x_heater,22482/p1_response_shift/after_AHON_60min,7,1,humidity,bias,-1.3974697188250644,8,7,
22482_quality_phase_x_heater,22482/p1_response_shift/after_AHON_60min,7,2,temperature,mae,2.908887147465947,8,7,
22482_quality_phase_x_heater,22482/p1_response_shift/after_AHON_60min,7,2,temperature,rmse,3.3806752864033984,8,7,
22482_quality_phase_x_heater,22482/p1_response_shift/after_AHON_60min,7,2,temperature,bias,-2.908887147465947,8,7,
22482_quality_phase_x_heater,22482/p1_response_shift/after_AHON_60min,7,2,humidity,mae,13.32650082217275,8,7,
22482_quality_phase_x_heater,22482/p1_response_shift/after_AHON_60min,7,2,humidity,rmse,16.13901710994342,8,7,
22482_quality_phase_x_heater,22482/p1_response_shift/after_AHON_60min,7,2,humidity,bias,-3.925451190207946,8,7,
22482_quality_phase_x_heater,22482/p1_response_shift/after_AHON_60min,14,0,temperature,mae,2.2151572898646887,8,7,
22482_quality_phase_x_heater,22482/p1_response_shift/after_AHON_60min,14,0,temperature,rmse,2.7463094006701283,8,7,
22482_quality_phase_x_heater,22482/p1_response_shift/after_AHON_60min,14,0,temperature,bias,-2.0832607723199303,8,7,
22482_quality_phase_x_heater,22482/p1_response_shift/after_AHON_60min,14,0,humidity,mae,13.658797042999923,8,7,
22482_quality_phase_x_heater,22482/p1_response_shift/after_AHON_60min,14,0,humidity,rmse,16.162296702909785,8,7,
22482_quality_phase_x_heater,22482/p1_response_shift/after_AHON_60min,14,0,humidity,bias,-5.653054158035266,8,7,
22482_quality_phase_x_heater,22482/p1_response_shift/after_AHON_60min,14,1,temperature,mae,2.282743236143854,8,7,
22482_quality_phase_x_heater,22482/p1_response_shift/after_AHON_60min,14,1,temperature,rmse,2.761503481559475,8,7,
22482_quality_phase_x_heater,22482/p1_response_shift/after_AHON_60min,14,1,temperature,bias,-2.166976909724115,8,7,
22482_quality_phase_x_heater,22482/p1_response_shift/after_AHON_60min,14,1,humidity,mae,13.74515893414696,8,7,
22482_quality_phase_x_heater,22482/p1_response_shift/after_AHON_60min,14,1,humidity,rmse,16.31159138812733,8,7,
22482_quality_phase_x_heater,22482/p1_response_shift/after_AHON_60min,14,1,humidity,bias,-5.5185136436965925,8,7,
22482_quality_phase_x_heater,22482/p1_response_shift/after_AHON_60min,14,2,temperature,mae,2.3215589124214877,8,7,
22482_quality_phase_x_heater,22482/p1_response_shift/after_AHON_60min,14,2,temperature,rmse,2.7969096596126417,8,7,
22482_quality_phase_x_heater,22482/p1_response_shift/after_AHON_60min,14,2,temperature,bias,-2.1934658539607788,8,7,
22482_quality_phase_x_heater,22482/p1_response_shift/after_AHON_60min,14,2,humidity,mae,14.081520294174934,8,7,
22482_quality_phase_x_heater,22482/p1_response_shift/after_AHON_60min,14,2,humidity,rmse,16.49619545199233,8,7,
22482_quality_phase_x_heater,22482/p1_response_shift/after_AHON_60min,14,2,humidity,bias,-6.293829351612032,8,7,
22482_quality_phase_x_heater,22482/p1_response_shift/after_AHOF_60min,0,0,temperature,mae,4.856138541606211,5467,19,
22482_quality_phase_x_heater,22482/p1_response_shift/after_AHOF_60min,0,0,temperature,rmse,5.119108129115076,5467,19,
22482_quality_phase_x_heater,22482/p1_response_shift/after_AHOF_60min,0,0,temperature,bias,-4.856138541606211,5467,19,
22482_quality_phase_x_heater,22482/p1_response_shift/after_AHOF_60min,0,0,humidity,mae,29.492819093005902,5467,19,
22482_quality_phase_x_heater,22482/p1_response_shift/after_AHOF_60min,0,0,humidity,rmse,34.18326367941835,5467,19,
22482_quality_phase_x_heater,22482/p1_response_shift/after_AHOF_60min,0,0,humidity,bias,-28.75599483048493,5467,19,
22482_quality_phase_x_heater,22482/p1_response_shift/after_AHOF_60min,0,1,temperature,mae,5.014957548835541,5467,19,
22482_quality_phase_x_heater,22482/p1_response_shift/after_AHOF_60min,0,1,temperature,rmse,5.253012674667957,5467,19,
22482_quality_phase_x_heater,22482/p1_response_shift/after_AHOF_60min,0,1,temperature,bias,-5.014957548835541,5467,19,
22482_quality_phase_x_heater,22482/p1_response_shift/after_AHOF_60min,0,1,humidity,mae,29.26493077990942,5467,19,
22482_quality_phase_x_heater,22482/p1_response_shift/after_AHOF_60min,0,1,humidity,rmse,33.92072048103617,5467,19,
22482_quality_phase_x_heater,22482/p1_response_shift/after_AHOF_60min,0,1,humidity,bias,-28.55560024140428,5467,19,
22482_quality_phase_x_heater,22482/p1_response_shift/after_AHOF_60min,0,2,temperature,mae,5.011127405093226,5467,19,
22482_quality_phase_x_heater,22482/p1_response_shift/after_AHOF_60min,0,2,temperature,rmse,5.2680238995923,5467,19,
22482_quality_phase_x_heater,22482/p1_response_shift/after_AHOF_60min,0,2,temperature,bias,-5.011127405093226,5467,19,
22482_quality_phase_x_heater,22482/p1_response_shift/after_AHOF_60min,0,2,humidity,mae,30.555635749474902,5467,19,
22482_quality_phase_x_heater,22482/p1_response_shift/after_AHOF_60min,0,2,humidity,rmse,35.23624384869962,5467,19,
22482_quality_phase_x_heater,22482/p1_response_shift/after_AHOF_60min,0,2,humidity,bias,-30.07339901597738,5467,19,
22482_quality_phase_x_heater,22482/p1_response_shift/after_AHOF_60min,1,0,temperature,mae,4.221469713418548,5467,19,
22482_quality_phase_x_heater,22482/p1_response_shift/after_AHOF_60min,1,0,temperature,rmse,4.492086580220408,5467,19,
22482_quality_phase_x_heater,22482/p1_response_shift/after_AHOF_60min,1,0,temperature,bias,-4.221469713418548,5467,19,
22482_quality_phase_x_heater,22482/p1_response_shift/after_AHOF_60min,1,0,humidity,mae,24.684430130577955,5467,19,
22482_quality_phase_x_heater,22482/p1_response_shift/after_AHOF_60min,1,0,humidity,rmse,29.11553184621423,5467,19,
22482_quality_phase_x_heater,22482/p1_response_shift/after_AHOF_60min,1,0,humidity,bias,-22.524502188328483,5467,19,
22482_quality_phase_x_heater,22482/p1_response_shift/after_AHOF_60min,1,1,temperature,mae,4.184370432561051,5467,19,
22482_quality_phase_x_heater,22482/p1_response_shift/after_AHOF_60min,1,1,temperature,rmse,4.4691158301585805,5467,19,
22482_quality_phase_x_heater,22482/p1_response_shift/after_AHOF_60min,1,1,temperature,bias,-4.184370432561051,5467,19,
22482_quality_phase_x_heater,22482/p1_response_shift/after_AHOF_60min,1,1,humidity,mae,23.53911727239695,5467,19,
22482_quality_phase_x_heater,22482/p1_response_shift/after_AHOF_60min,1,1,humidity,rmse,28.003615001841087,5467,19,
22482_quality_phase_x_heater,22482/p1_response_shift/after_AHOF_60min,1,1,humidity,bias,-21.48214294797446,5467,19,
22482_quality_phase_x_heater,22482/p1_response_shift/after_AHOF_60min,1,2,temperature,mae,4.330649889331583,5467,19,
22482_quality_phase_x_heater,22482/p1_response_shift/after_AHOF_60min,1,2,temperature,rmse,4.611554286568984,5467,19,
22482_quality_phase_x_heater,22482/p1_response_shift/after_AHOF_60min,1,2,temperature,bias,-4.330649889331583,5467,19,
22482_quality_phase_x_heater,22482/p1_response_shift/after_AHOF_60min,1,2,humidity,mae,25.45072070507995,5467,19,
22482_quality_phase_x_heater,22482/p1_response_shift/after_AHOF_60min,1,2,humidity,rmse,29.924911947267628,5467,19,
22482_quality_phase_x_heater,22482/p1_response_shift/after_AHOF_60min,1,2,humidity,bias,-23.527315456140673,5467,19,
22482_quality_phase_x_heater,22482/p1_response_shift/after_AHOF_60min,3,0,temperature,mae,2.845177394178496,5467,19,
22482_quality_phase_x_heater,22482/p1_response_shift/after_AHOF_60min,3,0,temperature,rmse,3.2491141697568047,5467,19,
22482_quality_phase_x_heater,22482/p1_response_shift/after_AHOF_60min,3,0,temperature,bias,-2.842700309936937,5467,19,
22482_quality_phase_x_heater,22482/p1_response_shift/after_AHOF_60min,3,0,humidity,mae,19.00594171194001,5467,19,
22482_quality_phase_x_heater,22482/p1_response_shift/after_AHOF_60min,3,0,humidity,rmse,20.34721743274878,5467,19,
22482_quality_phase_x_heater,22482/p1_response_shift/after_AHOF_60min,3,0,humidity,bias,-8.81176539647582,5467,19,
22482_quality_phase_x_heater,22482/p1_response_shift/after_AHOF_60min,3,1,temperature,mae,2.740686231424311,5467,19,
22482_quality_phase_x_heater,22482/p1_response_shift/after_AHOF_60min,3,1,temperature,rmse,3.1637746450466047,5467,19,
22482_quality_phase_x_heater,22482/p1_response_shift/after_AHOF_60min,3,1,temperature,bias,-2.7377680873513763,5467,19,
22482_quality_phase_x_heater,22482/p1_response_shift/after_AHOF_60min,3,1,humidity,mae,18.899512511834807,5467,19,
22482_quality_phase_x_heater,22482/p1_response_shift/after_AHOF_60min,3,1,humidity,rmse,20.2607748968944,5467,19,
22482_quality_phase_x_heater,22482/p1_response_shift/after_AHOF_60min,3,1,humidity,bias,-9.080201097577186,5467,19,
22482_quality_phase_x_heater,22482/p1_response_shift/after_AHOF_60min,3,2,temperature,mae,2.187972949423625,5467,19,
22482_quality_phase_x_heater,22482/p1_response_shift/after_AHOF_60min,3,2,temperature,rmse,2.703069283976151,5467,19,
22482_quality_phase_x_heater,22482/p1_response_shift/after_AHOF_60min,3,2,temperature,bias,-2.1088260213745462,5467,19,
22482_quality_phase_x_heater,22482/p1_response_shift/after_AHOF_60min,3,2,humidity,mae,18.22266720742405,5467,19,
22482_quality_phase_x_heater,22482/p1_response_shift/after_AHOF_60min,3,2,humidity,rmse,19.890056387941954,5467,19,
22482_quality_phase_x_heater,22482/p1_response_shift/after_AHOF_60min,3,2,humidity,bias,-4.778430438930734,5467,19,
22482_quality_phase_x_heater,22482/p1_response_shift/after_AHOF_60min,7,0,temperature,mae,1.6900532540413697,5467,19,
22482_quality_phase_x_heater,22482/p1_response_shift/after_AHOF_60min,7,0,temperature,rmse,2.2290999783937475,5467,19,
22482_quality_phase_x_heater,22482/p1_response_shift/after_AHOF_60min,7,0,temperature,bias,-1.5982250875832666,5467,19,
22482_quality_phase_x_heater,22482/p1_response_shift/after_AHOF_60min,7,0,humidity,mae,15.174430626803309,5467,19,
22482_quality_phase_x_heater,22482/p1_response_shift/after_AHOF_60min,7,0,humidity,rmse,19.406207514198442,5467,19,
22482_quality_phase_x_heater,22482/p1_response_shift/after_AHOF_60min,7,0,humidity,bias,6.017820196804697,5467,19,
22482_quality_phase_x_heater,22482/p1_response_shift/after_AHOF_60min,7,1,temperature,mae,1.7492727663121994,5467,19,
22482_quality_phase_x_heater,22482/p1_response_shift/after_AHOF_60min,7,1,temperature,rmse,2.303128626351224,5467,19,
22482_quality_phase_x_heater,22482/p1_response_shift/after_AHOF_60min,7,1,temperature,bias,-1.7045838782686293,5467,19,
22482_quality_phase_x_heater,22482/p1_response_shift/after_AHOF_60min,7,1,humidity,mae,15.114238822844666,5467,19,
22482_quality_phase_x_heater,22482/p1_response_shift/after_AHOF_60min,7,1,humidity,rmse,18.740429583035443,5467,19,
22482_quality_phase_x_heater,22482/p1_response_shift/after_AHOF_60min,7,1,humidity,bias,4.767038829133887,5467,19,
22482_quality_phase_x_heater,22482/p1_response_shift/after_AHOF_60min,7,2,temperature,mae,1.7638566354495393,5467,19,
22482_quality_phase_x_heater,22482/p1_response_shift/after_AHOF_60min,7,2,temperature,rmse,2.297175130979871,5467,19,
22482_quality_phase_x_heater,22482/p1_response_shift/after_AHOF_60min,7,2,temperature,bias,-1.6292943615844497,5467,19,
22482_quality_phase_x_heater,22482/p1_response_shift/after_AHOF_60min,7,2,humidity,mae,16.124259345959164,5467,19,
22482_quality_phase_x_heater,22482/p1_response_shift/after_AHOF_60min,7,2,humidity,rmse,19.56219412002279,5467,19,
22482_quality_phase_x_heater,22482/p1_response_shift/after_AHOF_60min,7,2,humidity,bias,3.9632574636390276,5467,19,
22482_quality_phase_x_heater,22482/p1_response_shift/after_AHOF_60min,14,0,temperature,mae,1.3319467314423141,5467,19,
22482_quality_phase_x_heater,22482/p1_response_shift/after_AHOF_60min,14,0,temperature,rmse,1.794556600265862,5467,19,
22482_quality_phase_x_heater,22482/p1_response_shift/after_AHOF_60min,14,0,temperature,bias,-1.005252582264409,5467,19,
22482_quality_phase_x_heater,22482/p1_response_shift/after_AHOF_60min,14,0,humidity,mae,16.01607174515124,5467,19,
22482_quality_phase_x_heater,22482/p1_response_shift/after_AHOF_60min,14,0,humidity,rmse,18.022958635651555,5467,19,
22482_quality_phase_x_heater,22482/p1_response_shift/after_AHOF_60min,14,0,humidity,bias,0.34521145922966484,5467,19,
22482_quality_phase_x_heater,22482/p1_response_shift/after_AHOF_60min,14,1,temperature,mae,1.3554795514016593,5467,19,
22482_quality_phase_x_heater,22482/p1_response_shift/after_AHOF_60min,14,1,temperature,rmse,1.8159290698753632,5467,19,
22482_quality_phase_x_heater,22482/p1_response_shift/after_AHOF_60min,14,1,temperature,bias,-1.0824823865354678,5467,19,
22482_quality_phase_x_heater,22482/p1_response_shift/after_AHOF_60min,14,1,humidity,mae,16.029001510351495,5467,19,
22482_quality_phase_x_heater,22482/p1_response_shift/after_AHOF_60min,14,1,humidity,rmse,18.04263375812133,5467,19,
22482_quality_phase_x_heater,22482/p1_response_shift/after_AHOF_60min,14,1,humidity,bias,0.533889715240236,5467,19,
22482_quality_phase_x_heater,22482/p1_response_shift/after_AHOF_60min,14,2,temperature,mae,1.3603548403895815,5467,19,
22482_quality_phase_x_heater,22482/p1_response_shift/after_AHOF_60min,14,2,temperature,rmse,1.8586228854526003,5467,19,
22482_quality_phase_x_heater,22482/p1_response_shift/after_AHOF_60min,14,2,temperature,bias,-1.0449671549102781,5467,19,
22482_quality_phase_x_heater,22482/p1_response_shift/after_AHOF_60min,14,2,humidity,mae,16.265768719251295,5467,19,
22482_quality_phase_x_heater,22482/p1_response_shift/after_AHOF_60min,14,2,humidity,rmse,18.227290511330796,5467,19,
22482_quality_phase_x_heater,22482/p1_response_shift/after_AHOF_60min,14,2,humidity,bias,-0.01387578005228689,5467,19,
22482_quality_phase_x_heater,22482/p1_response_shift/no_AHON_AHOF_60min,0,0,temperature,mae,5.701818939758866,28202,21,
22482_quality_phase_x_heater,22482/p1_response_shift/no_AHON_AHOF_60min,0,0,temperature,rmse,5.860268908733817,28202,21,
22482_quality_phase_x_heater,22482/p1_response_shift/no_AHON_AHOF_60min,0,0,temperature,bias,-5.701818939758866,28202,21,
22482_quality_phase_x_heater,22482/p1_response_shift/no_AHON_AHOF_60min,0,0,humidity,mae,25.45990577467146,28202,21,
22482_quality_phase_x_heater,22482/p1_response_shift/no_AHON_AHOF_60min,0,0,humidity,rmse,30.472808024189394,28202,21,
22482_quality_phase_x_heater,22482/p1_response_shift/no_AHON_AHOF_60min,0,0,humidity,bias,-24.0569621561145,28202,21,
22482_quality_phase_x_heater,22482/p1_response_shift/no_AHON_AHOF_60min,0,1,temperature,mae,5.782527396186497,28202,21,
22482_quality_phase_x_heater,22482/p1_response_shift/no_AHON_AHOF_60min,0,1,temperature,rmse,5.932975383122401,28202,21,
22482_quality_phase_x_heater,22482/p1_response_shift/no_AHON_AHOF_60min,0,1,temperature,bias,-5.782527396186497,28202,21,
22482_quality_phase_x_heater,22482/p1_response_shift/no_AHON_AHOF_60min,0,1,humidity,mae,25.457959492005703,28202,21,
22482_quality_phase_x_heater,22482/p1_response_shift/no_AHON_AHOF_60min,0,1,humidity,rmse,30.54023408339627,28202,21,
22482_quality_phase_x_heater,22482/p1_response_shift/no_AHON_AHOF_60min,0,1,humidity,bias,-24.07453537258458,28202,21,
22482_quality_phase_x_heater,22482/p1_response_shift/no_AHON_AHOF_60min,0,2,temperature,mae,5.875460257931257,28202,21,
22482_quality_phase_x_heater,22482/p1_response_shift/no_AHON_AHOF_60min,0,2,temperature,rmse,6.033296659737116,28202,21,
22482_quality_phase_x_heater,22482/p1_response_shift/no_AHON_AHOF_60min,0,2,temperature,bias,-5.875460257931257,28202,21,
22482_quality_phase_x_heater,22482/p1_response_shift/no_AHON_AHOF_60min,0,2,humidity,mae,26.31169482743008,28202,21,
22482_quality_phase_x_heater,22482/p1_response_shift/no_AHON_AHOF_60min,0,2,humidity,rmse,31.430387006679254,28202,21,
22482_quality_phase_x_heater,22482/p1_response_shift/no_AHON_AHOF_60min,0,2,humidity,bias,-25.229535090111348,28202,21,
22482_quality_phase_x_heater,22482/p1_response_shift/no_AHON_AHOF_60min,1,0,temperature,mae,5.000134590136747,28202,21,
22482_quality_phase_x_heater,22482/p1_response_shift/no_AHON_AHOF_60min,1,0,temperature,rmse,5.171091413114838,28202,21,
22482_quality_phase_x_heater,22482/p1_response_shift/no_AHON_AHOF_60min,1,0,temperature,bias,-5.000134590136747,28202,21,
22482_quality_phase_x_heater,22482/p1_response_shift/no_AHON_AHOF_60min,1,0,humidity,mae,21.58978577998967,28202,21,
22482_quality_phase_x_heater,22482/p1_response_shift/no_AHON_AHOF_60min,1,0,humidity,rmse,25.65981039316813,28202,21,
22482_quality_phase_x_heater,22482/p1_response_shift/no_AHON_AHOF_60min,1,0,humidity,bias,-17.808761547816253,28202,21,
22482_quality_phase_x_heater,22482/p1_response_shift/no_AHON_AHOF_60min,1,1,temperature,mae,4.984378676150647,28202,21,
22482_quality_phase_x_heater,22482/p1_response_shift/no_AHON_AHOF_60min,1,1,temperature,rmse,5.15389841950919,28202,21,
22482_quality_phase_x_heater,22482/p1_response_shift/no_AHON_AHOF_60min,1,1,temperature,bias,-4.984378676150647,28202,21,
22482_quality_phase_x_heater,22482/p1_response_shift/no_AHON_AHOF_60min,1,1,humidity,mae,21.408190908345752,28202,21,
22482_quality_phase_x_heater,22482/p1_response_shift/no_AHON_AHOF_60min,1,1,humidity,rmse,25.412678948278568,28202,21,
22482_quality_phase_x_heater,22482/p1_response_shift/no_AHON_AHOF_60min,1,1,humidity,bias,-17.504481852737626,28202,21,
22482_quality_phase_x_heater,22482/p1_response_shift/no_AHON_AHOF_60min,1,2,temperature,mae,5.09736435593728,28202,21,
22482_quality_phase_x_heater,22482/p1_response_shift/no_AHON_AHOF_60min,1,2,temperature,rmse,5.27527939932982,28202,21,
22482_quality_phase_x_heater,22482/p1_response_shift/no_AHON_AHOF_60min,1,2,temperature,bias,-5.09736435593728,28202,21,
22482_quality_phase_x_heater,22482/p1_response_shift/no_AHON_AHOF_60min,1,2,humidity,mae,22.167032329155933,28202,21,
22482_quality_phase_x_heater,22482/p1_response_shift/no_AHON_AHOF_60min,1,2,humidity,rmse,26.510715860958562,28202,21,
22482_quality_phase_x_heater,22482/p1_response_shift/no_AHON_AHOF_60min,1,2,humidity,bias,-18.838871914894735,28202,21,
22482_quality_phase_x_heater,22482/p1_response_shift/no_AHON_AHOF_60min,3,0,temperature,mae,3.6743802553246816,28202,21,
22482_quality_phase_x_heater,22482/p1_response_shift/no_AHON_AHOF_60min,3,0,temperature,rmse,3.9152957051259496,28202,21,
22482_quality_phase_x_heater,22482/p1_response_shift/no_AHON_AHOF_60min,3,0,temperature,bias,-3.6743802553246816,28202,21,
22482_quality_phase_x_heater,22482/p1_response_shift/no_AHON_AHOF_60min,3,0,humidity,mae,17.283602611142207,28202,21,
22482_quality_phase_x_heater,22482/p1_response_shift/no_AHON_AHOF_60min,3,0,humidity,rmse,18.83281869981333,28202,21,
22482_quality_phase_x_heater,22482/p1_response_shift/no_AHON_AHOF_60min,3,0,humidity,bias,-4.790518686028087,28202,21,
22482_quality_phase_x_heater,22482/p1_response_shift/no_AHON_AHOF_60min,3,1,temperature,mae,3.5556211152312946,28202,21,
22482_quality_phase_x_heater,22482/p1_response_shift/no_AHON_AHOF_60min,3,1,temperature,rmse,3.7961215678315643,28202,21,
22482_quality_phase_x_heater,22482/p1_response_shift/no_AHON_AHOF_60min,3,1,temperature,bias,-3.555589771584407,28202,21,
22482_quality_phase_x_heater,22482/p1_response_shift/no_AHON_AHOF_60min,3,1,humidity,mae,17.594006758559747,28202,21,
22482_quality_phase_x_heater,22482/p1_response_shift/no_AHON_AHOF_60min,3,1,humidity,rmse,19.171239327451005,28202,21,
22482_quality_phase_x_heater,22482/p1_response_shift/no_AHON_AHOF_60min,3,1,humidity,bias,-5.259547287317985,28202,21,
22482_quality_phase_x_heater,22482/p1_response_shift/no_AHON_AHOF_60min,3,2,temperature,mae,2.960584221100531,28202,21,
22482_quality_phase_x_heater,22482/p1_response_shift/no_AHON_AHOF_60min,3,2,temperature,rmse,3.278869829870254,28202,21,
22482_quality_phase_x_heater,22482/p1_response_shift/no_AHON_AHOF_60min,3,2,temperature,bias,-2.941397111760754,28202,21,
22482_quality_phase_x_heater,22482/p1_response_shift/no_AHON_AHOF_60min,3,2,humidity,mae,16.694676874922056,28202,21,
22482_quality_phase_x_heater,22482/p1_response_shift/no_AHON_AHOF_60min,3,2,humidity,rmse,18.879748562646487,28202,21,
22482_quality_phase_x_heater,22482/p1_response_shift/no_AHON_AHOF_60min,3,2,humidity,bias,-0.5834531970173094,28202,21,
22482_quality_phase_x_heater,22482/p1_response_shift/no_AHON_AHOF_60min,7,0,temperature,mae,2.449930375360763,28202,21,
22482_quality_phase_x_heater,22482/p1_response_shift/no_AHON_AHOF_60min,7,0,temperature,rmse,2.784631168504826,28202,21,
22482_quality_phase_x_heater,22482/p1_response_shift/no_AHON_AHOF_60min,7,0,temperature,bias,-2.4175028272561483,28202,21,
22482_quality_phase_x_heater,22482/p1_response_shift/no_AHON_AHOF_60min,7,0,humidity,mae,15.563123150507275,28202,21,
22482_quality_phase_x_heater,22482/p1_response_shift/no_AHON_AHOF_60min,7,0,humidity,rmse,20.584712862642835,28202,21,
22482_quality_phase_x_heater,22482/p1_response_shift/no_AHON_AHOF_60min,7,0,humidity,bias,10.119068045248124,28202,21,
22482_quality_phase_x_heater,22482/p1_response_shift/no_AHON_AHOF_60min,7,1,temperature,mae,2.532416270981265,28202,21,
22482_quality_phase_x_heater,22482/p1_response_shift/no_AHON_AHOF_60min,7,1,temperature,rmse,2.8469970774976012,28202,21,
22482_quality_phase_x_heater,22482/p1_response_shift/no_AHON_AHOF_60min,7,1,temperature,bias,-2.517098584630033,28202,21,
22482_quality_phase_x_heater,22482/p1_response_shift/no_AHON_AHOF_60min,7,1,humidity,mae,15.489992978005896,28202,21,
22482_quality_phase_x_heater,22482/p1_response_shift/no_AHON_AHOF_60min,7,1,humidity,rmse,20.203159404319095,28202,21,
22482_quality_phase_x_heater,22482/p1_response_shift/no_AHON_AHOF_60min,7,1,humidity,bias,8.723809852143745,28202,21,
22482_quality_phase_x_heater,22482/p1_response_shift/no_AHON_AHOF_60min,7,2,temperature,mae,2.4823434020533592,28202,21,
22482_quality_phase_x_heater,22482/p1_response_shift/no_AHON_AHOF_60min,7,2,temperature,rmse,2.8111925072620823,28202,21,
22482_quality_phase_x_heater,22482/p1_response_shift/no_AHON_AHOF_60min,7,2,temperature,bias,-2.4373924766516346,28202,21,
22482_quality_phase_x_heater,22482/p1_response_shift/no_AHON_AHOF_60min,7,2,humidity,mae,16.037593872217762,28202,21,
22482_quality_phase_x_heater,22482/p1_response_shift/no_AHON_AHOF_60min,7,2,humidity,rmse,20.355225914261855,28202,21,
22482_quality_phase_x_heater,22482/p1_response_shift/no_AHON_AHOF_60min,7,2,humidity,bias,8.397464981553165,28202,21,
22482_quality_phase_x_heater,22482/p1_response_shift/no_AHON_AHOF_60min,14,0,temperature,mae,1.906072185273336,28202,21,
22482_quality_phase_x_heater,22482/p1_response_shift/no_AHON_AHOF_60min,14,0,temperature,rmse,2.25827631526161,28202,21,
22482_quality_phase_x_heater,22482/p1_response_shift/no_AHON_AHOF_60min,14,0,temperature,bias,-1.7690043255537131,28202,21,
22482_quality_phase_x_heater,22482/p1_response_shift/no_AHON_AHOF_60min,14,0,humidity,mae,15.294537759518688,28202,21,
22482_quality_phase_x_heater,22482/p1_response_shift/no_AHON_AHOF_60min,14,0,humidity,rmse,18.379625161999567,28202,21,
22482_quality_phase_x_heater,22482/p1_response_shift/no_AHON_AHOF_60min,14,0,humidity,bias,4.71704371263901,28202,21,
22482_quality_phase_x_heater,22482/p1_response_shift/no_AHON_AHOF_60min,14,1,temperature,mae,1.9464777255931267,28202,21,
22482_quality_phase_x_heater,22482/p1_response_shift/no_AHON_AHOF_60min,14,1,temperature,rmse,2.297759408945558,28202,21,
22482_quality_phase_x_heater,22482/p1_response_shift/no_AHON_AHOF_60min,14,1,temperature,bias,-1.8408730428056412,28202,21,
22482_quality_phase_x_heater,22482/p1_response_shift/no_AHON_AHOF_60min,14,1,humidity,mae,15.567430150679845,28202,21,
22482_quality_phase_x_heater,22482/p1_response_shift/no_AHON_AHOF_60min,14,1,humidity,rmse,18.649175805441416,28202,21,
22482_quality_phase_x_heater,22482/p1_response_shift/no_AHON_AHOF_60min,14,1,humidity,bias,4.742605820814745,28202,21,
22482_quality_phase_x_heater,22482/p1_response_shift/no_AHON_AHOF_60min,14,2,temperature,mae,1.9597498674896547,28202,21,
22482_quality_phase_x_heater,22482/p1_response_shift/no_AHON_AHOF_60min,14,2,temperature,rmse,2.3069326704033406,28202,21,
22482_quality_phase_x_heater,22482/p1_response_shift/no_AHON_AHOF_60min,14,2,temperature,bias,-1.8486430932347322,28202,21,
22482_quality_phase_x_heater,22482/p1_response_shift/no_AHON_AHOF_60min,14,2,humidity,mae,15.4372807069171,28202,21,
22482_quality_phase_x_heater,22482/p1_response_shift/no_AHON_AHOF_60min,14,2,humidity,rmse,18.400307281423615,28202,21,
22482_quality_phase_x_heater,22482/p1_response_shift/no_AHON_AHOF_60min,14,2,humidity,bias,4.182576930913264,28202,21,
22482_quality_phase,22482/p1_transition,0,0,temperature,mae,7.057370746125323,2485,1,
22482_quality_phase,22482/p1_transition,0,0,temperature,rmse,7.229532834046007,2485,1,
22482_quality_phase,22482/p1_transition,0,0,temperature,bias,-7.057370746125323,2485,1,
22482_quality_phase,22482/p1_transition,0,0,humidity,mae,35.69085219899614,2485,1,
22482_quality_phase,22482/p1_transition,0,0,humidity,rmse,36.61295405265787,2485,1,
22482_quality_phase,22482/p1_transition,0,0,humidity,bias,-35.69085219899614,2485,1,
22482_quality_phase,22482/p1_transition,0,1,temperature,mae,7.128204314895011,2485,1,
22482_quality_phase,22482/p1_transition,0,1,temperature,rmse,7.294819152806338,2485,1,
22482_quality_phase,22482/p1_transition,0,1,temperature,bias,-7.128204314895011,2485,1,
22482_quality_phase,22482/p1_transition,0,1,humidity,mae,35.732061623834696,2485,1,
22482_quality_phase,22482/p1_transition,0,1,humidity,rmse,36.63836749156005,2485,1,
22482_quality_phase,22482/p1_transition,0,1,humidity,bias,-35.732061623834696,2485,1,
22482_quality_phase,22482/p1_transition,0,2,temperature,mae,7.17928810840604,2485,1,
22482_quality_phase,22482/p1_transition,0,2,temperature,rmse,7.347715783146957,2485,1,
22482_quality_phase,22482/p1_transition,0,2,temperature,bias,-7.17928810840604,2485,1,
22482_quality_phase,22482/p1_transition,0,2,humidity,mae,36.58580602208413,2485,1,
22482_quality_phase,22482/p1_transition,0,2,humidity,rmse,37.48583004523106,2485,1,
22482_quality_phase,22482/p1_transition,0,2,humidity,bias,-36.58580602208413,2485,1,
22482_quality_phase,22482/p1_transition,1,0,temperature,mae,6.435568500846702,2485,1,
22482_quality_phase,22482/p1_transition,1,0,temperature,rmse,6.631859166647981,2485,1,
22482_quality_phase,22482/p1_transition,1,0,temperature,bias,-6.435568500846702,2485,1,
22482_quality_phase,22482/p1_transition,1,0,humidity,mae,29.557145454313723,2485,1,
22482_quality_phase,22482/p1_transition,1,0,humidity,rmse,30.647917561794046,2485,1,
22482_quality_phase,22482/p1_transition,1,0,humidity,bias,-29.557145454313723,2485,1,
22482_quality_phase,22482/p1_transition,1,1,temperature,mae,6.422350280926565,2485,1,
22482_quality_phase,22482/p1_transition,1,1,temperature,rmse,6.624512312981458,2485,1,
22482_quality_phase,22482/p1_transition,1,1,temperature,bias,-6.422350280926565,2485,1,
22482_quality_phase,22482/p1_transition,1,1,humidity,mae,29.064777197094724,2485,1,
22482_quality_phase,22482/p1_transition,1,1,humidity,rmse,30.06446442406686,2485,1,
22482_quality_phase,22482/p1_transition,1,1,humidity,bias,-29.064777197094724,2485,1,
22482_quality_phase,22482/p1_transition,1,2,temperature,mae,6.521885115065349,2485,1,
22482_quality_phase,22482/p1_transition,1,2,temperature,rmse,6.72249335275468,2485,1,
22482_quality_phase,22482/p1_transition,1,2,temperature,bias,-6.521885115065349,2485,1,
22482_quality_phase,22482/p1_transition,1,2,humidity,mae,30.556292976329548,2485,1,
22482_quality_phase,22482/p1_transition,1,2,humidity,rmse,31.616117965558736,2485,1,
22482_quality_phase,22482/p1_transition,1,2,humidity,bias,-30.556292976329548,2485,1,
22482_quality_phase,22482/p1_transition,3,0,temperature,mae,5.029933655313904,2485,1,
22482_quality_phase,22482/p1_transition,3,0,temperature,rmse,5.270526514505702,2485,1,
22482_quality_phase,22482/p1_transition,3,0,temperature,bias,-5.029933655313904,2485,1,
22482_quality_phase,22482/p1_transition,3,0,humidity,mae,16.299306544111406,2485,1,
22482_quality_phase,22482/p1_transition,3,0,humidity,rmse,18.38777169043485,2485,1,
22482_quality_phase,22482/p1_transition,3,0,humidity,bias,-16.299306544111406,2485,1,
22482_quality_phase,22482/p1_transition,3,1,temperature,mae,4.955501375563652,2485,1,
22482_quality_phase,22482/p1_transition,3,1,temperature,rmse,5.2188749838862725,2485,1,
22482_quality_phase,22482/p1_transition,3,1,temperature,bias,-4.955501375563652,2485,1,
22482_quality_phase,22482/p1_transition,3,1,humidity,mae,16.873169416901828,2485,1,
22482_quality_phase,22482/p1_transition,3,1,humidity,rmse,18.738252711795013,2485,1,
22482_quality_phase,22482/p1_transition,3,1,humidity,bias,-16.873169416901828,2485,1,
22482_quality_phase,22482/p1_transition,3,2,temperature,mae,4.5145272731757755,2485,1,
22482_quality_phase,22482/p1_transition,3,2,temperature,rmse,4.871722584197483,2485,1,
22482_quality_phase,22482/p1_transition,3,2,temperature,bias,-4.5145272731757755,2485,1,
22482_quality_phase,22482/p1_transition,3,2,humidity,mae,13.968992780825143,2485,1,
22482_quality_phase,22482/p1_transition,3,2,humidity,rmse,16.691965489473954,2485,1,
22482_quality_phase,22482/p1_transition,3,2,humidity,bias,-13.424886552224672,2485,1,
22482_quality_phase,22482/p1_transition,7,0,temperature,mae,3.6841097428030296,2485,1,
22482_quality_phase,22482/p1_transition,7,0,temperature,rmse,3.991516102373029,2485,1,
22482_quality_phase,22482/p1_transition,7,0,temperature,bias,-3.6838400182780493,2485,1,
22482_quality_phase,22482/p1_transition,7,0,humidity,mae,6.3086218640014105,2485,1,
22482_quality_phase,22482/p1_transition,7,0,humidity,rmse,8.748722818192022,2485,1,
22482_quality_phase,22482/p1_transition,7,0,humidity,bias,-0.7132007648101478,2485,1,
22482_quality_phase,22482/p1_transition,7,1,temperature,mae,3.8360237629542397,2485,1,
22482_quality_phase,22482/p1_transition,7,1,temperature,rmse,4.148926317257668,2485,1,
22482_quality_phase,22482/p1_transition,7,1,temperature,bias,-3.835193570926063,2485,1,
22482_quality_phase,22482/p1_transition,7,1,humidity,mae,5.891698568841709,2485,1,
22482_quality_phase,22482/p1_transition,7,1,humidity,rmse,8.40495856637212,2485,1,
22482_quality_phase,22482/p1_transition,7,1,humidity,bias,-2.421159485666774,2485,1,
22482_quality_phase,22482/p1_transition,7,2,temperature,mae,3.8560425620183585,2485,1,
22482_quality_phase,22482/p1_transition,7,2,temperature,rmse,4.197769388517136,2485,1,
22482_quality_phase,22482/p1_transition,7,2,temperature,bias,-3.8558136735972233,2485,1,
22482_quality_phase,22482/p1_transition,7,2,humidity,mae,7.316154099525936,2485,1,
22482_quality_phase,22482/p1_transition,7,2,humidity,rmse,9.798597411881289,2485,1,
22482_quality_phase,22482/p1_transition,7,2,humidity,bias,-3.266582811105475,2485,1,
22482_quality_phase,22482/p1_transition,14,0,temperature,mae,2.9005859956237545,2485,1,
22482_quality_phase,22482/p1_transition,14,0,temperature,rmse,3.2673319392833915,2485,1,
22482_quality_phase,22482/p1_transition,14,0,temperature,bias,-2.8911746227294026,2485,1,
22482_quality_phase,22482/p1_transition,14,0,humidity,mae,6.946169487181972,2485,1,
22482_quality_phase,22482/p1_transition,14,0,humidity,rmse,9.974703427470542,2485,1,
22482_quality_phase,22482/p1_transition,14,0,humidity,bias,-5.145851539450528,2485,1,
22482_quality_phase,22482/p1_transition,14,1,temperature,mae,3.0189882399552292,2485,1,
22482_quality_phase,22482/p1_transition,14,1,temperature,rmse,3.412665317052725,2485,1,
22482_quality_phase,22482/p1_transition,14,1,temperature,bias,-3.0095300390479816,2485,1,
22482_quality_phase,22482/p1_transition,14,1,humidity,mae,7.036630717620745,2485,1,
22482_quality_phase,22482/p1_transition,14,1,humidity,rmse,10.038378724984414,2485,1,
22482_quality_phase,22482/p1_transition,14,1,humidity,bias,-5.46758392383061,2485,1,
22482_quality_phase,22482/p1_transition,14,2,temperature,mae,3.0783402207827066,2485,1,
22482_quality_phase,22482/p1_transition,14,2,temperature,rmse,3.4288605409384574,2485,1,
22482_quality_phase,22482/p1_transition,14,2,temperature,bias,-3.0689661777881323,2485,1,
22482_quality_phase,22482/p1_transition,14,2,humidity,mae,7.25473553211894,2485,1,
22482_quality_phase,22482/p1_transition,14,2,humidity,rmse,10.467522387687291,2485,1,
22482_quality_phase,22482/p1_transition,14,2,humidity,bias,-6.172092126862824,2485,1,
22482_quality_phase_x_heater,22482/p1_transition/after_AHON_60min,,,,,,0,0,
22482_quality_phase_x_heater,22482/p1_transition/after_AHOF_60min,0,0,temperature,mae,5.670584301640596,553,1,
22482_quality_phase_x_heater,22482/p1_transition/after_AHOF_60min,0,0,temperature,rmse,5.788762727121919,553,1,
22482_quality_phase_x_heater,22482/p1_transition/after_AHOF_60min,0,0,temperature,bias,-5.670584301640596,553,1,
22482_quality_phase_x_heater,22482/p1_transition/after_AHOF_60min,0,0,humidity,mae,34.82380707296671,553,1,
22482_quality_phase_x_heater,22482/p1_transition/after_AHOF_60min,0,0,humidity,rmse,35.16705488812976,553,1,
22482_quality_phase_x_heater,22482/p1_transition/after_AHOF_60min,0,0,humidity,bias,-34.82380707296671,553,1,
22482_quality_phase_x_heater,22482/p1_transition/after_AHOF_60min,0,1,temperature,mae,5.810908970101796,553,1,
22482_quality_phase_x_heater,22482/p1_transition/after_AHOF_60min,0,1,temperature,rmse,5.921344835464092,553,1,
22482_quality_phase_x_heater,22482/p1_transition/after_AHOF_60min,0,1,temperature,bias,-5.810908970101796,553,1,
22482_quality_phase_x_heater,22482/p1_transition/after_AHOF_60min,0,1,humidity,mae,34.41325477385143,553,1,
22482_quality_phase_x_heater,22482/p1_transition/after_AHOF_60min,0,1,humidity,rmse,34.71053203611651,553,1,
22482_quality_phase_x_heater,22482/p1_transition/after_AHOF_60min,0,1,humidity,bias,-34.41325477385143,553,1,
22482_quality_phase_x_heater,22482/p1_transition/after_AHOF_60min,0,2,temperature,mae,5.736969473128272,553,1,
22482_quality_phase_x_heater,22482/p1_transition/after_AHOF_60min,0,2,temperature,rmse,5.857669463302026,553,1,
22482_quality_phase_x_heater,22482/p1_transition/after_AHOF_60min,0,2,temperature,bias,-5.736969473128272,553,1,
22482_quality_phase_x_heater,22482/p1_transition/after_AHOF_60min,0,2,humidity,mae,35.91857881258728,553,1,
22482_quality_phase_x_heater,22482/p1_transition/after_AHOF_60min,0,2,humidity,rmse,36.26391720298636,553,1,
22482_quality_phase_x_heater,22482/p1_transition/after_AHOF_60min,0,2,humidity,bias,-35.91857881258728,553,1,
22482_quality_phase_x_heater,22482/p1_transition/after_AHOF_60min,1,0,temperature,mae,5.1172539994508455,553,1,
22482_quality_phase_x_heater,22482/p1_transition/after_AHOF_60min,1,0,temperature,rmse,5.252437978797428,553,1,
22482_quality_phase_x_heater,22482/p1_transition/after_AHOF_60min,1,0,temperature,bias,-5.1172539994508455,553,1,
22482_quality_phase_x_heater,22482/p1_transition/after_AHOF_60min,1,0,humidity,mae,28.85909161718285,553,1,
22482_quality_phase_x_heater,22482/p1_transition/after_AHOF_60min,1,0,humidity,rmse,29.266405856243136,553,1,
22482_quality_phase_x_heater,22482/p1_transition/after_AHOF_60min,1,0,humidity,bias,-28.85909161718285,553,1,
22482_quality_phase_x_heater,22482/p1_transition/after_AHOF_60min,1,1,temperature,mae,4.980583601589199,553,1,
22482_quality_phase_x_heater,22482/p1_transition/after_AHOF_60min,1,1,temperature,rmse,5.120005100688947,553,1,
22482_quality_phase_x_heater,22482/p1_transition/after_AHOF_60min,1,1,temperature,bias,-4.980583601589199,553,1,
22482_quality_phase_x_heater,22482/p1_transition/after_AHOF_60min,1,1,humidity,mae,27.022233623405004,553,1,
22482_quality_phase_x_heater,22482/p1_transition/after_AHOF_60min,1,1,humidity,rmse,27.39481556325167,553,1,
22482_quality_phase_x_heater,22482/p1_transition/after_AHOF_60min,1,1,humidity,bias,-27.022233623405004,553,1,
22482_quality_phase_x_heater,22482/p1_transition/after_AHOF_60min,1,2,temperature,mae,5.230706818684634,553,1,
22482_quality_phase_x_heater,22482/p1_transition/after_AHOF_60min,1,2,temperature,rmse,5.371255677964173,553,1,
22482_quality_phase_x_heater,22482/p1_transition/after_AHOF_60min,1,2,temperature,bias,-5.230706818684634,553,1,
22482_quality_phase_x_heater,22482/p1_transition/after_AHOF_60min,1,2,humidity,mae,29.70516730554375,553,1,
22482_quality_phase_x_heater,22482/p1_transition/after_AHOF_60min,1,2,humidity,rmse,30.102769030224263,553,1,
22482_quality_phase_x_heater,22482/p1_transition/after_AHOF_60min,1,2,humidity,bias,-29.70516730554375,553,1,
22482_quality_phase_x_heater,22482/p1_transition/after_AHOF_60min,3,0,temperature,mae,3.729400502380194,553,1,
22482_quality_phase_x_heater,22482/p1_transition/after_AHOF_60min,3,0,temperature,rmse,3.9100420779397527,553,1,
22482_quality_phase_x_heater,22482/p1_transition/after_AHOF_60min,3,0,temperature,bias,-3.729400502380194,553,1,
22482_quality_phase_x_heater,22482/p1_transition/after_AHOF_60min,3,0,humidity,mae,15.23114378114899,553,1,
22482_quality_phase_x_heater,22482/p1_transition/after_AHOF_60min,3,0,humidity,rmse,15.966680723218653,553,1,
22482_quality_phase_x_heater,22482/p1_transition/after_AHOF_60min,3,0,humidity,bias,-15.23114378114899,553,1,
22482_quality_phase_x_heater,22482/p1_transition/after_AHOF_60min,3,1,temperature,mae,3.550385038238825,553,1,
22482_quality_phase_x_heater,22482/p1_transition/after_AHOF_60min,3,1,temperature,rmse,3.7478604355998284,553,1,
22482_quality_phase_x_heater,22482/p1_transition/after_AHOF_60min,3,1,temperature,bias,-3.550385038238825,553,1,
22482_quality_phase_x_heater,22482/p1_transition/after_AHOF_60min,3,1,humidity,mae,14.79981318093181,553,1,
22482_quality_phase_x_heater,22482/p1_transition/after_AHOF_60min,3,1,humidity,rmse,15.571817379813327,553,1,
22482_quality_phase_x_heater,22482/p1_transition/after_AHOF_60min,3,1,humidity,bias,-14.79981318093181,553,1,
22482_quality_phase_x_heater,22482/p1_transition/after_AHOF_60min,3,2,temperature,mae,3.1900846270501235,553,1,
22482_quality_phase_x_heater,22482/p1_transition/after_AHOF_60min,3,2,temperature,rmse,3.456048631969222,553,1,
22482_quality_phase_x_heater,22482/p1_transition/after_AHOF_60min,3,2,temperature,bias,-3.1900846270501235,553,1,
22482_quality_phase_x_heater,22482/p1_transition/after_AHOF_60min,3,2,humidity,mae,12.47885317336992,553,1,
22482_quality_phase_x_heater,22482/p1_transition/after_AHOF_60min,3,2,humidity,rmse,13.88461626117705,553,1,
22482_quality_phase_x_heater,22482/p1_transition/after_AHOF_60min,3,2,humidity,bias,-12.426582400084612,553,1,
22482_quality_phase_x_heater,22482/p1_transition/after_AHOF_60min,7,0,temperature,mae,2.471942933436912,553,1,
22482_quality_phase_x_heater,22482/p1_transition/after_AHOF_60min,7,0,temperature,rmse,2.7155187145307695,553,1,
22482_quality_phase_x_heater,22482/p1_transition/after_AHOF_60min,7,0,temperature,bias,-2.470730880191745,553,1,
22482_quality_phase_x_heater,22482/p1_transition/after_AHOF_60min,7,0,humidity,mae,4.12936040088241,553,1,
22482_quality_phase_x_heater,22482/p1_transition/after_AHOF_60min,7,0,humidity,rmse,4.927066332592756,553,1,
22482_quality_phase_x_heater,22482/p1_transition/after_AHOF_60min,7,0,humidity,bias,-0.3674946639200326,553,1,
22482_quality_phase_x_heater,22482/p1_transition/after_AHOF_60min,7,1,temperature,mae,2.4840236079788705,553,1,
22482_quality_phase_x_heater,22482/p1_transition/after_AHOF_60min,7,1,temperature,rmse,2.727018024339591,553,1,
22482_quality_phase_x_heater,22482/p1_transition/after_AHOF_60min,7,1,temperature,bias,-2.480292998232003,553,1,
22482_quality_phase_x_heater,22482/p1_transition/after_AHOF_60min,7,1,humidity,mae,4.052780199255932,553,1,
22482_quality_phase_x_heater,22482/p1_transition/after_AHOF_60min,7,1,humidity,rmse,4.7667557981470035,553,1,
22482_quality_phase_x_heater,22482/p1_transition/after_AHOF_60min,7,1,humidity,bias,-0.6732116876281994,553,1,
22482_quality_phase_x_heater,22482/p1_transition/after_AHOF_60min,7,2,temperature,mae,2.5985526860594197,553,1,
22482_quality_phase_x_heater,22482/p1_transition/after_AHOF_60min,7,2,temperature,rmse,2.858580841547872,553,1,
22482_quality_phase_x_heater,22482/p1_transition/after_AHOF_60min,7,2,temperature,bias,-2.5975241368252053,553,1,
22482_quality_phase_x_heater,22482/p1_transition/after_AHOF_60min,7,2,humidity,mae,5.00535072726807,553,1,
22482_quality_phase_x_heater,22482/p1_transition/after_AHOF_60min,7,2,humidity,rmse,6.239284697962181,553,1,
22482_quality_phase_x_heater,22482/p1_transition/after_AHOF_60min,7,2,humidity,bias,-2.988831394554896,553,1,
22482_quality_phase_x_heater,22482/p1_transition/after_AHOF_60min,14,0,temperature,mae,1.7614040460403728,553,1,
22482_quality_phase_x_heater,22482/p1_transition/after_AHOF_60min,14,0,temperature,rmse,2.04086419226563,553,1,
22482_quality_phase_x_heater,22482/p1_transition/after_AHOF_60min,14,0,temperature,bias,-1.7191124336670167,553,1,
22482_quality_phase_x_heater,22482/p1_transition/after_AHOF_60min,14,0,humidity,mae,5.75258249568331,553,1,
22482_quality_phase_x_heater,22482/p1_transition/after_AHOF_60min,14,0,humidity,rmse,7.0479304385476835,553,1,
22482_quality_phase_x_heater,22482/p1_transition/after_AHOF_60min,14,0,humidity,bias,-4.774644261541781,553,1,
22482_quality_phase_x_heater,22482/p1_transition/after_AHOF_60min,14,1,temperature,mae,1.790226630859755,553,1,
22482_quality_phase_x_heater,22482/p1_transition/after_AHOF_60min,14,1,temperature,rmse,2.0356137736523396,553,1,
22482_quality_phase_x_heater,22482/p1_transition/after_AHOF_60min,14,1,temperature,bias,-1.7477553870902491,553,1,
22482_quality_phase_x_heater,22482/p1_transition/after_AHOF_60min,14,1,humidity,mae,5.444291637865957,553,1,
22482_quality_phase_x_heater,22482/p1_transition/after_AHOF_60min,14,1,humidity,rmse,6.772529054783237,553,1,
22482_quality_phase_x_heater,22482/p1_transition/after_AHOF_60min,14,1,humidity,bias,-4.401712939495761,553,1,
22482_quality_phase_x_heater,22482/p1_transition/after_AHOF_60min,14,2,temperature,mae,1.8946768284724724,553,1,
22482_quality_phase_x_heater,22482/p1_transition/after_AHOF_60min,14,2,temperature,rmse,2.1430180639308793,553,1,
22482_quality_phase_x_heater,22482/p1_transition/after_AHOF_60min,14,2,temperature,bias,-1.8525529643829288,553,1,
22482_quality_phase_x_heater,22482/p1_transition/after_AHOF_60min,14,2,humidity,mae,5.935860212972502,553,1,
22482_quality_phase_x_heater,22482/p1_transition/after_AHOF_60min,14,2,humidity,rmse,7.42212207073254,553,1,
22482_quality_phase_x_heater,22482/p1_transition/after_AHOF_60min,14,2,humidity,bias,-5.529336630059031,553,1,
22482_quality_phase_x_heater,22482/p1_transition/no_AHON_AHOF_60min,0,0,temperature,mae,7.454313242916243,1932,1,
22482_quality_phase_x_heater,22482/p1_transition/no_AHON_AHOF_60min,0,0,temperature,rmse,7.591759771821882,1932,1,
22482_quality_phase_x_heater,22482/p1_transition/no_AHON_AHOF_60min,0,0,temperature,bias,-7.454313242916243,1932,1,
22482_quality_phase_x_heater,22482/p1_transition/no_AHON_AHOF_60min,0,0,humidity,mae,35.93902815898282,1932,1,
22482_quality_phase_x_heater,22482/p1_transition/no_AHON_AHOF_60min,0,0,humidity,rmse,37.01642141334762,1932,1,
22482_quality_phase_x_heater,22482/p1_transition/no_AHON_AHOF_60min,0,0,humidity,bias,-35.93902815898282,1932,1,
22482_quality_phase_x_heater,22482/p1_transition/no_AHON_AHOF_60min,0,1,temperature,mae,7.505256243295968,1932,1,
22482_quality_phase_x_heater,22482/p1_transition/no_AHON_AHOF_60min,0,1,temperature,rmse,7.6426491038148585,1932,1,
22482_quality_phase_x_heater,22482/p1_transition/no_AHON_AHOF_60min,0,1,temperature,bias,-7.505256243295968,1932,1,
22482_quality_phase_x_heater,22482/p1_transition/no_AHON_AHOF_60min,0,1,humidity,mae,36.10954619321396,1932,1,
22482_quality_phase_x_heater,22482/p1_transition/no_AHON_AHOF_60min,0,1,humidity,rmse,37.171775101310914,1932,1,
22482_quality_phase_x_heater,22482/p1_transition/no_AHON_AHOF_60min,0,1,humidity,bias,-36.10954619321396,1932,1,
22482_quality_phase_x_heater,22482/p1_transition/no_AHON_AHOF_60min,0,2,temperature,mae,7.592125688793518,1932,1,
22482_quality_phase_x_heater,22482/p1_transition/no_AHON_AHOF_60min,0,2,temperature,rmse,7.721464092707993,1932,1,
22482_quality_phase_x_heater,22482/p1_transition/no_AHON_AHOF_60min,0,2,temperature,bias,-7.592125688793518,1932,1,
22482_quality_phase_x_heater,22482/p1_transition/no_AHON_AHOF_60min,0,2,humidity,mae,36.77678772335315,1932,1,
22482_quality_phase_x_heater,22482/p1_transition/no_AHON_AHOF_60min,0,2,humidity,rmse,37.82831557028999,1932,1,
22482_quality_phase_x_heater,22482/p1_transition/no_AHON_AHOF_60min,0,2,humidity,bias,-36.77678772335315,1932,1,
22482_quality_phase_x_heater,22482/p1_transition/no_AHON_AHOF_60min,1,0,temperature,mae,6.8129121443621825,1932,1,
22482_quality_phase_x_heater,22482/p1_transition/no_AHON_AHOF_60min,1,0,temperature,rmse,6.976667145121002,1932,1,
22482_quality_phase_x_heater,22482/p1_transition/no_AHON_AHOF_60min,1,0,temperature,bias,-6.8129121443621825,1932,1,
22482_quality_phase_x_heater,22482/p1_transition/no_AHON_AHOF_60min,1,0,humidity,mae,29.75695071928958,1932,1,
22482_quality_phase_x_heater,22482/p1_transition/no_AHON_AHOF_60min,1,0,humidity,rmse,31.032030765842794,1932,1,
22482_quality_phase_x_heater,22482/p1_transition/no_AHON_AHOF_60min,1,0,humidity,bias,-29.75695071928958,1932,1,
22482_quality_phase_x_heater,22482/p1_transition/no_AHON_AHOF_60min,1,1,temperature,mae,6.835029873925302,1932,1,
22482_quality_phase_x_heater,22482/p1_transition/no_AHON_AHOF_60min,1,1,temperature,rmse,6.995841486136205,1932,1,
22482_quality_phase_x_heater,22482/p1_transition/no_AHON_AHOF_60min,1,1,temperature,bias,-6.835029873925302,1932,1,
22482_quality_phase_x_heater,22482/p1_transition/no_AHON_AHOF_60min,1,1,humidity,mae,29.649418292462425,1932,1,
22482_quality_phase_x_heater,22482/p1_transition/no_AHON_AHOF_60min,1,1,humidity,rmse,30.786017543777962,1932,1,
22482_quality_phase_x_heater,22482/p1_transition/no_AHON_AHOF_60min,1,1,humidity,bias,-29.649418292462425,1932,1,
22482_quality_phase_x_heater,22482/p1_transition/no_AHON_AHOF_60min,1,2,temperature,mae,6.891461511493163,1932,1,
22482_quality_phase_x_heater,22482/p1_transition/no_AHON_AHOF_60min,1,2,temperature,rmse,7.061825798149991,1932,1,
22482_quality_phase_x_heater,22482/p1_transition/no_AHON_AHOF_60min,1,2,temperature,bias,-6.891461511493163,1932,1,
22482_quality_phase_x_heater,22482/p1_transition/no_AHON_AHOF_60min,1,2,humidity,mae,30.799912280648677,1932,1,
22482_quality_phase_x_heater,22482/p1_transition/no_AHON_AHOF_60min,1,2,humidity,rmse,32.036129702363056,1932,1,
22482_quality_phase_x_heater,22482/p1_transition/no_AHON_AHOF_60min,1,2,humidity,bias,-30.799912280648677,1932,1,
22482_quality_phase_x_heater,22482/p1_transition/no_AHON_AHOF_60min,3,0,temperature,mae,5.402187709957974,1932,1,
22482_quality_phase_x_heater,22482/p1_transition/no_AHON_AHOF_60min,3,0,temperature,rmse,5.5994188889383585,1932,1,
22482_quality_phase_x_heater,22482/p1_transition/no_AHON_AHOF_60min,3,0,temperature,bias,-5.402187709957974,1932,1,
22482_quality_phase_x_heater,22482/p1_transition/no_AHON_AHOF_60min,3,0,humidity,mae,16.605048784234707,1932,1,
22482_quality_phase_x_heater,22482/p1_transition/no_AHON_AHOF_60min,3,0,humidity,rmse,19.024130926795813,1932,1,
22482_quality_phase_x_heater,22482/p1_transition/no_AHON_AHOF_60min,3,0,humidity,bias,-16.605048784234707,1932,1,
22482_quality_phase_x_heater,22482/p1_transition/no_AHON_AHOF_60min,3,1,temperature,mae,5.357690472116773,1932,1,
22482_quality_phase_x_heater,22482/p1_transition/no_AHON_AHOF_60min,3,1,temperature,rmse,5.568851891943459,1932,1,
22482_quality_phase_x_heater,22482/p1_transition/no_AHON_AHOF_60min,3,1,temperature,bias,-5.357690472116773,1932,1,
22482_quality_phase_x_heater,22482/p1_transition/no_AHON_AHOF_60min,3,1,humidity,mae,17.466630078646876,1932,1,
22482_quality_phase_x_heater,22482/p1_transition/no_AHON_AHOF_60min,3,1,humidity,rmse,19.550409804354913,1932,1,
22482_quality_phase_x_heater,22482/p1_transition/no_AHON_AHOF_60min,3,1,humidity,bias,-17.466630078646876,1932,1,
22482_quality_phase_x_heater,22482/p1_transition/no_AHON_AHOF_60min,3,2,temperature,mae,4.893624987103046,1932,1,
22482_quality_phase_x_heater,22482/p1_transition/no_AHON_AHOF_60min,3,2,temperature,rmse,5.206552182347982,1932,1,
22482_quality_phase_x_heater,22482/p1_transition/no_AHON_AHOF_60min,3,2,temperature,bias,-4.893624987103046,1932,1,
22482_quality_phase_x_heater,22482/p1_transition/no_AHON_AHOF_60min,3,2,humidity,mae,14.395518248176458,1932,1,
22482_quality_phase_x_heater,22482/p1_transition/no_AHON_AHOF_60min,3,2,humidity,rmse,17.4123982145078,1932,1,
22482_quality_phase_x_heater,22482/p1_transition/no_AHON_AHOF_60min,3,2,humidity,bias,-13.71063303055462,1932,1,
22482_quality_phase_x_heater,22482/p1_transition/no_AHON_AHOF_60min,7,0,temperature,mae,4.031070532440434,1932,1,
22482_quality_phase_x_heater,22482/p1_transition/no_AHON_AHOF_60min,7,0,temperature,rmse,4.287402330478045,1932,1,
22482_quality_phase_x_heater,22482/p1_transition/no_AHON_AHOF_60min,7,0,temperature,bias,-4.031070532440434,1932,1,
22482_quality_phase_x_heater,22482/p1_transition/no_AHON_AHOF_60min,7,0,humidity,mae,6.932395978444892,1932,1,
22482_quality_phase_x_heater,22482/p1_transition/no_AHON_AHOF_60min,7,0,humidity,rmse,9.56555394694259,1932,1,
22482_quality_phase_x_heater,22482/p1_transition/no_AHON_AHOF_60min,7,0,humidity,bias,-0.812152873398261,1932,1,
22482_quality_phase_x_heater,22482/p1_transition/no_AHON_AHOF_60min,7,1,temperature,mae,4.223009314559509,1932,1,
22482_quality_phase_x_heater,22482/p1_transition/no_AHON_AHOF_60min,7,1,temperature,rmse,4.473484986012163,1932,1,
22482_quality_phase_x_heater,22482/p1_transition/no_AHON_AHOF_60min,7,1,temperature,bias,-4.223009314559509,1932,1,
22482_quality_phase_x_heater,22482/p1_transition/no_AHON_AHOF_60min,7,1,humidity,mae,6.418055638397057,1932,1,
22482_quality_phase_x_heater,22482/p1_transition/no_AHON_AHOF_60min,7,1,humidity,rmse,9.184767381666392,1932,1,
22482_quality_phase_x_heater,22482/p1_transition/no_AHON_AHOF_60min,7,1,humidity,bias,-2.9214778771343375,1932,1,
22482_quality_phase_x_heater,22482/p1_transition/no_AHON_AHOF_60min,7,2,temperature,mae,4.215976258397909,1932,1,
22482_quality_phase_x_heater,22482/p1_transition/no_AHON_AHOF_60min,7,2,temperature,rmse,4.508447310215229,1932,1,
22482_quality_phase_x_heater,22482/p1_transition/no_AHON_AHOF_60min,7,2,temperature,bias,-4.215976258397909,1932,1,
22482_quality_phase_x_heater,22482/p1_transition/no_AHON_AHOF_60min,7,2,humidity,mae,7.977579702454819,1932,1,
22482_quality_phase_x_heater,22482/p1_transition/no_AHON_AHOF_60min,7,2,humidity,rmse,10.599609693458367,1932,1,
22482_quality_phase_x_heater,22482/p1_transition/no_AHON_AHOF_60min,7,2,humidity,bias,-3.3460841223645175,1932,1,
22482_quality_phase_x_heater,22482/p1_transition/no_AHON_AHOF_60min,14,0,temperature,mae,3.226656191337839,1932,1,
22482_quality_phase_x_heater,22482/p1_transition/no_AHON_AHOF_60min,14,0,temperature,rmse,3.5410340876173065,1932,1,
22482_quality_phase_x_heater,22482/p1_transition/no_AHON_AHOF_60min,14,0,temperature,bias,-3.226656191337839,1932,1,
22482_quality_phase_x_heater,22482/p1_transition/no_AHON_AHOF_60min,14,0,humidity,mae,7.2878121405457215,1932,1,
22482_quality_phase_x_heater,22482/p1_transition/no_AHON_AHOF_60min,14,0,humidity,rmse,10.665607219504395,1932,1,
22482_quality_phase_x_heater,22482/p1_transition/no_AHON_AHOF_60min,14,0,humidity,bias,-5.252102897982381,1932,1,
22482_quality_phase_x_heater,22482/p1_transition/no_AHON_AHOF_60min,14,1,temperature,mae,3.370698990384731,1932,1,
22482_quality_phase_x_heater,22482/p1_transition/no_AHON_AHOF_60min,14,1,temperature,rmse,3.7139947191567124,1932,1,
22482_quality_phase_x_heater,22482/p1_transition/no_AHON_AHOF_60min,14,1,temperature,bias,-3.3706901749344342,1932,1,
22482_quality_phase_x_heater,22482/p1_transition/no_AHON_AHOF_60min,14,1,humidity,mae,7.492408932478093,1932,1,
22482_quality_phase_x_heater,22482/p1_transition/no_AHON_AHOF_60min,14,1,humidity,rmse,10.792762437056432,1932,1,
22482_quality_phase_x_heater,22482/p1_transition/no_AHON_AHOF_60min,14,1,humidity,bias,-5.772670183839498,1932,1,
22482_quality_phase_x_heater,22482/p1_transition/no_AHON_AHOF_60min,14,2,temperature,mae,3.4171424236541146,1932,1,
22482_quality_phase_x_heater,22482/p1_transition/no_AHON_AHOF_60min,14,2,temperature,rmse,3.715886112016316,1932,1,
22482_quality_phase_x_heater,22482/p1_transition/no_AHON_AHOF_60min,14,2,temperature,bias,-3.4171424236541146,1932,1,
22482_quality_phase_x_heater,22482/p1_transition/no_AHON_AHOF_60min,14,2,humidity,mae,7.632239699555785,1932,1,
22482_quality_phase_x_heater,22482/p1_transition/no_AHON_AHOF_60min,14,2,humidity,rmse,11.187638763765001,1932,1,
22482_quality_phase_x_heater,22482/p1_transition/no_AHON_AHOF_60min,14,2,humidity,bias,-6.356069243701592,1932,1,
device,22480,0,mean,temperature,mae,3.4518579322012193,36543,30,0.07427801187938893
device,22480,0,mean,temperature,rmse,3.5681789927619185,36543,30,0.0724015052659206
device,22480,0,mean,temperature,bias,-3.4518579322012193,36543,30,0.07427801187938893
device,22480,0,mean,humidity,mae,13.398552735058445,36543,30,0.4900826476419395
device,22480,0,mean,humidity,rmse,15.182272091312642,36543,30,0.48734834898651885
device,22480,0,mean,humidity,bias,-12.909419959877454,36543,30,0.5346291401637779
device,22480,1,mean,temperature,mae,2.6925131032679466,36543,30,0.04985759627916677
device,22480,1,mean,temperature,rmse,2.832011466972279,36543,30,0.03965673342281649
device,22480,1,mean,temperature,bias,-2.6924911589294127,36543,30,0.049879401119484364
device,22480,1,mean,humidity,mae,8.932721614591946,36543,30,0.2462528100840008
device,22480,1,mean,humidity,rmse,10.50120175770344,36543,30,0.3426915663967934
device,22480,1,mean,humidity,bias,-7.145967838561222,36543,30,0.18558046820248097
device,22480,3,mean,temperature,mae,1.1772083346916558,36543,30,0.33629012027369315
device,22480,3,mean,temperature,rmse,1.4189774418407912,36543,30,0.30396342159030604
device,22480,3,mean,temperature,bias,-1.056603691436992,36543,30,0.49367099533922665
device,22480,3,mean,humidity,mae,8.792847551280472,36543,30,2.809352287387447
device,22480,3,mean,humidity,rmse,11.06585664420242,36543,30,2.791138695459261
device,22480,3,mean,humidity,bias,7.421493215103346,36543,30,3.183827161920183
device,22480,7,mean,temperature,mae,0.6704210470719404,36543,30,0.028328109825116122
device,22480,7,mean,temperature,rmse,0.9033455195523791,36543,30,0.016332547138226322
device,22480,7,mean,temperature,bias,-0.2831351253140308,36543,30,0.0880954737374925
device,22480,7,mean,humidity,mae,18.48169851096136,36543,30,0.05410673187938067
device,22480,7,mean,humidity,rmse,20.100123114564088,36543,30,0.1683933026186181
device,22480,7,mean,humidity,bias,18.46616654958349,36543,30,0.06554288824887057
device,22480,14,mean,temperature,mae,0.6709307903082609,36543,30,0.013509962075108984
device,22480,14,mean,temperature,rmse,0.8676698696873494,36543,30,0.010275949027620211
device,22480,14,mean,temperature,bias,0.025841474568661066,36543,30,0.04005512455913113
device,22480,14,mean,humidity,mae,11.886768137474077,36543,30,0.2775124838409752
device,22480,14,mean,humidity,rmse,14.011402030009691,36543,30,0.24622940095835255
device,22480,14,mean,humidity,bias,11.82825663323355,36543,30,0.2859619507127756
device_x_heater,22480/after_AHOF_60min,0,mean,temperature,mae,3.319366425665693,4530,23,0.07245936373176873
device_x_heater,22480/after_AHOF_60min,0,mean,temperature,rmse,3.4726090998300703,4530,23,0.07146740101371488
device_x_heater,22480/after_AHOF_60min,0,mean,temperature,bias,-3.319366425665693,4530,23,0.07245936373176873
device_x_heater,22480/after_AHOF_60min,0,mean,humidity,mae,15.20275073489806,4530,23,0.4357792254769887
device_x_heater,22480/after_AHOF_60min,0,mean,humidity,rmse,16.738531130267784,4530,23,0.46362368799206594
device_x_heater,22480/after_AHOF_60min,0,mean,humidity,bias,-14.645128053513261,4530,23,0.4940294263997145
device_x_heater,22480/after_AHOF_60min,1,mean,temperature,mae,2.5713659814052146,4530,23,0.04452429265249322
device_x_heater,22480/after_AHOF_60min,1,mean,temperature,rmse,2.7497524266255655,4530,23,0.034258563633026894
device_x_heater,22480/after_AHOF_60min,1,mean,temperature,bias,-2.57118895889682,4530,23,0.0445914741691522
device_x_heater,22480/after_AHOF_60min,1,mean,humidity,mae,10.184679618947058,4530,23,0.3499646385493665
device_x_heater,22480/after_AHOF_60min,1,mean,humidity,rmse,11.592532395624472,4530,23,0.4826976755505577
device_x_heater,22480/after_AHOF_60min,1,mean,humidity,bias,-8.60971424121602,4530,23,0.34624843863978055
device_x_heater,22480/after_AHOF_60min,3,mean,temperature,mae,1.09077627168013,4530,23,0.25569423159225857
device_x_heater,22480/after_AHOF_60min,3,mean,temperature,rmse,1.372479907380068,4530,23,0.24223322670438768
device_x_heater,22480/after_AHOF_60min,3,mean,temperature,bias,-0.9198797950070227,4530,23,0.4550435623256209
device_x_heater,22480/after_AHOF_60min,3,mean,humidity,mae,7.752163237517631,4530,23,2.4884517629510445
device_x_heater,22480/after_AHOF_60min,3,mean,humidity,rmse,10.15799538526589,4530,23,2.4629808946411917
device_x_heater,22480/after_AHOF_60min,3,mean,humidity,bias,6.009935009445575,4530,23,2.838805250548281
device_x_heater,22480/after_AHOF_60min,7,mean,temperature,mae,0.6757566302186051,4530,23,0.037796071340830475
device_x_heater,22480/after_AHOF_60min,7,mean,temperature,rmse,0.9454549456455589,4530,23,0.023326031448259708
device_x_heater,22480/after_AHOF_60min,7,mean,temperature,bias,-0.1349916353758055,4530,23,0.05780020718887006
device_x_heater,22480/after_AHOF_60min,7,mean,humidity,mae,17.120656075293113,4530,23,0.31650929908159287
device_x_heater,22480/after_AHOF_60min,7,mean,humidity,rmse,18.87280254787234,4530,23,0.05524135853330904
device_x_heater,22480/after_AHOF_60min,7,mean,humidity,bias,17.08859217208303,4530,23,0.3674322953817722
device_x_heater,22480/after_AHOF_60min,14,mean,temperature,mae,0.704235888349193,4530,23,0.024862411323437444
device_x_heater,22480/after_AHOF_60min,14,mean,temperature,rmse,0.9654035096389353,4530,23,0.016652477233145228
device_x_heater,22480/after_AHOF_60min,14,mean,temperature,bias,0.19147449409093134,4530,23,0.028510928132486516
device_x_heater,22480/after_AHOF_60min,14,mean,humidity,mae,10.760920714757837,4530,23,0.258058315175947
device_x_heater,22480/after_AHOF_60min,14,mean,humidity,rmse,13.065220598166528,4530,23,0.23851332428817812
device_x_heater,22480/after_AHOF_60min,14,mean,humidity,bias,10.661882978934313,4530,23,0.26752959339402876
device_x_heater,22480/no_AHON_AHOF_60min,0,mean,temperature,mae,3.470606144633854,32013,30,0.0745354560650175
device_x_heater,22480/no_AHON_AHOF_60min,0,mean,temperature,rmse,3.5814966092696547,32013,30,0.0725357932316842
device_x_heater,22480/no_AHON_AHOF_60min,0,mean,temperature,bias,-3.470606144633854,32013,30,0.0745354560650175
device_x_heater,22480/no_AHON_AHOF_60min,0,mean,humidity,mae,13.143249672575285,32013,30,0.49805041105649134
device_x_heater,22480/no_AHON_AHOF_60min,0,mean,humidity,rmse,14.948948151414237,32013,30,0.4918114346111786
device_x_heater,22480/no_AHON_AHOF_60min,0,mean,humidity,bias,-12.663808562502318,32013,30,0.5405040490903166
device_x_heater,22480/no_AHON_AHOF_60min,1,mean,temperature,mae,2.7096560283933075,32013,30,0.05139773503153333
device_x_heater,22480/no_AHON_AHOF_60min,1,mean,temperature,rmse,2.8434513385226983,32013,30,0.04119982040264371
device_x_heater,22480/no_AHON_AHOF_60min,1,mean,temperature,bias,-2.7096560283933075,32013,30,0.05139773503153333
device_x_heater,22480/no_AHON_AHOF_60min,1,mean,humidity,mae,8.755563280173781,32013,30,0.23477420223137743
device_x_heater,22480/no_AHON_AHOF_60min,1,mean,humidity,rmse,10.33731182452563,32013,30,0.325664409878759
device_x_heater,22480/no_AHON_AHOF_60min,1,mean,humidity,bias,-6.938840383963831,32013,30,0.16486786631876793
device_x_heater,22480/no_AHON_AHOF_60min,3,mean,temperature,mae,1.1894389049425607,32013,30,0.34774451872893675
device_x_heater,22480/no_AHON_AHOF_60min,3,mean,temperature,rmse,1.425317973572837,32013,30,0.31251159350039726
device_x_heater,22480/no_AHON_AHOF_60min,3,mean,temperature,bias,-1.0759508082591502,32013,30,0.49914833038587997
device_x_heater,22480/no_AHON_AHOF_60min,3,mean,humidity,mae,8.940109599240541,32013,30,2.8548200509698054
device_x_heater,22480/no_AHON_AHOF_60min,3,mean,humidity,rmse,11.188333266736377,32013,30,2.83475796078362
device_x_heater,22480/no_AHON_AHOF_60min,3,mean,humidity,bias,7.6212357781755244,32013,30,3.2326560013866694
device_x_heater,22480/no_AHON_AHOF_60min,7,mean,temperature,mae,0.6696660353062706,32013,30,0.027513798534627442
device_x_heater,22480/no_AHON_AHOF_60min,7,mean,temperature,rmse,0.8971878073623712,32013,30,0.018264653962372975
device_x_heater,22480/no_AHON_AHOF_60min,7,mean,temperature,bias,-0.3040981718707472,32013,30,0.09263390720810503
device_x_heater,22480/no_AHON_AHOF_60min,7,mean,humidity,mae,18.674292839314752,32013,30,0.058808746476733786
device_x_heater,22480/no_AHON_AHOF_60min,7,mean,humidity,rmse,20.26768092994241,32013,30,0.1969394972308875
device_x_heater,22480/no_AHON_AHOF_60min,7,mean,humidity,bias,18.661100230590492,32013,30,0.05974586316742921
device_x_heater,22480/no_AHON_AHOF_60min,14,mean,temperature,mae,0.6662179519574214,32013,30,0.012298092682958358
device_x_heater,22480/no_AHON_AHOF_60min,14,mean,temperature,rmse,0.8529294299194604,32013,30,0.009915914678106768
device_x_heater,22480/no_AHON_AHOF_60min,14,mean,temperature,bias,0.0024035718905026718,32013,30,0.041702856294442814
device_x_heater,22480/no_AHON_AHOF_60min,14,mean,humidity,mae,12.046081192323811,32013,30,0.28060019900785516
device_x_heater,22480/no_AHON_AHOF_60min,14,mean,humidity,rmse,14.140173218879395,32013,30,0.24779078312470587
device_x_heater,22480/no_AHON_AHOF_60min,14,mean,humidity,bias,11.993304353034118,32013,30,0.29120632170126437
device,22482,0,mean,temperature,mae,6.051707613669766,59296,35,0.06554709924714991
device,22482,0,mean,temperature,rmse,6.252359500583952,59296,35,0.0621397069436578
device,22482,0,mean,temperature,bias,-6.051707613669766,59296,35,0.06554709924714991
device,22482,0,mean,humidity,mae,27.27545159755122,59296,35,0.5119399347684286
device,22482,0,mean,humidity,rmse,31.019557804235628,59296,35,0.526405375987917
device,22482,0,mean,humidity,bias,-26.573808754491868,59296,35,0.6131316944043582
device,22482,1,mean,temperature,mae,5.353428464303332,59296,35,0.05254299653380685
device,22482,1,mean,temperature,rmse,5.582900144921687,59296,35,0.05048920073656473
device,22482,1,mean,temperature,bias,-5.353428464303332,59296,35,0.05254299653380685
device,22482,1,mean,humidity,mae,22.438887067469896,59296,35,0.5860599274919216
device,22482,1,mean,humidity,rmse,25.792966942401055,59296,35,0.694069699067737
device,22482,1,mean,humidity,bias,-20.35069126724321,59296,35,0.7408829192462267
device,22482,3,mean,temperature,mae,3.7328739345285613,59296,35,0.31716716147140944
device,22482,3,mean,temperature,rmse,4.08008781358022,59296,35,0.2533898983903097
device,22482,3,mean,temperature,bias,-3.725956401106789,59296,35,0.3284880679756007
device,22482,3,mean,humidity,mae,15.109867250963681,59296,35,0.4458261884632941
device,22482,3,mean,humidity,rmse,17.281937603710794,59296,35,0.22319039114609013
device,22482,3,mean,humidity,bias,-6.157803894462385,59296,35,2.1687141168703046
device,22482,7,mean,temperature,mae,2.750813848345104,59296,35,0.05776330530501496
device,22482,7,mean,temperature,rmse,3.1322592240606486,59296,35,0.05900245084207506
device,22482,7,mean,temperature,bias,-2.7160112268203256,59296,35,0.061156023616001684
device,22482,7,mean,humidity,mae,12.832642465517807,59296,35,0.3614041100914295
device,22482,7,mean,humidity,rmse,17.163993632286964,59296,35,0.2788712223929489
device,22482,7,mean,humidity,bias,7.041447441226469,59296,35,0.9300839327390428
device,22482,14,mean,temperature,mae,2.0924019194021652,59296,35,0.04614002776388376
device,22482,14,mean,temperature,rmse,2.496885098569551,59296,35,0.04486101554323156
device,22482,14,mean,temperature,bias,-1.9747280312900581,59296,35,0.05278715976830398
device,22482,14,mean,humidity,mae,12.44853510955141,59296,35,0.09705002225246818
device,22482,14,mean,humidity,rmse,15.655891737635757,59296,35,0.10407117483731224
device,22482,14,mean,humidity,bias,3.1055264717944797,59296,35,0.38756412100472726
device_x_heater,22482/after_AHON_60min,0,mean,temperature,mae,6.076929991713926,9,8,0.08936166114385999
device_x_heater,22482/after_AHON_60min,0,mean,temperature,rmse,6.285966755358824,9,8,0.09305879122585743
device_x_heater,22482/after_AHON_60min,0,mean,temperature,bias,-6.076929991713926,9,8,0.08936166114385999
device_x_heater,22482/after_AHON_60min,0,mean,humidity,mae,37.00627046929546,9,8,1.057630623171279
device_x_heater,22482/after_AHON_60min,0,mean,humidity,rmse,40.02726508080744,9,8,0.8270457524757496
device_x_heater,22482/after_AHON_60min,0,mean,humidity,bias,-37.00627046929546,9,8,1.057630623171279
device_x_heater,22482/after_AHON_60min,1,mean,temperature,mae,5.442227538316857,9,8,0.17636466262914738
device_x_heater,22482/after_AHON_60min,1,mean,temperature,rmse,5.669848387637845,9,8,0.1747049765842818
device_x_heater,22482/after_AHON_60min,1,mean,temperature,bias,-5.442227538316857,9,8,0.17636466262914738
device_x_heater,22482/after_AHON_60min,1,mean,humidity,mae,30.777951960469938,9,8,1.1888812360107477
device_x_heater,22482/after_AHON_60min,1,mean,humidity,rmse,33.700420110584105,9,8,1.5168640318987607
device_x_heater,22482/after_AHON_60min,1,mean,humidity,bias,-30.040771186038125,9,8,1.5975013844815598
device_x_heater,22482/after_AHON_60min,3,mean,temperature,mae,3.860267288184311,9,8,0.23206539685478636
device_x_heater,22482/after_AHON_60min,3,mean,temperature,rmse,4.192206245463724,9,8,0.19360430243296795
device_x_heater,22482/after_AHON_60min,3,mean,temperature,bias,-3.860267288184311,9,8,0.23206539685478636
device_x_heater,22482/after_AHON_60min,3,mean,humidity,mae,20.131302173324524,9,8,0.6625217943095655
device_x_heater,22482/after_AHON_60min,3,mean,humidity,rmse,22.223250417145966,9,8,0.6258051905718193
device_x_heater,22482/after_AHON_60min,3,mean,humidity,bias,-16.045389610273528,9,8,1.1502175423510819
device_x_heater,22482/after_AHON_60min,7,mean,temperature,mae,2.913243277438664,9,8,0.09526609249060104
device_x_heater,22482/after_AHON_60min,7,mean,temperature,rmse,3.3375891614497135,9,8,0.09608905988109695
device_x_heater,22482/after_AHON_60min,7,mean,temperature,bias,-2.913243277438664,9,8,0.09526609249060104
device_x_heater,22482/after_AHON_60min,7,mean,humidity,mae,12.674179604428701,9,8,0.9210491973332948
device_x_heater,22482/after_AHON_60min,7,mean,humidity,rmse,15.52311261327756,9,8,0.6283703618947332
device_x_heater,22482/after_AHON_60min,7,mean,humidity,bias,-3.472557487732447,9,8,1.6574788404811045
device_x_heater,22482/after_AHON_60min,14,mean,temperature,mae,2.2977397755169533,9,8,0.06041185489017716
device_x_heater,22482/after_AHON_60min,14,mean,temperature,rmse,2.7399029772346246,9,8,0.04326705787324248
device_x_heater,22482/after_AHON_60min,14,mean,temperature,bias,-2.186404693316892,9,8,0.06014529328225334
device_x_heater,22482/after_AHON_60min,14,mean,humidity,mae,13.92345647692387,9,8,0.3009171764431869
device_x_heater,22482/after_AHON_60min,14,mean,humidity,rmse,16.15264377911506,9,8,0.22492160307532544
device_x_heater,22482/after_AHON_60min,14,mean,humidity,bias,-6.806395997523,9,8,0.49043583779320893
device_x_heater,22482/after_AHOF_60min,0,mean,temperature,mae,5.166715210144974,9023,32,0.08419117619221025
device_x_heater,22482/after_AHOF_60min,0,mean,temperature,rmse,5.4782182632854495,9023,32,0.07186991281663256
device_x_heater,22482/after_AHOF_60min,0,mean,temperature,bias,-5.166715210144974,9023,32,0.08419117619221025
device_x_heater,22482/after_AHOF_60min,0,mean,humidity,mae,31.909832298175832,9023,32,0.7501046943370334
device_x_heater,22482/after_AHOF_60min,0,mean,humidity,rmse,35.166804189400416,9023,32,0.7460860116177028
device_x_heater,22482/after_AHOF_60min,0,mean,humidity,bias,-31.520364031182563,9023,32,0.8305468602013082
device_x_heater,22482/after_AHOF_60min,1,mean,temperature,mae,4.498178327154037,9023,32,0.08500562662362951
device_x_heater,22482/after_AHOF_60min,1,mean,temperature,rmse,4.848385428181868,9023,32,0.07872530878234939
device_x_heater,22482/after_AHOF_60min,1,mean,temperature,bias,-4.498178327154037,9023,32,0.08500562662362951
device_x_heater,22482/after_AHOF_60min,1,mean,humidity,mae,26.1848830822868,9023,32,1.1305142814440596
device_x_heater,22482/after_AHOF_60min,1,mean,humidity,rmse,29.390971223133075,9023,32,1.112245906830647
device_x_heater,22482/after_AHOF_60min,1,mean,humidity,bias,-24.944753739206277,9023,32,1.1631521358171208
device_x_heater,22482/after_AHOF_60min,3,mean,temperature,mae,2.843813604912778,9023,32,0.311673768439659
device_x_heater,22482/after_AHOF_60min,3,mean,temperature,rmse,3.400075962827426,9023,32,0.2237733920285025
device_x_heater,22482/after_AHOF_60min,3,mean,temperature,bias,-2.8216462026987514,9023,32,0.3467694135272962
device_x_heater,22482/after_AHOF_60min,3,mean,humidity,mae,17.093490107986927,9023,32,0.7038862633559008
device_x_heater,22482/after_AHOF_60min,3,mean,humidity,rmse,18.87701170204961,9023,32,0.44848401340569943
device_x_heater,22482/after_AHOF_60min,3,mean,humidity,bias,-10.120955835247758,9023,32,2.0605452768337056
device_x_heater,22482/after_AHOF_60min,7,mean,temperature,mae,1.9634078777969999,9023,32,0.053646911047335745
device_x_heater,22482/after_AHOF_60min,7,mean,temperature,rmse,2.589980086136786,9023,32,0.057515005550161875
device_x_heater,22482/after_AHOF_60min,7,mean,temperature,bias,-1.8632657884347683,9023,32,0.054287921680097655
device_x_heater,22482/after_AHOF_60min,7,mean,humidity,mae,12.090673810357087,9023,32,0.5920211660404087
device_x_heater,22482/after_AHOF_60min,7,mean,humidity,rmse,15.892000564735477,9023,32,0.4134292872171396
device_x_heater,22482/after_AHOF_60min,7,mean,humidity,bias,2.620458460689266,9023,32,1.139379535745323
device_x_heater,22482/after_AHOF_60min,14,mean,temperature,mae,1.5028192706708243,9023,32,0.02550037735610469
device_x_heater,22482/after_AHOF_60min,14,mean,temperature,rmse,2.0673698726290586,9023,32,0.03746026704301559
device_x_heater,22482/after_AHOF_60min,14,mean,temperature,bias,-1.1987830416297014,9023,32,0.03771968331323298
device_x_heater,22482/after_AHOF_60min,14,mean,humidity,mae,12.855817130879588,9023,32,0.13430810478367092
device_x_heater,22482/after_AHOF_60min,14,mean,humidity,rmse,15.263190499228314,9023,32,0.11487785813567046
device_x_heater,22482/after_AHOF_60min,14,mean,humidity,bias,-1.5452697060970932,9023,32,0.31651368401883023
device_x_heater,22482/no_AHON_AHOF_60min,0,mean,temperature,mae,6.210570009332701,50264,35,0.06480593258832719
device_x_heater,22482/no_AHON_AHOF_60min,0,mean,temperature,rmse,6.381373817845493,50264,35,0.06223346894841436
device_x_heater,22482/no_AHON_AHOF_60min,0,mean,temperature,bias,-6.210570009332701,50264,35,0.06480593258832719
device_x_heater,22482/no_AHON_AHOF_60min,0,mean,humidity,mae,26.441781487102755,50264,35,0.4700799020242808
device_x_heater,22482/no_AHON_AHOF_60min,0,mean,humidity,rmse,30.212892955222685,50264,35,0.4840532468696351
device_x_heater,22482/no_AHON_AHOF_60min,0,mean,humidity,bias,-25.68397387431891,50264,35,0.575195095492111
device_x_heater,22482/no_AHON_AHOF_60min,1,mean,temperature,mae,5.506940377319246,50264,35,0.04706420996622858
device_x_heater,22482/no_AHON_AHOF_60min,1,mean,temperature,rmse,5.704719987515735,50264,35,0.04644982141510647
device_x_heater,22482/no_AHON_AHOF_60min,1,mean,temperature,bias,-5.506940377319246,50264,35,0.04706420996622858
device_x_heater,22482/no_AHON_AHOF_60min,1,mean,humidity,mae,21.764942024780698,50264,35,0.49691137468877233
device_x_heater,22482/no_AHON_AHOF_60min,1,mean,humidity,rmse,25.090358392216245,50264,35,0.618290889474828
device_x_heater,22482/no_AHON_AHOF_60min,1,mean,humidity,bias,-19.52426606423923,50264,35,0.6737011038343179
device_x_heater,22482/no_AHON_AHOF_60min,3,mean,temperature,mae,3.8924482782724006,50264,35,0.31816989373629495
device_x_heater,22482/no_AHON_AHOF_60min,3,mean,temperature,rmse,4.190469408478605,50264,35,0.258424031103378
device_x_heater,22482/no_AHON_AHOF_60min,3,mean,temperature,bias,-3.8882670433607296,50264,35,0.3252280461019182
device_x_heater,22482/no_AHON_AHOF_60min,3,mean,humidity,mae,14.75288368512686,50264,35,0.4131633124642224
device_x_heater,22482/no_AHON_AHOF_60min,3,mean,humidity,rmse,16.978188818650896,50264,35,0.22247599159221168
device_x_heater,22482/no_AHON_AHOF_60min,3,mean,humidity,bias,-5.444599449270026,50264,35,2.189225015923226
device_x_heater,22482/no_AHON_AHOF_60min,7,mean,temperature,mae,2.8921337235518862,50264,35,0.059229419596776155
device_x_heater,22482/no_AHON_AHOF_60min,7,mean,temperature,rmse,3.2199092051279092,50264,35,0.05963692934770191
device_x_heater,22482/no_AHON_AHOF_60min,7,mean,temperature,bias,-2.8690541004892993,50264,35,0.062398845362318385
device_x_heater,22482/no_AHON_AHOF_60min,7,mean,humidity,mae,12.96586324661889,50264,35,0.3354105933891909
device_x_heater,22482/no_AHON_AHOF_60min,7,mean,humidity,rmse,17.38255990971479,50264,35,0.2669262220442836
device_x_heater,22482/no_AHON_AHOF_60min,7,mean,humidity,bias,7.836951372782809,50264,35,0.904347397487205
device_x_heater,22482/no_AHON_AHOF_60min,14,mean,temperature,mae,2.1982024167521153,50264,35,0.05004913604660068
device_x_heater,22482/no_AHON_AHOF_60min,14,mean,temperature,rmse,2.566342686337434,50264,35,0.04624711850958615
device_x_heater,22482/no_AHON_AHOF_60min,14,mean,temperature,bias,-2.113981702938696,50264,35,0.0576518323668137
device_x_heater,22482/no_AHON_AHOF_60min,14,mean,humidity,mae,12.375158936331003,50264,35,0.12521246870432173
device_x_heater,22482/no_AHON_AHOF_60min,14,mean,humidity,rmse,15.725108198716024,50264,35,0.1322022917804738
device_x_heater,22482/no_AHON_AHOF_60min,14,mean,humidity,bias,3.9421757877132184,50264,35,0.4016602587646249
22482_quality_phase,22482/normal,0,mean,temperature,mae,6.517801739944612,23134,13,0.046513233164756314
22482_quality_phase,22482/normal,0,mean,temperature,rmse,6.708637302300534,23134,13,0.043849407668010223
22482_quality_phase,22482/normal,0,mean,temperature,bias,-6.517801739944612,23134,13,0.046513233164756314
22482_quality_phase,22482/normal,0,mean,humidity,mae,27.613085056801726,23134,13,0.5065367037944876
22482_quality_phase,22482/normal,0,mean,humidity,rmse,29.688891181775983,23134,13,0.4916119706278846
22482_quality_phase,22482/normal,0,mean,humidity,bias,-27.53857547943248,23134,13,0.5151519354071951
22482_quality_phase,22482/normal,1,mean,temperature,mae,5.893979159155955,23134,13,0.03642428137028388
22482_quality_phase,22482/normal,1,mean,temperature,rmse,6.108400387048768,23134,13,0.03041299703782722
22482_quality_phase,22482/normal,1,mean,temperature,bias,-5.893979159155955,23134,13,0.03642428137028388
22482_quality_phase,22482/normal,1,mean,humidity,mae,22.027124960437053,23134,13,0.7268692705382513
22482_quality_phase,22482/normal,1,mean,humidity,rmse,24.2648771047225,23134,13,0.7870663128381202
22482_quality_phase,22482/normal,1,mean,humidity,bias,-21.633903133156007,23134,13,0.7409668949410105
22482_quality_phase,22482/normal,3,mean,temperature,mae,4.294063472723123,23134,13,0.23324024489576772
22482_quality_phase,22482/normal,3,mean,temperature,rmse,4.613343424459685,23134,13,0.177030503200158
22482_quality_phase,22482/normal,3,mean,temperature,bias,-4.290801961450213,23134,13,0.2385995617620019
22482_quality_phase,22482/normal,3,mean,humidity,mae,11.656211907445156,23134,13,0.34894399056525366
22482_quality_phase,22482/normal,3,mean,humidity,rmse,14.011215448377124,23134,13,0.27673299162224246
22482_quality_phase,22482/normal,3,mean,humidity,bias,-8.00309335345553,23134,13,1.6526186107481478
22482_quality_phase,22482/normal,7,mean,temperature,mae,3.1992479689705338,23134,13,0.08797727990988882
22482_quality_phase,22482/normal,7,mean,temperature,rmse,3.527757516203657,23134,13,0.09185068901678474
22482_quality_phase,22482/normal,7,mean,temperature,bias,-3.169112542484923,23134,13,0.08948346193993748
22482_quality_phase,22482/normal,7,mean,humidity,mae,9.397189820334356,23134,13,0.40305467441558046
22482_quality_phase,22482/normal,7,mean,humidity,rmse,12.344789196367314,23134,13,0.499695897070644
22482_quality_phase,22482/normal,7,mean,humidity,bias,6.047174577552493,23134,13,0.8900852937212586
22482_quality_phase,22482/normal,14,mean,temperature,mae,2.3594582546487004,23134,13,0.07861394321672249
22482_quality_phase,22482/normal,14,mean,temperature,rmse,2.7552621691557824,23134,13,0.06655057943132282
22482_quality_phase,22482/normal,14,mean,temperature,bias,-2.274740811465342,23134,13,0.0816242663355373
22482_quality_phase,22482/normal,14,mean,humidity,mae,8.522680482919581,23134,13,0.13395713305950988
22482_quality_phase,22482/normal,14,mean,humidity,rmse,11.11254323188311,23134,13,0.11134945339853493
22482_quality_phase,22482/normal,14,mean,humidity,bias,2.951203052850797,23134,13,0.5117600343797655
22482_quality_phase_x_heater,22482/normal/after_AHON_60min,0,mean,temperature,mae,6.8186238491547,1,1,0.04195841404561299
22482_quality_phase_x_heater,22482/normal/after_AHON_60min,0,mean,temperature,rmse,6.8186238491547,1,1,0.04195841404561299
22482_quality_phase_x_heater,22482/normal/after_AHON_60min,0,mean,temperature,bias,-6.8186238491547,1,1,0.04195841404561299
22482_quality_phase_x_heater,22482/normal/after_AHON_60min,0,mean,humidity,mae,44.32213862238128,1,1,1.274138807343471
22482_quality_phase_x_heater,22482/normal/after_AHON_60min,0,mean,humidity,rmse,44.32213862238128,1,1,1.274138807343471
22482_quality_phase_x_heater,22482/normal/after_AHON_60min,0,mean,humidity,bias,-44.32213862238128,1,1,1.274138807343471
22482_quality_phase_x_heater,22482/normal/after_AHON_60min,1,mean,temperature,mae,6.171832651848998,1,1,0.3678251983223489
22482_quality_phase_x_heater,22482/normal/after_AHON_60min,1,mean,temperature,rmse,6.171832651848998,1,1,0.3678251983223489
22482_quality_phase_x_heater,22482/normal/after_AHON_60min,1,mean,temperature,bias,-6.171832651848998,1,1,0.3678251983223489
22482_quality_phase_x_heater,22482/normal/after_AHON_60min,1,mean,humidity,mae,39.15414735200962,1,1,2.031347701034599
22482_quality_phase_x_heater,22482/normal/after_AHON_60min,1,mean,humidity,rmse,39.15414735200962,1,1,2.031347701034599
22482_quality_phase_x_heater,22482/normal/after_AHON_60min,1,mean,humidity,bias,-39.15414735200962,1,1,2.031347701034599
22482_quality_phase_x_heater,22482/normal/after_AHON_60min,3,mean,temperature,mae,4.735874144457623,1,1,0.2253661105455017
22482_quality_phase_x_heater,22482/normal/after_AHON_60min,3,mean,temperature,rmse,4.735874144457623,1,1,0.2253661105455017
22482_quality_phase_x_heater,22482/normal/after_AHON_60min,3,mean,temperature,bias,-4.735874144457623,1,1,0.2253661105455017
22482_quality_phase_x_heater,22482/normal/after_AHON_60min,3,mean,humidity,mae,28.168259493233773,1,1,1.0095287917710047
22482_quality_phase_x_heater,22482/normal/after_AHON_60min,3,mean,humidity,rmse,28.168259493233773,1,1,1.0095287917710047
22482_quality_phase_x_heater,22482/normal/after_AHON_60min,3,mean,humidity,bias,-28.168259493233773,1,1,1.0095287917710047
22482_quality_phase_x_heater,22482/normal/after_AHON_60min,7,mean,temperature,mae,3.6257030382451347,1,1,0.28752368538387946
22482_quality_phase_x_heater,22482/normal/after_AHON_60min,7,mean,temperature,rmse,3.6257030382451347,1,1,0.28752368538387946
22482_quality_phase_x_heater,22482/normal/after_AHON_60min,7,mean,temperature,bias,-3.6257030382451347,1,1,0.28752368538387946
22482_quality_phase_x_heater,22482/normal/after_AHON_60min,7,mean,humidity,mae,14.330744422883981,1,1,2.3604689118948095
22482_quality_phase_x_heater,22482/normal/after_AHON_60min,7,mean,humidity,rmse,14.330744422883981,1,1,2.3604689118948095
22482_quality_phase_x_heater,22482/normal/after_AHON_60min,7,mean,humidity,bias,-14.330744422883981,1,1,2.3604689118948095
22482_quality_phase_x_heater,22482/normal/after_AHON_60min,14,mean,temperature,mae,2.4944328105058298,1,1,0.256313032725195
22482_quality_phase_x_heater,22482/normal/after_AHON_60min,14,mean,temperature,rmse,2.4944328105058298,1,1,0.256313032725195
22482_quality_phase_x_heater,22482/normal/after_AHON_60min,14,mean,temperature,bias,-2.4944328105058298,1,1,0.256313032725195
22482_quality_phase_x_heater,22482/normal/after_AHON_60min,14,mean,humidity,mae,14.683171568789968,1,1,1.292064219175923
22482_quality_phase_x_heater,22482/normal/after_AHON_60min,14,mean,humidity,rmse,14.683171568789968,1,1,1.292064219175923
22482_quality_phase_x_heater,22482/normal/after_AHON_60min,14,mean,humidity,bias,-14.683171568789968,1,1,1.292064219175923
22482_quality_phase_x_heater,22482/normal/after_AHOF_60min,0,mean,temperature,mae,5.436218034788669,3003,12,0.08791696296204458
22482_quality_phase_x_heater,22482/normal/after_AHOF_60min,0,mean,temperature,rmse,5.863100015035534,3003,12,0.06790724733260038
22482_quality_phase_x_heater,22482/normal/after_AHOF_60min,0,mean,temperature,bias,-5.436218034788669,3003,12,0.08791696296204458
22482_quality_phase_x_heater,22482/normal/after_AHOF_60min,0,mean,humidity,mae,35.22476434643834,3003,12,0.8634228725652129
22482_quality_phase_x_heater,22482/normal/after_AHOF_60min,0,mean,humidity,rmse,36.40296596753952,3003,12,0.8266486086067125
22482_quality_phase_x_heater,22482/normal/after_AHOF_60min,0,mean,humidity,bias,-35.22476434643834,3003,12,0.8634228725652129
22482_quality_phase_x_heater,22482/normal/after_AHOF_60min,1,mean,temperature,mae,4.845611394225625,3003,12,0.09601162316019576
22482_quality_phase_x_heater,22482/normal/after_AHOF_60min,1,mean,temperature,rmse,5.319231868503336,3003,12,0.07640990891027828
22482_quality_phase_x_heater,22482/normal/after_AHOF_60min,1,mean,temperature,bias,-4.845611394225625,3003,12,0.09601162316019576
22482_quality_phase_x_heater,22482/normal/after_AHOF_60min,1,mean,humidity,mae,28.71484582413971,3003,12,1.395848798159189
22482_quality_phase_x_heater,22482/normal/after_AHOF_60min,1,mean,humidity,rmse,30.146640399340598,3003,12,1.3274643294489794
22482_quality_phase_x_heater,22482/normal/after_AHOF_60min,1,mean,humidity,bias,-28.71484582413971,3003,12,1.395848798159189
22482_quality_phase_x_heater,22482/normal/after_AHOF_60min,3,mean,temperature,mae,3.1845696207118923,3003,12,0.24376707816502963
22482_quality_phase_x_heater,22482/normal/after_AHOF_60min,3,mean,temperature,rmse,3.9212361119000825,3003,12,0.1316509281608879
22482_quality_phase_x_heater,22482/normal/after_AHOF_60min,3,mean,temperature,bias,-3.169267429381908,3003,12,0.2697416321135831
22482_quality_phase_x_heater,22482/normal/after_AHOF_60min,3,mean,humidity,mae,14.690123084008176,3003,12,1.0782908469547197
22482_quality_phase_x_heater,22482/normal/after_AHOF_60min,3,mean,humidity,rmse,16.966394611835458,3003,12,0.819325712926915
22482_quality_phase_x_heater,22482/normal/after_AHOF_60min,3,mean,humidity,bias,-14.046628283319121,3003,12,1.531820012204943
22482_quality_phase_x_heater,22482/normal/after_AHOF_60min,7,mean,temperature,mae,2.2781706218245765,3003,12,0.08059330067542955
22482_quality_phase_x_heater,22482/normal/after_AHOF_60min,7,mean,temperature,rmse,3.0512181492137778,3003,12,0.08427130877105121
22482_quality_phase_x_heater,22482/normal/after_AHOF_60min,7,mean,temperature,bias,-2.14214515302626,3003,12,0.07856354348922621
22482_quality_phase_x_heater,22482/normal/after_AHOF_60min,7,mean,humidity,mae,7.353788982452653,3003,12,0.6771932238970602
22482_quality_phase_x_heater,22482/normal/after_AHOF_60min,7,mean,humidity,rmse,8.931368551092854,3003,12,0.6240027662676255
22482_quality_phase_x_heater,22482/normal/after_AHOF_60min,7,mean,humidity,bias,-0.8287743814549923,3003,12,1.3270798871039504
22482_quality_phase_x_heater,22482/normal/after_AHOF_60min,14,mean,temperature,mae,1.7248071247196863,3003,12,0.03814712231805675
22482_quality_phase_x_heater,22482/normal/after_AHOF_60min,14,mean,temperature,rmse,2.44948777839273,3003,12,0.042071583331170545
22482_quality_phase_x_heater,22482/normal/after_AHOF_60min,14,mean,temperature,bias,-1.3743740647539624,3003,12,0.04060132284087255
22482_quality_phase_x_heater,22482/normal/after_AHOF_60min,14,mean,humidity,mae,8.258889859715035,3003,12,0.1135367466691553
22482_quality_phase_x_heater,22482/normal/after_AHOF_60min,14,mean,humidity,rmse,9.719763445977184,3003,12,0.12458682819567662
22482_quality_phase_x_heater,22482/normal/after_AHOF_60min,14,mean,humidity,bias,-4.26538397347396,3003,12,0.3475550406300503
22482_quality_phase_x_heater,22482/normal/no_AHON_AHOF_60min,0,mean,temperature,mae,6.679137807727726,20130,13,0.041660937139277765
22482_quality_phase_x_heater,22482/normal/no_AHON_AHOF_60min,0,mean,temperature,rmse,6.825787714285718,20130,13,0.04144222270053793
22482_quality_phase_x_heater,22482/normal/no_AHON_AHOF_60min,0,mean,temperature,bias,-6.679137807727726,20130,13,0.041660937139277765
22482_quality_phase_x_heater,22482/normal/no_AHON_AHOF_60min,0,mean,humidity,mae,26.47674218743539,20130,13,0.4534308862936524
22482_quality_phase_x_heater,22482/normal/no_AHON_AHOF_60min,0,mean,humidity,rmse,28.5512170487648,20130,13,0.4303877155716137
22482_quality_phase_x_heater,22482/normal/no_AHON_AHOF_60min,0,mean,humidity,bias,-26.391113545465192,20130,13,0.4635937526072305
22482_quality_phase_x_heater,22482/normal/no_AHON_AHOF_60min,1,mean,temperature,mae,6.050361203099975,20130,13,0.028203706741469457
22482_quality_phase_x_heater,22482/normal/no_AHON_AHOF_60min,1,mean,temperature,rmse,6.217521099825376,20130,13,0.02535405394631282
22482_quality_phase_x_heater,22482/normal/no_AHON_AHOF_60min,1,mean,temperature,bias,-6.050361203099975,20130,13,0.028203706741469457
22482_quality_phase_x_heater,22482/normal/no_AHON_AHOF_60min,1,mean,humidity,mae,21.028597748510048,20130,13,0.6330756061259829
22482_quality_phase_x_heater,22482/normal/no_AHON_AHOF_60min,1,mean,humidity,rmse,23.258825469083718,20130,13,0.6934549621807895
22482_quality_phase_x_heater,22482/normal/no_AHON_AHOF_60min,1,mean,humidity,bias,-20.57669542599044,20130,13,0.6504185005391716
22482_quality_phase_x_heater,22482/normal/no_AHON_AHOF_60min,3,mean,temperature,mae,4.459556181462219,20130,13,0.23169103625770476
22482_quality_phase_x_heater,22482/normal/no_AHON_AHOF_60min,3,mean,temperature,rmse,4.707868105794026,20130,13,0.18301346584809772
22482_quality_phase_x_heater,22482/normal/no_AHON_AHOF_60min,3,mean,temperature,bias,-4.458090740765569,20130,13,0.233986969553001
22482_quality_phase_x_heater,22482/normal/no_AHON_AHOF_60min,3,mean,humidity,mae,11.20279177278025,20130,13,0.28296716706029074
22482_quality_phase_x_heater,22482/normal/no_AHON_AHOF_60min,3,mean,humidity,rmse,13.511688987109892,20130,13,0.2846307340427808
22482_quality_phase_x_heater,22482/normal/no_AHON_AHOF_60min,3,mean,humidity,bias,-7.100515084179814,20130,13,1.672503525859801
22482_quality_phase_x_heater,22482/normal/no_AHON_AHOF_60min,7,mean,temperature,mae,3.336633404559706,20130,13,0.08911351029216756
22482_quality_phase_x_heater,22482/normal/no_AHON_AHOF_60min,7,mean,temperature,rmse,3.593426732377449,20130,13,0.093101725509821
22482_quality_phase_x_heater,22482/normal/no_AHON_AHOF_60min,7,mean,temperature,bias,-3.322293192263791,20130,13,0.09112384672149604
22482_quality_phase_x_heater,22482/normal/no_AHON_AHOF_60min,7,mean,humidity,mae,9.701779942617328,20130,13,0.42600241486654306
22482_quality_phase_x_heater,22482/normal/no_AHON_AHOF_60min,7,mean,humidity,rmse,12.774927398020793,20130,13,0.5181082493400208
22482_quality_phase_x_heater,22482/normal/no_AHON_AHOF_60min,7,mean,humidity,bias,7.0739432135634175,20130,13,0.8469707734075196
22482_quality_phase_x_heater,22482/normal/no_AHON_AHOF_60min,14,mean,temperature,mae,2.454129013149494,20130,13,0.08541074830868657
22482_quality_phase_x_heater,22482/normal/no_AHON_AHOF_60min,14,mean,temperature,rmse,2.798020633502405,20130,13,0.06982806935200941
22482_quality_phase_x_heater,22482/normal/no_AHON_AHOF_60min,14,mean,temperature,bias,-2.4090469042808027,20130,13,0.09067463309493927
22482_quality_phase_x_heater,22482/normal/no_AHON_AHOF_60min,14,mean,humidity,mae,8.561726819253282,20130,13,0.17044044983718445
22482_quality_phase_x_heater,22482/normal/no_AHON_AHOF_60min,14,mean,humidity,rmse,11.305181236320493,20130,13,0.14102505933847923
22482_quality_phase_x_heater,22482/normal/no_AHON_AHOF_60min,14,mean,humidity,bias,4.0286518961033995,20130,13,0.5372584002609333
22482_quality_phase,22482/p1_response_shift,0,mean,temperature,mae,5.652581907026824,33677,21,0.08543317453785923
22482_quality_phase,22482/p1_response_shift,0,mean,temperature,rmse,5.830149153874825,33677,21,0.08469383319797798
22482_quality_phase,22482/p1_response_shift,0,mean,temperature,bias,-5.652581907026824,33677,21,0.08543317453785923
22482_quality_phase,22482/p1_response_shift,0,mean,humidity,mae,26.399526243018716,33677,21,0.523176529894342
22482_quality_phase,22482/p1_response_shift,0,mean,humidity,rmse,31.435021881001944,33677,21,0.5597060427087914
22482_quality_phase,22482/p1_response_shift,0,mean,humidity,bias,-25.215308246784275,33677,21,0.695823826245284
22482_quality_phase,22482/p1_response_shift,1,mean,temperature,mae,4.900455586608125,33677,21,0.06355650496875415
22482_quality_phase,22482/p1_response_shift,1,mean,temperature,rmse,5.0965791217217635,33677,21,0.06717996453093633
22482_quality_phase,22482/p1_response_shift,1,mean,temperature,bias,-4.900455586608125,33677,21,0.06355650496875415
22482_quality_phase,22482/p1_response_shift,1,mean,humidity,mae,22.184026193137786,33677,21,0.4795162254741341
22482_quality_phase,22482/p1_response_shift,1,mean,humidity,rmse,26.400853484059354,33677,21,0.6347933828863969
22482_quality_phase,22482/p1_response_shift,1,mean,humidity,bias,-18.7774025503572,33677,21,0.7455695761787394
22482_quality_phase,22482/p1_response_shift,3,mean,temperature,mae,3.266170571467312,33677,21,0.37767756181241047
22482_quality_phase,22482/p1_response_shift,3,mean,temperature,rmse,3.5695701537114153,33677,21,0.3314065243657256
22482_quality_phase,22482/p1_response_shift,3,mean,temperature,bias,-3.2562311392141456,33677,21,0.39393083342823465
22482_quality_phase,22482/p1_response_shift,3,mean,humidity,mae,17.437747789445325,33677,21,0.4452504925011083
22482_quality_phase,22482/p1_response_shift,3,mean,humidity,rmse,19.162773353913064,33677,21,0.16586945876899356
22482_quality_phase,22482/p1_response_shift,3,mean,humidity,bias,-4.198456794609653,33677,21,2.547734641402238
22482_quality_phase,22482/p1_response_shift,7,mean,temperature,mae,2.365934899026026,33677,21,0.03934530948992404
22482_quality_phase,22482/p1_response_shift,7,mean,temperature,rmse,2.7343087928453222,33677,21,0.031871070640021794
22482_quality_phase,22482/p1_response_shift,7,mean,temperature,bias,-2.325390830487812,33677,21,0.052975565176859946
22482_quality_phase,22482/p1_response_shift,7,mean,humidity,mae,15.659459925985578,33677,21,0.34095197595940036
22482_quality_phase,22482/p1_response_shift,7,mean,humidity,rmse,20.19887334871954,33677,21,0.21391944864309637
22482_quality_phase,22482/p1_response_shift,7,mean,humidity,bias,8.40147416042233,33677,21,0.930828027788961
22482_quality_phase,22482/p1_response_shift,14,mean,temperature,mae,1.8420311926579416,33677,21,0.025884981208765576
22482_quality_phase,22482/p1_response_shift,14,mean,temperature,rmse,2.2189934496622756,33677,21,0.02617002598295581
22482_quality_phase,22482/p1_response_shift,14,mean,temperature,bias,-1.693729906627549,33677,21,0.04212017110833052
22482_quality_phase,22482/p1_response_shift,14,mean,humidity,mae,15.541553249854461,33677,21,0.11819451015206112
22482_quality_phase,22482/p1_response_shift,14,mean,humidity,rmse,18.415046499103198,33677,21,0.12083996874443056
22482_quality_phase,22482/p1_response_shift,14,mean,humidity,bias,3.853555193971483,33677,21,0.308283545180222
22482_quality_phase_x_heater,22482/p1_response_shift/after_AHON_60min,0,mean,temperature,mae,5.984218259533829,8,7,0.09555939423946175
22482_quality_phase_x_heater,22482/p1_response_shift/after_AHON_60min,0,mean,temperature,rmse,6.216149015673221,8,7,0.10014538930186379
22482_quality_phase_x_heater,22482/p1_response_shift/after_AHON_60min,0,mean,temperature,bias,-5.984218259533829,8,7,0.09555939423946175
22482_quality_phase_x_heater,22482/p1_response_shift/after_AHON_60min,0,mean,humidity,mae,36.09178695015972,8,7,1.0335282010783104
22482_quality_phase_x_heater,22482/p1_response_shift/after_AHON_60min,0,mean,humidity,rmse,39.45723609306208,8,7,0.7769504503433984
22482_quality_phase_x_heater,22482/p1_response_shift/after_AHON_60min,0,mean,humidity,bias,-36.09178695015972,8,7,1.0335282010783104
22482_quality_phase_x_heater,22482/p1_response_shift/after_AHON_60min,1,mean,temperature,mae,5.35102689912534,8,7,0.15337794306946986
22482_quality_phase_x_heater,22482/p1_response_shift/after_AHON_60min,1,mean,temperature,rmse,5.603641150248053,8,7,0.14980568421204302
22482_quality_phase_x_heater,22482/p1_response_shift/after_AHON_60min,1,mean,temperature,bias,-5.35102689912534,8,7,0.15337794306946986
22482_quality_phase_x_heater,22482/p1_response_shift/after_AHON_60min,1,mean,humidity,mae,29.730927536527474,8,7,1.0848994086200578
22482_quality_phase_x_heater,22482/p1_response_shift/after_AHON_60min,1,mean,humidity,rmse,32.95500932360486,8,7,1.4498370348557832
22482_quality_phase_x_heater,22482/p1_response_shift/after_AHON_60min,1,mean,humidity,bias,-28.90159916529169,8,7,1.5466930426294556
22482_quality_phase_x_heater,22482/p1_response_shift/after_AHON_60min,3,mean,temperature,mae,3.750816431150147,8,7,0.2641169950902866
22482_quality_phase_x_heater,22482/p1_response_shift/after_AHON_60min,3,mean,temperature,rmse,4.117996946202995,8,7,0.22528314263977445
22482_quality_phase_x_heater,22482/p1_response_shift/after_AHON_60min,3,mean,temperature,bias,-3.750816431150147,8,7,0.2641169950902866
22482_quality_phase_x_heater,22482/p1_response_shift/after_AHON_60min,3,mean,humidity,mae,19.126682508335865,8,7,0.8546405975748197
22482_quality_phase_x_heater,22482/p1_response_shift/after_AHON_60min,3,mean,humidity,rmse,21.35717972249647,8,7,0.8705864427937251
22482_quality_phase_x_heater,22482/p1_response_shift/after_AHON_60min,3,mean,humidity,bias,-14.530030874903494,8,7,1.39628061762423
22482_quality_phase_x_heater,22482/p1_response_shift/after_AHON_60min,7,mean,temperature,mae,2.824185807337855,8,7,0.07338316365271155
22482_quality_phase_x_heater,22482/p1_response_shift/after_AHON_60min,7,mean,temperature,rmse,3.2993054263366717,8,7,0.07081472595494762
22482_quality_phase_x_heater,22482/p1_response_shift/after_AHON_60min,7,mean,temperature,bias,-2.824185807337855,8,7,0.07338316365271155
22482_quality_phase_x_heater,22482/p1_response_shift/after_AHON_60min,7,mean,humidity,mae,12.467109002121793,8,7,0.7476896961219087
22482_quality_phase_x_heater,22482/p1_response_shift/after_AHON_60min,7,mean,humidity,rmse,15.656230174696793,8,7,0.4431136442815713
22482_quality_phase_x_heater,22482/p1_response_shift/after_AHON_60min,7,mean,humidity,bias,-2.115284120838506,8,7,1.5787964854038707
22482_quality_phase_x_heater,22482/p1_response_shift/after_AHON_60min,14,mean,temperature,mae,2.2731531461433434,8,7,0.053845182610362634
22482_quality_phase_x_heater,22482/p1_response_shift/after_AHON_60min,14,mean,temperature,rmse,2.768240847280748,8,7,0.025964218145536278
22482_quality_phase_x_heater,22482/p1_response_shift/after_AHON_60min,14,mean,temperature,bias,-2.1479011786682745,8,7,0.05752566941246822
22482_quality_phase_x_heater,22482/p1_response_shift/after_AHON_60min,14,mean,humidity,mae,13.828492090440607,8,7,0.22334289327038978
22482_quality_phase_x_heater,22482/p1_response_shift/after_AHON_60min,14,mean,humidity,rmse,16.323361181009815,8,7,0.16726024536062006
22482_quality_phase_x_heater,22482/p1_response_shift/after_AHON_60min,14,mean,humidity,bias,-5.82179905111463,8,7,0.41428823413220317
22482_quality_phase_x_heater,22482/p1_response_shift/after_AHOF_60min,0,mean,temperature,mae,4.960741165178327,5467,19,0.0906087696853836
22482_quality_phase_x_heater,22482/p1_response_shift/after_AHOF_60min,0,mean,temperature,rmse,5.213381567791778,5467,19,0.08198746945954416
22482_quality_phase_x_heater,22482/p1_response_shift/after_AHOF_60min,0,mean,temperature,bias,-4.960741165178327,5467,19,0.0906087696853836
22482_quality_phase_x_heater,22482/p1_response_shift/after_AHOF_60min,0,mean,humidity,mae,29.77112854079674,5467,19,0.688891821088398
22482_quality_phase_x_heater,22482/p1_response_shift/after_AHOF_60min,0,mean,humidity,rmse,34.44674266971805,5467,19,0.6962157111586595
22482_quality_phase_x_heater,22482/p1_response_shift/after_AHOF_60min,0,mean,humidity,bias,-29.128331362622202,5467,19,0.8245630054137185
22482_quality_phase_x_heater,22482/p1_response_shift/after_AHOF_60min,1,mean,temperature,mae,4.2454966784370605,5467,19,0.07604203544271462
22482_quality_phase_x_heater,22482/p1_response_shift/after_AHOF_60min,1,mean,temperature,rmse,4.52425223231599,5467,19,0.07647320018931544
22482_quality_phase_x_heater,22482/p1_response_shift/after_AHOF_60min,1,mean,temperature,bias,-4.2454966784370605,5467,19,0.07604203544271462
22482_quality_phase_x_heater,22482/p1_response_shift/after_AHOF_60min,1,mean,humidity,mae,24.558089369351617,5467,19,0.9620438721398278
22482_quality_phase_x_heater,22482/p1_response_shift/after_AHOF_60min,1,mean,humidity,rmse,29.014686265107645,5467,19,0.9646102122349118
22482_quality_phase_x_heater,22482/p1_response_shift/after_AHOF_60min,1,mean,humidity,bias,-22.511320197481208,5467,19,1.0226499746744944
22482_quality_phase_x_heater,22482/p1_response_shift/after_AHOF_60min,3,mean,temperature,mae,2.5912788583421436,5467,19,0.35315909007113927
22482_quality_phase_x_heater,22482/p1_response_shift/after_AHOF_60min,3,mean,temperature,rmse,3.0386526995931873,5467,19,0.2937394768282564
22482_quality_phase_x_heater,22482/p1_response_shift/after_AHOF_60min,3,mean,temperature,bias,-2.5630981395542864,5467,19,0.39689426910805514
22482_quality_phase_x_heater,22482/p1_response_shift/after_AHOF_60min,3,mean,humidity,mae,18.709373810399622,5467,19,0.42484618592353535
22482_quality_phase_x_heater,22482/p1_response_shift/after_AHOF_60min,3,mean,humidity,rmse,20.166016239195045,5467,19,0.24286510171071357
22482_quality_phase_x_heater,22482/p1_response_shift/after_AHOF_60min,3,mean,humidity,bias,-7.556798977661248,5467,19,2.4098782612742267
22482_quality_phase_x_heater,22482/p1_response_shift/after_AHOF_60min,7,mean,temperature,mae,1.734394218601036,5467,19,0.039086611049244956
22482_quality_phase_x_heater,22482/p1_response_shift/after_AHOF_60min,7,mean,temperature,rmse,2.2764679119082807,5467,19,0.04112969573023992
22482_quality_phase_x_heater,22482/p1_response_shift/after_AHOF_60min,7,mean,temperature,bias,-1.644034442478782,5467,19,0.0546900409360954
22482_quality_phase_x_heater,22482/p1_response_shift/after_AHOF_60min,7,mean,humidity,mae,15.470976265202381,5467,19,0.5665596623642168
22482_quality_phase_x_heater,22482/p1_response_shift/after_AHOF_60min,7,mean,humidity,rmse,19.23627707241889,5467,19,0.4364418688039138
22482_quality_phase_x_heater,22482/p1_response_shift/after_AHOF_60min,7,mean,humidity,bias,4.916038829859204,5467,19,1.0353539280315718
22482_quality_phase_x_heater,22482/p1_response_shift/after_AHOF_60min,14,mean,temperature,mae,1.349260374411185,5467,19,0.015190911273491387
22482_quality_phase_x_heater,22482/p1_response_shift/after_AHOF_60min,14,mean,temperature,rmse,1.8230361851979417,5467,19,0.032619097788924946
22482_quality_phase_x_heater,22482/p1_response_shift/after_AHOF_60min,14,mean,temperature,bias,-1.0442340412367184,5467,19,0.038620121163459406
22482_quality_phase_x_heater,22482/p1_response_shift/after_AHOF_60min,14,mean,humidity,mae,16.103613991584677,5467,19,0.14057884437393012
22482_quality_phase_x_heater,22482/p1_response_shift/after_AHOF_60min,14,mean,humidity,rmse,18.09762763503456,5467,19,0.11272144307144884
22482_quality_phase_x_heater,22482/p1_response_shift/after_AHOF_60min,14,mean,humidity,bias,0.28840846480587135,5467,19,0.27826551096012214
22482_quality_phase_x_heater,22482/p1_response_shift/no_AHON_AHOF_60min,0,mean,temperature,mae,5.7866021979588735,28202,21,0.08689234633311811
22482_quality_phase_x_heater,22482/p1_response_shift/no_AHON_AHOF_60min,0,mean,temperature,rmse,5.942180317197778,28202,21,0.08688037041135313
22482_quality_phase_x_heater,22482/p1_response_shift/no_AHON_AHOF_60min,0,mean,temperature,bias,-5.7866021979588735,28202,21,0.08689234633311811
22482_quality_phase_x_heater,22482/p1_response_shift/no_AHON_AHOF_60min,0,mean,humidity,mae,25.743186698035746,28202,21,0.49234344404555347
22482_quality_phase_x_heater,22482/p1_response_shift/no_AHON_AHOF_60min,0,mean,humidity,rmse,30.814476371421637,28202,21,0.5344586058177199
22482_quality_phase_x_heater,22482/p1_response_shift/no_AHON_AHOF_60min,0,mean,humidity,bias,-24.45367753960348,28202,21,0.6719697973081317
22482_quality_phase_x_heater,22482/p1_response_shift/no_AHON_AHOF_60min,1,mean,temperature,mae,5.027292540741558,28202,21,0.061193191369644545
22482_quality_phase_x_heater,22482/p1_response_shift/no_AHON_AHOF_60min,1,mean,temperature,rmse,5.200089743984615,28202,21,0.06568114615686074
22482_quality_phase_x_heater,22482/p1_response_shift/no_AHON_AHOF_60min,1,mean,temperature,bias,-5.027292540741558,28202,21,0.061193191369644545
22482_quality_phase_x_heater,22482/p1_response_shift/no_AHON_AHOF_60min,1,mean,humidity,mae,21.721669672497118,28202,21,0.3962386860359437
22482_quality_phase_x_heater,22482/p1_response_shift/no_AHON_AHOF_60min,1,mean,humidity,rmse,25.861068400801752,28202,21,0.5760207067714191
22482_quality_phase_x_heater,22482/p1_response_shift/no_AHON_AHOF_60min,1,mean,humidity,bias,-18.050705105149536,28202,21,0.699322331401784
22482_quality_phase_x_heater,22482/p1_response_shift/no_AHON_AHOF_60min,3,mean,temperature,mae,3.3968618638855026,28202,21,0.38246512198426474
22482_quality_phase_x_heater,22482/p1_response_shift/no_AHON_AHOF_60min,3,mean,temperature,rmse,3.663429034275923,28202,21,0.33832669865058806
22482_quality_phase_x_heater,22482/p1_response_shift/no_AHON_AHOF_60min,3,mean,temperature,bias,-3.3904557128899473,28202,21,0.3934056623803136
22482_quality_phase_x_heater,22482/p1_response_shift/no_AHON_AHOF_60min,3,mean,humidity,mae,17.190762081541337,28202,21,0.4567965442660148
22482_quality_phase_x_heater,22482/p1_response_shift/no_AHON_AHOF_60min,3,mean,humidity,rmse,18.961268863303605,28202,21,0.1833474839398945
22482_quality_phase_x_heater,22482/p1_response_shift/no_AHON_AHOF_60min,3,mean,humidity,bias,-3.544506390121127,28202,21,2.575048342555869
22482_quality_phase_x_heater,22482/p1_response_shift/no_AHON_AHOF_60min,7,mean,temperature,mae,2.488230016131796,28202,21,0.04155682751438588
22482_quality_phase_x_heater,22482/p1_response_shift/no_AHON_AHOF_60min,7,mean,temperature,rmse,2.814273584421503,28202,21,0.03129690765028559
22482_quality_phase_x_heater,22482/p1_response_shift/no_AHON_AHOF_60min,7,mean,temperature,bias,-2.4573312961792717,28202,21,0.052706698955979056
22482_quality_phase_x_heater,22482/p1_response_shift/no_AHON_AHOF_60min,7,mean,humidity,mae,15.696903333576978,28202,21,0.2973037804536486
22482_quality_phase_x_heater,22482/p1_response_shift/no_AHON_AHOF_60min,7,mean,humidity,rmse,20.381032727074594,28202,21,0.19208137359037544
22482_quality_phase_x_heater,22482/p1_response_shift/no_AHON_AHOF_60min,7,mean,humidity,bias,9.080114292981678,28202,21,0.9144363937155996
22482_quality_phase_x_heater,22482/p1_response_shift/no_AHON_AHOF_60min,14,mean,temperature,mae,1.9374332594520391,28202,21,0.02795845431818406
22482_quality_phase_x_heater,22482/p1_response_shift/no_AHON_AHOF_60min,14,mean,temperature,rmse,2.2876561315368362,28202,21,0.02585376925552136
22482_quality_phase_x_heater,22482/p1_response_shift/no_AHON_AHOF_60min,14,mean,temperature,bias,-1.8195068205313623,28202,21,0.04390865427388154
22482_quality_phase_x_heater,22482/p1_response_shift/no_AHON_AHOF_60min,14,mean,humidity,mae,15.433082872371878,28202,21,0.13649461765785978
22482_quality_phase_x_heater,22482/p1_response_shift/no_AHON_AHOF_60min,14,mean,humidity,rmse,18.4763694162882,28202,21,0.1500115782701371
22482_quality_phase_x_heater,22482/p1_response_shift/no_AHON_AHOF_60min,14,mean,humidity,bias,4.547408821455673,28202,21,0.3162120911843163
22482_quality_phase,22482/p1_transition,0,mean,temperature,mae,7.121621056475458,2485,1,0.06122471130953476
22482_quality_phase,22482/p1_transition,0,mean,temperature,rmse,7.290689256666433,2485,1,0.059199614831046146
22482_quality_phase,22482/p1_transition,0,mean,temperature,bias,-7.121621056475458,2485,1,0.06122471130953476
22482_quality_phase,22482/p1_transition,0,mean,humidity,mae,36.00290661497166,2485,1,0.5052260318737901
22482_quality_phase,22482/p1_transition,0,mean,humidity,rmse,36.912383863149664,2485,1,0.49678149475097333
22482_quality_phase,22482/p1_transition,0,mean,humidity,bias,-36.00290661497166,2485,1,0.5052260318737901
22482_quality_phase,22482/p1_transition,1,mean,temperature,mae,6.459934632279539,2485,1,0.054056239903553495
22482_quality_phase,22482/p1_transition,1,mean,temperature,rmse,6.659621610794706,2485,1,0.05457230082661393
22482_quality_phase,22482/p1_transition,1,mean,temperature,bias,-6.459934632279539,2485,1,0.054056239903553495
22482_quality_phase,22482/p1_transition,1,mean,humidity,mae,29.726071875912666,2485,1,0.7599716651706718
22482_quality_phase,22482/p1_transition,1,mean,humidity,rmse,30.776166650473215,2485,1,0.7837365946326285
22482_quality_phase,22482/p1_transition,1,mean,humidity,bias,-29.726071875912666,2485,1,0.7599716651706718
22482_quality_phase,22482/p1_transition,3,mean,temperature,mae,4.833320768017778,2485,1,0.278580348072846
22482_quality_phase,22482/p1_transition,3,mean,temperature,rmse,5.120374694196486,2485,1,0.21688216618488845
22482_quality_phase,22482/p1_transition,3,mean,temperature,bias,-4.833320768017778,2485,1,0.278580348072846
22482_quality_phase,22482/p1_transition,3,mean,humidity,mae,15.713822913946126,2485,1,1.538068202088925
22482_quality_phase,22482/p1_transition,3,mean,humidity,rmse,17.939329963901272,2485,1,1.094370977151222
22482_quality_phase,22482/p1_transition,3,mean,humidity,bias,-15.532454171079301,2485,1,1.8476229594333498
22482_quality_phase,22482/p1_transition,7,mean,temperature,mae,3.7920586892585426,2485,1,0.09402084534630499
22482_quality_phase,22482/p1_transition,7,mean,temperature,rmse,4.1127372693826105,2485,1,0.10778376455147626
22482_quality_phase,22482/p1_transition,7,mean,temperature,bias,-3.7916157542671116,2485,1,0.0939042283900485
22482_quality_phase,22482/p1_transition,7,mean,humidity,mae,6.505491510789685,2485,1,0.732350075506329
22482_quality_phase,22482/p1_transition,7,mean,humidity,rmse,8.984092932148476,2485,1,0.7260210918671294
22482_quality_phase,22482/p1_transition,7,mean,humidity,bias,-2.133647687194132,2485,1,1.300744880551739
22482_quality_phase,22482/p1_transition,14,mean,temperature,mae,2.9993048187872304,2485,1,0.09049706593101507
22482_quality_phase,22482/p1_transition,14,mean,temperature,rmse,3.369619265758191,2485,1,0.08895276379741643
22482_quality_phase,22482/p1_transition,14,mean,temperature,bias,-2.9898902798551723,2485,1,0.09050828342430312
22482_quality_phase,22482/p1_transition,14,mean,humidity,mae,7.0791785789738855,2485,1,0.15862216554222583
22482_quality_phase,22482/p1_transition,14,mean,humidity,rmse,10.160201513380748,2485,1,0.26804519342225297
22482_quality_phase,22482/p1_transition,14,mean,humidity,bias,-5.595175863381321,2485,1,0.5248830470607885
22482_quality_phase_x_heater,22482/p1_transition/after_AHOF_60min,0,mean,temperature,mae,5.739487581623554,553,1,0.07019621640431857
22482_quality_phase_x_heater,22482/p1_transition/after_AHOF_60min,0,mean,temperature,rmse,5.855925675296011,553,1,0.0663082533367555
22482_quality_phase_x_heater,22482/p1_transition/after_AHOF_60min,0,mean,temperature,bias,-5.739487581623554,553,1,0.07019621640431857
22482_quality_phase_x_heater,22482/p1_transition/after_AHOF_60min,0,mean,humidity,mae,35.0518802198018,553,1,0.7781472454680092
22482_quality_phase_x_heater,22482/p1_transition/after_AHOF_60min,0,mean,humidity,rmse,35.38050137574421,553,1,0.7983864487007708
22482_quality_phase_x_heater,22482/p1_transition/after_AHOF_60min,0,mean,humidity,bias,-35.0518802198018,553,1,0.7781472454680092
22482_quality_phase_x_heater,22482/p1_transition/after_AHOF_60min,1,mean,temperature,mae,5.109514806574893,553,1,0.12524107657761874
22482_quality_phase_x_heater,22482/p1_transition/after_AHOF_60min,1,mean,temperature,rmse,5.247899585816849,553,1,0.12568675707256616
22482_quality_phase_x_heater,22482/p1_transition/after_AHOF_60min,1,mean,temperature,bias,-5.109514806574893,553,1,0.12524107657761874
22482_quality_phase_x_heater,22482/p1_transition/after_AHOF_60min,1,mean,humidity,mae,28.528830848710538,553,1,1.3716185392019844
22482_quality_phase_x_heater,22482/p1_transition/after_AHOF_60min,1,mean,humidity,rmse,28.921330149906357,553,1,1.386564433104388
22482_quality_phase_x_heater,22482/p1_transition/after_AHOF_60min,1,mean,humidity,bias,-28.528830848710538,553,1,1.3716185392019844
22482_quality_phase_x_heater,22482/p1_transition/after_AHOF_60min,3,mean,temperature,mae,3.489956722556381,553,1,0.2746890775912338
22482_quality_phase_x_heater,22482/p1_transition/after_AHOF_60min,3,mean,temperature,rmse,3.704650381836268,553,1,0.23006052204960475
22482_quality_phase_x_heater,22482/p1_transition/after_AHOF_60min,3,mean,temperature,bias,-3.489956722556381,553,1,0.2746890775912338
22482_quality_phase_x_heater,22482/p1_transition/after_AHOF_60min,3,mean,humidity,mae,14.169936711816908,553,1,1.4803155650656767
22482_quality_phase_x_heater,22482/p1_transition/after_AHOF_60min,3,mean,humidity,rmse,15.141038121403009,553,1,1.105859929254856
22482_quality_phase_x_heater,22482/p1_transition/after_AHOF_60min,3,mean,humidity,bias,-14.152513120721805,553,1,1.5101785195798345
22482_quality_phase_x_heater,22482/p1_transition/after_AHOF_60min,7,mean,temperature,mae,2.5181730758250676,553,1,0.06987236206410209
22482_quality_phase_x_heater,22482/p1_transition/after_AHOF_60min,7,mean,temperature,rmse,2.767039193472744,553,1,0.07948561838944669
22482_quality_phase_x_heater,22482/p1_transition/after_AHOF_60min,7,mean,temperature,bias,-2.516182671749651,553,1,0.07060583531714754
22482_quality_phase_x_heater,22482/p1_transition/after_AHOF_60min,7,mean,humidity,mae,4.395830442468804,553,1,0.5292469792135063
22482_quality_phase_x_heater,22482/p1_transition/after_AHOF_60min,7,mean,humidity,rmse,5.3110356095673135,553,1,0.8078735324560383
22482_quality_phase_x_heater,22482/p1_transition/after_AHOF_60min,7,mean,humidity,bias,-1.3431792487010428,553,1,1.433350607322329
22482_quality_phase_x_heater,22482/p1_transition/after_AHOF_60min,14,mean,temperature,mae,1.8154358351242,553,1,0.07012158454451331
22482_quality_phase_x_heater,22482/p1_transition/after_AHOF_60min,14,mean,temperature,rmse,2.07316534328295,553,1,0.06055116563982868
22482_quality_phase_x_heater,22482/p1_transition/after_AHOF_60min,14,mean,temperature,bias,-1.7731402617133982,553,1,0.07024875589048407
22482_quality_phase_x_heater,22482/p1_transition/after_AHOF_60min,14,mean,humidity,mae,5.71091144884059,553,1,0.248419550592935
22482_quality_phase_x_heater,22482/p1_transition/after_AHOF_60min,14,mean,humidity,rmse,7.080860521354487,553,1,0.3260461077175664
22482_quality_phase_x_heater,22482/p1_transition/after_AHOF_60min,14,mean,humidity,bias,-4.901897943698858,553,1,0.5744814371211513
22482_quality_phase_x_heater,22482/p1_transition/no_AHON_AHOF_60min,0,mean,temperature,mae,7.517231725001909,1932,1,0.06968232689309539
22482_quality_phase_x_heater,22482/p1_transition/no_AHON_AHOF_60min,0,mean,temperature,rmse,7.651957656114912,1932,1,0.0653512782856921
22482_quality_phase_x_heater,22482/p1_transition/no_AHON_AHOF_60min,0,mean,temperature,bias,-7.517231725001909,1932,1,0.06968232689309539
22482_quality_phase_x_heater,22482/p1_transition/no_AHON_AHOF_60min,0,mean,humidity,mae,36.27512069184998,1932,1,0.44274310595696253
22482_quality_phase_x_heater,22482/p1_transition/no_AHON_AHOF_60min,0,mean,humidity,rmse,37.3388373616495,1932,1,0.43095867509700825
22482_quality_phase_x_heater,22482/p1_transition/no_AHON_AHOF_60min,0,mean,humidity,bias,-36.27512069184998,1932,1,0.44274310595696253
22482_quality_phase_x_heater,22482/p1_transition/no_AHON_AHOF_60min,1,mean,temperature,mae,6.846467843260215,1932,1,0.040504581543934104
22482_quality_phase_x_heater,22482/p1_transition/no_AHON_AHOF_60min,1,mean,temperature,rmse,7.0114448098023985,1932,1,0.04467210347075631
22482_quality_phase_x_heater,22482/p1_transition/no_AHON_AHOF_60min,1,mean,temperature,bias,-6.846467843260215,1932,1,0.040504581543934104
22482_quality_phase_x_heater,22482/p1_transition/no_AHON_AHOF_60min,1,mean,humidity,mae,30.06876043080023,1932,1,0.6354746858510113
22482_quality_phase_x_heater,22482/p1_transition/no_AHON_AHOF_60min,1,mean,humidity,rmse,31.284726003994603,1932,1,0.6622584577028973
22482_quality_phase_x_heater,22482/p1_transition/no_AHON_AHOF_60min,1,mean,humidity,bias,-30.06876043080023,1932,1,0.6354746858510113
22482_quality_phase_x_heater,22482/p1_transition/no_AHON_AHOF_60min,3,mean,temperature,mae,5.2178343897259305,1932,1,0.28165369446483374
22482_quality_phase_x_heater,22482/p1_transition/no_AHON_AHOF_60min,3,mean,temperature,rmse,5.4582743210766,1932,1,0.21853286176432052
22482_quality_phase_x_heater,22482/p1_transition/no_AHON_AHOF_60min,3,mean,temperature,bias,-5.2178343897259305,1932,1,0.28165369446483374
22482_quality_phase_x_heater,22482/p1_transition/no_AHON_AHOF_60min,3,mean,humidity,mae,16.15573237035268,1932,1,1.5840915057696932
22482_quality_phase_x_heater,22482/p1_transition/no_AHON_AHOF_60min,3,mean,humidity,rmse,18.662312981886174,1932,1,1.1139827460621288
22482_quality_phase_x_heater,22482/p1_transition/no_AHON_AHOF_60min,3,mean,humidity,bias,-15.927437297812068,1932,1,1.9675483351669814
22482_quality_phase_x_heater,22482/p1_transition/no_AHON_AHOF_60min,7,mean,temperature,mae,4.156685368465951,1932,1,0.10884246065773773
22482_quality_phase_x_heater,22482/p1_transition/no_AHON_AHOF_60min,7,mean,temperature,rmse,4.423111542235145,1932,1,0.11882059436486685
22482_quality_phase_x_heater,22482/p1_transition/no_AHON_AHOF_60min,7,mean,temperature,bias,-4.156685368465951,1932,1,0.10884246065773773
22482_quality_phase_x_heater,22482/p1_transition/no_AHON_AHOF_60min,7,mean,humidity,mae,7.109343773098922,1932,1,0.7946771156378568
22482_quality_phase_x_heater,22482/p1_transition/no_AHON_AHOF_60min,7,mean,humidity,rmse,9.783310340689118,1932,1,0.7321257249081844
22482_quality_phase_x_heater,22482/p1_transition/no_AHON_AHOF_60min,7,mean,humidity,bias,-2.359904957632372,1932,1,1.3571016916798806
22482_quality_phase_x_heater,22482/p1_transition/no_AHON_AHOF_60min,14,mean,temperature,mae,3.3381658684588946,1932,1,0.09932297917498
22482_quality_phase_x_heater,22482/p1_transition/no_AHON_AHOF_60min,14,mean,temperature,rmse,3.656971639596778,1932,1,0.10040931884532373
22482_quality_phase_x_heater,22482/p1_transition/no_AHON_AHOF_60min,14,mean,temperature,bias,-3.3381629299754625,1932,1,0.09932153554984048
22482_quality_phase_x_heater,22482/p1_transition/no_AHON_AHOF_60min,14,mean,humidity,mae,7.470820257526533,1932,1,0.17322568809512864
22482_quality_phase_x_heater,22482/p1_transition/no_AHON_AHOF_60min,14,mean,humidity,rmse,10.882002806775276,1932,1,0.27221703839298045
22482_quality_phase_x_heater,22482/p1_transition/no_AHON_AHOF_60min,14,mean,humidity,bias,-5.793614108507824,1932,1,0.5522810960964911
